Name,stop_id,stop_code,stop_descr,stop_desr_,stop_stree,dierxomene
"000036: ΑΦΕΤΗΡΙΑ 504","000036","10802",ΑΦΕΤΗΡΙΑ 504,AFETHRIA 504,,"537, 725, 726"
"000037: 2η ΠΛ. ΑΡΙΣΤΟΤΕΛΟΥΣ","000037","10803",2η ΠΛ. ΑΡΙΣΤΟΤΕΛΟΥΣ,2nd PL. ARISTOTELOYS,,"725, 726"
"000050: ΝΕΟΣ ΒΟΥΤΖΑΣ","000050","11162",ΝΕΟΣ ΒΟΥΤΖΑΣ,NEOS BOYTZAS,,"314"
"000051: Μ. ΑΛΕΞΑΝΔΡΟΥ","000051","10807",Μ. ΑΛΕΞΑΝΔΡΟΥ,M. ALEXANDROY,,"726"
"000053: ΚΑΝΤΖΑ 1","000053","10942",ΚΑΝΤΖΑ 1,KANTZA 1,,"307"
"000072: ΑΦΕΤΗΡΙΑ 324","000072","10758",ΑΦΕΤΗΡΙΑ 324,AFETHRIA 324,,"301, 324"
"000097: ΠΟΛΥΓΩΝΟ","000097","10298",ΠΟΛΥΓΩΝΟ,POLYGONO,,"140"
"000098: ΓΛΥΦΑΔΑ","000098","10299",ΓΛΥΦΑΔΑ,GLYFADA,,"140"
"000099: ΑΧΑΡΝΑΙ","000099","10300",ΑΧΑΡΝΑΙ,AXARNAI,,"537, 712, 728, 733, 734, 735, 752, 878, 879"
"000100: ΘΡΑΚΟΜΑΚΕΔΟΝΕΣ","000100","10301",ΘΡΑΚΟΜΑΚΕΔΟΝΕΣ,THRAKOMAKEDONES,,"504, 725"
"000102: ΖΩΓΡΑΦΟΥ","000102","10303",ΖΩΓΡΑΦΟΥ,ZOGRAFOY,,"220, 221, 235"
"000103: ΑΛΙΜΟΣ","000103","10305",ΑΛΙΜΟΣ,ALIMOS,,"101"
"000104: ΕΛΛΗΝΙΚΟ","000104","10304",ΕΛΛΗΝΙΚΟ,ELLHNIKO,,"101"
"000105: ΠΕΥΚΑΚΙΑ ΑΓ. ΠΑΡΑΣΚΕΥΗΣ","000105","10307",ΠΕΥΚΑΚΙΑ ΑΓ. ΠΑΡΑΣΚΕΥΗΣ,PEYKAKIA AG. PARASKEYHS,,"406"
"000106: ΣΤ. ΝΟΜΙΣΜΑΤΟΚΟΠΕΙΟ","000106","10306",ΣΤ. ΝΟΜΙΣΜΑΤΟΚΟΠΕΙΟ,ST. NOMISMATOKOPEIO,,"304, 305, 308, 316"
"000107: ΣΤ. ΣΥΓΓΡΟΥ ΦΙΞ","000107","10308",ΣΤ. ΣΥΓΓΡΟΥ ΦΙΞ,ST. SYGGROY FIX,,"910, Β2"
"000108: Π. ΦΑΛΗΡΟ","000108","10312",Π. ΦΑΛΗΡΟ,P. FALHRO,,"550, 860"
"000109: ΒΑΡΥΜΠΟΜΠΗ","000109","10313",ΒΑΡΥΜΠΟΜΠΗ,BARYMPOMPH,,"503, 537"
"000110: ΖΗΡΙΝΕΙΟ","000110","10315",ΖΗΡΙΝΕΙΟ,ZHRINEIO,,"503, 507, 509, 509Β, 535, 535Α, 536"
"000111: ΣΤΑΜΑΤΑ","000111","10314",ΣΤΑΜΑΤΑ,STAMATA,,"507"
"000112: ΠΡΟΑΣΤΙΑΚΟΣ 2","000112","10316",ΠΡΟΑΣΤΙΑΚΟΣ 2,PROASTIAKOS 2,,"120, 307, 308, 309, 330"
"000113: ΣΤ. ΑΡΓΥΡΟΥΠΟΛΗ","000113","10317",ΣΤ. ΑΡΓΥΡΟΥΠΟΛΗ,ST. ARGYROYPOLH,,"142"
"000115: ΑΚΡΟΠΟΛΗ","000115","10319",ΑΚΡΟΠΟΛΗ,AKROPOLH,,"230"
"000116: ΖΩΓΡΑΦΟΥ","000116","10320",ΖΩΓΡΑΦΟΥ,ZOGRAFOY,,"230"
"000118: ΑΝΩ ΠΕΤΡΑΛΩΝΑ","000118","10322",ΑΝΩ ΠΕΤΡΑΛΩΝΑ,ANO PETRALONA,,"227"
"000119: ΑΓ. ΑΡΤΕΜΙΟΣ","000119","10323",ΑΓ. ΑΡΤΕΜΙΟΣ,AG. ARTEMIOS,,"227"
"000120: ΑΓ. ΔΗΜΗΤΡΙΟΣ (ΣΤ.  ΔΑΦΝΗ)","000120","10324",ΑΓ. ΔΗΜΗΤΡΙΟΣ (ΣΤ.  ΔΑΦΝΗ),AG. DHMHTRIOS (ST. DAFNH),,"217, 229"
"000121: ΑΓ. ΕΛΕΥΘΕΡΙΟΣ","000121","10326",ΑΓ. ΕΛΕΥΘΕΡΙΟΣ,AG. ELEYTHERIOS,,"703"
"000122: ΑΝΩ ΒΡΙΛΗΣΣΙΑ","000122","10327",ΑΝΩ ΒΡΙΛΗΣΣΙΑ,ANO BRILHSSIA,,"447"
"000123: ΧΑΛΑΝΔΡΙ","000123","10328",ΧΑΛΑΝΔΡΙ,XALANDRI,,"18, 447"
"000124: ΠΛΑΤΕΙΑ  ΛΑΥΡΙΟΥ","000124","10329",ΠΛΑΤΕΙΑ  ΛΑΥΡΙΟΥ,PLATEIA LAYRIOY,,"6"
"000125: Ν. ΦΙΛΑΔΕΛΦΕΙΑ","000125","10330",Ν. ΦΙΛΑΔΕΛΦΕΙΑ,N. FILADELFEIA,,"6"
"000126: ΝΕΑ ΦΙΛΑΔΕΛΦΕΙΑ","000126","10331",ΝΕΑ ΦΙΛΑΔΕΛΦΕΙΑ,N. FILADELFEIA,,"3, 3*"
"000127: ΝΕΟ ΨΥΧΙΚΟ","000127","10332",ΝΕΟ ΨΥΧΙΚΟ,NEO PSYXIKO,,"3, 3*"
"000128: ΛΑΜΠΡΙΝΗ","000128","10334",ΛΑΜΠΡΙΝΗ,LAMPRINH,,"14 , 5, 5*"
"000129: ΤΖΙΤΖΙΦΙΕΣ","000129","10333",ΤΖΙΤΖΙΦΙΕΣ,TZITZIFIES,,"10, 10*, 5, 5*, 910"
"000130: ΠΛ. ΧΑΛΑΝΔΡΙΟΥ","000130","10335",ΠΛ. ΧΑΛΑΝΔΡΙΟΥ,PL. XALANDRIOY,,"10, 10*, 411"
"000131: ΑΝΩ ΠΑΤΗΣΙΑ","000131","10337",ΑΝΩ ΠΑΤΗΣΙΑ,ANO PATHSIA,,"11"
"000132: Ν. ΕΛΒΕΤΙΑ","000132","10336",Ν. ΕΛΒΕΤΙΑ,N. ELBETIA,,"11"
"000134: ΓΑΛΑΤΣΙ","000134","10340",ΓΑΛΑΤΣΙ,GALATSI,,"608"
"000135: ΝΕΚΡΟΤΑΦΕΙΟ ΖΩΓΡΑΦΟΥ","000135","10339",ΝΕΚΡΟΤΑΦΕΙΟ ΖΩΓΡΑΦΟΥ,NEKROTAFEIO ZOGRAFOY,,"608"
"000136: ΣΥΝΤΑΓΜΑ","000136","10341",ΣΥΝΤΑΓΜΑ,SYNTAGMA,,"040"
"000137: ΣΑΡΩΝΙΔΑ","000137","10342",ΣΑΡΩΝΙΔΑ,SARONIDA,,"122, 123"
"000138: ΖΑΠΠΕΙΟ","000138","10343",ΖΑΠΠΕΙΟ,ZAPPEIO,,"12, 12*, Ε14, Χ14"
"000139: ΑΓ. ΙΕΡΟΘΕΟΣ","000139","10344",ΑΓ. ΙΕΡΟΘΕΟΣ,AG. IEROTHEOS,,"12, 12*"
"000140: ΠΕΤΡΑΛΩΝΑ","000140","10346",ΠΕΤΡΑΛΩΝΑ,PETRALONA,,"15, 15*"
"000141: ΕΛ. ΒΕΝΙΖΕΛΟΥ","000141","10345",ΕΛ. ΒΕΝΙΖΕΛΟΥ,EL. BENIZELOY,,"15, 15*"
"000142: ΒΑΡΚΙΖΑ","000142","10347",ΒΑΡΚΙΖΑ,BARKIZA,,"171"
"000143: ΑΝΩ ΝΕΑ ΣΜΥΡΝΗ","000143","10348",ΑΝΩ ΝΕΑ ΣΜΥΡΝΗ,ANO NEA SMYRNH,,"136, 137"
"000144: ΑΓ. ΒΑΡΒΑΡΑ","000144","10349",ΑΓ. ΒΑΡΒΑΡΑ,AG. BARBARA,,"106, 126"
"000145: ΠΛ. ΑΤΤΙΚΗΣ","000145","10351",ΠΛ. ΑΤΤΙΚΗΣ,PL. ATTIKHS,,"1, 1*"
"000146: ΜΟΣΧΑΤΟ","000146","10350",ΜΟΣΧΑΤΟ,MOSXATO,,"1, 1*"
"000147: ΚΑΙΣΑΡΙΑΝΗ","000147","10352",ΚΑΙΣΑΡΙΑΝΗ,KAISARIANH,,"2"
"000149: ΣΤ. ΜΕΤΡΟ ΑΓ. ΙΩΑΝΝΗΣ","000149","10354",ΣΤ. ΜΕΤΡΟ ΑΓ. ΙΩΑΝΝΗΣ,ST. METRO AG. IOANNΗS,,"4"
"000150: ΣΤ. ΧΑΛΑΝΔΡΙ","000150","10355",ΣΤ. ΧΑΛΑΝΔΡΙ,ST. XALANDRI,,"19"
"000151: ΑΡΤΕΜΙΣ (ΑΓ. ΝΙΚΟΛΑΟΣ)","000151","10356",ΑΡΤΕΜΙΣ (ΑΓ. ΝΙΚΟΛΑΟΣ),ARTEMIS (AG. NIKOLAOS),,"305, 316, 323"
"000152: ΣΤ. ΑΓ. ΔΗΜΗΤΡΙΟΣ","000152","10358",ΣΤ. ΑΓ. ΔΗΜΗΤΡΙΟΣ,ST. AG. DHMHTRIOS,,"201"
"000153: ΑΡΓΥΡΟΥΠΟΛΗ","000153","10357",ΑΡΓΥΡΟΥΠΟΛΗ,ARGYROYPOLH,,"201"
"000154: Ν. ΚΗΦΙΣΙΑ","000154","10359",Ν. ΚΗΦΙΣΙΑ,N. KHFISIA,,Β9
"000155: ΒΟΥΛΑ","000155","10360",ΒΟΥΛΑ,BOYLA,,"162, Α1, Α2"
"000156: ΣΥΝΤΑΓΜΑ","000156","10361",ΣΥΝΤΑΓΜΑ,SYNTAGMA,,Χ95
"000157: ΑΡΤΕΜΙΣ","000157","10362",ΑΡΤΕΜΙΣ,ARTEMIS,,"304"
"000158: ΣΤ. ΔΟΥΚ. ΠΛΑΚΕΝΤΙΑΣ","000158","10363",ΣΤ. ΔΟΥΚ. ΠΛΑΚΕΝΤΙΑΣ,ST. DOYK. PLAKENTIAS,,"306, 307"
"000160: ΣΤ. ΔΟΥΚ. ΠΛΑΚΕΝΤΙΑΣ","000160","10365",ΣΤ. ΔΟΥΚ. ΠΛΑΚΕΝΤΙΑΣ,ST. DOYK. PLAKENTIAS,,"301, 301Β, 302, 314, 319, 400, 407, 411"
"000161: ΠΟΛΥΔΡΟΣΟ","000161","10366",ΠΟΛΥΔΡΟΣΟ,POLYDROSO,,"402"
"000162: ΣΤ. ΧΑΛΑΝΔΡΙ","000162","10368",ΣΤ. ΧΑΛΑΝΔΡΙ,ST. XALANDRI,,"405, 450, 451, 460, 461"
"000164: Ν. ΠΕΝΤΕΛΗ - ΠΛ.ΑΓ.ΣΙΛΑ","000164","10369",Ν. ΠΕΝΤΕΛΗ - ΠΛ.ΑΓ.ΣΙΛΑ,N. PENTELH - PL. AG. SILA,,"450"
"000165: ΑΓ. ΙΩΑΝΝΗΣ ΡΕΝΤΗΣ","000165","10370",ΑΓ. ΙΩΑΝΝΗΣ ΡΕΝΤΗΣ,AG. IOANNHS RENTHS,,"16"
"000166: ΝΙΚΑΙΑ","000166","10371",ΝΙΚΑΙΑ,NIKAIA,,"21"
"000167: ΚΑΜΑΤΕΡΟ","000167","10373",ΚΑΜΑΤΕΡΟ,KAMATERO,,"25"
"000168: ΣΤΟΥΡΝΑΡΗ","000168","10374",ΣΤΟΥΡΝΑΡΗ,STOYRNARH,,Α7
"000169: ΣΤΡ. ΣΑΚΕΤΑ","000169","10375",ΣΤΡ. ΣΑΚΕΤΑ,STR. SAKETA,,"204"
"000170: ΣΤ. ΕΙΡΗΝΗ","000170","10383",ΣΤ. ΕΙΡΗΝΗ,ST. EIRHNH,,"444"
"000171: ΠΑΝΕΠΙΣΤΗΜΙΟΥΠΟΛΗ","000171","10384",ΠΑΝΕΠΙΣΤΗΜΙΟΥΠΟΛΗ,PANEPISTHMIOYPOLH,,"250"
"000173: ΜΕΛΙΣΣΙΑ","000173","10386",ΜΕΛΙΣΣΙΑ,MELISSIA,,"410"
"000174: ΠΑΠΑΓΟΥ","000174","10387",ΠΑΠΑΓΟΥ,PAPAGOY,,"409"
"000175: ΑΓ. ΠΑΡΑΣΚΕΥΗ","000175","10389",ΑΓ. ΠΑΡΑΣΚΕΥΗ,AG. PARASKEYH,,"421"
"000176: ΜΕΤΑΜΟΡΦΩΣΗ","000176","10390",ΜΕΤΑΜΟΡΦΩΣΗ,METAMORFOSH,,"541"
"000177: ΖΩΟΔΟΧΟΣ ΠΗΓΗ","000177","10391",ΖΩΟΔΟΧΟΣ ΠΗΓΗ,ZOODOXOS PHGH,,"730"
"000179: Π. ΠΕΝΤΕΛΗ - ΝΟΣΟΚΟΜΕΙΟ","000179","10393",Π. ΠΕΝΤΕΛΗ - ΝΟΣΟΚΟΜΕΙΟ,P. PENTELH - NOSOKOMEIO,,"446, 460, 461"
"000180: Ν. ΠΕΝΤΕΛΗ - ΠΛ.ΑΓ.ΣΙΛΑ","000180","10394",Ν. ΠΕΝΤΕΛΗ - ΠΛ.ΑΓ.ΣΙΛΑ,N. PENTELH - PL. AG. SILA,,"451, 530"
"000181: ΤΟΠΙΚΗ ΗΡΑΚΛΕΙΟΥ","000181","10396",ΤΟΠΙΚΗ ΗΡΑΚΛΕΙΟΥ,TOPIKH HRAKLEIOY,,"602, 642"
"000183: ΣΤ. ΛΑΡΙΣΗΣ","000183","10398",ΣΤ. ΛΑΡΙΣΗΣ,ST. LARISHS,,"728, Β10"
"000184: ΑΝΘΟΥΣΑ","000184","10400",ΑΝΘΟΥΣΑ,ANTHOYSA,,Α5
"000185: ΑΚΑΔΗΜΙΑ","000185","10399",ΑΚΑΔΗΜΙΑ,AKADHMIA,,"060, Α5"
"000187: ΦΙΛΟΘΕΗ","000187","10402",ΦΙΛΟΘΕΗ,FILOTHEH,,"610"
"000188: ΑΝΩ ΕΛΕΥΣΙΝΑ","000188","10407",ΑΝΩ ΕΛΕΥΣΙΝΑ,ANO ELEYSINA,,"862"
"000189: ΑΦΕΤΗΡΙΑ - ΠΑΝΟΡΜΟΥ","000189","10408",ΑΦΕΤΗΡΙΑ - ΠΑΝΟΡΜΟΥ,AFETHRIA - PANORMOY,,"653"
"000190: ΟΜΟΝΟΙΑ","000190","10409",ΟΜΟΝΟΙΑ,OMONOIA,,"838, 914"
"000191: ΑΓ. ΒΑΣΙΛΕΙΟΣ","000191","10411",ΑΓ. ΒΑΣΙΛΕΙΟΣ,AG. BASILEIOS,,"909"
"000193: ΛΟΦΟΣ ΒΩΚΟΥ - ΠΑΝΑΓΙΑ ΟΔΗΓΗΤΡΙΑ","000193","10412",ΛΟΦΟΣ ΒΩΚΟΥ - ΠΑΝΑΓΙΑ ΟΔΗΓΗΤΡΙΑ,LOFOS BOKOY - PANAGIA ODHGHTRIA,ΧΑΪΔΑΡΙΟΥ,"915"
"000194: ΣΤ. ΛΑΡΙΣΗΣ","000194","10414",ΣΤ. ΛΑΡΙΣΗΣ,ST. LARISHS,,Β5
"000195: ΑΓ. ΠΑΡΑΣΚΕΥΗ","000195","10413",ΑΓ. ΠΑΡΑΣΚΕΥΗ,AG. PARASKEYH,,Β5
"000196: ΣΤ. ΑΜΑΡΟΥΣΙΟΥ","000196","10416",ΣΤ. ΑΜΑΡΟΥΣΙΟΥ,ST. AMAROYSIOY,,"410, 446"
"000200: ΔΙΟΝΥΣΟΣ","000200","10419",ΔΙΟΝΥΣΟΣ,DIONYSOS,,"536"
"000201: ΠΕΙΡΑΙΑΣ ΑΓ. ΣΠΥΡΙΔΩΝ","000201","10309",ΠΕΙΡΑΙΑΣ ΑΓ. ΣΠΥΡΙΔΩΝ,PEIRAIAS AG. SPYRIDON,,"17, 17*"
"000202: Ν. ΦΑΛΗΡΟ","000202","10310",Ν. ΦΑΛΗΡΟ,N. FALHRO,,"20, 20*"
"000203: ΠΕΤΡΟΥΠΟΛΗ","000203","10311",ΠΕΤΡΟΥΠΟΛΗ,PETROYPOLH,,"24, 700, 719"
"000205: ΑΝΩ ΑΓ. ΒΑΡΒΑΡΑ","000205","10421",ΑΝΩ ΑΓ. ΒΑΡΒΑΡΑ,ANO AG. BARBARA,,"837"
"000206: ΑΣΠΡΟΠΥΡΓΟΣ","000206","10423",ΑΣΠΡΟΠΥΡΓΟΣ,ASPROPYRGOS,,"805"
"000207: ΝΕΟΚΤΙΣΤΑ","000207","10422",ΝΕΟΚΤΙΣΤΑ,NEOKTISTA,,"805"
"000208: ΠΑΛΑΤΑΚΙ","000208","10428",ΠΑΛΑΤΑΚΙ,PALATAKI,,Β15
"000209: ΑΜ/ΣΙΟ ΑΓ. ΔΗΜΗΤΡΙΟΥ","000209","10429",ΑΜ/ΣΙΟ ΑΓ. ΔΗΜΗΤΡΙΟΥ,AM/SIO AG. DHMHTRIOY,,"131"
"000210: ΣΤ. ΚΗΦΙΣΙΑ (ΤΑΤΟΪΟΥ) 543-543Α","000210","10431",ΣΤ. ΚΗΦΙΣΙΑ (ΤΑΤΟΪΟΥ) 543-543Α,ST. KHFISIA (TATOIOY) 543-543A,ΤΑΤΟΪΟΥ,"543, 543Α"
"000211: ΝΟΣ. ΑΓ. ΑΝΑΡΓΥΡΟΙ","000211","10430",ΝΟΣ. ΑΓ. ΑΝΑΡΓΥΡΟΙ,NOS. AG. ANARGYROI,,"604"
"000212: ΑΜΑΞΟΣΤΑΣΙΟ ΔΗΜΟΥ ΠΕΤΡΟΥΠΟΛΗΣ","000212","12277",ΑΜΑΞΟΣΤΑΣΙΟ ΔΗΜΟΥ ΠΕΤΡΟΥΠΟΛΗΣ,,,"747, Α11, Β11"
"000213: ΣΤ. ΚΑΛΛΙΘΕΑ","000213","10433",ΣΤ. ΚΑΛΛΙΘΕΑ,ST. KALLITHEA,,"219, 911, 911Α"
"000214: ΠΑΛΑΣΚΑ","000214","10434",ΠΑΛΑΣΚΑ,PALASKA,,"801, 836"
"000215: ΑΝΩ ΛΙΟΣΙΑ","000215","10436",ΑΝΩ ΛΙΟΣΙΑ,ANO LIOSIA,,"709"
"000216: ΜΕΤΑΜΟΡΦΩΣΗ","000216","10437",ΜΕΤΑΜΟΡΦΩΣΗ,METAMORFOSH,,"619"
"000217: Α. ΛΙΟΣΙΑ (ΠΑΝΟΡΑΜΑ)","000217","10438",Α. ΛΙΟΣΙΑ (ΠΑΝΟΡΑΜΑ),A. LIOSIA,,Β12
"000218: ΟΛΥΜΠ. ΧΩΡΙΟ","000218","10439",ΟΛΥΜΠ. ΧΩΡΙΟ,OLYMP. XORIO,,"740"
"000219: ΤΑΥΡΟΣ","000219","10440",ΤΑΥΡΟΣ,TAYROS,,"816"
"000220: ΠΕΥΚΗ","000220","10441",ΠΕΥΚΗ,PEYKH,,"501, 527"
"000221: ΧΑΡΑΥΓΗ","000221","10473",ΧΑΡΑΥΓΗ,XARAYGH,,"848"
"000222: ΨΥΧΙΚΟ","000222","10474",ΨΥΧΙΚΟ,PSYXIKO,,"651"
"000224: ΑΓ. ΑΝΑΡΓΥΡΟΙ","000224","10575",ΑΓ. ΑΝΑΡΓΥΡΟΙ,AG. ANARGYROI,,"420, 421"
"000227: ΑΙΓΑΛΕΩ","000227","10629",ΑΙΓΑΛΕΩ,AIGALEO,,"829, 831"
"000228: ΑΦΕΤΗΡΙΑ","000228","10637",ΑΦΕΤΗΡΙΑ,AFETHRIA,,"702"
"000229: ΤΕΡΜΑ","000229","10639",ΤΕΡΜΑ,TERMA,,"702"
"000230: ΤΕΡΜΑ","000230","10644",ΤΕΡΜΑ,TERMA,,"20, 20*"
"00051: ΝΕΑ ΜΑΚΡΗ","00051","12083",ΝΕΑ ΜΑΚΡΗ,NEA MAKRH,ΛΙΒΥΣΙΟΥ,"314"
"00063: ΜΑΡΑΘΩΝΑΣ 3","00063","12115",ΜΑΡΑΘΩΝΑΣ 3,MARATHONAS 3,,"310"
"000882: ΕΚΕΜΣ","000882","10990",ΕΚΕΜΣ,EKEMS,,204Β
"00212: ΑΦΕΤΗΡΙΑ 122","00212","11688",ΑΦΕΤΗΡΙΑ 122,AFETHRIA 122,ΠΑΡΑΔΡΟΜΟΣ Λ. ΒΟΥΛΙΑΓΜΕΝΗΣ,"122"
"0022: ΕΚΚΛΗΣΙΑ ΒΑΡΗΣ","0022","11714",ΕΚΚΛΗΣΙΑ ΒΑΡΗΣ,EKKLHSIA BARHS,ΒΑΚΧΟΥ,"Α1, Α2"
"0051: ΡΑΦΗΝΑ ΤΕΡΜΑ 314","0051","11409",ΡΑΦΗΝΑ ΤΕΡΜΑ 314,RAFHNA TERMA 314,ΝΑΡΚΙΣΣΟΥ,"310"
"0054: ΠΕΡΙΣΣΟΣ 054","0054","11476",ΠΕΡΙΣΣΟΣ 054,PERISSOS 054,ΜΗΔΕΙΑΣ,"054"
"010001: ΣΤΡΟΦΗ","010001","10001",ΣΤΡΟΦΗ,STROFH,ΕΛ.ΒΕΝΙΖΕΛΟΥ,"400, 837"
"010002: ΚΟΛΩΝΕΣ","010002","10002",ΚΟΛΩΝΕΣ,KOLONES,ΛΕΩΦ.ΕΛ.ΒΕΝΙΖΕΛΟΥ,"400, 837"
"010003: ΑΓ. ΒΑΡΒΑΡΑ","010003","10003",ΑΓ. ΒΑΡΒΑΡΑ,AG. BARBARA,ΛΕΩΦ.ΕΛ.ΒΕΝΙΖΕΛΟΥ,"400, 830, 837"
"010005: ΚΡΗΤΗΣ","010005","10005",ΚΡΗΤΗΣ,KRHTHS,ΠΑΛΑΙΩΝ ΠΟΛΕΜΙΣΤΩΝ,"837"
"010006: ΚΟΥΝΤΟΥΡΙΩΤΟΥ","010006","10006",ΚΟΥΝΤΟΥΡΙΩΤΟΥ,KOYNTOYRIOTOY,ΠΑΛΑΙΩΝ ΠΟΛΕΜΙΣΤΩΝ,"837"
"010007: ΔΗΜΑΡΧΕΙΟ - ΣΤ. ΑΓ. ΒΑΡΒΑΡΑ","010007","10007",ΔΗΜΑΡΧΕΙΟ - ΣΤ. ΑΓ. ΒΑΡΒΑΡΑ,DHMARXEIO - ST.  AG. BARBARA,ΛΕΩΦ.ΕΛ.ΒΕΝΙΖΕΛΟΥ,"400, 837, 892"
"010008: 1η ΑΓ. ΜΑΡΙΝΑΣ","010008","10008",1η ΑΓ. ΜΑΡΙΝΑΣ,1st AG. MARINAS,ΑΓ. ΜΑΡΙΝΑΣ,"837, 866, 876, 891, 892"
"010011: ΘΕΜΙΣΤΟΚΛΕΟΥΣ","010011","10011",ΘΕΜΙΣΤΟΚΛΕΟΥΣ,THEMISTOKLEOYS,ΠΑΛ.ΠΑΤΡΩΝ ΓΕΡMΑΝΟΥ,"830, 837"
"010012: ΠΑΛ. ΤΕΡΜΑ","010012","10012",ΠΑΛ. ΤΕΡΜΑ,PAL. TERMA,ΠΑΛ.ΠΑΤΡΩΝ ΓΕΡMΑΝΟΥ,"830, 837"
"010013: ΜΕΓ. ΑΛΕΞΑΝΔΡΟΥ","010013","10013",ΜΕΓ. ΑΛΕΞΑΝΔΡΟΥ,MEG. ALEXANDROY,ΛΕΩΦ.ΜΕΓ.ΑΛΕΞΑΝΔΡΟΥ,"830"
"010016: ΠΑΛ. ΤΕΡΜΑ","010016","10016",ΠΑΛ. ΤΕΡΜΑ,PAL. TERMA,ΠΑΛ.ΠΑΤΡΩΝ ΓΕΡΜΑΝΟΥ,"830, 837"
"010017: ΘΕΜΙΣΤΟΚΛΕΟΥΣ","010017","10017",ΘΕΜΙΣΤΟΚΛΕΟΥΣ,THEMISTOKLEOYS,ΠΑΛ.ΠΑΤΡΩΝ ΓΕΡΜΑΝΟΥ,"830, 837"
"010018: ΚΝΩΣΟΥ","010018","10018",ΚΝΩΣΟΥ,KNOSOY,ΠΑΛ.ΠΑΤΡΩΝ ΓΕΡΜΑΝΟΥ,"830, 837"
"010023: ΣΤ. ΣΑΡΑΦΗ","010023","10023",ΣΤ. ΣΑΡΑΦΗ,ST. SARAFH,ΣΤΕΦ.ΣΑΡΑΦΗ,"837"
"010024: ΑΓ. ΒΑΡΒΑΡΑ","010024","10024",ΑΓ. ΒΑΡΒΑΡΑ,AG. BARBARA,ΛΕΩΦ.ΕΛ.ΒΕΝΙΖΕΛΟΥ,"400, 830, 837, 892"
"010025: ΚΟΛΩΝΕΣ","010025","10025",ΚΟΛΩΝΕΣ,KOLONES,ΛΕΩΦ.ΕΛ.ΒΕΝΙΖΕΛΟΥ,"400, 837, 891, 892"
"010026: ΣΤΡΟΦΗ ΑΓ.ΒΑΡΒΑΡΑΣ","010026","10026",ΣΤΡΟΦΗ ΑΓ.ΒΑΡΒΑΡΑΣ,STROFH AG.BARBARAS,ΛΕΩΦ.ΕΛ.ΒΕΝΙΖΕΛΟΥ,"400, 837, 891"
"010027: 28ης ΟΚΤΩΒΡΙΟΥ","010027","10627",28ης ΟΚΤΩΒΡΙΟΥ,28th OKTOBRIOY,28ης ΟΚΤΩΒΡΙΟΥ,"830, 891"
"010028: ΣΤΡΟΦΗ ΑΓ.ΒΑΡΒΑΡΑΣ","010028","10028",ΣΤΡΟΦΗ ΑΓ.ΒΑΡΒΑΡΑΣ,STROFH AG.BARBARAS,ΙΕΡΑΣ ΟΔΟΥ,"803, 836, 866, 868, 876, 892"
"010029: ΙΚΑ","010029","10029",ΙΚΑ,IKA,ΛΕΩΦ.ΕΛ.ΒΕΝΙΖΕΛΟΥ,"400, 830, 837"
"010030: ΑΓ. ΕΛΕΟΥΣΑ - ΣΤ. ΑΓ. ΒΑΡΒΑΡΑ","010030","10030",ΑΓ. ΕΛΕΟΥΣΑ - ΣΤ. ΑΓ. ΒΑΡΒΑΡΑ,AG. ELEOYSA  - ST. AG. BARBARA,ΛΕΩΦ.ΕΛ.ΒΕΝΙΖΕΛΟΥ,"400, 830, 837"
"010031: 28ης ΟΚΤΩΒΡΙΟΥ","010031","10031",28ης ΟΚΤΩΒΡΙΟΥ,28th OKTOBRIOY,28ης ΟΚΤΩΒΡΙΟΥ,"830"
"010032: ΒΕΝΕΤΙΑ","010032","10032",ΒΕΝΕΤΙΑ,BENETIA,ΛΕΩΦ.ΕΛ.ΒΕΝΙΖΕΛΟΥ,"400, 750, 807, 830, 831"
"010033: ΣΤ. ΑΓ.ΒΑΡΒΑΡΑ","010033","11545",ΣΤ. ΑΓ.ΒΑΡΒΑΡΑ,ST. AG. BARBARA,ΛΕΩΦ.ΕΛ.ΒΕΝΙΖΕΛΟΥ,"400, 837"
"010034: ΠΑΡΚΟ ΕΛΕΝΗΣ ΦΩΚΑ","010034","11546",ΠΑΡΚΟ ΕΛΕΝΗΣ ΦΩΚΑ,PARKO ELENHS FOKA,ΗΡΑΚΛΕΙΟΥ,"837"
"010036: ΙΚΑ","010036","10036",ΙΚΑ,IKA,ΛΕΩΦ.ΕΛ.ΒΕΝΙΖΕΛΟΥ,"400, 830, 837, 892"
"010037: 5η ΚΟΡΥΔΑΛΛΟΥ","010037","10037",5η ΚΟΡΥΔΑΛΛΟΥ,5th KORYDALLOY,ΛΕΩΦ.ΜΕΓ.ΑΛΕΞΑΝΔΡΟΥ,"807, 831, 892"
"010040: 6η ΚΟΡΥΔΑΛΛΟΥ","010040","10040",6η ΚΟΡΥΔΑΛΛΟΥ,6th KORYDALLOY,ΛΕΩΦ.ΜΕΓ.ΑΛΕΞΑΝΔΡΟΥ,"807, 831, 892"
"010041: 7η ΚΟΡΥΔΑΛΛΟΥ","010041","10041",7η ΚΟΡΥΔΑΛΛΟΥ,7th KORYDALLOY,ΛΕΩΦ.ΜΕΓ.ΑΛΕΞΑΝΔΡΟΥ,"807, 837, 892"
"010042: 6η ΚΟΡΥΔΑΛΛΟΥ","010042","10042",6η ΚΟΡΥΔΑΛΛΟΥ,6th KORYDALLOY,ΛΕΩΦ.ΜΕΓ.ΑΛΕΞΑΝΔΡΟΥ,"806, 807, 831"
"010043: 5η ΚΟΡΥΔΑΛΛΟΥ","010043","10043",5η ΚΟΡΥΔΑΛΛΟΥ,5th KORYDALLOY,ΛΕΩΦ.ΜΕΓ.ΑΛΕΞΑΝΔΡΟΥ,"806, 807, 831"
"010044: ΜΑΡΙΝΟΥ ΑΝΤΥΠΑ","010044","10044",ΜΑΡΙΝΟΥ ΑΝΤΥΠΑ,MARINOY ANTYPA,ΜΑΡ.ΑΝΤΥΠΑ,"750, 831, 856"
"010045: ΠΛ. ΜΑΚΡΥΓΙΑΝΝΗ","010045","10045",ΠΛ. ΜΑΚΡΥΓΙΑΝΝΗ,PL. MAKRYGIANNH,ΗΡΑΚΛΕΙΟΥ,"750, 831, 856"
"010046: ΠΛ. ΜΑΚΡΥΓΙΑΝΝΗ","010046","10046",ΠΛ. ΜΑΚΡΥΓΙΑΝΝΗ,PL. MAKRYGIANNH,ΗΡΑΚΛΕΙΟΥ,"831, 837"
"010047: ΜΑΡΙΝΟΥ ΑΝΤΥΠΑ","010047","10047",ΜΑΡΙΝΟΥ ΑΝΤΥΠΑ,MARINOY ANTYPA,ΜΑΡ.ΑΝΤΥΠΑ,"750, 831, 837, 856"
"010048: ΑΠΟΣΤΟΛΟΥ ΠΑΥΛΟΥ","010048","10048",ΑΠΟΣΤΟΛΟΥ ΠΑΥΛΟΥ,APOSTOLOY PAYLOY,ΚΟΡΥΔΑΛΛΟΥ,"750, 856"
"010049: ΣΙΦΝΟΥ","010049","10049",ΣΙΦΝΟΥ,SIFNOY,ΜΑΡ.ΑΝΤΥΠΑ,"750, 831, 856"
"010053: ΑΠΟΣΤΟΛΟΥ ΠΑΥΛΟΥ","010053","10053",ΑΠΟΣΤΟΛΟΥ ΠΑΥΛΟΥ,APOSTOLOY PAYLOY,ΚΟΡΥΔΑΛΛΟΥ,"750, 856"
"010054: ΣΤΕΦ. ΣΑΡΑΦΗ","010054","10054",ΣΤΕΦ. ΣΑΡΑΦΗ,STEF. SARAFH,ΣΤΕΦ.ΣΑΡΑΦΗ,"830"
"010056: ΓΕΦΥΡΑ","010056","10056",ΓΕΦΥΡΑ,GEFYRA,ΣΤΕΦ.ΣΑΡΑΦΗ,"837"
"010057: ΚΥΠΡΟΥ","010057","10057",ΚΥΠΡΟΥ,KYPROY,ΚΥΠΡΟΥ,"837"
"010058: ΑΣΤΥΝΟΜΙΑ","010058","10058",ΑΣΤΥΝΟΜΙΑ,ASTYNOMIA,ΣΤΕΦ.ΣΑΡΑΦΗ,"830, 837"
"010060: ΑΣΤΟΡΙΑ","010060","10060",ΑΣΤΟΡΙΑ,ASTORIA,ΠΑΛ.ΠΑΤΡΩΝ ΓΕΡΜΑΝΟΥ,"830, 837"
"010062: ΛΥΚΟΥΡΓΟΥ","010062","10062",ΛΥΚΟΥΡΓΟΥ,LYKOYRGOY,ΛΥΚΟΥΡΓΟΥ,"830"
"010065: ΜΕΓ. ΑΛΕΞΑΝΔΡΟΥ","010065","10065",ΜΕΓ. ΑΛΕΞΑΝΔΡΟΥ,MEG. ALEXANDROY,ΛΕΩΦ.ΜΕΓ.ΑΛΕΞΑΝΔΡΟΥ,"830"
"010066: ΔΙΑΚΟΥ","010066","10066",ΔΙΑΚΟΥ,DIAKOY,ΠΑΠΑΔΙΑΜΑΝΤΗ,"830, 837"
"010067: ΧΙΟΥ","010067","10067",ΧΙΟΥ,XIOY,ΧΙΟΥ,"830"
"010069: ΚΟΥΝΤΟΥΡΙΩΤΗ","010069","10069",ΚΟΥΝΤΟΥΡΙΩΤΗ,KOYNTOYRIOTH,ΣΤΕΦ.ΣΑΡΑΦΗ,"837"
"010070: ΠΡΟΦ. ΗΛΙΑΣ","010070","10070",ΠΡΟΦ. ΗΛΙΑΣ,PROF. HLIAS,ΠΑΠΑΔΙΑΜΑΝΤΗ,"830, 837"
"010071: ΧΙΟΥ","010071","10071",ΧΙΟΥ,XIOY,ΟΔΥΣΣΕΩΣ,"837"
"010072: ΠΡΟΦ. ΗΛΙΑΣ","010072","10072",ΠΡΟΦ. ΗΛΙΑΣ,PROF. HLIAS,ΠΑΛ.ΠΑΤΡΩΝ ΓΕΡΜΑΝΟΥ,"830"
"010074: ΣΩΚΡΑΤΟΥΣ","010074","10074",ΣΩΚΡΑΤΟΥΣ,SOKRATOYS,ΔΕΛΗΓΙΑΝΝΗ,"830"
"010075: ΑΘ. ΔΙΑΚΟΥ","010075","10075",ΑΘ. ΔΙΑΚΟΥ,ATH. DIAKOY,ΖΩΟΔΟΧΟΥ ΠΗΓΗΣ,"830, 837"
"010078: ΠΑΡΚΟ ΕΛΕΝΗΣ ΦΩΚΑ","010078","10078",ΠΑΡΚΟ ΕΛΕΝΗΣ ΦΩΚΑ,PARKO ELENHS FOKA,ΧΑΝΙΩΝ,"400, 750, 806, 807, 830, 831"
"010079: 7η ΚΟΡΥΔΑΛΛΟΥ","010079","10079",7η ΚΟΡΥΔΑΛΛΟΥ,7th KORYDALLOY,ΧΑΝΙΩΝ,"806, 807"
"010081: ΚΡΗΤΗ","010081","10081",ΚΡΗΤΗ,KRHTH,ΚΡΗΤΗΣ,"830, 837"
"010085: ΣΤ. ΑΓ. ΜΑΡΙΝΑ","010085","10085",ΣΤ. ΑΓ. ΜΑΡΙΝΑ,ST. AG. MARINA,ΙΕΡΑΣ ΟΔΟΥ,"400, 803, 836, 837, 866, 876, 891, 892"
"010086: ΑΦΕΤΗΡΙΑ","010086","10086",ΑΦΕΤΗΡΙΑ,AFETHRIA,ΣΙΦΝΟΥ,"750"
"010087: ΚΥΠΡΟΥ","010087","10087",ΚΥΠΡΟΥ,KYPROY,ΧΙΟΥ,"837"
"0112: ΑΣΗΜΑΚΟΠΟΥΛΟΥ","0112","12160",ΑΣΗΜΑΚΟΠΟΥΛΟΥ,ASHMAKOPOYLOY,,"112"
"012023: ΣΤ. ΣΑΡΑΦΗ (ΠΡΟΣ ΑΓ. ΒΑΡΒΑΡΑ)","012023","10634",ΣΤ. ΣΑΡΑΦΗ (ΠΡΟΣ ΑΓ. ΒΑΡΒΑΡΑ),ST. SARAFH (TO AG. BARBARA),,"837"
"01: ΚΑΙΣΑΡΙΑΝΗ","01","10152",ΚΑΙΣΑΡΙΑΝΗ,KAISARIANH,,"224"
"020004: ΤΕΡΜΑ (ΕΝ. ΕΡΓ. ΠΙΤΣΟΥ)","020004","20004",ΤΕΡΜΑ (ΕΝ. ΕΡΓ. ΠΙΤΣΟΥ),TERMA (EN. ERG. PITSOY),ΑΝΩΝΥΜΟΣ(ΕΜΠΡ.ΕΡΓ.ΠΙΤΣΟΥ),"909"
"020005: ΚΑΠΗ","020005","20005",ΚΑΠΗ,KAPH,ΛΕΩΦ.ΦΛΕΜΙΝΓΚ,"860, 914"
"020006: ΜΕΡΚΟΥΡΗ","020006","20006",ΜΕΡΚΟΥΡΗ,MERKOURH,ΛΕΩΦ.ΚΗΦΙΣΟΥ,"420"
"020008: ΓΕΦΥΡΑ ΠΕΤΡΟΥ ΡΑΛΛΗ","020008","20008",ΓΕΦΥΡΑ ΠΕΤΡΟΥ ΡΑΛΛΗ,GEFYRA PETROY RALLH,ΛΕΩΦ.ΚΗΦΙΣΟΥ,"420"
"020009: ΜΕΛΙΣΣΑ","020009","20009",ΜΕΛΙΣΣΑ,MELISSA,ΘΗΒΩΝ,"703, 801, 803, 828, 831, 845"
"020010: ΟΑΕΔ","020010","20010",ΟΑΕΔ,OAED,ΛΕΩΦ.ΚΗΦΙΣΟΥ,"420"
"020011: 1η ΛΑΧΑΝΑΓΟΡΑ","020011","20011",1η ΛΑΧΑΝΑΓΟΡΑ,1st LAXANAGORA,ΛΕΩΦ.ΓΕΩΡΓ.ΠΑΠΑΝΔΡΕΟΥ,"914"
"020013: ΣΙΔΕΡΑ","020013","20013",ΣΙΔΕΡΑ,SIDERA,ΑΓ.ΙΩΑΝΝΟΥ ΡΕΝΤΗ,"16"
"020014: ΠΟΛΥΚΑΤΟΙΚΙΕΣ","020014","20014",ΠΟΛΥΚΑΤΟΙΚΙΕΣ,POLYKATOIKIES,ΑΓ.ΙΩΑΝΝΟΥ ΡΕΝΤΗ,"16"
"020015: Π. ΤΑΧΥΔΡΟΜΕΙΟ","020015","20015",Π. ΤΑΧΥΔΡΟΜΕΙΟ,P. TAXYDROMEIO,ΑΓ.ΙΩΑΝΝΟΥ ΡΕΝΤΗ,"16"
"020016: ΔΕΛΗΓΙΑΝΝΗ","020016","20016",ΔΕΛΗΓΙΑΝΝΗ,DELHGIANNH,ΑΓ.ΙΩΑΝΝΟΥ ΡΕΝΤΗ,"16"
"020017: ΑΠΟΛΛΩΝ","020017","20017",ΑΠΟΛΛΩΝ,APOLLON,ΑΓ.ΙΩΑΝΝΟΥ ΡΕΝΤΗ,"16"
"020018: ΦΩΛΙΑ - ΑΓ. ΑΝΝΗΣ","020018","20018",ΦΩΛΙΑ - ΑΓ. ΑΝΝΗΣ,FOLIA - AG. ANNHS,ΑΓ.ΑΝΝΗΣ,"838"
"020019: ΒΙΑΝΙΛ","020019","20019",ΒΙΑΝΙΛ,BIANIL,ΑΓ.ΑΝΝΗΣ,"838"
"020020: 2η ΑΓ. ΑΝΝΗΣ","020020","20020",2η ΑΓ. ΑΝΝΗΣ,2nd AG. ANNHS,ΑΓ.ΑΝΝΗΣ,"838"
"020021: ΣΧΟΛΕΙΟ - 3η ΑΓ. ΑΝΝΗΣ","020021","20021",ΣΧΟΛΕΙΟ - 3η ΑΓ. ΑΝΝΗΣ,SXOLEIO - 3rd AG. ANNHS,ΑΓ.ΑΝΝΗΣ,"838"
"020024: ΦΡΑΓΚΟΥ","020024","20024",ΦΡΑΓΚΟΥ,FRAGOY,ΑΓ.ΑΝΝΗΣ,"838, 860, 914"
"020025: ΣΙΔΕΡΑ","020025","20025",ΣΙΔΕΡΑ,SIDERA,ΑΓ.ΙΩΑΝΝΟΥ ΡΕΝΤΗ,"838, 860, 914"
"020026: ΠΕΡΙΚΛΕΟΥΣ","020026","20026",ΠΕΡΙΚΛΕΟΥΣ,PERIKLEOYS,ΛΕΩΦ.ΦΛΕΜΙΝΓΚ,"860, 914"
"020028: ΣΙΔΕΡΑ","020028","20028",ΣΙΔΕΡΑ,SIDERA,ΑΓ.ΙΩΑΝΝΟΥ ΡΕΝΤΗ,"838, 860, 914"
"020029: ΦΡΑΓΚΟΥ","020029","20029",ΦΡΑΓΚΟΥ,FRAGOY,ΑΓ.ΑΝΝΗΣ,"838, 860, 914"
"020032: ΛΕΓΑΚΗ","020032","20032",ΛΕΓΑΚΗ,LEGAKH,ΑΓ.ΑΝΝΗΣ,"838"
"020033: ΣΧΟΛΕΙΟ","020033","20033",ΣΧΟΛΕΙΟ,SXOLEIO,ΑΓ.ΑΝΝΗΣ,"838"
"020034: ΟΛΥΜΠΙΑΚΟΣ","020034","20034",ΟΛΥΜΠΙΑΚΟΣ,OLYMPIAKOS,ΑΓ.ΑΝΝΗΣ,"838"
"020036: ΜΩΡΟΣ","020036","20036",ΜΩΡΟΣ,MOROS,ΛΕΩΦ.ΚΗΦΙΣΟΥ,"420"
"020037: ΛΑΧΑΝΑΓΟΡΑ","020037","20037",ΛΑΧΑΝΑΓΟΡΑ,LAXANAGORA,ΛΕΩΦ.ΚΗΦΙΣΟΥ,"420, 838"
"020038: ΟΣΕ","020038","20038",ΟΣΕ,OSE,ΛΕΩΦ.ΚΗΦΙΣΟΥ,"420, 838"
"020039: ΛΕΓΑΚΗ","020039","20039",ΛΕΓΑΚΗ,LEGAKH,ΣΥΝΔ.ΚΛΑΔΟΥ ΓΕΦ. ΑΓ.ΑΝΝΗΣ,"420, 838"
"020041: ΠΛ. ΡΕΝΤΗ","020041","20041",ΠΛ. ΡΕΝΤΗ,PL. RENTH,ΜΠΙΧΑΚΗ,"838, 860, 914"
"020042: ΣΧΟΛΕΙΟ","020042","20042",ΣΧΟΛΕΙΟ,SXOLEIO,ΠΛ.ΕΛ.ΒΕΝΙΖΕΛΟΥ,"860, 914"
"020043: ΚΑΠΗ","020043","20043",ΚΑΠΗ,KAPH,ΛΕΩΦ.ΦΛΕΜΙΝΓΚ,"860, 914"
"020044: ΛΑΧΑΝΑΓΟΡΑ","020044","20044",ΛΑΧΑΝΑΓΟΡΑ,LAXANAGORA,ΠΑΡΑΠΛΕΥΡΟΣ ΛΕΩΦ.ΚΗΦΙΣΟΥ,"420"
"020045: ΓΕΦΥΡΑ","020045","20045",ΓΕΦΥΡΑ,GEFYRA,ΑΘΗΝΩΝ-ΠΕΙΡΑΙΩΣ,"049, 420, 860, 914"
"020046: ΙΟΝ","020046","20046",ΙΟΝ,ION,ΑΘΗΝΩΝ-ΠΕΙΡΑΙΩΣ,"049, 420"
"020047: ΑΓ. ΠΑΥΛΟΣ","020047","20047",ΑΓ. ΠΑΥΛΟΣ,AG. PAYLOS,ΘΗΒΩΝ,"703, 801, 803, 828, 831, 845"
"020048: ΦΟΥΡΝΟΣ","020048","20048",ΦΟΥΡΝΟΣ,FOYRNOS,ΘΗΒΩΝ,"703, 801, 803, 828, 831, 845"
"020049: ΚΕΡΑΝΗΣ","020049","20049",ΚΕΡΑΝΗΣ,KERANHS,ΘΗΒΩΝ,"703, 801, 803, 828, 831, 845, 860"
"020050: ΜΕΘΕΝΙΤΗ","020050","20050",ΜΕΘΕΝΙΤΗ,METHENITH,ΘΗΒΩΝ,"703, 801, 803, 828, 831, 845, 860"
"020052: ΠΛΑΣΤΙΓΓΕΣ","020052","20052",ΠΛΑΣΤΙΓΓΕΣ,PLASTIGGES,ΘΗΒΩΝ,"703, 801, 803, 845"
"020053: ΥΠΟΥΡΓΕΙΟ","020053","20053",ΥΠΟΥΡΓΕΙΟ,YPOYRGEIO,ΘΗΒΩΝ,"703, 801, 803, 845, 909"
"020054: Γ ΝΕΚΡΟΤΑΦΕΙΟ","020054","20054",Γ ΝΕΚΡΟΤΑΦΕΙΟ,3rd NEKROTAFEIO,ΘΗΒΩΝ,"703, 801, 803, 845, 909"
"020055: ΦΙΞ","020055","20055",ΦΙΞ,FIX,Π.ΡΑΛΛΗ,"21"
"020056: ΚΑΝ-ΚΑΝ","020056","20056",ΚΑΝ-ΚΑΝ,KAN-KAN,Π.ΡΑΛΛΗ,"21"
"020058: ΕΡΓΑΤΙΚΕΣ ΠΟΛΥΚΑΤΟΙΚΙΕΣ","020058","20058",ΕΡΓΑΤΙΚΕΣ ΠΟΛΥΚΑΤΟΙΚΙΕΣ,ERGATIKES KATOIKIES,Π.ΡΑΛΛΗ,"21"
"020059: ΠΛ. ΡΕΝΤΗ","020059","20059",ΠΛ. ΡΕΝΤΗ,PL. RENTH,ΑΡ.ΚΑΜΠΑΝΗ,"16"
"020061: 1η ΜΑΚΡΥΓΙΑΝΝΗ","020061","20061",1η ΜΑΚΡΥΓΙΑΝΝΗ,1st MAKRYGIANNH,ΜΑΚΡΥΓΙΑΝΝΗ,"838, 914"
"020062: 2η ΛΑΧΑΝΑΓΟΡΑ","020062","20062",2η ΛΑΧΑΝΑΓΟΡΑ,2nd LAXANAGORA,ΤΖΩΝ ΚΕΝΝΕΝΤΥ,"914"
"020063: ΑΡΑΠΗ","020063","20063",ΑΡΑΠΗ,ARAPH,ΑΓ.ΑΝΝΗΣ,"838, 860, 914"
"020065: ΠΥΡΟΣΒΕΣΤΙΚΗ","020065","20065",ΠΥΡΟΣΒΕΣΤΙΚΗ,PYROSBESTIKH,ΜΑΚΡΥΓΙΑΝΝΗ,"838, 860, 914"
"020067: 1η ΜΑΚΡΥΓΙΑΝΝΗ","020067","20067",1η ΜΑΚΡΥΓΙΑΝΝΗ,1st MAKRYGIANNH,ΜΑΚΡΥΓΙΑΝΝΗ,"838, 914"
"020068: 2η ΜΑΚΡΥΓΙΑΝΝΗ","020068","20068",2η ΜΑΚΡΥΓΙΑΝΝΗ,2nd MAKRYGIANNH,ΜΑΚΡΥΓΙΑΝΝΗ,"838, 914"
"020069: ΠΥΡΟΣΒΕΣΤΙΚΗ","020069","20069",ΠΥΡΟΣΒΕΣΤΙΚΗ,PYROSBESTIKH,ΘΕΣΣΑΛΟΝΙΚΗΣ,"838, 860, 914"
"020070: 1η ΘΕΣΣΑΛΟΝΙΚΗΣ","020070","20070",1η ΘΕΣΣΑΛΟΝΙΚΗΣ,1st THESSALONIKHS,ΘΕΣΣΑΛΟΝΙΚΗΣ,"838, 860, 914"
"020071: ΑΡΑΠΗ","020071","20071",ΑΡΑΠΗ,ARAPH,ΑΓ.ΑΝΝΗΣ,"838, 860, 914"
"020073: ΟΣΕ","020073","20073",ΟΣΕ,OSE,ΠΑΡΑΠΛΕΥΡΟΣ ΛΕΩΦ.ΚΗΦΙΣΟΥ,"420"
"020074: ΚΟΤΖΙΑ","020074","20074",ΚΟΤΖΙΑ,KONTZIA,ΛΕΩΦ.ΚΗΦΙΣΟΥ,"420"
"020075: ΔΗΜΗΤΡΑΤΟΥ","020075","20075",ΔΗΜΗΤΡΑΤΟΥ,DHMHTRATOY,ΛΕΩΦ.ΚΗΦΙΣΟΥ,"420"
"020076: ΓΕΦΥΡΑ  ΑΓ. ΑΝΝΗΣ","020076","20076",ΓΕΦΥΡΑ  ΑΓ. ΑΝΝΗΣ,GEFYRA  AG. ANNHS,ΛΕΩΦ.ΚΗΦΙΣΟΥ,"420"
"020078: ΜΑΚΡΥΓΙΑΝΝΗ","020078","20078",ΜΑΚΡΥΓΙΑΝΝΗ,MAKRYGIANNH,ΜΑΚΡΥΓΙΑΝΝΗ,"838, 860, 914"
"020079: ΠΛ. ΕΛ. ΒΕΝΙΖΕΛΟΥ","020079","20079",ΠΛ. ΕΛ. ΒΕΝΙΖΕΛΟΥ,PL. EL. BENIZELOY,ΠΛ.ΕΛ.ΒΕΝΙΖΕΛΟΥ,"16, 860, 914"
"020080: ΠΟΛΥΚΑΤΟΙΚΙΕΣ","020080","20080",ΠΟΛΥΚΑΤΟΙΚΙΕΣ,POLYKATOIKIES,ΛΕΩΦ.ΦΛΕΜΙΝΓΚ,"16, 860, 914"
"020081: ΟΑΕΔ","020081","20081",ΟΑΕΔ,OAED,Π.ΡΑΛΛΗ,"21"
"020082: 2η ΜΑΚΡΥΓΙΑΝΝΗ","020082","20082",2η ΜΑΚΡΥΓΙΑΝΝΗ,2nd MAKRYGIANNH,ΜΑΚΡΥΓΙΑΝΝΗ,"838, 914"
"020087: ΠΛ.ΑΓ. ΙΩΑΝΝΗ ΡΕΝΤΗ","020087","20087",ΠΛ.ΑΓ. ΙΩΑΝΝΗ ΡΕΝΤΗ,PL. AG. IOANNH RENTH,ΠΛ.ΑΓ.ΙΩΑΝΝΟΥ ΡΕΝΤΗ,"838, 860, 914"
"020088: ΠΑΛΑΙΟΛΟΓΟΥ","020088","20088",ΠΑΛΑΙΟΛΟΓΟΥ,PALAIOLOGOY,ΠΑΛΑΙΛΟΓΟΥ,"838"
"020089: ΠΕΤΡΟΥ ΡΑΛΛΗ","020089","20089",ΠΕΤΡΟΥ ΡΑΛΛΗ,PETROY RALLH,ΡΕΜΑΤΟΣ ΚΑΝΑΠΙΤΣΕΡΙ,"909"
"020091: ΑΜΑΞΟΣΤΑΣΙΟ","020091","20091",ΑΜΑΞΟΣΤΑΣΙΟ,AMAXOSTASIO,ΠΑΡΝΑΣΣΟΥ,"909"
"020092: ΠΑΡΝΑΣΣΟΥ","020092","20092",ΠΑΡΝΑΣΣΟΥ,PARNASSOY,ΠΑΡΝΑΣΣΟΥ,"909"
"0201: ΕΘΝ. ΑΜΥΝΑ","0201","11154",ΕΘΝ. ΑΜΥΝΑ,ETHN. AMYNA,,"416, 418"
"020860: ΘΗΒΩΝ","020860","20860",ΘΗΒΩΝ,THIVON,ΘΕΣΣΑΛΟΝΙΚΗΣ,"860"
"021: ΣΤΑΥΡΟΣ","021","11649",ΣΤΑΥΡΟΣ,STAYROS,ΣΤΑΥΡΟΣ ΑΓ.ΠΑΡΑΣΚΕΥΗΣ,"308"
"02: ΤΕΡΜΑ ΕΛ. ΒΕΝΙΖΕΛΟΥ","02","10153",ΤΕΡΜΑ ΕΛ. ΒΕΝΙΖΕΛΟΥ,TERMA EL. BENIZELOY,,"224"
"030001: 9η ΜΕΣΟΓΕΙΩΝ","030001","30001",9η ΜΕΣΟΓΕΙΩΝ,9th MESOGEION,ΜΕΣΟΓΕΙΩΝ,"304, 305, 308, 316, 400, 406, 407, Α5, Β5"
"030002: ΤΟΜΠΡΑ","030002","30002",ΤΟΜΠΡΑ,TOMPRA,ΜΕΣΟΓΕΙΩΝ,"304, 305, 308, 316, 400, Α5"
"030003: 11η ΑΓ. ΠΑΡΑΣΚΕΥΗΣ","030003","30003",11η ΑΓ. ΠΑΡΑΣΚΕΥΗΣ,11th AG. PARASKEYHS,ΜΕΣΟΓΕΙΩΝ,"304, 305, 308, 316, 400, Α5"
"030004: 12η ΑΓ. ΠΑΡΑΣΚΕΥΗΣ","030004","30004",12η ΑΓ. ΠΑΡΑΣΚΕΥΗΣ,12th AG. PARASKEYHS,ΜΕΣΟΓΕΙΩΝ,"304, 305, 308, 316, 400, Α5, Β5"
"030005: ΠΛ. ΑΓ. ΠΑΡΑΣΚΕΥΗΣ","030005","30005",ΠΛ. ΑΓ. ΠΑΡΑΣΚΕΥΗΣ,PL. AG. PARASKEYHS,ΜΕΣΟΓΕΙΩΝ,"304, 305, 308, 316, Α5, Χ95"
"030006: ΕΡΤ","030006","30006",ΕΡΤ,ERT,ΜΕΣΟΓΕΙΩΝ,"304, 305, 308, 316, Α5"
"030008: ΙΚΑ","030008","30008",ΙΚΑ,IKA,ΜΕΣΟΓΕΙΩΝ,"304, 305, 308, 316, Α5"
"030009: ΔΗΜΗΤΡΑΣ","030009","30009",ΔΗΜΗΤΡΑΣ,DHMHTRAS,ΜΕΣΟΓΕΙΩΝ,"304, 305, 308, 316, Α5"
"030010: ΓΕΛΑΔΑΚΗ","030010","30010",ΓΕΛΑΔΑΚΗ,GELADAKH,ΜΕΣΟΓΕΙΩΝ,"304, 305, 308, 316, Α5"
"030011: ΣΤΑΥΡΟΣ","030011","30011",ΣΤΑΥΡΟΣ,STAYROS,ΜΕΣΟΓΕΙΩΝ,"304, 305, 308, 316, Α5"
"030012: ΓΕΛΑΔΑΚΗ","030012","30012",ΓΕΛΑΔΑΚΗ,GELADAKH,ΜΕΣΟΓΕΙΩΝ,"304, 305, 308, 316, Α5"
"030013: ΔΗΜΗΤΡΑΣ","030013","30013",ΔΗΜΗΤΡΑΣ,DHMHTRAS,ΜΕΣΟΓΕΙΩΝ,"304, 305, 308, 316, Α5"
"030014: ΙΚΑ","030014","30014",ΙΚΑ,IKA,ΜΕΣΟΓΕΙΩΝ,"304, 305, 308, 316, Α5"
"030015: ΣΑΛΑΜΙΝΟΣ","030015","30015",ΣΑΛΑΜΙΝΟΣ,SALAMINOS,ΜΕΣΟΓΕΙΩΝ,"304, 305, 308, 316, Α5"
"030016: ΚΕΑΣ","030016","30016",ΚΕΑΣ,KEAS,ΑΛΕΞ.ΠΑΝΑΓΟΥΛΗ,"301, 301Β, 302, 307, 314, 319"
"030017: ΠΛ. ΑΓ. ΠΑΡΑΣΚΕΥΗΣ","030017","30017",ΠΛ. ΑΓ. ΠΑΡΑΣΚΕΥΗΣ,PL. AG. PARASKEYHS,ΜΕΣΟΓΕΙΩΝ,"304, 305, 308, 316, 400, Α5, Χ95"
"030018: 4η ΔΕΡΒΕΝΑΚΙΩΝ","030018","30018",4η ΔΕΡΒΕΝΑΚΙΩΝ,4th DERBENAKION,ΔΕΡΒΕΝΑΚΙΩΝ,"406"
"030019: 11η ΑΓ. ΠΑΡΑΣΚΕΥΗΣ","030019","30019",11η ΑΓ. ΠΑΡΑΣΚΕΥΗΣ,11th AG. PARASKEYHS,ΜΕΣΟΓΕΙΩΝ,"304, 305, 308, 316, 400, Α5"
"030020: ΤΟΜΠΡΑ","030020","30020",ΤΟΜΠΡΑ,TOMPRA,ΜΕΣΟΓΕΙΩΝ,"304, 305, 308, 316, 400, 406, 407, Α5, Β5"
"030021: 9η ΜΕΣΟΓΕΙΩΝ","030021","30021",9η ΜΕΣΟΓΕΙΩΝ,9th MESOGEION,ΜΕΣΟΓΕΙΩΝ,"304, 305, 308, 316, 400, 406, 407, Α5, Β5"
"030022: ΤΟΜΠΡΑ","030022","30022",ΤΟΜΠΡΑ,TOMPRA,ΗΠΕΙΡΟΥ,"406, 407, Β5"
"030023: 1η ΑΓ.ΠΑΡΑΣΚΕΥΗΣ","030023","30023",1η ΑΓ.ΠΑΡΑΣΚΕΥΗΣ,1st AG. PARASKEYHS,ΕΛ.ΒΕΝΙΖΕΛΟΥ,"406, 407, Β5"
"030024: 2η ΑΓ. ΠΑΡΑΣΚΕΥΗΣ","030024","30024",2η ΑΓ. ΠΑΡΑΣΚΕΥΗΣ,2nd AG. PARASKEYHS,ΕΛ.ΒΕΝΙΖΕΛΟΥ,"406, 407, Β5"
"030025: 3η ΑΓ. ΠΑΡΑΣΚΕΥΗΣ","030025","30025",3η ΑΓ. ΠΑΡΑΣΚΕΥΗΣ,3rd AG. PARASKEYHS,ΕΛ.ΒΕΝΙΖΕΛΟΥ,"406, 407, Β5"
"030026: ΔΗΜΟΚΡΙΤΟΣ","030026","30026",ΔΗΜΟΚΡΙΤΟΣ,DHMOKRITOS,ΠΑΤΡΙΑΡΧΟΥ ΓΡΗΓΟΡΙΟΥ Ε',"406, 407, Β5"
"030027: 5η ΑΓ. ΠΑΡΑΣΚΕΥΗΣ","030027","30027",5η ΑΓ. ΠΑΡΑΣΚΕΥΗΣ,5th AG. PARASKEYHS,ΠΕΛΟΠΟΝΝΗΣΟΥ,"406, 407, Β5"
"030028: 6η ΑΓ. ΠΑΡΑΣΚΕΥΗΣ","030028","30028",6η ΑΓ. ΠΑΡΑΣΚΕΥΗΣ,6th AG. PARASKEYHS,ΠΕΛΟΠΟΝΝΗΣΟΥ,"406, 407, Β5"
"030029: 7η ΑΓ. ΠΑΡΑΣΚΕΥΗΣ","030029","30029",7η ΑΓ. ΠΑΡΑΣΚΕΥΗΣ,7th AG. PARASKEYHS,ΠΕΛΟΠΟΝΝΗΣΟΥ,"406, 407, Β5"
"030030: 8η ΑΓ. ΠΑΡΑΣΚΕΥΗΣ","030030","30030",8η ΑΓ. ΠΑΡΑΣΚΕΥΗΣ,8th AG. PARASKEYHS,ΕΛΒΕΤΙΑΣ,"406, 407"
"030031: 9η ΑΓ. ΠΑΡΑΣΚΕΥΗΣ","030031","30031",9η ΑΓ. ΠΑΡΑΣΚΕΥΗΣ,9th AG. PARASKEYHS,ΕΛΒΕΤΙΑΣ,"406, 407"
"030032: 3η ΕΙΡΗΝΗΣ","030032","30032",3η ΕΙΡΗΝΗΣ,3rd EIRHNHS,ΕΙΡΗΝΗΣ,Β5
"030033: 2η ΕΙΡΗΝΗΣ","030033","30033",2η ΕΙΡΗΝΗΣ,2nd EIRHNHS,ΕΙΡΗΝΗΣ,Β5
"030034: 1η ΕΙΡΗΝΗΣ","030034","30034",1η ΕΙΡΗΝΗΣ,1st EIRHNHS,ΕΙΡΗΝΗΣ,Β5
"030035: ΑΓ. ΠΑΡΑΣΚΕΥΗ","030035","30035",ΑΓ. ΠΑΡΑΣΚΕΥΗ,AG. PARASKEYH,ΑΓ.ΙΩΑΝΝΟΥ,"406, Β5"
"030036: 12η ΑΓ. ΠΑΡΑΣΚΕΥΗΣ","030036","30036",12η ΑΓ. ΠΑΡΑΣΚΕΥΗΣ,12th AG. PARASKEYHS,ΑΓ.ΙΩΑΝΝΟΥ,"406, Β5"
"030037: 11η ΑΓ. ΠΑΡΑΣΚΕΥΗΣ","030037","30037",11η ΑΓ. ΠΑΡΑΣΚΕΥΗΣ,11th AG. PARASKEYHS,ΑΓ.ΙΩΑΝΝΟΥ,"406, Β5"
"030038: 10η ΑΓ. ΠΑΡΑΣΚΕΥΗΣ","030038","30038",10η ΑΓ. ΠΑΡΑΣΚΕΥΗΣ,10th AG. PARASKEYHS,ΑΓ.ΙΩΑΝΝΟΥ,"406, Β5"
"030039: 9η ΑΓ. ΠΑΡΑΣΚΕΥΗΣ","030039","30039",9η ΑΓ. ΠΑΡΑΣΚΕΥΗΣ,9th AG. PARASKEYHS,ΑΝΘ\ΓΟΥ ΤΑΣΣΟΠΟΥΛΟΥ,"406, 407, Β5"
"030040: 8η ΑΓ. ΠΑΡΑΣΚΕΥΗΣ","030040","30040",8η ΑΓ. ΠΑΡΑΣΚΕΥΗΣ,8th AG. PARASKEYHS,ΑΝΘ\ΓΟΥ ΤΑΣΣΟΠΟΥΛΟΥ,"406, 407, Β5"
"030041: 7η ΑΓ. ΠΑΡΑΣΚΕΥΗΣ","030041","30041",7η ΑΓ. ΠΑΡΑΣΚΕΥΗΣ,7th AG. PARASKEYHS,ΠΕΛΟΠΟΝΝΗΣΟΥ,"406, 407, Β5"
"030042: 6η ΑΓ. ΠΑΡΑΣΚΕΥΗΣ","030042","30042",6η ΑΓ. ΠΑΡΑΣΚΕΥΗΣ,6th AG. PARASKEYHS,ΠΕΛΟΠΟΝΝΗΣΟΥ,"406, 407, Β5"
"030043: 5η ΑΓ. ΠΑΡΑΣΚΕΥΗΣ","030043","30043",5η ΑΓ. ΠΑΡΑΣΚΕΥΗΣ,5th AG. PARASKEYHS,ΠΕΛΟΠΟΝΝΗΣΟΥ,"406, 407, Β5"
"030044: ΔΗΜΟΚΡΙΤΟΣ","030044","30044",ΔΗΜΟΚΡΙΤΟΣ,DHMOKRITOS,ΠΑΤΡΙΑΡΧΟΥ ΓΡΗΓΟΡΙΟΥ Ε',"406, 407, Β5"
"030045: 3η ΑΓ. ΠΑΡΑΣΚΕΥΗΣ","030045","30045",3η ΑΓ. ΠΑΡΑΣΚΕΥΗΣ,3rd AG. PARASKEYHS,ΕΛ.ΒΕΝΙΖΕΛΟΥ,"406, Β5"
"030046: 2η ΑΓ. ΠΑΡΑΣΚΕΥΗΣ","030046","30046",2η ΑΓ. ΠΑΡΑΣΚΕΥΗΣ,2nd AG. PARASKEYHS,ΕΛ.ΒΕΝΙΖΕΛΟΥ,"406, Β5"
"030047: 1η ΑΓ. ΠΑΡΑΣΚΕΥΗΣ","030047","30047",1η ΑΓ. ΠΑΡΑΣΚΕΥΗΣ,1st AG. PARASKEYHS,ΕΛ.ΒΕΝΙΖΕΛΟΥ,"406, Β5"
"030048: 1η Ν.ΖΩΗΣ","030048","30048",1η Ν.ΖΩΗΣ,1st N. ZOHS,ΗΠΕΙΡΟΥ,"407"
"030049: 2η Ν. ΖΩΗΣ","030049","30049",2η Ν. ΖΩΗΣ,2nd N. ZOHS,ΗΠΕΙΡΟΥ,"407"
"030050: 3η Ν. ΖΩΗΣ","030050","30050",3η Ν. ΖΩΗΣ,3rd N. ZOHS,ΗΠΕΙΡΟΥ,"407"
"030051: ΚΟΛΥΜΒΗΤΗΡΙΟ","030051","30051",ΚΟΛΥΜΒΗΤΗΡΙΟ,KOLYMBHTHRIO,ΕΠΤΑΝΗΣΟΥ,"407"
"030052: ΗΡΑΣ","030052","30052",ΗΡΑΣ,HRAS,ΠΑΡΑΔΡΟΜΟ ΑΤΤΙΚΗΣ ΟΔΟΥ,"406"
"030053: ΣΙΦΝΟΥ","030053","30053",ΣΙΦΝΟΥ,SIFNOY,ΔΕΡΒΕΝΑΚΙΩΝ,"406"
"030057: ΚΥΘΝΟΥ","030057","30057",ΚΥΘΝΟΥ,KYTHNOY,ΔΕΡΒΕΝΑΚΙΩΝ,"406"
"030058: ΕΠΤΑΝΗΣΟΥ","030058","30058",ΕΠΤΑΝΗΣΟΥ,EPTANHSOY,ΕΠΤΑΝΗΣΟΥ,"407"
"030059: ΚΟΛΥΜΒΗΤΗΡΙΟ","030059","30059",ΚΟΛΥΜΒΗΤΗΡΙΟ,KOLYMBHTHRIO,ΕΠΤΑΝΗΣΟΥ,"407"
"030060: ΒΑΚΧΟΥ","030060","30060",ΒΑΚΧΟΥ,BAKXOY,ΒΑΚΧΟΥ,"407"
"030061: 3η Ν. ΖΩΗΣ","030061","30061",3η Ν. ΖΩΗΣ,3rd N. ZOHS,ΗΠΕΙΡΟΥ,"407"
"030062: 2η Ν. ΖΩΗΣ","030062","30062",2η Ν. ΖΩΗΣ,2nd N. ZOHS,ΗΠΕΙΡΟΥ,"407"
"030063: 1η Ν.ΖΩΗΣ","030063","30063",1η Ν.ΖΩΗΣ,1st N. ZOHS,ΗΠΕΙΡΟΥ,"407"
"030064: ΑΓ. ΠΑΡΑΣΚΕΥΗ","030064","30064",ΑΓ. ΠΑΡΑΣΚΕΥΗ,AG. PARASKEYH,ΧΑΛΑΝΔΡΙΟΥ,"400, 406, 421"
"030065: ΣΟΥΛΙΟΥ","030065","30065",ΣΟΥΛΙΟΥ,SOYLIOY,ΕΛΛΗΝΟΣΕΡΒΙΚΗΣ ΦΙΛΙΑΣ,"406"
"030066: 1η ΔΕΡΒΕΝΑΚΙΩΝ","030066","30066",1η ΔΕΡΒΕΝΑΚΙΩΝ,1st DERBENAKION,ΔΕΡΒΕΝΑΚΙΩΝ,"406"
"030067: 2η ΔΕΡΒΕΝΑΚΙΩΝ","030067","30067",2η ΔΕΡΒΕΝΑΚΙΩΝ,2nd DERBENAKION,ΔΕΡΒΕΝΑΚΙΩΝ,"406"
"030068: ΑΓ. ΤΡΙΑΔΟΣ - ΑΡΧΗ","030068","30068",ΑΓ. ΤΡΙΑΔΟΣ - ΑΡΧΗ,AG. TRIADOS - ARXH,ΑΓΙΑΣ ΤΡΙΑΔΟΣ,"407"
"030069: ΑΓ. ΙΩΑΝΝΗΣ","030069","30069",ΑΓ. ΙΩΑΝΝΗΣ,AG. IOANNHS,ΑΣΗΜΑΚΟΠΟΥΛΟΥ,"407"
"030070: 1η ΑΓ.ΤΡΙΑΔΟΣ","030070","30070",1η ΑΓ.ΤΡΙΑΔΟΣ,1st AG. TRIADOS,ΑΓ.ΤΡΙΑΔΟΣ,"406, 407"
"030071: ΘΕΜΙΣΤΟΚΛΕΟΥΣ","030071","30071",ΘΕΜΙΣΤΟΚΛΕΟΥΣ,THEMISTOKLEOYS,ΑΣΗΜΑΚΟΠΟΥΛΟΥ,"407"
"030072: 2η ΑΓ. ΤΡΙΑΔΟΣ","030072","30072",2η ΑΓ. ΤΡΙΑΔΟΣ,2nd AG. TRIADOS,ΑΓ.ΤΡΙΑΔΟΣ,"406, 407"
"030073: ΠΛ. ΥΔΡΑΣ","030073","30073",ΠΛ. ΥΔΡΑΣ,PL. YDRAS,ΠΛ.ΥΔΡΑΣ,"407"
"030074: ΔΗΜΗΤΡΑΣ","030074","30074",ΔΗΜΗΤΡΑΣ,DHMHTRAS,ΔΗΜΗΤΡΑΣ,"407"
"030076: ΥΠΟΥΡΓΕΙΟ","030076","30076",ΥΠΟΥΡΓΕΙΟ,YPOYRGEIO,ΚΛΕΙΣΘΕΝΟΥΣ,"307, 319"
"030077: ΚΑΒΑΦΗ","030077","30077",ΚΑΒΑΦΗ,KABAFH,ΚΩΝ.ΚΑΒΑΦΗ,"406"
"030078: ΘΕΜΙΣΤΟΚΛΕΟΥΣ","030078","30078",ΘΕΜΙΣΤΟΚΛΕΟΥΣ,THEMISTOKLEOYS,ΘΕΜΙΣΤΟΚΛΕΟΥΣ,"407"
"030080: ΑΓ. ΙΩΑΝΝΗΣ","030080","30080",ΑΓ. ΙΩΑΝΝΗΣ,AG. IOANNHS,ΑΘ.ΔΙΑΚΟΥ,"407"
"030083: 3η ΔΕΡΒΕΝΑΚΙΩΝ","030083","30083",3η ΔΕΡΒΕΝΑΚΙΩΝ,3rd DERBENAKION,ΔΕΡΒΕΝΑΚΙΩΝ,"406"
"030084: ΧΕΙΛΩΝΟΣ","030084","30084",ΧΕΙΛΩΝΟΣ,XEILONOS,ΠΑΠΑΡΡΗΓΟΠΟΥΛΟΥ,"407"
"030085: ΨΑΡΩΝ","030085","30085",ΨΑΡΩΝ,PSARON,ΨΑΡΩΝ,"407"
"030086: ΑΓ. ΑΝΔΡΕΟΥ","030086","30086",ΑΓ. ΑΝΔΡΕΟΥ,AG. ANDREOY,ΑΓ.ΑΝΔΡΕΟΥ,"407"
"030087: ΣΟΥΛΙΟΥ","030087","30087",ΣΟΥΛΙΟΥ,SOYLIOY,ΕΛΛΗΝΟΣΕΡΒΙΚΗΣ ΦΙΛΙΑΣ,"406"
"030088: ΓΑΡΥΤΤΟΥ","030088","30088",ΓΑΡΥΤΤΟΥ,GARYTTOY,ΧΑΛΑΝΔΡΙΟΥ,"400, 421"
"030089: ΓΑΡΥΤΤΟΥ","030089","30089",ΓΑΡΥΤΤΟΥ,GARYTTOY,ΧΑΛΑΝΔΡΙΟΥ,"400, 421"
"030090: ΑΓ. ΠΑΡΑΣΚΕΥΗ","030090","30090",ΑΓ. ΠΑΡΑΣΚΕΥΗ,AG. PARASKEYH,ΧΑΛΑΝΔΡΙΟΥ,"400, 406, 421"
"030092: ΕΠΤΑΝΗΣΟΥ","030092","30092",ΕΠΤΑΝΗΣΟΥ,EPTANHSOY,ΕΠΤΑΝΗΣΟΥ,"407"
"030094: 3η ΓΑΡΓΗΤΤΟΥ","030094","30094",3η ΓΑΡΓΗΤΤΟΥ,3rd GARGHTTOY,ΚΛΕΙΣΘΕΝΟΥΣ,"302, 306, 406"
"030095: 2η ΓΑΡΓΗΤΤΟΥ","030095","30095",2η ΓΑΡΓΗΤΤΟΥ,2nd GARGHTTOY,ΚΛΕΙΣΘΕΝΟΥΣ,"302, 306, 406"
"030096: 1η ΓΑΡΓΗΤΤΟΥ","030096","30096",1η ΓΑΡΓΗΤΤΟΥ,1st GARGHTTOY,ΚΛΕΙΣΘΕΝΟΥΣ,"301Β, 302, 406"
"030100: ΕΡΤ","030100","30100",ΕΡΤ,ERT,ΜΕΣΟΓΕΙΩΝ,"304, 305, 308, 316, Α5"
"030101: 3η ΔΕΡΒΕΝΑΚΙΩΝ","030101","30101",3η ΔΕΡΒΕΝΑΚΙΩΝ,3rd DERBENAKION,ΔΕΡΒΕΝΑΚΙΩΝ,"406"
"030102: ΓΥΜΝΑΣΙΟ","030102","30102",ΓΥΜΝΑΣΙΟ,GYMNASIO,ΠΑΠΑΡΡΗΓΟΠΟΥΛΟΥ,"406"
"030107: ΣΤΑΥΡΟΣ","030107","30107",ΣΤΑΥΡΟΣ,STAYROS,ΜΕΣΟΓΕΙΩΝ,"304, 305, 308, 316, Α5"
"030108: 4η ΔΕΡΒΕΝΑΚΙΩΝ","030108","30108",4η ΔΕΡΒΕΝΑΚΙΩΝ,4th DERBENAKION,ΔΕΡΒΕΝΑΚΙΩΝ,"406"
"030109: ΑΓ. ΠΑΡΑΣΚΕΥΗ","030109","30109",ΑΓ. ΠΑΡΑΣΚΕΥΗ,AG. PARASKEYH,ΑΓ.ΙΩΑΝΝΟΥ,"406"
"030110: ΣΤ. ΔΟΥΚ. ΠΛΑΚΕΝΤΙΑΣ","030110","30110",ΣΤ. ΔΟΥΚ. ΠΛΑΚΕΝΤΙΑΣ,ST. DOYK. PLAKENTIAS,ΔΕΡΒΕΝΑΚΙΩΝ,"406"
"030111: ΗΠΕΙΡΟΥ","030111","30111",ΗΠΕΙΡΟΥ,HPEIROY,ΗΠΕΙΡΟΥ,"406, 407, Β5"
"030112: ΓΥΜΝΑΣΙΟ","030112","30112",ΓΥΜΝΑΣΙΟ,GYMNASIO,ΠΑΠΑΡΡΗΓΟΠΟΥΛΟΥ,"407"
"030114: ΠΑΠΑΡΗΓΟΠΟΥΛΟΥ","030114","30114",ΠΑΠΑΡΗΓΟΠΟΥΛΟΥ,PAPARHGOPOYLOY,ΑΛΕΞ.ΠΑΝΑΓΟΥΛΗ,"301, 301Β, 302, 306, 307, 314, 319, 400, 406, 407, 411"
"030115: ΚΑΡΑΟΛΗ ΔΗΜΗΤΡΙΟΥ","030115","30115",ΚΑΡΑΟΛΗ ΔΗΜΗΤΡΙΟΥ,KARAOLH DHMHTRIOY,ΑΛΕΞ.ΠΑΝΑΓΟΥΛΗ,"301, 301Β, 302, 307, 314, 319"
"030116: ΧΡΥΣ. ΣΜΥΡΝΗΣ","030116","30116",ΧΡΥΣ. ΣΜΥΡΝΗΣ,XRYS. SMYRNHS,ΑΛΕΞ.ΠΑΝΑΓΟΥΛΗ,"301, 301Β, 302, 307, 314, 319"
"030122: ΚΕΑΣ","030122","30122",ΚΕΑΣ,KEAS,ΑΛΕΞ.ΠΑΝΑΓΟΥΛΗ,"301, 301Β, 302, 307, 319, 406"
"030123: ΑΓ.  ΑΝΑΡΓΥΡΩΝ","030123","30123",ΑΓ.  ΑΝΑΡΓΥΡΩΝ,AG. ANARGYRON,ΑΛΕΞ.ΠΑΝΑΓΟΥΛΗ,"301, 301Β, 302, 307, 319, 406, 407"
"030124: ΑΓ.  ΔΗΜΗΤΡΙΟΣ","030124","30124",ΑΓ.  ΔΗΜΗΤΡΙΟΣ,AG. DHMHTRIOS,ΑΛΕΞ.ΠΑΝΑΓΟΥΛΗ,"301, 301Β, 302, 307, 319, 406, 407"
"030126: ΠΑΠΑΡΗΓΟΠΟΥΛΟΥ","030126","30126",ΠΑΠΑΡΗΓΟΠΟΥΛΟΥ,PAPARHGOPOYLOY,ΑΛΕΞ.ΠΑΝΑΓΟΥΛΗ,"301, 301Β, 302, 306, 307, 314, 319, 400, 406, 407, 411"
"030411: ΧΕΙΛΩΝΟΣ","030411","30411",ΧΕΙΛΩΝΟΣ,XEILONOS,ΠΑΠΑΡΡΓΟΠΟΥΛΟΥ,"406"
"030413: ΣΤ. ΝΟΜΙΣΜΑΤΟΚΟΠΕΙΟ","030413","30413",ΣΤ. ΝΟΜΙΣΜΑΤΟΚΟΠΕΙΟ,ST. NOMISMATOKOPEIO,ΜΕΣΟΓΕΙΩΝ,"304, 305, 308, 316, 400, 406, 407, Α5, Β5, Χ95"
"030415: ΜΙΛΤΙΑΔΟΥ","030415","30415",ΜΙΛΤΙΑΔΟΥ,MILTIADOY,Λ.ΜΕΣΟΓΕΙΩΝ,"304, 305, 308, 316, 400, Α5"
"030417: 10η ΑΓ. ΠΑΡΑΣΚΕΥΗΣ","030417","30417",10η ΑΓ. ΠΑΡΑΣΚΕΥΗΣ,10th AG. PARASKEYHS,ΑΓ.ΙΩΑΝΝΟΥ,"406"
"030418: 11η ΑΓ. ΠΑΡΑΣΚΕΥΗΣ","030418","30418",11η ΑΓ. ΠΑΡΑΣΚΕΥΗΣ,11th AG. PARASKEYHS,ΑΓ.ΙΩΑΝΝΟΥ,"406"
"030419: 12η ΑΓ. ΠΑΡΑΣΚΕΥΗΣ","030419","30419",12η ΑΓ. ΠΑΡΑΣΚΕΥΗΣ,12th AG. PARASKEYHS,ΑΓ.ΙΩΑΝΝΟΥ,"406"
"030420: ΚΛΕΙΣΘΕΝΟΥΣ","030420","30420",ΚΛΕΙΣΘΕΝΟΥΣ,KLEISTHENOYS,ΚΛΕΙΣΘΕΝΟΥΣ,"301Β, 302, 406"
"030421: ΠΥΘΑΓΟΡΑ","030421","11981",ΠΥΘΑΓΟΡΑ,PYTHAGORA,Κ. ΚΑΒΑΦΗ,"406"
"030: ΠΑΡΑΛΙΑ ΕΛΕΥΣΙΝΑΣ","030","11634",ΠΑΡΑΛΙΑ ΕΛΕΥΣΙΝΑΣ,PARALIA ELEYSINAS,ΚΑΝΕΛΛΟΠΟΥΛΟΥ,"876"
"032: ΜΑΡΑΣΛΕΙΟΣ 032","032","11123",ΜΑΡΑΣΛΕΙΟΣ 032,MARASLEIOS 032,ΜΑΡΑΣΛΗ,"032"
"03: ΕΛΕΥΣΙΝΑ","03","10156",ΕΛΕΥΣΙΝΑ,ELEYSINA,,"817, 845, 861, 861Β, 862, 863, 864, 871, 876, 878, 879, 881"
"040001: ΦΟΡΟΣ","040001","40001",ΦΟΡΟΣ,FOROS,ΛΕΩΦ.ΒΟΥΛΙΑΓΜΕΝΗΣ,"112, 219, 790, 816, Α3"
"040002: ΠΑΝΑΓΙΤΣΑ","040002","40002",ΠΑΝΑΓΙΤΣΑ,PANAGITSA,ΛΕΩΦ.ΒΟΥΛΙΑΓΜΕΝΗΣ,"112, 219, 790, 816, Α3"
"040003: ΔΑΡΖΕΝΤΑ - ΣΤ.ΑΓ.ΔΗΜΗΤΡΙΟΣ","040003","40003",ΔΑΡΖΕΝΤΑ - ΣΤ.ΑΓ.ΔΗΜΗΤΡΙΟΣ,DARZENTA - ST. AG. DHMHTRIOS,ΛΕΩΦ.ΒΟΥΛΙΑΓΜΕΝΗΣ,"109, 164, 201, 790, Α3, Χ97"
"040004: ΕΛΚΑ","040004","40004",ΕΛΚΑ,ELKA,ΛΕΩΦ.ΒΟΥΛΙΑΓΜΕΝΗΣ,"109, 164, 201, 790, Α3"
"040005: ΑΘΗΝΑΣ","040005","40005",ΑΘΗΝΑΣ,ATHINAS,ΛΕΩΦ.ΒΟΥΛΙΑΓΜΕΝΗΣ,"109, 164, 201, 790, Α3"
"040006: ΑΓ. ΒΑΣΙΛΕΙΟΣ","040006","40006",ΑΓ. ΒΑΣΙΛΕΙΟΣ,AG. BASILEIOS,ΛΕΩΦ.ΒΟΥΛΙΑΓΜΕΝΗΣ,"109, 164, 201, 790, Α3"
"040007: ΚΑΡΑΜΟΛΕΓΚΟΥ - ΣΤ. ΗΛΙΟΥΠΟΛΗ","040007","40007",ΚΑΡΑΜΟΛΕΓΚΟΥ - ΣΤ. ΗΛΙΟΥΠΟΛΗ,KARAMOLEGOY - ST. HLIOYPOLH,ΛΕΩΦ.ΒΟΥΛΙΑΓΜΕΝΗΣ,"109, 790, Α3"
"040008: ΔΑΡΖΕΝΤΑ","040008","40008",ΔΑΡΖΕΝΤΑ,DARZENTA,ΛΕΩΦ.ΕΘΝ.ΑΝΤΙΣΤΑΣΕΩΣ,"164, 790, Α3"
"040009: ΒΛΑΧΟΥ","040009","40009",ΒΛΑΧΟΥ,BLAXOY,ΛΕΩΦ.ΕΘΝ.ΑΝΤΙΣΤΑΣΕΩΣ,"164, 790, Α3"
"040010: ΦΟΡΟΣ","040010","40010",ΦΟΡΟΣ,FOROS,ΛΕΩΦ.ΕΘΝ.ΑΝΤΙΣΤΑΣΕΩΣ,"164, 790, Α3"
"040013: ΔΗΜΑΡΧΕΙΟ","040013","40013",ΔΗΜΑΡΧΕΙΟ,DHMARXEIO,ΛΕΩΦ.ΑΓ.ΔΗΜΗΤΡΙΟΥ,"141"
"040014: ΣΧΟΛΕΙΟ","040014","40014",ΣΧΟΛΕΙΟ,SXOLEIO,ΛΕΩΦ.ΑΓ.ΔΗΜΗΤΡΙΟΥ,"141"
"040015: ΠΛ. ΑΣΤΥΝΟΜΙΑΣ","040015","40015",ΠΛ. ΑΣΤΥΝΟΜΙΑΣ,PL. ASTYNOMIAS,ΑΝΑΠΑΥΣΕΩΣ,"141"
"040016: ΝΕΚΡΟΤΑΦΕΙΟ","040016","40016",ΝΕΚΡΟΤΑΦΕΙΟ,NEKROTAFEIO,25ης ΜΑΡΤΙΟΥ,"141, 217, 229"
"040017: ΠΗΛΕΩΣ","040017","40017",ΠΗΛΕΩΣ,PHLEOS,25ης ΜΑΡΤΙΟΥ,"141, 217, 229"
"040018: ΠΛ. ΒΕΝΙΖΕΛΟΥ","040018","40018",ΠΛ. ΒΕΝΙΖΕΛΟΥ,PL. BENIZELOY,ΛΕΩΦ.ΑΓ.ΔΗΜΗΤΡΙΟΥ,"141, 217, 219, 229, 816"
"040019: ΣΧΟΛΕΙΟ","040019","40019",ΣΧΟΛΕΙΟ,SXOLEIO,ΛΕΩΦ.ΑΓ.ΔΗΜΗΤΡΙΟΥ,"141, 217, 219, 229, 816"
"040020: ΣΑΡΩΝΙΚΟΣ","040020","40020",ΣΑΡΩΝΙΚΟΣ,SARONIKOS,ΛΕΩΦ.ΑΓ.ΔΗΜΗΤΡΙΟΥ,"141, 217, 229"
"040021: ΓΕΦΥΡΑ","040021","40021",ΓΕΦΥΡΑ,GEFYRA,ΛΕΩΦ.ΑΓ.ΔΗΜΗΤΡΙΟΥ,"141, 217, 229"
"040022: 1η ΚΑΛΑΜΑΚΙΟΥ","040022","40022",1η ΚΑΛΑΜΑΚΙΟΥ,1st KALAMAKIOY,ΛΕΩΦ.ΑΓ.ΔΗΜΗΤΡΙΟΥ,"141"
"040023: ΥΠΟΥΡΓΕΙΟ","040023","40023",ΥΠΟΥΡΓΕΙΟ,YPOYRGEIO,ΛΕΩΦ.ΑΓ.ΔΗΜΗΤΡΙΟΥ,"141"
"040024: ΓΗΠΕΔΟ","040024","40024",ΓΗΠΕΔΟ,GHPEDO,ΛΕΩΦ.ΑΓ.ΔΗΜΗΤΡΙΟΥ,"141"
"040025: ΓΗΠΕΔΟ","040025","40025",ΓΗΠΕΔΟ,GHPEDO,ΛΕΩΦ.ΑΓ.ΔΗΜΗΤΡΙΟΥ,"141"
"040026: ΥΠΟΥΡΓΕΙΟ","040026","40026",ΥΠΟΥΡΓΕΙΟ,YPOYRGEIO,ΛΕΩΦ.ΑΓ.ΔΗΜΗΤΡΙΟΥ,"141"
"040027: 1η ΚΑΛΑΜΑΚΙΟΥ","040027","40027",1η ΚΑΛΑΜΑΚΙΟΥ,1st KALAMAKIOY,ΛΕΩΦ.ΑΓ.ΔΗΜΗΤΡΙΟΥ,"141"
"040028: ΣΤΡΟΦΗ ΑΓ. ΒΑΡΒΑΡΑΣ","040028","40028",ΣΤΡΟΦΗ ΑΓ. ΒΑΡΒΑΡΑΣ,STROFH AG. BARBARAS,ΛΕΩΦ.ΑΓ.ΔΗΜΗΤΡΙΟΥ,"141, 217, 229"
"040029: ΓΕΦΥΡΑ","040029","40029",ΓΕΦΥΡΑ,GEFYRA,ΛΕΩΦ.ΑΓ.ΔΗΜΗΤΡΙΟΥ,"141, 217, 229"
"040030: ΣΑΡΩΝΙΚΟΣ","040030","40030",ΣΑΡΩΝΙΚΟΣ,SARONIKOS,ΛΕΩΦ.ΑΓ.ΔΗΜΗΤΡΙΟΥ,"141, 217, 219, 229, 816"
"040031: ΓΕΦΥΡΑΚΙ","040031","40031",ΓΕΦΥΡΑΚΙ,GEFYRAKI,ΛΕΩΦ.ΑΓ.ΔΗΜΗΤΡΙΟΥ,"141, 217, 219, 229, 816"
"040032: ΠΛ. ΕΛ. ΒΕΝΙΖΕΛΟΥ","040032","40032",ΠΛ. ΕΛ. ΒΕΝΙΖΕΛΟΥ,PL. EL. BENIZELOY,ΛΕΩΦ.ΑΓ.ΔΗΜΗΤΡΙΟΥ,"141, 217, 219, 229, 816"
"040034: ΠΡΙΑΜΟΥ","040034","40034",ΠΡΙΑΜΟΥ,PRIAMOY,ΒΑΣ.ΑΜΑΛΙΑΣ,"112"
"040035: ΑΠ.ΠΑΥΛΟΥ","040035","40035",ΑΠ.ΠΑΥΛΟΥ,APOSTOLOY PAYLOY,ΛΕΩΦ.ΑΓ.ΔΗΜΗΤΡΙΟΥ,"141, 217, 219, 229, 816"
"040036: ΑΓ.  ΔΗΜΗΤΡΙΟΣ","040036","40036",ΑΓ.  ΔΗΜΗΤΡΙΟΣ,AG. DHMHTRIOS,ΛΕΩΦ.ΑΓ.ΔΗΜΗΤΡΙΟΥ,"141, 217, 229"
"040037: ΠΛ. ΑΣΤΥΝΟΜΙΑΣ","040037","40037",ΠΛ. ΑΣΤΥΝΟΜΙΑΣ,PL. ASTYNOMIAS,ΛΕΩΦ.ΑΓ.ΔΗΜΗΤΡΙΟΥ,"141, 217, 229"
"040038: ΣΧΟΛΕΙΟ","040038","40038",ΣΧΟΛΕΙΟ,SXOLEIO,ΛΕΩΦ.ΑΓ.ΔΗΜΗΤΡΙΟΥ,"141, 217, 229"
"040039: ΑΣΤΕΡΑΣ","040039","40039",ΑΣΤΕΡΑΣ,ASTERAS,ΛΕΩΦ.ΑΓ.ΔΗΜΗΤΡΙΟΥ,"112, 141, 217, 219, 229, 816"
"040040: ΑΝΤΙΟΠΗΣ","040040","40040",ΑΝΤΙΟΠΗΣ,ANTIOPHS,ΛΕΩΦ.ΑΓ.ΔΗΜΗΤΡΙΟΥ,"112, 131, 141, 217, 219, 229, 816"
"040042: ΣΟΦΟΚΛΕΟΥΣ","040042","40042",ΣΟΦΟΚΛΕΟΥΣ,SOFOKLEOYS,ΠΡΙΑΜΟΥ,"112, 219, 816"
"040045: ΑΜΑΛΙΑΣ","040045","40045",ΑΜΑΛΙΑΣ,AMALIAS,ΚΟΛΟΚΟΤΡΩΝΗ,"112"
"040046: ΕΘΝ. ΜΑΚΑΡΙΟΥ","040046","40046",ΕΘΝ. ΜΑΚΑΡΙΟΥ,ETHN. MAKARIOY,ΚΟΛΟΚΟΤΡΩΝΗ,"112"
"040047: ΚΟΛΟΚΟΤΡΩΝΗ","040047","40047",ΚΟΛΟΚΟΤΡΩΝΗ,KOLOKOTRONH,ΑΓ.ΒΑΣΙΛΕΙΟΥ,"112"
"040048: ΔΡΑΜΑΣ","040048","40048",ΔΡΑΜΑΣ,DRAMAS,ΑΓ.ΒΑΣΙΛΕΙΟΥ,"112"
"040049: ΕΥΡΩΤΑ","040049","40049",ΕΥΡΩΤΑ,EYROTA,ΔΕΛΦΩΝ,"112"
"040050: ΑΓ.  ΑΘΑΝΑΣΙΟΥ","040050","40050",ΑΓ.  ΑΘΑΝΑΣΙΟΥ,AG. ATHANASIOY,ΑΓ.ΑΘΑΝΑΣΙΟΥ,"112"
"040051: ΣΟΥΛΙΟΥ","040051","40051",ΣΟΥΛΙΟΥ,SOYLIOY,ΣΟΥΛΙΟΥ,"112"
"040052: ΜΑΝΤΑ","040052","40052",ΜΑΝΤΑ,MANTA,ΠΛΟΥΤΑΡΧΟΥ,"112"
"040053: ΠΑΠΑΝΙΚΟΛΑΟΥ","040053","40053",ΠΑΠΑΝΙΚΟΛΑΟΥ,PAPANIKOLAOY,ΚΑΤΣΙΜΠΑ,"112"
"040055: ΠΑΠΑΔΗΜΑ","040055","40055",ΠΑΠΑΔΗΜΑ,PAPADHMA,ΑΛ.ΑΣΗΜΑΚΟΠΟΥΛΟΥ,"112"
"040056: ΠΛΟΥΤΑΡΧΟΥ","040056","40056",ΠΛΟΥΤΑΡΧΟΥ,PLOYTARXOY,ΠΛΟΥΤΑΡΧΟΥ,"112"
"040057: ΤΡΙΚΑΛΩΝ","040057","40057",ΤΡΙΚΑΛΩΝ,TRIKALON,ΣΟΥΛΙΟΥ,"112"
"040058: ΠΡΕΒΕΖΗΣ","040058","40058",ΠΡΕΒΕΖΗΣ,PREVEZHS,ΠΡΕΒΕΖΗΣ,"112"
"040059: ΡΟΥΜΕΛΗ","040059","40059",ΡΟΥΜΕΛΗ,ROYMELH,ΔΕΛΦΩΝ,"112"
"040060: ΑΜΦΙΛΟΧΙΑ","040060","40060",ΑΜΦΙΛΟΧΙΑ,AMFILOXIA,ΑΓ.ΒΑΣΙΛΕΙΟΥ,"112"
"040061: ΠΛ. ΑΓ. ΒΑΣΙΛΕΙΟΥ","040061","40061",ΠΛ. ΑΓ. ΒΑΣΙΛΕΙΟΥ,PL. AG. BASILEIOY,ΑΓ.ΒΑΣΙΛΕΙΟΥ,"112"
"040062: ΖΑΙΜΗ","040062","40062",ΖΑΙΜΗ,ZAIMH,ΑΘ.ΔΙΑΚΟΥ,"112"
"040064: 3η ΠΑΠΑΓΟΥ","040064","40064",3η ΠΑΠΑΓΟΥ,3rd PAPAGOY,ΣΤΡ\ΧΟΥ ΑΛΕΞ.ΠΑΠΑΓΟΥ,"112, 219, 816"
"040065: 2η ΠΑΠΑΓΟΥ","040065","40065",2η ΠΑΠΑΓΟΥ,2nd PAPAGOY,ΣΤΡ\ΧΟΥ ΑΛΕΞ.ΠΑΠΑΓΟΥ,"112, 219, 816"
"040067: ΝΕΚΡ. ΚΑΛΛΙΘΕΑΣ","040067","40067",ΝΕΚΡ. ΚΑΛΛΙΘΕΑΣ,NEKR. KALLITHEAS,ΑΓ.ΘΕΟΔΩΡΩΝ,"131, 219, 816"
"040068: ΣΤΡΟΦΗ ΑΣΥΡΜΑΤΟΥ","040068","40068",ΣΤΡΟΦΗ ΑΣΥΡΜΑΤΟΥ,STROFH ASYRMATOY,ΑΓ.ΘΕΟΔΩΡΩΝ,"131, 219, 816"
"040069: ΠΥΛΗ ΑΣΥΡΜΑΤΟΥ","040069","40069",ΠΥΛΗ ΑΣΥΡΜΑΤΟΥ,PYLH ASYRMATOY,ΑΜΦΙΣΣΗΣ,"131, 219, 816"
"040070: 3η ΑΣΥΡΜΑΤΟΥ","040070","40070",3η ΑΣΥΡΜΑΤΟΥ,3rd ASYRMATOY,ΑΣΥΡΜΑΤΟΥ,"219, 816"
"040071: 4η ΑΣΥΡΜΑΤΟΥ","040071","40071",4η ΑΣΥΡΜΑΤΟΥ,4th ASYRMATOY,ΑΣΥΡΜΑΤΟΥ,"219, 816"
"040075: ΑΓ.  ΔΗΜΗΤΡΙΟΣ","040075","40075",ΑΓ.  ΔΗΜΗΤΡΙΟΣ,AG. DHMHTRIOS,ΑΓΩΝ.ΠΟΛΥΤΕΧΝΕΙΟΥ 1973,"219, 816"
"040076: ΓΕΦΥΡΑΚΙ","040076","40076",ΓΕΦΥΡΑΚΙ,GEFYRAKI,ΑΓΩΝ.ΠΟΛΥΤΕΧΝΕΙΟΥ 1973,"219, 816"
"040077: 4η ΑΣΥΡΜΑΤΟΥ","040077","40077",4η ΑΣΥΡΜΑΤΟΥ,4th ASYRMATOY,ΑΣΥΡΜΑΤΟΥ,"219, 816"
"040078: 3η ΑΣΥΡΜΑΤΟΥ","040078","40078",3η ΑΣΥΡΜΑΤΟΥ,3rd ASYRMATOY,ΑΣΥΡΜΑΤΟΥ,"219, 816"
"040081: 5η ΑΓ. ΒΑΡΒΑΡΑΣ","040081","40081",5η ΑΓ. ΒΑΡΒΑΡΑΣ,5th AG. BARBARAS,ΑΓ.ΒΑΡΒΑΡΑΣ,"106, 126, 217, 229"
"040082: 6η ΑΓ. ΒΑΡΒΑΡΑΣ","040082","40082",6η ΑΓ. ΒΑΡΒΑΡΑΣ,6th AG. BARBARAS,ΑΓ.ΒΑΡΒΑΡΑΣ,"106, 126, 217, 229"
"040083: 7η ΑΓ. ΒΑΡΒΑΡΑΣ","040083","40083",7η ΑΓ. ΒΑΡΒΑΡΑΣ,7th AG. BARBARAS,ΑΓ.ΒΑΡΒΑΡΑΣ,"106, 126, 217, 229"
"040084: ΔΙΑΣΤ. ΑΓ. ΔΗΜΗΤΡΙΟΥ","040084","40084",ΔΙΑΣΤ. ΑΓ. ΔΗΜΗΤΡΙΟΥ,DIAST. AG. DHMHTRIOY,ΑΓ.ΒΑΡΒΑΡΑΣ,"217, 229"
"040085: 8η ΑΓ. ΒΑΡΒΑΡΑΣ","040085","40085",8η ΑΓ. ΒΑΡΒΑΡΑΣ,8th AG. BARBARAS,ΑΓ.ΒΑΡΒΑΡΑΣ,"106, 126, 217, 229"
"040086: 7η ΑΓ. ΒΑΡΒΑΡΑΣ","040086","40086",7η ΑΓ. ΒΑΡΒΑΡΑΣ,7th AG. BARBARAS,ΑΓ.ΒΑΡΒΑΡΑΣ,"106, 126, 217, 229"
"040087: 6η ΑΓ. ΒΑΡΒΑΡΑΣ","040087","40087",6η ΑΓ. ΒΑΡΒΑΡΑΣ,6th AG. BARBARAS,ΑΓ.ΒΑΡΒΑΡΑΣ,"106, 126, 217, 229"
"040092: 25ης ΜΑΡΤΙΟΥ","040092","40092",25ης ΜΑΡΤΙΟΥ,25th MARTIOY,25ης ΜΑΡΤΙΟΥ,"219, 816"
"040094: ΧΡ. ΣΜΥΡΝΗΣ","040094","40094",ΧΡ. ΣΜΥΡΝΗΣ,XR. SMYRNHS,ΧΡΥΣΟΣΤΟΜΟΥ ΣΜΥΡΝΗΣ,"219, 816"
"040095: 4η ΠΑΠΑΓΟΥ","040095","40095",4η ΠΑΠΑΓΟΥ,4th PAPAGOY,ΣΤΡ\ΧΟΥ ΑΛΕΞ.ΠΑΠΑΓΟΥ,"219, 816"
"040096: ΠΑΝΑΓΙΤΣΑ","040096","40096",ΠΑΝΑΓΙΤΣΑ,PANAGITSA,ΝΟΤΑΡΑ,"112, 219, 816"
"040099: ΒΕΡΓΙΝΑ","040099","40099",ΒΕΡΓΙΝΑ,BERGINA,ΑΡΤΗΣ,"219, 816"
"040100: ΣΤΡ. ΜΑΚΡΥΓΙΑΝΝΗ","040100","40100",ΣΤΡ. ΜΑΚΡΥΓΙΑΝΝΗ,STR. MAKRYGIANNH,ΘΕΟΜΗΤΟΡΟΣ,"101"
"040101: ΚΑΠΕΤΑΝΑΚΗ","040101","40101",ΚΑΠΕΤΑΝΑΚΗ,KAPETANAKH,ΘΕΟΜΗΤΟΡΟΣ,"101"
"040102: ΜΕΝΕΛΑΟΥ","040102","40102",ΜΕΝΕΛΑΟΥ,MENELAOY,ΘΕΟΜΗΤΟΡΟΣ,"101"
"040103: ΜΟΥΡΙΚΗ","040103","40103",ΜΟΥΡΙΚΗ,MOYRIKH,ΧΡΥΣΟΣΤΟΜΟΥ ΣΜΥΡΝΗΣ,"219, 816"
"040105: ΚΡΥΣΤΑΛΛΗ","040105","40105",ΚΡΥΣΤΑΛΛΗ,KRYSTALLH,ΠΡΙΑΜΟΥ,"219, 816"
"040111: ΠΑΛ.ΤΕΡΜΑ","040111","40111",ΠΑΛ.ΤΕΡΜΑ,PAL. TERMA,ΠΡΙΑΜΟΥ,"112, 219, 816"
"040112: ΑΛΚΙΝΟΟΥ","040112","40112",ΑΛΚΙΝΟΟΥ,ALKINOOY,ΛΕΩΦ.ΑΛ.ΠΑΠΑΝΑΣΤΑΣΙΟΥ,"131"
"040114: ΑΡΣΑΚΕΙΟΥ","040114","40114",ΑΡΣΑΚΕΙΟΥ,ARSAKEIOY,ΕΥΞΕΙΝΟΥ ΠΟΝΤΟΥ,"131"
"040115: ΨΥΧΟΓΙΟΥ","040115","40115",ΨΥΧΟΓΙΟΥ,PSYXOGIOY,ΑΙΝΟΥ,"131"
"040116: ΑΛΣΟΣ","040116","40116",ΑΛΣΟΣ,ALSOS,ΛΕΩΦ.ΑΛ.ΠΑΠΑΝΑΣΤΑΣΙΟΥ,"131"
"040117: ΚΟΥΝΤΟΥΡΙΩΤΟΥ","040117","40117",ΚΟΥΝΤΟΥΡΙΩΤΟΥ,KOYNTOYRIOTOY,ΚΟΥΝΤΟΥΡΙΩΤΟΥ,"219, 816"
"040118: ΜΑΚΡΥΓΙΑΝΝΗ","040118","40118",ΜΑΚΡΥΓΙΑΝΝΗ,MAKRYGIANNH,ΚΑΤΣΙΜΠΑ,"112"
"041106: ΛΥΣΑΝΔΡΟΥ","041106","41106",ΛΥΣΑΝΔΡΟΥ,LYSANDROY,ΛΕΩΦ.ΑΓ.ΔΗΜΗΤΡΙΟΥ,"141, 217, 229"
"041108: ΔΙΑΣΤΑΥΡΩΣΗ ΑΓ. ΔΗΜΗΤΡΙΟΥ","041108","41108",ΔΙΑΣΤΑΥΡΩΣΗ ΑΓ. ΔΗΜΗΤΡΙΟΥ,DIASTAYROSH AG. DHMHTRIOY,ΛΕΩΦ. ΑΓ. ΒΑΡΒΑΡΑΣ,"106, 126"
"04: ΠΛ. ΚΟΥΜΟΥΝΔΟΥΡΟΥ","04","10157",ΠΛ. ΚΟΥΜΟΥΝΔΟΥΡΟΥ,PL. KOYMOYNDOYROY,,"836, 866, 876"
"050001: ΜΥΚΟΝΙΑΤΙΚΑ","050001","50001",ΜΥΚΟΝΙΑΤΙΚΑ,MYKONIATIKA,ΛΕΩΦ.ΔΗΜΟΚΡΑΤΙΑΣ,"420, 711, 719, 735, Α10, Α11, Β10, Β11, Β12, Γ12"
"050002: 301 ΕΡΓ. ΒΑΣΕΩΣ","050002","50002",301 ΕΡΓ. ΒΑΣΕΩΣ,301 ERG. BASEOS,ΛΕΩΦ.ΔΗΜΟΚΡΑΤΙΑΣ,"420, 711, 719, 735, Α10, Α11, Β10, Β11, Β12, Γ12"
"050003: ΠΛ. ΑΓ. ΑΝΑΡΓΥΡΩΝ","050003","50003",ΠΛ. ΑΓ. ΑΝΑΡΓΥΡΩΝ,PL. AG. ANARGYRON,ΗΡ.ΠΟΛΥΤΕΧΝΕΙΟΥ,"704, 711, Β12, Γ12"
"050004: ΙΚΑ","050004","50004",ΙΚΑ,IKA,ΗΡ.ΠΟΛΥΤΕΧΝΕΙΟΥ,"704, 711, Β12, Γ12"
"050005: ΑΓ. ΦΡΑΓΚΙΣΚΟΣ","050005","50005",ΑΓ. ΦΡΑΓΚΙΣΚΟΣ,AG. FRAGISKOS,ΗΡ.ΠΟΛΥΤΕΧΝΕΙΟΥ,"704, 705, 711, 719, Β12, Γ12"
"050006: ΑΓ.  ΑΝΑΡΓΥΡΩΝ","050006","50006",ΑΓ.  ΑΝΑΡΓΥΡΩΝ,AG. ANARGYRON,ΗΡ.ΠΟΛΥΤΕΧΝΕΙΟΥ,"420, 711, 719, 728, 735, Α10, Α11, Β10, Β11, Β12, Γ12"
"050007: 301 ΕΡΓ.ΒΑΣΕΩΣ","050007","50007",301 ΕΡΓ.ΒΑΣΕΩΣ,301 ERG. VASEOS,ΛΕΩΦ.ΔΗΜΟΚΡΑΤΙΑΣ,"420, 711, 719, 728, 735, Α10, Α11, Β10, Β11, Β12, Γ12"
"050008: ΓΕΦΥΡΑ","050008","50008",ΓΕΦΥΡΑ,GEFYRA,ΚΩΝΣΤΑΝΤΙΝΟΥΠΟΛΕΩΣ,"720"
"050009: ΜΥΚΟΝΙΑΤΙΚΑ","050009","50009",ΜΥΚΟΝΙΑΤΙΚΑ,MYKONIATIKA,ΛΕΩΦ.ΔΗΜΟΚΡΑΤΙΑΣ,"420, 711, 719, 728, 735, Α10, Α11, Β10, Β11, Β12, Γ12"
"050010: ΤΡΕΙΣ ΓΕΦΥΡΕΣ","050010","50010",ΤΡΕΙΣ ΓΕΦΥΡΕΣ,TREIS GEFYRES,ΝΕΑ ΕΘΝΙΚΗ,"420, 719, Β12"
"050011: Κ.Ε.Π.","050011","50011",Κ.Ε.Π.,K.E.P.,ΝΙΚ.ΠΛΑΣΤΗΡΑ,"720"
"050012: 3η ΑΒΕΡΩΦ","050012","50012",3η ΑΒΕΡΩΦ,3rd ABEROF,ΝΙΚ.ΠΛΑΣΤΗΡΑ,"720"
"050013: ΝΑΞΟΥ","050013","50013",ΝΑΞΟΥ,NAKSOY,ΝΙΚ.ΠΛΑΣΤΗΡΑ,"720"
"050014: ΣΧΟΛΕΙΟ","050014","50014",ΣΧΟΛΕΙΟ,SXOLEIO,ΣΥΡΟΥ,"720"
"050015: ΗΠΕΙΡΟΥ","050015","50015",ΗΠΕΙΡΟΥ,HPEIROY,ΣΟΦ.ΒΕΝΙΖΕΛΟΥ,"720"
"050016: 5η","050016","50016",5η,5th,ΓΕΩΡΓ.ΠΑΠΑΝΔΡΕΟΥ,"720"
"050017: 6η","050017","50017",6η,6th,ΓΕΩΡΓ.ΠΑΠΑΝΔΡΕΟΥ,"720"
"050018: ΝΑΥΠΛΙΟΥ","050018","50018",ΝΑΥΠΛΙΟΥ,NAYPLIOY,ΝΙΚ.ΠΛΑΣΤΗΡΑ,"720"
"050019: 7η","050019","50019",7η,7th,ΓΕΩΡΓ.ΠΑΠΑΝΔΡΕΟΥ,"720"
"050020: 9η","050020","50020",9η,9th,ΓΕΩΡΓ.ΠΑΠΑΝΔΡΕΟΥ,"720"
"050023: ΑΓ.  ΑΝΑΡΓΥΡΩΝ","050023","50023",ΑΓ.  ΑΝΑΡΓΥΡΩΝ,AG. ANARGYRON,ΛΑΜΠΡΟΥ ΚΑΤΣΩΝΗ,"024"
"050026: 9η","050026","50026",9η,9th,ΣΤΟΥΡΝΑΡΗ,"720"
"050027: Π.ΤΕΡΜΑ","050027","50027",Π.ΤΕΡΜΑ,P. TERMA,ΑΓ.ΠΑΡΑΣΚΕΥΗΣ,"720"
"050028: 7η","050028","50028",7η,7th,ΑΓ.ΠΑΡΑΣΚΕΥΗΣ,"720"
"050029: 6η","050029","50029",6η,6th,ΑΓ.ΠΑΡΑΣΚΕΥΗΣ,"720"
"050030: 5η","050030","50030",5η,5th,ΑΓ.ΠΑΡΑΣΚΕΥΗΣ,"720"
"050031: 4η","050031","50031",4η,4th,ΣΟΦ.ΒΕΝΙΖΕΛΟΥ,"720"
"050032: ΣΧΟΛΕΙΟ","050032","50032",ΣΧΟΛΕΙΟ,SXOLEIO,ΣΟΦ.ΒΕΝΙΖΕΛΟΥ,"720"
"050033: ΝΑΞΟΥ","050033","50033",ΝΑΞΟΥ,NAXOY,ΣΟΦ.ΒΕΝΙΖΕΛΟΥ,"720"
"050034: ΠΑΠΑΔΟΠΟΥΛΟΣ","050034","50034",ΠΑΠΑΔΟΠΟΥΛΟΣ,PAPADOPOYLOS,ΝΙΚ.ΠΛΑΣΤΗΡΑ,"720"
"050035: Κ.Ε.Π.","050035","50035",Κ.Ε.Π.,K.E.P.,ΝΙΚ.ΠΛΑΣΤΗΡΑ,"720"
"050036: ΜΥΚΟΝΙΑΤΙΚΑ","050036","50036",ΜΥΚΟΝΙΑΤΙΚΑ,MYKONIATIKA,ΝΙΚ.ΠΛΑΣΤΗΡΑ,"720"
"050037: ΠΛ. ΑΓ. ΑΝΑΡΓΥΡΩΝ","050037","50037",ΠΛ. ΑΓ. ΑΝΑΡΓΥΡΩΝ,PL. AG. ANARGYRON,ΠΛ.ΑΓ.ΑΝΑΡΓΥΡΩΝ,"703"
"050038: ΝΤΑΛΙΑ","050038","50038",ΝΤΑΛΙΑ,NTALIA,ΑΓ.ΑΝΑΡΓΥΡΩΝ,"421, 703"
"050039: ΕΜΠΟΡΙΚΟ ΚΕΝΤΡΟ","050039","50039",ΕΜΠΟΡΙΚΟ ΚΕΝΤΡΟ,EMPORIKO KENTRO,ΛΕΩΦ.ΔΗΜΟΚΡΑΤΙΑΣ,"420, 421, 728, 735, 892, Α10, Β10"
"050041: ΓΕΦΥΡΑΚΙ","050041","50041",ΓΕΦΥΡΑΚΙ,GEFYRAKI,ΛΕΩΦ.ΔΗΜΟΚΡΑΤΙΑΣ,"420, 421, 735, 892, Α10, Β10"
"050042: ΜΗΤΕΡΑ","050042","50042",ΜΗΤΕΡΑ,MHTERA,ΛΕΩΦ.ΔΗΜΟΚΡΑΤΙΑΣ,"735, 892, Α10, Β10"
"050043: ΝΕΚΡΟΤΑΦΕΙΟ","050043","50043",ΝΕΚΡΟΤΑΦΕΙΟ,NEKROTAFEIO,ΛΕΩΦ.ΔΗΜΟΚΡΑΤΙΑΣ,"735, 892, Α10, Β10"
"050044: ΣΤ. ΠΡΟΑΣΤΙΑΚΟΥ ΠΥΡΓΟΣ ΒΑΣΙΛΙΣΣΗΣ","050044","50044",ΣΤ. ΠΡΟΑΣΤΙΑΚΟΥ ΠΥΡΓΟΣ ΒΑΣΙΛΙΣΣΗΣ,ST. PROASTIAKOY PYRGOS BASILISSHS,ΛΕΩΦ.ΔΗΜΟΚΡΑΤΙΑΣ,"735, 892, Α10, Β10"
"050045: ΜΟΥΣΙΚΟ ΣΧΟΛΕΙΟ ΙΛΙΟΥ","050045","50045",ΜΟΥΣΙΚΟ ΣΧΟΛΕΙΟ ΙΛΙΟΥ,MOYSIKO SXOLEIO ILIOY,ΛΕΩΦ.ΔΗΜΟΚΡΑΤΙΑΣ,"735, Α10, Β10"
"050046: 7η ΜΕΝΙΔΙΟΥ","050046","50046",7η ΜΕΝΙΔΙΟΥ,7th MENIDIOY,ΛΕΩΦ.ΔΗΜΟΚΡΑΤΙΑΣ,"735, Α10, Β10"
"050047: 8η ΜΕΝΙΔΙΟΥ","050047","50047",8η ΜΕΝΙΔΙΟΥ,8th MENIDIOY,ΛΕΩΦ.ΔΗΜΟΚΡΑΤΙΑΣ,"Α10, Β10"
"050048: ΑΓΙΩΝ ΑΝΑΡΓΥΡΩΝ","050048","12298",ΑΓΙΩΝ ΑΝΑΡΓΥΡΩΝ,AG. ANARGYRON,ΑΓΙΩΝ ΑΝΑΡΓΥΡΩΝ,"703"
"050054: ΓΕΦΥΡΑΚΙ","050054","50054",ΓΕΦΥΡΑΚΙ,GEFYRAKI,ΛΕΩΦ.ΔΗΜΟΚΡΑΤΙΑΣ,"420, 421, 728, 735, 892, Α10, Β10"
"050055: ΓΕΦΥΡΑ","050055","50055",ΓΕΦΥΡΑ,GEFYRA,ΑΓ.ΑΝΑΡΓΥΡΩΝ,"421, 703"
"050057: ΛΥΚΕΙΟ","050057","50057",ΛΥΚΕΙΟ,LYKEIO,ΑΓ.ΑΝΑΡΓΥΡΩΝ,"421, 703"
"050058: ΑΓ. ΠΑΝΤΕΛΕΗΜΟΝΑΣ","050058","50058",ΑΓ. ΠΑΝΤΕΛΕΗΜΟΝΑΣ,AG. PANTELEHMONAS,ΕΘΝΙΚΗ ΟΔΟΣ,"420"
"050059: ΑΓ.  ΑΝΑΡΓΥΡΩΝ","050059","50059",ΑΓ.  ΑΝΑΡΓΥΡΩΝ,AG. ANARGYRON,ΚΥΠΡΟΥ,"703, 705, 719, 892, Α11, Β11"
"050060: ΑΓ.  ΑΝΑΡΓΥΡΟΙ","050060","50060",ΑΓ.  ΑΝΑΡΓΥΡΟΙ,AG. ANARGYROI,ΚΥΠΡΟΥ,"703, 892, Α11, Β11"
"050062: ΓΕΦΥΡΑ","050062","50062",ΓΕΦΥΡΑ,GEFYRA,ΚΩΝΣΤΑΝΤΙΝΟΥΠΟΛΕΩΣ,"720"
"050063: ΓΕΦΥΡΑ ΒΟΡΤΣΗ","050063","50063",ΓΕΦΥΡΑ ΒΟΡΤΣΗ,GEFYRA BORTSH,ΚΩΝΣΤΑΝΤΙΝΟΥΠΟΛΕΩΣ,"720"
"050067: ΓΕΦΥΡΑ ΒΟΡΤΣΗ","050067","50067",ΓΕΦΥΡΑ ΒΟΡΤΣΗ,GEFYRA BORTSH,ΚΩΝΣΤΑΝΤΙΝΟΥΠΟΛΕΩΣ,"720"
"050070: ΓΕΦΥΡΑ","050070","50070",ΓΕΦΥΡΑ,GEFYRA,ΑΓ.ΑΝΑΡΓΥΡΩΝ,"421, 703"
"050073: ΜΥΚΟΝΙΑΤΙΚΑ","050073","50073",ΜΥΚΟΝΙΑΤΙΚΑ,MYKONIATIKA,ΝΙΚ.ΠΛΑΣΤΗΡΑ,"720"
"050077: ΠΑΙΔΙΚΗ ΧΑΡΑ","050077","50077",ΠΑΙΔΙΚΗ ΧΑΡΑ,PAIDIKH XARA,ΜΠΟΥΜΠΟΥΛΙΝΑΣ,"024"
"050078: ΑΓ. ΜΥΡΟΦΟΡΩΝ","050078","50078",ΑΓ. ΜΥΡΟΦΟΡΩΝ,AG. MYROFORON,ΚΟΛΟΚΟΤΡΩΝΗ,"024"
"050079: ΠΑΠΑΝΔΡΕΟΥ","050079","50079",ΠΑΠΑΝΔΡΕΟΥ,PAPANDREOY,ΛΑΜΠΡΟΥ ΚΑΤΣΩΝΗ,"024"
"050080: ΒΡΥΟΥΛΩΝ","050080","50080",ΒΡΥΟΥΛΩΝ,BRYOYLON,ΛΑΜΠΡΟΥ ΚΑΤΣΩΝΗ,"024"
"050081: ΠΙΝΔΑΡΟΥ","050081","50081",ΠΙΝΔΑΡΟΥ,PINDAROY,ΛΑΜΠΡΟΥ ΚΑΤΣΩΝΗ,"024"
"050082: ΠΡΑΚΤΟΡΕΙΑ ΤΥΠΟΥ","050082","50082",ΠΡΑΚΤΟΡΕΙΑ ΤΥΠΟΥ,PRAKTOREIA TYPOY,ΛΑΜΠΡΟΥ ΚΑΤΣΩΝΗ,"024"
"050083: ΑΓ.  ΑΝΑΡΓΥΡΩΝ","050083","50083",ΑΓ.  ΑΝΑΡΓΥΡΩΝ,AG. ANARGYRON,ΛΑΜΠΡΟΥ ΚΑΤΣΩΝΗ,"024"
"050084: ΤΕΧΝΙΚΟ ΛΥΚΕΙΟ","050084","50084",ΤΕΧΝΙΚΟ ΛΥΚΕΙΟ,TEXNIKO LYKEIO,ΛΑΜΠΡΟΥ ΚΑΤΣΩΝΗ,"024"
"050085: ΤΕΧΝΙΚΟ ΛΥΚΕΙΟ","050085","50085",ΤΕΧΝΙΚΟ ΛΥΚΕΙΟ,TEXNIKO LYKEIO,ΛΑΜΠΡΟΥ ΚΑΤΣΩΝΗ,"024"
"050087: ΔΙΑΚΟΥ","050087","50087",ΔΙΑΚΟΥ,DIAKOY,ΛΕΩΦ.ΔΗΜΟΚΡΑΤΙΑΣ,"735, 892, Α10, Β10"
"050088: 1η ΠΟΛΥΚΑΤΟΙΚΙΩΝ","050088","50088",1η ΠΟΛΥΚΑΤΟΙΚΙΩΝ,1st POLYKATOIKION,ΛΕΩΦ.ΔΗΜΟΚΡΑΤΙΑΣ,"735, 892, Α10, Β10"
"050089: ΕΜΠ.ΚΕΝΤΡΟ","050089","50089",ΕΜΠ.ΚΕΝΤΡΟ,EMP. KENTRO,ΔΗΜΟΚΡΑΤΙΑΣ,"420, 421, 892, Α10, Β10"
"050090: ΔΗΜΑΡΧΕΙΟ ΑΓ.ΑΝΑΡΓΥΡΟΥ-ΚΑΜΑΤΕΡΟΥ","050090","12226",ΔΗΜΑΡΧΕΙΟ ΑΓ.ΑΝΑΡΓΥΡΟΥ-ΚΑΜΑΤΕΡΟΥ,DHMARXEIO AG.ANARGIRON-KAMAT,ΛΕΩΦΟΡΟ ΔΗΜΟΚΡΑΤΙΑΣ,"735"
"050091: ΑΓ. ΝΙΚΟΛΑΟΣ","050091","50091",ΑΓ. ΝΙΚΟΛΑΟΣ,AG. NIKOLAOS,ΛΑΜΠΡΟΥ ΚΑΤΣΩΝΗ,"024"
"050092: ΑΓ. ΝΙΚΟΛΑΟΣ","050092","50092",ΑΓ. ΝΙΚΟΛΑΟΣ,AG. NIKOLAOS,ΛΑΜΠΡΟΥ ΚΑΤΣΩΝΗ,"024"
"050093: ΠΛ. ΑΓ. ΑΝΑΡΓΥΡΩΝ","050093","50093",ΠΛ. ΑΓ. ΑΝΑΡΓΥΡΩΝ,PL. AG. ANARGYRON,ΗΡ.ΠΟΛΥΤΕΧΝΕΙΟΥ,"704, 705, 711, 719, Β12, Γ12"
"051: ΕΘΝΙΚΟ ΘΕΑΤΡΟ","051","11668",ΕΘΝΙΚΟ ΘΕΑΤΡΟ,TERMATIKOS ST.,ΑΓ. ΚΩΝΣΤΑΝΤΙΝΟΥ,"051"
"052: ΣΤ. ΕΛΑΙΩΝΑ","052","11666",ΣΤ. ΕΛΑΙΩΝΑ,ST. ELAIONA,ΜΑΡΚΟΝΙ,"052"
"056: ΡΑΦΗΝΑ ΤΕΡΜΑ 314","056","12014",ΡΑΦΗΝΑ ΤΕΡΜΑ 314,RAFHNA TERMA 314,,"310, 314"
"057: ΠΛ.ΒΑΘΗΣ","057","12137",ΠΛ.ΒΑΘΗΣ,PL.BATHI,ΛΙΟΣΙΩΝ,"Α11, Β11"
"05: ΠΛ. ΚΥΨΕΛΗΣ","05","10158",ΠΛ. ΚΥΨΕΛΗΣ,PL. KYPSELHS,,"036"
"060002: ΠΛ. ΣΥΝΤΑΓΜΑΤΟΣ","060002","60002",ΠΛ. ΣΥΝΤΑΓΜΑΤΟΣ,PL. SYNTAGMATOS,ΛΕΩΦ.ΒΑΣ.ΑΜΑΛΙΑΣ,"230, 856, Α2, Α3"
"060006: ΔΟΜΟΚΟΥ","060006","60006",ΔΟΜΟΚΟΥ,DOMOKOY,ΔΟΜΟΚΟΥ,"1, 1*, 728, Α10, Β10"
"060008: ΖΩΟΔ.ΠΗΓΗ","060008","60008",ΖΩΟΔ.ΠΗΓΗ,ZOOD. PHGH,ΑΚΑΔΗΜΙΑΣ,"022, 224, 5*, 608, 622, 732"
"060009: ΑΓ. ΒΑΡΒΑΡΑ","060009","60009",ΑΓ. ΒΑΡΒΑΡΑ,AG. BARBARA,ΑΓ.ΛΑΥΡΑΣ,"444, 5, 5*, 500, 605, 619"
"060010: ΝΑΥΑΡΙΝΟΥ","060010","60010",ΝΑΥΑΡΙΝΟΥ,NAYARINOY,ΧΑΡ.ΤΡΙΚΟΥΠΗ,"021, 230, 813, Α7"
"060011: ΑΡΑΧΩΒΗΣ","060011","60011",ΑΡΑΧΩΒΗΣ,ARAXOBHS,ΧΑΡ.ΤΡΙΚΟΥΠΗ,"021, 230, 813, Α7"
"060012: ΚΑΛΛΙΔΡΟΜΙΟΥ","060012","60012",ΚΑΛΛΙΔΡΟΜΙΟΥ,KALLIDROMIOY,ΧΑΡ.ΤΡΙΚΟΥΠΗ,"021, 230, 813, Α7"
"060013: ΤΣΙΜΙΣΚΗ","060013","60013",ΤΣΙΜΙΣΚΗ,TSIMISKH,ΧΑΡ.ΤΡΙΚΟΥΠΗ,"021, 230, 813, Α7"
"060014: ΛΑΣΚΑΡΕΩΣ","060014","60014",ΛΑΣΚΑΡΕΩΣ,LASKAREOS,ΧΑΡ.ΤΡΙΚΟΥΠΗ,"021, 230, 813, Α7"
"060015: ΝΟΜΙΣΜΑΤΙΚΟ ΜΟΥΣΕΙΟ","060015","60015",ΝΟΜΙΣΜΑΤΙΚΟ ΜΟΥΣΕΙΟ,NOMISMATIKO MOYSEIO,ΠΑΝΕΠΙΣΤΗΜΙΟΥ,"060, 1, 1*, 112, 115, 12, 12*, 164, 203, 204, 204Β, 206, 211, 214, 227, 235, 237, 400, 409, 416, 856, Α2, Α3, Α5"
"060017: ΑΓ. ΕΛΕΥΘΕΡΙΟΣ","060017","60017",ΑΓ. ΕΛΕΥΘΕΡΙΟΣ,AG. ELEYTHERIOS,ΜΟΜΦΕΡΑΤΟΥ,"021, 046"
"060018: ΜΟΜΦΕΡΑΤΟΥ","060018","60018",ΜΟΜΦΕΡΑΤΟΥ,MOMFERATOY,ΜΟΜΦΕΡΑΤΟΥ,"021, 046"
"060019: ΣΚΑΛΑΚΙΑ","060019","60019",ΣΚΑΛΑΚΙΑ,SKALAKIA,ΓΚΥΖΗ,"021"
"060020: ΠΛ. ΓΚΥΖΗ","060020","60020",ΠΛ. ΓΚΥΖΗ,PL. GYZH,ΠΛ.ΓΚΥΖΗ,"021"
"060021: ΣΚΑΛΑΚΙΑ","060021","60021",ΣΚΑΛΑΚΙΑ,SKALAKIA,ΓΚΥΖΗ,"021"
"060022: ΜΟΜΦΕΡΑΤΟΥ","060022","60022",ΜΟΜΦΕΡΑΤΟΥ,MOMFERATOY,ΓΚΥΖΗ,"021"
"060023: ΠΑΡΑΣΧΟΥ","060023","60023",ΠΑΡΑΣΧΟΥ,PARASXOY,ΓΚΥΖΗ,"021"
"060024: ΙΠΠΟΚΡΑΤΟΥΣ (ΑΦΕΤΗΡΙΑ)","060024","60024",ΙΠΠΟΚΡΑΤΟΥΣ (ΑΦΕΤΗΡΙΑ),IPPOKRATOYS (AFETHRIA),ΙΠΠΟΚΡΑΤΟΥΣ,"021, 230, 813"
"060027: ΣΤ. ΛΑΡΙΣΗΣ","060027","60027",ΣΤ. ΛΑΡΙΣΗΣ,ST. LARISHS,ΔΗΛΗΓΙΑΝΝΗ,"1, 1*, 790"
"060028: ΑΓ. ΠΑΥΛΟΣ","060028","60028",ΑΓ. ΠΑΥΛΟΣ,AG. PAYLOS,ΔΗΛΗΓΙΑΝΝΗ,"1, 1*, 790, Α15, Β15"
"060030: ΖΩΟΔΟΧΟΣ ΠΗΓΗ","060030","60030",ΖΩΟΔΟΧΟΣ ΠΗΓΗ,ZOODOXOS PHGH,ΣΟΛΩΝΟΣ,"021, 224"
"060031: ΜΠΟΤΑΣΗ","060031","60031",ΜΠΟΤΑΣΗ,MPOTASH,ΣΟΛΩΝΟΣ,"021, 224"
"060033: ΠΟΛΥΤΕΧΝΕΙΟ","060033","60033",ΠΟΛΥΤΕΧΝΕΙΟ,POLYTEXNEIO,ΜΠΟΥΜΠΟΥΛΙΝΑΣ,"224"
"060034: ΑΓ. ΒΑΣΙΛΕΙΟΣ","060034","60034",ΑΓ. ΒΑΣΙΛΕΙΟΣ,AG. BASILEIOS,ΜΠΟΥΜΠΟΥΛΙΝΑΣ,"035, 046, 18, 19, 19Β, 224"
"060035: ΠΑΡΚΟ","060035","60035",ΠΑΡΚΟ,PARKO,ΛΕΩΦ.ΑΛΕΞΑΝΔΡΑΣ,"14 , 15*, 18, 19, 19Β, Β5"
"060036: ΒΡΑΙΛΑ","060036","60036",ΒΡΑΙΛΑ,BRAILA,ΛΕΩΦ.ΑΛΕΞΑΝΔΡΑΣ,"14 , 18, 19, 19Β, Β5"
"060037: ΜΟΥΣΤΟΞΥΔΗ","060037","60037",ΜΟΥΣΤΟΞΥΔΗ,MOYSTOXYDH,ΜΟΥΣΤΟΞΥΔΗ,15*
"060038: 1η ΒΑΛΤΙΝΩΝ","060038","60038",1η ΒΑΛΤΙΝΩΝ,1st BALTINON,ΒΑΛΤΙΝΩΝ,"046"
"060039: 2η ΒΑΛΤΙΝΩΝ","060039","60039",2η ΒΑΛΤΙΝΩΝ,2nd BALTINON,ΒΑΛΤΙΝΩΝ,"046"
"060040: ΓΕΝΝΑΔΙΟΥ","060040","60040",ΓΕΝΝΑΔΙΟΥ,GENNADIOY,ΓΕΝΝΑΔΙΟΥ,"046"
"060041: ΜΠΟΥΚΟΥΒΑΛΑ","060041","60041",ΜΠΟΥΚΟΥΒΑΛΑ,MPOYKOYBALA,ΜΟΜΦΕΡΑΤΟΥ,"046"
"060042: ΑΒΕΡΩΦ - ΙΚΑ","060042","60042",ΑΒΕΡΩΦ - ΙΚΑ,AVEROF - IKA,ΜΟΜΦΕΡΑΤΟΥ,"046"
"060043: ΚΕΔΡΗΝΟΥ","060043","60043",ΚΕΔΡΗΝΟΥ,KEDRHNOY,ΚΕΔΡΗΝΟΥ,"046"
"060044: ΠΑΠΑΣΤΡΑΤΟΥ","060044","60044",ΠΑΠΑΣΤΡΑΤΟΥ,PAPASTRATOY,ΚΕΔΡΗΝΟΥ,"046"
"060045: ΑΓ. ΔΗΜΗΤΡΙΟΣ","060045","60045",ΑΓ. ΔΗΜΗΤΡΙΟΣ,AG. DHMHTRIOS,ΠΑΝΟΡΜΟΥ,"046"
"060046: ΠΑΛΑΙΟ ΤΕΡΜΑ","060046","60046",ΠΑΛΑΙΟ ΤΕΡΜΑ,PALAIO TERMA,ΠΑΝΟΡΜΟΥ,"046, 653"
"060047: ΛΥΚΟΥΔΗ","060047","60047",ΛΥΚΟΥΔΗ,LYKOYDH,ΑΓ.ΛΑΥΡΑΣ,"444"
"060048: ΖΑΠΠΕΙΟ","060048","60048",ΖΑΠΠΕΙΟ,ZAPPEIO,ΛΕΩΦ.ΑΜΑΛΙΑΣ,"1, 1*, 15, 15*, 209, 5, 5*"
"060049: ΠΑΛΑΙΟ ΤΕΡΜΑ","060049","60049",ΠΑΛΑΙΟ ΤΕΡΜΑ,PALAIO TERMA,ΠΑΝΟΡΜΟΥ,"046, 610"
"060050: ΑΓ. ΔΗΜΗΤΡΙΟΣ","060050","60050",ΑΓ. ΔΗΜΗΤΡΙΟΣ,AG. DHMHTRIOS,ΠΑΝΟΡΜΟΥ,"046, 610"
"060051: ΠΑΠΑΣΤΡΑΤΟΥ","060051","60051",ΠΑΠΑΣΤΡΑΤΟΥ,PAPASTRATOY,ΚΕΔΡΗΝΟΥ,"046, 813"
"060054: 1η ΡΑΓΚΑΒΗ - ΙΚΑ","060054","60054",1η ΡΑΓΚΑΒΗ - ΙΚΑ,1st RAGABH - IKA,ΡΑΓΚΑΒΗ,"046"
"060055: ΑΓ. ΕΛΕΥΘΕΡΙΟΣ","060055","60055",ΑΓ. ΕΛΕΥΘΕΡΙΟΣ,AG. ELEYTHERIOS,ΡΑΓΚΑΒΗ,"046"
"060056: ΒΑΛΤΙΝΩΝ","060056","60056",ΒΑΛΤΙΝΩΝ,BALTINON,ΒΑΛΤΙΝΩΝ,"046"
"060057: ΒΡΑΙΛΑ","060057","60057",ΒΡΑΙΛΑ,BRAILA,ΒΡΑΙΛΑ,"035, 046, 15, 15*"
"060058: ΠΑΡΚΟ","060058","60058",ΠΑΡΚΟ,PARKO,ΛΕΩΦ.ΑΛΕΞΑΝΔΡΑΣ,"035, 046, 14 , 15, 15*, 18, 19, 19Β, Α7, Β5"
"060059: ΜΕΤΣΟΒΟΥ","060059","60059",ΜΕΤΣΟΒΟΥ,METSOΒOΥ,ΣΠΥΡ.ΤΡΙΚΟΥΠΗ,"035, 046"
"060060: ΠΛ. ΕΞΑΡΧΕΙΩΝ","060060","60060",ΠΛ. ΕΞΑΡΧΕΙΩΝ,PL. EXARXEION,ΣΠΥΡ.ΤΡΙΚΟΥΠΗ,"035, 046"
"060061: ΛΙΟΣΙΩΝ","060061","60061",ΛΙΟΣΙΩΝ,LIOSION,ΝΕΟΦ.ΜΕΤΑΞΑ,"Α10, Β10, Β5"
"060062: ΜΗΤΣΑΚΗ","060062","60062",ΜΗΤΣΑΚΗ,MHTSAKH,ΑΓ.ΛΑΥΡΑΣ,"444"
"060063: ΜΙΧ. ΒΟΔΑ","060063","60063",ΜΙΧ. ΒΟΔΑ,MIX. BODA,ΗΠΕΙΡΟΥ,Β5
"060064: ΗΠΕΙΡΟΥ","060064","60064",ΗΠΕΙΡΟΥ,HPEIROY,ΗΠΕΙΡΟΥ,"6, Β5"
"060065: ΠΑΤΗΣΙΩΝ","060065","60065",ΠΑΤΗΣΙΩΝ,PATHSION,ΗΠΕΙΡΟΥ,"022, 035, 6, Β5"
"060066: ΑΙΓΥΠΤΟΥ","060066","60066",ΑΙΓΥΠΤΟΥ,AIGYPTOY,ΜΑΥΡΟΜΜΑΤΑΙΩΝ,"022, 15, 15*, 2, 4, 5*"
"060067: ΠΕΔΙΟΝ ΑΡΕΩΣ","060067","60067",ΠΕΔΙΟΝ ΑΡΕΩΣ,PEDION AREOS,ΛΕΩΦ.ΑΛΕΞΑΝΔΡΑΣ,"14 , 15*, Β5"
"060068: ΣΟΝΙΑ","060068","60068",ΣΟΝΙΑ,SONIA,ΛΕΩΦ.ΑΛΕΞΑΝΔΡΑΣ,"14 , 18, 19, 19Β, Β5"
"060069: ΠΑΝΑΘΗΝΑΙΑ","060069","60069",ΠΑΝΑΘΗΝΑΙΑ,PANATHINEA,ΛΕΩΦ.ΑΛΕΞΑΝΔΡΑΣ,"14 , 18, 19, 19Β, Β5"
"060070: ΠΑΝΑΘΗΝΑΙΑ","060070","60070",ΠΑΝΑΘΗΝΑΙΑ,PANATHINEA,ΛΕΩΦ.ΑΛΕΞΑΝΔΡΑΣ,"230, 813, Α7"
"060071: ΙΠΠΟΚΡΑΤΟΥΣ","060071","60071",ΙΠΠΟΚΡΑΤΟΥΣ,IPPOKRATOYS,ΛΕΩΦ.ΑΛΕΞΑΝΔΡΑΣ,"14 , 18, 19, 19Β, 230, 813, Α7, Β5"
"060072: ΙΚΑ","060072","60072",ΙΚΑ,IKA,ΛΕΩΦ.ΑΛΕΞΑΝΔΡΑΣ,"14 , 18, 19, 19Β, 230, 813, Α7, Β5"
"060073: ΣΤ. ΑΜΠΕΛΟΚΗΠΟΙ","060073","60073",ΣΤ. ΑΜΠΕΛΟΚΗΠΟΙ,ST. AMPELOKHPOI,ΛΕΩΦ.ΑΛΕΞΑΝΔΡΑΣ,"14 , 18, 19, 19Β, 230, Α7, Β5"
"060074: ΥΓΕΙΟΝΟΜΙΚΟ","060074","60074",ΥΓΕΙΟΝΟΜΙΚΟ,YGEIONOMIKO,ΛΕΩΦ.ΑΛΕΞΑΝΔΡΑΣ,"610"
"060075: ΑΚΑΔΗΜΙΑΣ","060075","60075",ΑΚΑΔΗΜΙΑΣ,AKADHMIAS,ΑΚΑΔΗΜΙΑΣ,"031, 203, 204, 204Β, 211, 214, 220, 221, 224, 235, 608, 622, 732, 815"
"060080: ΑΦΕΤΗΡΙΑ","060080","60080",ΑΦΕΤΗΡΙΑ,AFETHRIA,ΠΑΝΕΠΙΣΤΗΜΙΟΥ,"400"
"060083: ΚΑΝΑΡΗ","060083","60083",ΚΑΝΑΡΗ,KANARH,ΚΑΝΑΡΗ,"060"
"060084: ΚΟΛΩΝΑΚΙ","060084","60084",ΚΟΛΩΝΑΚΙ,KOLONAKI,ΠΛ.ΦΙΛΙΚΗΣ ΕΤΑΙΡΙΑΣ,"060"
"060085: ΛΟΥΚΙΑΝΟΥ","060085","60085",ΛΟΥΚΙΑΝΟΥ,LOYKIANOY,ΠΑΤΡ.ΙΩΑΚΕΙΜ,"060"
"060086: ΕΥΑΓΓΕΛΙΣΜΟΣ","060086","60086",ΕΥΑΓΓΕΛΙΣΜΟΣ,EYAGGELISMOS,ΙΩΑΝΝΟΥ ΓΕΝΝΑΔΙΟΥ,"060"
"060087: ΠΑΛΑΙΟ ΤΕΡΜΑ","060087","60087",ΠΑΛΑΙΟ ΤΕΡΜΑ,PALAIO TERMA,ΔΕΙΝΟΚΡΑΤΟΥΣ,"060"
"060088: ΝΑΥΤΙΚΟ","060088","60088",ΝΑΥΤΙΚΟ,NAYTIKO,ΔΕΙΝΟΚΡΑΤΟΥΣ,"060"
"060089: ΔΟΡΥΛΑΙΟΥ","060089","60089",ΔΟΡΥΛΑΙΟΥ,DORYLAIOY,ΤΙΜ.ΦΙΛΗΜΟΝΟΣ,"060"
"060090: 1η ΛΥΚΑΒΗΤΤΟΥ","060090","60090",1η ΛΥΚΑΒΗΤΤΟΥ,1st LYKABHTTOY,ΣΚΟΠΕΤΕΑ,"060"
"060091: 2η ΛΥΚΑΒΗΤΤΟΥ","060091","60091",2η ΛΥΚΑΒΗΤΤΟΥ,2nd LYKABHTTOY,ΑΘΗΝΑΙΩΝ ΕΦΗΒΩΝ,"060"
"060092: 3η ΛΥΚΑΒΗΤΤΟΥ","060092","60092",3η ΛΥΚΑΒΗΤΤΟΥ,3rd LYKABHTTOY,ΚΛΕΟΜΕΝΟΥΣ,"060"
"060093: 4η ΛΥΚΑΒΗΤΤΟΥ","060093","60093",4η ΛΥΚΑΒΗΤΤΟΥ,4th LYKABHTTOY,ΚΛΕΟΜΕΝΟΥΣ,"060"
"060094: 5η ΛΥΚΑΒΗΤΤΟΥ","060094","60094",5η ΛΥΚΑΒΗΤΤΟΥ,5th LYKABHTTOY,ΡΟΓΚΑΚΟΥ,"060"
"060096: 7η ΛΥΚΑΒΗΤΤΟΥ","060096","60096",7η ΛΥΚΑΒΗΤΤΟΥ,7th LYKABHTTOY,ΣΑΡΑΝΤΑΠΗΧΟΥ,"060"
"060097: 8η ΛΥΚΑΒΗΤΤΟΥ","060097","60097",8η ΛΥΚΑΒΗΤΤΟΥ,8th LYKABHTTOY,ΣΑΡΑΝΤΑΠΗΧΟΥ,"060"
"060098: 9η ΛΥΚΑΒΗΤΤΟΥ","060098","60098",9η ΛΥΚΑΒΗΤΤΟΥ,9th LYKABHTTOY,ΣΑΡΑΝΤΑΠΗΧΟΥ,"060"
"060099: 10η ΛΥΚΑΒΗΤΤΟΥ","060099","60099",10η ΛΥΚΑΒΗΤΤΟΥ,10th LYKABHTTOY,ΣΑΡΑΝΤΑΠΗΧΟΥ,"060"
"060100: 11η ΛΥΚΑΒΗΤΤΟΥ","060100","60100",11η ΛΥΚΑΒΗΤΤΟΥ,11th LYKABHTTOY,ΑΡΜΑΤΩΛΩΝ ΚΑΙ ΚΛΕΦΤΩΝ,"060"
"060103: ΔΟΡΥΛΑΙΟΥ","060103","60103",ΔΟΡΥΛΑΙΟΥ,DORYLAIOY,ΓΕΛΩΝΟΣ,"060"
"060104: ΝΑΥΤΙΚΟ","060104","60104",ΝΑΥΤΙΚΟ,NAYTIKO,ΔΕΙΝΟΚΡΑΤΟΥΣ,"060"
"060105: ΠΑΛ.ΤΕΡΜΑ","060105","60105",ΠΑΛ.ΤΕΡΜΑ,PAL. TERMA,ΔΕΙΝΟΚΡΑΤΟΥΣ,"060"
"060106: ΕΥΑΓΓΕΛΙΣΜΟΣ","060106","60106",ΕΥΑΓΓΕΛΙΣΜΟΣ,EYAGGELISMOS,ΣΟΥΗΔΙΑΣ,"060"
"060107: ΜΑΡΑΣΛΕΙΟΣ","060107","60107",ΜΑΡΑΣΛΕΙΟΣ,MARASLEIOS,ΣΟΥΗΔΙΑΣ,"032, 060"
"060108: ΠΛΟΥΤΑΡΧΟΥ","060108","60108",ΠΛΟΥΤΑΡΧΟΥ,PLOYTARXOY,ΠΑΤΡ.ΙΩΑΚΕΙΜ,"060"
"060109: ΛΟΥΚΙΑΝΟΥ","060109","60109",ΛΟΥΚΙΑΝΟΥ,LOYKIANOY,ΠΑΤΡ.ΙΩΑΚΕΙΜ,"060"
"060110: ΠΛ. ΚΟΛΩΝΑΚΙΟΥ","060110","60110",ΠΛ. ΚΟΛΩΝΑΚΙΟΥ,PL. KOLONAKIOY,ΠΛ.ΦΙΛΙΚΗΣ ΕΤΑΙΡΙΑΣ,"060"
"060112: ΜΟΥΣΕΙΟ","060112","60112",ΜΟΥΣΕΙΟ,MOYSEIO,ΠΑΤΗΣΙΩΝ,"608, 622, Α8"
"060115: ΒΙΒΛΙΟΘΗΚΗ","060115","60115",ΒΙΒΛΙΟΘΗΚΗ,BIBLIOTHIKH,ΠΑΝΕΠΙΣΤΗΜΙΟΥ,"1*, 12*"
"060116: ΡΕΞ","060116","60116",ΡΕΞ,REX,ΠΑΝΕΠΙΣΤΗΜΙΟΥ,"022, 057, 1*, 12*, 15, 15*, 2, 4, 400, 5*, 608, 622, 732, 790, 813, 815, 856"
"060117: ΟΜΟΝΟΙΑ","060117","60117",ΟΜΟΝΟΙΑ,OMONOIA,ΠΑΝΕΠΙΣΤΗΜΙΟΥ,"11, 3, 3*, 5, 5*"
"060118: ΠΛ. ΛΑΥΡΙΟΥ","060118","60118",ΠΛ. ΛΑΥΡΙΟΥ,PL. LAYRIOY,3ης ΣΕΠΤΕΜΒΡΙΟΥ,"022, 035, 054, 3*, 500, 608, 622, 732"
"060124: ΗΠΕΙΡΟΥ","060124","60124",ΗΠΕΙΡΟΥ,HPEIROY,ΛΙΟΣΙΩΝ,"732, Α10, Α11, Β10, Β11, Β12, Γ12"
"060125: ΠΑΙΩΝΙΟΥ","060125","60125",ΠΑΙΩΝΙΟΥ,PAIONIOY,ΛΙΟΣΙΩΝ,"732, Α10, Α11, Β10, Β11, Β12, Γ12"
"060126: ΠΛ. ΑΤΤΙΚΗΣ","060126","60126",ΠΛ. ΑΤΤΙΚΗΣ,PL. ATTIKHS,ΛΙΟΣΙΩΝ,"711, 719, 720, Α10, Α11, Β10, Β11, Β12, Γ12"
"060127: ΣΤ. ΑΤΤΙΚΗ","060127","60127",ΣΤ. ΑΤΤΙΚΗ,ST.  ATTIKH,ΛΙΟΣΙΩΝ,"711, 719, 720, Α10, Α11, Β10, Β11, Β12, Γ12"
"060128: ΑΓ. ΜΕΛΕΤΙΟΥ","060128","60128",ΑΓ. ΜΕΛΕΤΙΟΥ,AG. MELETIOY,ΛΙΟΣΙΩΝ,"711, 719, 720, Α10, Α11, Β10, Β11, Β12, Γ12"
"060129: ΘΥΜΑΡΑΚΙΑ","060129","60129",ΘΥΜΑΡΑΚΙΑ,THIMARAKIA,ΛΙΟΣΙΩΝ,"711, 719, 720, Α10, Α11, Β10, Β11, Β12, Γ12"
"060130: ΙΚΑ","060130","60130",ΙΚΑ,IKA,ΛΙΟΣΙΩΝ,"711, 719, 720, Α10, Α11, Β10, Β11, Β12, Γ12"
"060131: ΣΤ. ΥΠΕΡ/ΚΩΝ ΛΙΟΣΙΩΝ","060131","60131",ΣΤ. ΥΠΕΡ/ΚΩΝ ΛΙΟΣΙΩΝ,ST. YPERASTIKON LIOSION,ΛΙΟΣΙΩΝ,"420, 711, 719, 720, Α10, Α11, Β10, Β11, Β12, Γ12, Χ93"
"060132: ΒΡΕΤΤΟΥ","060132","60132",ΒΡΕΤΤΟΥ,BRETTOY,ΛΙΟΣΙΩΝ,"420, 711, 719, 720, Α10, Α11, Β10, Β11, Β12, Γ12"
"060133: ΤΡΕΙΣ ΓΕΦΥΡΕΣ","060133","60133",ΤΡΕΙΣ ΓΕΦΥΡΕΣ,TREIS GEFYRES,ΛΙΟΣΙΩΝ,"420, 711, 719, 720, 735, Α10, Α11, Β10, Β11, Β12, Γ12"
"060134: ΠΛ. ΟΜΟΝΟΙΑΣ","060134","60134",ΠΛ. ΟΜΟΝΟΙΑΣ,PL. OMONOIAS,ΑΘΗΝΑΣ,"035, 227, 400, 500"
"060135: ΓΕΦΥΡΕΣ","060135","60135",ΓΕΦΥΡΕΣ,GEFYRES,ΝΙΡΒΑΝΑ,"024, 735, 755, 755Β"
"060137: ΖΑΧΑΡΟΠΛΑΣΤΕΙΟ","060137","60137",ΖΑΧΑΡΟΠΛΑΣΤΕΙΟ,ZAXAROPLASTEIO,ΚΟΥΡΤΙΔΟΥ,"024"
"060138: ΒΡΕΤΤΟΥ","060138","60138",ΒΡΕΤΤΟΥ,BRETTOY,ΑΥΛΩΝΟΣ ΕΜΠ.ΚΕΝΤΡΟΥ ΝΕΟΤ.,"719, Β12"
"060139: ΖΑΧΑΡΟΠΛΑΣΤΕΙΟ","060139","60139",ΖΑΧΑΡΟΠΛΑΣΤΕΙΟ,ZAXAROPLASTEIO,ΚΟΥΡΤΙΔΟΥ,"024"
"060140: ΜΟΥΣΕΙΟ ΟΣΕ","060140","60140",ΜΟΥΣΕΙΟ ΟΣΕ,MOYSEIO OSE,ΣΙΩΚΟΥ,"420, 719, Β12"
"060144: ΙΚΑ","060144","60144",ΙΚΑ,IKA,ΛΙΟΣΙΩΝ,"711, 719, 720, 728, Α10, Α11, Β10, Β11, Β12, Γ12"
"060145: ΘΥΜΑΡΑΚΙΑ","060145","60145",ΘΥΜΑΡΑΚΙΑ,THIMARAKIA,ΛΙΟΣΙΩΝ,"711, 719, 720, 728, Α10, Α11, Β10, Β11, Β12, Γ12"
"060146: ΣΤ. ΑΤΤΙΚΗ","060146","60146",ΣΤ. ΑΤΤΙΚΗ,ST.  ATTIKH,ΛΙΟΣΙΩΝ,"711, 719, 720, 728, 891, Α10, Α11, Β10, Β11, Β12, Γ12"
"060147: ΠΛ. ΑΤΤΙΚΗΣ","060147","60147",ΠΛ. ΑΤΤΙΚΗΣ,PL. ATTIKHS,ΛΙΟΣΙΩΝ,"711, 719, 720, 728, 891, Α10, Α11, Β10, Β11, Β12, Γ12"
"060150: ΠΛ. ΒΑΘΗ","060150","60150",ΠΛ. ΒΑΘΗ,PL. BATHI,ΛΙΟΣΙΩΝ,"732, Α11, Β11, Γ12"
"060153: ΣΟΥΡΜΕΛΗ","060153","60153",ΣΟΥΡΜΕΛΗ,SOYRMELH,ΣΟΥΡΜΕΛΗ,"732, Α11, Β11, Β12, Γ12"
"060154: ΑΓ. ΒΑΡΒΑΡΑ","060154","60154",ΑΓ. ΒΑΡΒΑΡΑ,AG. BARBARA,ΑΓ.ΛΑΥΡΑΣ,"5, 5*, 500, Α8"
"060156: ΞΑΝΘΙΠΠΗΣ","060156","60156",ΞΑΝΘΙΠΠΗΣ,XANTHIPPHS,ΣΕΠΟΛΙΩΝ,"732, 790, 891"
"060157: ΣΙΔΕΡΑ","060157","60157",ΣΙΔΕΡΑ,SIDERA,ΣΕΠΟΛΙΩΝ,"732, 790, 891"
"060158: ΑΓ. ΜΕΛΕΤΙΟΥ","060158","60158",ΑΓ. ΜΕΛΕΤΙΟΥ,AG. MELETIOY,ΣΕΠΟΛΙΩΝ,"732, 790, 891"
"060159: ΧΡΗΣΤΟΜΑΝΟΥ","060159","60159",ΧΡΗΣΤΟΜΑΝΟΥ,XRHSTOMANOY,ΑΥΛΩΝΟΣ,"732, 790, 891"
"060160: ΠΑΙΔΙΚΗ ΧΑΡΑ","060160","60160",ΠΑΙΔΙΚΗ ΧΑΡΑ,PAIDIKH XARA,ΔΥΡΡΑΧΙΟΥ,"732, 790, 891"
"060161: ΡΟΣΙΝΙΟΛ","060161","60161",ΡΟΣΙΝΙΟΛ,ROSINIOL,ΔΥΡΡΑΧΙΟΥ,"732, 790, 891"
"060163: ΠΑΙΔΙΚΗ ΧΑΡΑ","060163","60163",ΠΑΙΔΙΚΗ ΧΑΡΑ,PAIDIKH XARA,ΔΥΡΡΑΧΙΟΥ,"732, 790, 891"
"060164: ΧΡΗΣΤΟΜΑΝΟΥ","060164","60164",ΧΡΗΣΤΟΜΑΝΟΥ,XRHSTOMANOY,ΔΥΡΡΑΧΙΟΥ,"732, 790, 891"
"060168: ΙΟΥΛΙΑΝΟΥ","060168","60168",ΙΟΥΛΙΑΝΟΥ,IOYLIANOY,ΛΙΟΣΙΩΝ,"732, Α11, Β11, Γ12"
"060175: ΣΤ. ΜΕΤΑΞΟΥΡΓΕΙΟ","060175","60175",ΣΤ. ΜΕΤΑΞΟΥΡΓΕΙΟ,ST. METAXOYRGEIO,ΔΗΛΗΓΙΑΝΝΗ,"051, 057, 1, 1*, 790, Α15, Β15"
"060176: ΙΚΑ ΠΑΤΗΣΙΩΝ","060176","60176",ΙΚΑ ΠΑΤΗΣΙΩΝ,IKA PATHSION,ΔΡΟΣΟΠΟΥΛΟΥ,"054, 608, 622"
"060177: ΤΕΛΩΝΕΙΟ ΑΘΗΝΩΝ","060177","60177",ΤΕΛΩΝΕΙΟ ΑΘΗΝΩΝ,TELONEIO ATHINON,ΣΙΔΗΡΟΔΡΟΜΩΝ,"057"
"060178: ΣΙΔΕΡΑ","060178","60178",ΣΙΔΕΡΑ,SIDERA,ΚΩΝΣΤΑΝΤΙΝΟΥΠΟΛΕΩΣ,"057"
"060179: ΠΛ. ΚΟΛΩΝΟΥ","060179","60179",ΠΛ. ΚΟΛΩΝΟΥ,PL. KOLONOY,ΑΝΔΡΙΑΝΟΥΠΟΛΕΩΣ,"057"
"060180: ΚΑΛΛΙΠΟΛΕΩΣ","060180","60180",ΚΑΛΛΙΠΟΛΕΩΣ,KALLIPOLEOS,ΙΩΑΝΝΙΝΩΝ,"057"
"060181: ΞΑΝΘΙΠΠΗΣ","060181","60181",ΞΑΝΘΙΠΠΗΣ,XANTHIPPHS,ΙΩΑΝΝΙΝΩΝ,"057"
"060182: ΠΑΙΔΙΚΗ ΧΑΡΑ","060182","60182",ΠΑΙΔΙΚΗ ΧΑΡΑ,PAIDIKH XARA,ΙΩΑΝΝΙΝΩΝ,"057"
"060184: ΣΧΟΛΕΙΟ","060184","60184",ΣΧΟΛΕΙΟ,SXOLEIO,ΧΑΤΖΗΑΠΟΣΤΟΛΟΥ,"057"
"060186: ΠΝΕΥΜΑΤΙΚΟ ΚΕΝΤΡΟ","060186","60186",ΠΝΕΥΜΑΤΙΚΟ ΚΕΝΤΡΟ,PNEYMATIKO KENTRO,ΚΡΕΟΝΤΟΣ,"057"
"060187: ΜΕΤΡΟ","060187","60187",ΜΕΤΡΟ,METRO,ΙΩΑΝΝΙΝΩΝ,"057"
"060188: ΠΑΙΔΙΚΗ ΧΑΡΑ","060188","60188",ΠΑΙΔΙΚΗ ΧΑΡΑ,PAIDIKH XARA,ΙΩΑΝΝΙΝΩΝ,"057"
"060189: ΞΑΝΘΙΠΠΗΣ","060189","60189",ΞΑΝΘΙΠΠΗΣ,XANTHIPPHS,ΙΩΑΝΝΙΝΩΝ,"057"
"060190: ΗΛΕΚΤΡΑΣ","060190","60190",ΗΛΕΚΤΡΑΣ,HLEKTRAS,ΙΩΑΝΝΙΝΩΝ,"057"
"060191: ΠΛ. ΚΟΛΩΝΟΥ","060191","60191",ΠΛ. ΚΟΛΩΝΟΥ,PL. KOLONOY,ΙΩΑΝΝΙΝΩΝ,"057"
"060192: ΣΙΔΕΡΑ","060192","60192",ΣΙΔΕΡΑ,SIDERA,ΜΑΡΩΝΕΙΑΣ,"057"
"060193: ΓΕΦΥΡΑ","060193","60193",ΓΕΦΥΡΑ,GEFYRA,ΣΙΔΗΡΟΔΡΟΜΩΝ,"057"
"060195: ΠΕΡΟΚΕ","060195","60195",ΠΕΡΟΚΕ,PEROKE,ΔΗΛΗΓΙΑΝΝΗ,"057, 1, 1*, 790, Α15, Β15"
"060203: ΜΕΓ. ΑΛΕΞΑΝΔΡΟΥ","060203","60203",ΜΕΓ. ΑΛΕΞΑΝΔΡΟΥ,MEG. ALEXANDROY,ΚΟΛΩΝΟΥ,Α13
"060204: ΠΛ. ΜΕΤΑΞΟΥΡΓΕΙΟΥ","060204","60204",ΠΛ. ΜΕΤΑΞΟΥΡΓΕΙΟΥ,PL. METAXOYRGEIOY,ΛΕΝΟΡΜΑΝ,"051, 12, 12*, Α13"
"060205: ΠΑΛΑΜΗΔΙΟΥ","060205","60205",ΠΑΛΑΜΗΔΙΟΥ,PALAMHDIOY,ΛΕΝΟΡΜΑΝ,"12, 12*, Α13"
"060206: ΣΧΟΛΕΙΑ","060206","60206",ΣΧΟΛΕΙΑ,SXOLEIA,ΛΕΝΟΡΜΑΝ,"12, 12*, Α13"
"060207: ΑΓ. ΚΩΝΣΤΑΝΤΙΝΟΣ","060207","60207",ΑΓ. ΚΩΝΣΤΑΝΤΙΝΟΣ,AG. KONSTANTINOS,ΛΕΝΟΡΜΑΝ,"12, 12*, Α13"
"060208: ΑΡΜΟΝΙΑ","060208","60208",ΑΡΜΟΝΙΑ,ARMONIA,ΛΕΝΟΡΜΑΝ,"12, 12*, Α13"
"060209: ΚΑΔΜΟΥ","060209","60209",ΚΑΔΜΟΥ,KADMOY,ΛΕΝΟΡΜΑΝ,"12, 12*, Α13"
"060210: ΚΑΠΝΕΡΓΟΣΤΑΣΙΟ","060210","60210",ΚΑΠΝΕΡΓΟΣΤΑΣΙΟ,KAPNERGOSTASIO,ΛΕΝΟΡΜΑΝ,"12, 12*, Α13"
"060211: ΠΑΠΑΘΑΝΑΣΙΟΥ","060211","60211",ΠΑΠΑΘΑΝΑΣΙΟΥ,PAPATHANASIOY,ΛΕΝΟΡΜΑΝ,"12, 12*, Α13"
"060213: ΠΑΝΑΓΙΤΣΑ","060213","60213",ΠΑΝΑΓΙΤΣΑ,PANAGITSA,ΛΕΝΟΡΜΑΝ,"12, 12*, 730, 822, Α13"
"060214: ΠΑΠΑΘΑΝΑΣΙΟΥ","060214","60214",ΠΑΠΑΘΑΝΑΣΙΟΥ,PAPATHANASIOY,ΛΕΝΟΡΜΑΝ,"12, 12*, 730, 822, Α13"
"060215: ΚΑΠΝΕΡΓΟΣΤΑΣΙΟ","060215","60215",ΚΑΠΝΕΡΓΟΣΤΑΣΙΟ,KAPNERGOSTASIO,ΛΕΝΟΡΜΑΝ,"12, 12*, 730, 822, Α13"
"060216: ΚΑΔΜΟΥ","060216","60216",ΚΑΔΜΟΥ,KADMOY,ΛΕΝΟΡΜΑΝ,"12, 12*, 730, 822, Α13"
"060217: ΑΡΜΟΝΙΑ","060217","60217",ΑΡΜΟΝΙΑ,ARMONIA,ΛΕΝΟΡΜΑΝ,"12, 12*, 730, 822, Α13"
"060218: ΑΓ. ΚΩΝΣΤΑΝΤΙΝΟΣ","060218","60218",ΑΓ. ΚΩΝΣΤΑΝΤΙΝΟΣ,AG. KONSTANTINOS,ΛΕΝΟΡΜΑΝ,"12, 12*, 730, 822, Α13"
"060219: ΚΙΚΙΖΑ","060219","60219",ΚΙΚΙΖΑ,KIKIZA,ΛΕΝΟΡΜΑΝ,"12, 12*, 730, 822, Α13"
"060220: ΑΛΑΜΑΝΑΣ","060220","60220",ΑΛΑΜΑΝΑΣ,ALAMANAS,ΠΑΛΑΜΗΔΙΟΥ,"051"
"060221: ΑΓ. ΓΕΩΡΓΙΟΥ","060221","60221",ΑΓ. ΓΕΩΡΓΙΟΥ,AG. GEORGIOY,ΠΛΑΤΩΝΟΣ,"051"
"060222: ΚΡΙΘΑΡΗ","060222","60222",ΚΡΙΘΑΡΗ,KRITHARH,ΠΛΑΤΩΝΟΣ,"051"
"060223: ΜΑΥΡΟΜΑΤΗ","060223","60223",ΜΑΥΡΟΜΑΤΗ,MAYROMATH,ΠΛΑΤΩΝΟΣ,"051"
"060224: ΠΑΛΑΙΟ ΤΕΡΜΑ","060224","60224",ΠΑΛΑΙΟ ΤΕΡΜΑ,PALAIO TERMA,ΚΡΑΤΗΛΟΥ,"051"
"060225: ΚΡΑΤΥΛΟΥ","060225","60225",ΚΡΑΤΥΛΟΥ,KRATYLOY,ΚΡΑΤΥΛΟΥ,"051"
"060226: ΚΕΤΕ","060226","60226",ΚΕΤΕ,KETE,ΔΡΑΚΟΝΤΟΣ,"051"
"060227: ΑΝΤΙΓΟΝΗΣ","060227","60227",ΑΝΤΙΓΟΝΗΣ,ANTIGONHS,ΔΡΑΚΟΝΤΟΣ,"051"
"060229: ΑΝΤΙΓΟΝΗΣ","060229","60229",ΑΝΤΙΓΟΝΗΣ,ANTIGONHS,ΔΡΑΚΟΝΤΟΣ,"051"
"060230: ΚΕΤΕ","060230","60230",ΚΕΤΕ,KETE,ΔΡΑΚΟΝΤΟΣ,"051"
"060231: ΚΡΑΤΥΛΟΥ","060231","60231",ΚΡΑΤΥΛΟΥ,KRATYLOY,ΚΡΑΤΥΛΟΥ,"051"
"060232: ΠΑΛΑΙΟ.ΤΕΡΜΑ","060232","60232",ΠΑΛΑΙΟ.ΤΕΡΜΑ,PALAIO TERMA,ΠΛΑΤΩΝΟΣ,"051"
"060233: ΜΑΥΡΟΜΑΤΗ","060233","60233",ΜΑΥΡΟΜΑΤΗ,MAYROMATH,ΠΛΑΤΩΝΟΣ,"051"
"060234: ΚΡΙΘΑΡΗ","060234","60234",ΚΡΙΘΑΡΗ,KRITHARH,ΠΛΑΤΩΝΟΣ,"051"
"060235: ΑΓ. ΓΕΩΡΓΙΟΣ","060235","60235",ΑΓ. ΓΕΩΡΓΙΟΣ,AG. GEORGIOS,ΠΛΑΤΩΝΟΣ,"051"
"060236: ΑΛΑΜΑΝΑΣ","060236","60236",ΑΛΑΜΑΝΑΣ,ALAMANAS,ΠΑΛΑΜΗΔΙΟΥ,"051"
"060237: ΚΤΕΛ ΚΗΦΙΣΟΥ-ΑΠΟΒΙΒΑΣΗ","060237","12241",ΚΤΕΛ ΚΗΦΙΣΟΥ-ΑΠΟΒΙΒΑΣΗ,KTEL KIFISOU,ΚΤΕΛ ΚΗΦΙΣΟΥ,"051"
"060238: ΜΕΤΑΞΟΥΡΓΕΙΟ","060238","60238",ΜΕΤΑΞΟΥΡΓΕΙΟ,METAXOYRGEIO,ΛΕΝΟΡΜΑΝ,"730, 822, Α13"
"060240: ΠΕΙΡΑΙΩΣ","060240","60240",ΠΕΙΡΑΙΩΣ,PEIRAIOS,ΚΟΛΟΚΥΝΘΟΥΣ,"730, 813, 822"
"060241: ΑΓΗΣΙΛΑΟΥ","060241","60241",ΑΓΗΣΙΛΑΟΥ,AGHSILAOY,ΑΓΗΣΙΛΑΟΥ,Α13
"060242: ΜΕΤΑΞΟΥΡΓΕΙΟ","060242","60242",ΜΕΤΑΞΟΥΡΓΕΙΟ,METAXOYRGEIO,ΑΧΙΛΛΕΩΣ,"031, 051, 12, 12*, Α15, Β15"
"060243: ΑΧΙΛΛΕΩΣ","060243","60243",ΑΧΙΛΛΕΩΣ,AXILLEOS,ΑΧΙΛΛΕΩΣ,"025, Α15, Β15"
"060244: ΜΟΥΣΕΙΟ ΑΚΡΟΠΟΛΗΣ","060244","60244",ΜΟΥΣΕΙΟ ΑΚΡΟΠΟΛΗΣ,MOYSEIO AKROPOLHS,ΧΑΤΖΗΧΡΗΣΤΟΥ,"230"
"060245: ΣΠΥΡΟΥ ΠΑΤΣΗ","060245","60245",ΣΠΥΡΟΥ ΠΑΤΣΗ,SPYROY PATSH,ΛΕΩΦ.ΑΘΗΝΩΝ,"025"
"060246: ΣΧΟΛΕΙΟ","060246","60246",ΣΧΟΛΕΙΟ,SXOLEIO,ΜΑΡΑΘΩΝΟΜΑΧΩΝ,"025"
"060248: ΣΧΟΛΕΙΟ","060248","60248",ΣΧΟΛΕΙΟ,SXOLEIO,ΜΑΡΑΘΩΝΟΜΑΧΩΝ,"025"
"060249: ΓΑΡΔΕΝΙΑ","060249","60249",ΓΑΡΔΕΝΙΑ,GARDENIA,ΛΕΩΦ.ΑΘΗΝΩΝ,"Α15, Β15"
"060250: ΣΑΡΑΚΑΚΗ","060250","60250",ΣΑΡΑΚΑΚΗ,SARAKAKH,ΛΕΩΦ.ΑΘΗΝΩΝ,"Α15, Β15"
"060251: ΟΠΑΠ","060251","60251",ΟΠΑΠ,OPAP,ΛΕΩΦ.ΑΘΗΝΩΝ,"Α15, Β15"
"060252: ΠΑΛΙΑΤΖΙΔΙΚΑ","060252","60252",ΠΑΛΙΑΤΖΙΔΙΚΑ,PALIATZIDIKA,ΛΕΩΦ.ΑΘΗΝΩΝ,"Α15, Β15"
"060256: ΠΑΛΙΑΤΖΙΔΙΚΑ","060256","60256",ΠΑΛΙΑΤΖΙΔΙΚΑ,PALIATZIDIKA,ΛΕΩΦ.ΑΘΗΝΩΝ,"Α15, Β15"
"060258: ΤΡΑΠΕΖΑ","060258","60258",ΤΡΑΠΕΖΑ,TRAPEZA,ΛΕΩΦ.ΑΘΗΝΩΝ,"Α15, Β15"
"060259: ΣΑΡΑΚΑΚΗ","060259","60259",ΣΑΡΑΚΑΚΗ,SARAKAKH,ΛΕΩΦ.ΑΘΗΝΩΝ,"Α15, Β15"
"060260: ΓΑΡΔΕΝΙΑ","060260","60260",ΓΑΡΔΕΝΙΑ,GARDENIA,ΛΕΩΦ.ΑΘΗΝΩΝ,"Α15, Β15"
"060261: ΣΠ. ΠΑΤΣΗ","060261","60261",ΣΠ. ΠΑΤΣΗ,SP. PATSH,ΛΕΩΦ.ΑΘΗΝΩΝ,"025, Α15, Β15"
"060263: ΘΕΡΜΟΠΥΛΩΝ","060263","60263",ΘΕΡΜΟΠΥΛΩΝ,THERMOPYLON,ΘΕΡΜΟΠΥΛΩΝ,"025"
"060264: ΜΕΤΑΞΟΥΡΓΕΙΟ","060264","60264",ΜΕΤΑΞΟΥΡΓΕΙΟ,METAXOYRGEIO,ΑΧΙΛΛΕΩΣ,"031, 051, 12, 12*, Α15, Β15"
"060266: ΣΤΟΥΡΝΑΡΗ","060266","60266",ΣΤΟΥΡΝΑΡΗ,STOYRNARH,ΣΤΟΥΡΝΑΡΗ,"6, 732, Α11, Β11, Β12, Β9, Γ12"
"060269: ΖΗΝΩΝΟΣ","060269","60269",ΖΗΝΩΝΟΣ,ZHNONOS,ΔΕΛΗΓΙΩΡΓΗ,"057, 1, 1*, 12, 12*, 790"
"060270: ΑΓΗΣΙΛΑΟΥ","060270","60270",ΑΓΗΣΙΛΑΟΥ,AGHSILAOY,ΔΕΛΗΓΙΩΡΓΗ,"057, 1, 1*, 12, 12*, 790"
"060275: ΔΗΜΑΡΧΕΙΟ","060275","60275",ΔΗΜΑΡΧΕΙΟ,DHMARXEIO,ΑΘΗΝΑΣ,"035, 227, 400, 500"
"060278: ΑΦΕΤΗΡΙΑ","060278","60278",ΑΦΕΤΗΡΙΑ,AFETHRIA,ΑΘΗΝΑΣ,"049, 400"
"060279: ΜΕΝΑΝΔΡΟΥ","060279","60279",ΜΕΝΑΝΔΡΟΥ,MENANDROY,ΣΟΦΟΚΛΕΟΥΣ,"049, 838, 914"
"060281: ΙΚΑ","060281","60281",ΙΚΑ,IKA,ΠΕΙΡΑΙΩΣ,"049, 21, 500, 813, 815, 838, 841, 842, 856, 914"
"060282: ΘΕΡΜΟΠΥΛΩΝ","060282","60282",ΘΕΡΜΟΠΥΛΩΝ,THERMOPYLON,ΠΕΙΡΑΙΩΣ,"035, 049, 21, 227, 400, 500, 815, 836, 838, 841, 842, 856, 866, 876, 914"
"060283: ΠΑΛΑΙΑ ΑΓΟΡΑ","060283","60283",ΠΑΛΑΙΑ ΑΓΟΡΑ,PALAIA AGORA,ΠΕΙΡΑΙΩΣ,"035, 049, 21, 227, 500, 815, 838, 841, 842, 914"
"060284: ΦΩΤΑΕΡΙΟ","060284","60284",ΦΩΤΑΕΡΙΟ,FOTAERIO,ΠΕΙΡΑΙΩΣ,"049, 21, 815, 838, 841, 842, 914"
"060285: ΚΑΜΠΑ","060285","60285",ΚΑΜΠΑ,KAMPA,ΠΕΙΡΑΙΩΣ,"049, 21, 815, 838, 841, 842, 914"
"060286: ΚΟΛΥΜΒΗΤΗΡΙΟ","060286","60286",ΚΟΛΥΜΒΗΤΗΡΙΟ,KOLYMBHTHRIO,ΠΕΙΡΑΙΩΣ,"049, 815, 914"
"060287: ΥΠΟΥΡΓΕΙΟ","060287","60287",ΥΠΟΥΡΓΕΙΟ,YPOYRGEIO,ΠΕΙΡΑΙΩΣ,"049, 815, 914"
"060288: ΕΛΟΥΛΟΥ","060288","60288",ΕΛΟΥΛΟΥ,ELOYLOY,ΠΕΙΡΑΙΩΣ,"049, 815, 914"
"060289: ΕΡΓΩΝ","060289","60289",ΕΡΓΩΝ,ERGON,ΠΕΙΡΑΙΩΣ,"049, 815, 914"
"060290: ΕΡΓΩΝ","060290","60290",ΕΡΓΩΝ,ERGON,ΠΕΙΡΑΙΩΣ,"049, 815, 914"
"060291: ΕΛΟΥΛΟΥ","060291","60291",ΕΛΟΥΛΟΥ,ELOYLOY,ΠΕΙΡΑΙΩΣ,"049, 815, 914"
"060292: ΥΠΟΥΡΓΕΙΟ","060292","60292",ΥΠΟΥΡΓΕΙΟ,YPOYRGEIO,ΠΕΙΡΑΙΩΣ,"049, 815, 914"
"060293: ΚΟΛΥΜΒΗΤΗΡΙΟ","060293","60293",ΚΟΛΥΜΒΗΤΗΡΙΟ,KOLYMBHTHRIO,ΠΕΙΡΑΙΩΣ,"049, 21, 815, 838, 914"
"060294: ΚΑΜΠΑ","060294","60294",ΚΑΜΠΑ,KAMPA,ΠΕΙΡΑΙΩΣ,"049, 21, 815, 838, 914"
"060295: ΦΩΤΑΕΡΙΟ","060295","60295",ΦΩΤΑΕΡΙΟ,FOTAERIO,ΠΕΙΡΑΙΩΣ,"049, 21, 815, 838, 914"
"060296: ΠΑΛ. ΑΓΟΡΑ","060296","60296",ΠΑΛ. ΑΓΟΡΑ,PAL. AGORA,ΠΕΙΡΑΙΩΣ,"035, 049, 21, 227, 500, 815, 838, 914"
"060297: ΑΣΩΜΑΤΩΝ","060297","60297",ΑΣΩΜΑΤΩΝ,ASOMATON,ΠΕΙΡΑΙΩΣ,"035, 049, 21, 227, 400, 500, 806, 811, 815, 836, 837, 838, 856, 914"
"060298: ΙΚΑ","060298","60298",ΙΚΑ,IKA,ΠΕΙΡΑΙΩΣ,"049, 21, 500, 806, 815, 836, 837, 838, 856, 914"
"060299: ΩΔΕΙΟ","060299","60299",ΩΔΕΙΟ,ODEIO,ΠΕΙΡΑΙΩΣ,"049, 21, 500, 730, 806, 813, 815, 822, 837, 838, 856, 914"
"060300: ΑΓΟΡΑ","060300","60300",ΑΓΟΡΑ,AGORA,ΑΘΗΝΑΣ,"035, 227, 400, 500"
"060301: ΜΟΝΑΣΤΗΡΑΚΙ","060301","60301",ΜΟΝΑΣΤΗΡΑΚΙ,MONASTHRAKI,ΑΘΗΝΑΣ,"035, 227, 400, 500"
"060305: ΑΓ.  ΑΙΚΑΤΕΡΙΝΗ","060305","60305",ΑΓ.  ΑΙΚΑΤΕΡΙΝΗ,AG. AIKATERINH,ΣΙΤΑΚΗΣ,"054"
"060306: ΒΑΡΒΑΚΕΙΟ","060306","60306",ΒΑΡΒΑΚΕΙΟ,BARBAKEIO,ΜΟΥΣΩΝ,"140"
"060307: ΡΟΥΦ","060307","60307",ΡΟΥΦ,ROYF,Π.ΡΑΛΛΗ,"21, 838, 841, 842"
"060308: ΨΥΓΕΙΑ","060308","60308",ΨΥΓΕΙΑ,PSYGEIA,Π.ΡΑΛΛΗ,"21, 838, 841, 842"
"060309: ΑΣΤΥ","060309","60309",ΑΣΤΥ,ASTY,Π.ΡΑΛΛΗ,"21, 838, 841, 842"
"060310: ΑΜΑΞΟΣΤΑΣΙΟ Ε.ΘΕ.Λ.","060310","60310",ΑΜΑΞΟΣΤΑΣΙΟ Ε.ΘΕ.Λ.,AMAXOSTASIO E.THE.L.,Π.ΡΑΛΛΗ,"21, 838, 841, 842"
"060311: ΠΑΠΑΔΟΠΟΥΛΟΥ","060311","60311",ΠΑΠΑΔΟΠΟΥΛΟΥ,PAPADOPOYLOY,Π.ΡΑΛΛΗ,"21, 838, 841, 842"
"060312: ΣΧΟΛΕΙΟ","060312","60312",ΣΧΟΛΕΙΟ,SXOLEIO,ΤΣΟΥΝΤΑ,"024, 703"
"060313: ΑΧΙΛΛΕΩΣ","060313","60313",ΑΧΙΛΛΕΩΣ,AXILLEOS,ΑΧΙΛΛΕΩΣ,"Α15, Β15"
"060314: ΠΑΛΑΙΑ ΑΓΟΡΑ","060314","60314",ΠΑΛΑΙΑ ΑΓΟΡΑ,PALAIA AGORA,ΙΕΡΑΣ ΟΔΟΥ,"400, 836, 856, 866, 876"
"060315: ΣΙΔΕΡΑ","060315","60315",ΣΙΔΕΡΑ,SIDERA,ΙΕΡΑΣ ΟΔΟΥ,"026, 400, 813, 836, 856, 866, 876"
"060316: ΣΠΥΡΟΥ ΠΑΤΣΗ","060316","60316",ΣΠΥΡΟΥ ΠΑΤΣΗ,SPYROY PATSH,ΙΕΡΑΣ ΟΔΟΥ,"400, 836, 856, 866, 876"
"060317: ΓΕΩΠΟΝΙΚΗ ΣΧΟΛΗ","060317","60317",ΓΕΩΠΟΝΙΚΗ ΣΧΟΛΗ,GEOPONIKH SXOLH,ΙΕΡΑΣ ΟΔΟΥ,"400, 836, 856, 866, 876"
"060318: ΕΒΓΑ","060318","60318",ΕΒΓΑ,EBGA,ΙΕΡΑΣ ΟΔΟΥ,"400, 836, 856, 866"
"060319: ΙΕΡΗ ΕΛΙΑ","060319","60319",ΙΕΡΗ ΕΛΙΑ,IERH ELIA,ΙΕΡΑΣ ΟΔΟΥ,"400, 813, 836, 856, 865, 866, 876"
"060320: ΑΓ. ΣΑΒΒΑΣ","060320","60320",ΑΓ. ΣΑΒΒΑΣ,AG. SABBAS,ΙΕΡΑΣ ΟΔΟΥ,"400, 813, 836, 856, 865, 866, 876"
"060321: ΑΓ. ΣΑΒΒΑΣ","060321","60321",ΑΓ. ΣΑΒΒΑΣ,AG. SABBAS,ΙΕΡΑΣ ΟΔΟΥ,"400, 806, 811, 813, 836, 837, 856"
"060322: ΙΕΡΗ ΕΛΙΑ","060322","60322",ΙΕΡΗ ΕΛΙΑ,IERH ELIA,ΙΕΡΑΣ ΟΔΟΥ,"400, 806, 811, 813, 836, 837, 856"
"060323: ΕΒΓΑ","060323","60323",ΕΒΓΑ,EBGA,ΙΕΡΑΣ ΟΔΟΥ,"400, 806, 811, 836, 837, 856, 876"
"060324: ΓΕΩΠΟΝΙΚΗ ΣΧΟΛΗ","060324","60324",ΓΕΩΠΟΝΙΚΗ ΣΧΟΛΗ,GEOPONIKH SXOLH,ΙΕΡΑΣ ΟΔΟΥ,"400, 806, 811, 836, 837, 856"
"060325: ΣΙΔΕΡΑ","060325","60325",ΣΙΔΕΡΑ,SIDERA,ΙΕΡΑΣ ΟΔΟΥ,"400, 806, 811, 836, 837, 856"
"060326: ΠΑΛΑΙΑ ΑΓΟΡΑ","060326","60326",ΠΑΛΑΙΑ ΑΓΟΡΑ,PALAIA AGORA,ΙΕΡΑΣ ΟΔΟΥ,"400, 806, 811, 836, 837, 856"
"060327: ΣΠΥΡΟΥ ΠΑΤΣΗ","060327","60327",ΣΠΥΡΟΥ ΠΑΤΣΗ,SPYROY PATSH,ΣΠΥΡΟΥ ΠΑΤΣΗ,"026, 813"
"060328: ΑΓ. ΜΑΡΚΕΛΑ","060328","60328",ΑΓ. ΜΑΡΚΕΛΑ,AG. MARKELA,ΣΠΥΡΟΥ ΠΑΤΣΗ,"026"
"060329: ΚΟΖΑΝΗΣ","060329","60329",ΚΟΖΑΝΗΣ,KOZANHS,ΚΟΖΑΝΗΣ,"026"
"060339: ΑΓ. ΜΑΡΚΕΛΑ","060339","60339",ΑΓ. ΜΑΡΚΕΛΑ,AG. MARKELA,ΣΠΥΡΟΥ ΠΑΤΣΗ,"026, 813"
"060340: ΑΚΤΑΙΟΥ","060340","60340",ΑΚΤΑΙΟΥ,AKTAIOY,ΑΚΤΑΙΟΥ,"227"
"060341: ΣΤ. ΗΣΑΠ ΘΗΣΕΙΟ","060341","60341",ΣΤ. ΗΣΑΠ ΘΗΣΕΙΟ,ST. HSAP THISEIO,ΕΡΜΟΥ,"025, 026, 035, 227, 400, 500"
"060342: ΠΛ. ΕΛΕΥΘΕΡΙΑΣ","060342","60342",ΠΛ. ΕΛΕΥΘΕΡΙΑΣ,PL. ELEYTHERIAS,ΠΛ.ΚΟΥΜΟΥΝΔΟΥΡΟΥ,"025, 026"
"060343: ΙΚΑ","060343","60343",ΙΚΑ,IKA,ΜΥΛΛΕΡΟΥ,"025, 026, 813"
"060345: ΜΑΡΑΘΩΝΟΣ","060345","60345",ΜΑΡΑΘΩΝΟΣ,MARATHONOS,ΛΕΩΝΙΔΟΥ,"026, 813"
"060346: ΣΑΛΑΜΙΝΟΣ","060346","60346",ΣΑΛΑΜΙΝΟΣ,SALAMINOS,ΛΕΩΝΙΔΟΥ,"026, 813"
"060347: ΜΥΚΑΛΗΣ","060347","60347",ΜΥΚΑΛΗΣ,MYKALHS,ΛΕΩΝΙΔΟΥ,"026, 813"
"060348: ΑΓ. ΜΑΡΚΕΛΑ","060348","60348",ΑΓ. ΜΑΡΚΕΛΑ,AG. MARKELA,ΑΓ.ΠΟΛΥΚΑΡΠΟΥ,"813"
"060349: ΑΜΑΞΟΣΤΑΣΙΟ ΒΟΤΑΝΙΚΟΥ","060349","60349",ΑΜΑΞΟΣΤΑΣΙΟ ΒΟΤΑΝΙΚΟΥ,AMAXOSTASIO BOTANIKOY,ΑΓ.ΠΟΛΥΚΑΡΠΟΥ,"813, 865"
"060350: ΑΓ. ΠΟΛΥΚΑΡΠΟΣ","060350","60350",ΑΓ. ΠΟΛΥΚΑΡΠΟΣ,AG. POLYKARPOS,ΑΓ.ΠΟΛΥΚΑΡΠΟΥ,"813, 865"
"060351: ΔΗΜΑΡΑΚΗ","060351","60351",ΔΗΜΑΡΑΚΗ,DHMARAKH,ΑΓ.ΠΟΛΥΚΑΡΠΟΥ,"813, 865"
"060352: ΣΟΦΤΕΞ","060352","60352",ΣΟΦΤΕΞ,SOFTEX,ΧΑΡΤΕΡΓΑΤΩΝ,"813, 865"
"060353: ΣΟΦΤΕΞ","060353","60353",ΣΟΦΤΕΞ,SOFTEX,ΧΑΡΤΕΡΓΑΤΩΝ,"813"
"060354: ΔΗΜΑΡΑΚΗ","060354","60354",ΔΗΜΑΡΑΚΗ,DHMARAKH,ΑΓ.ΠΟΛΥΚΑΡΠΟΥ,"813"
"060355: ΑΓ. ΠΟΛΥΚΑΡΠΟΣ","060355","60355",ΑΓ. ΠΟΛΥΚΑΡΠΟΣ,AG. POLYKARPOS,ΑΓ.ΠΟΛΥΚΑΡΠΟΥ,"813"
"060356: ΑΜΑΞΟΣΤΑΣΙΟ ΒΟΤΑΝΙΚΟΥ","060356","60356",ΑΜΑΞΟΣΤΑΣΙΟ ΒΟΤΑΝΙΚΟΥ,AMAXOSTASIO BOTANIKOY,ΑΓ.ΠΟΛΥΚΑΡΠΟΥ,"813"
"060357: ΛΑΙΣ","060357","60357",ΛΑΙΣ,LAIS,ΜΕΓ.ΑΛΕΞΑΝΔΡΟΥ,"026, 813"
"060358: ΠΛΑΤΑΙΩΝ","060358","60358",ΠΛΑΤΑΙΩΝ,PLATAION,ΜΕΓ.ΑΛΕΞΑΝΔΡΟΥ,"026, 813"
"060359: ΛΕΩΝΙΔΟΥ","060359","60359",ΛΕΩΝΙΔΟΥ,LEONIDOY,ΘΕΡΜΟΠΥΛΩΝ,"025, 026"
"060361: ΠΕΙΡΑΙΩΣ","060361","60361",ΠΕΙΡΑΙΩΣ,PEIRAIOS,ΑΓ.ΑΣΩΜΑΤΩΝ,"025, 026"
"060362: ΑΓ. ΑΣΩΜΑΤΟΙ","060362","60362",ΑΓ. ΑΣΩΜΑΤΟΙ,AG. ASOMATOI,ΑΓ.ΑΣΩΜΑΤΩΝ,"025, 026, 035, 227, 400, 500"
"060363: ΜΥΛΛΕΡΟΥ","060363","60363",ΜΥΛΛΕΡΟΥ,MYLLEROY,ΜΕΓ.ΑΛΕΞΑΝΔΡΟΥ,"813"
"060364: ΕΘΝΙΚΗ ΓΛΥΠΤΟΘΗΚΗ","060364","60364",ΕΘΝΙΚΗ ΓΛΥΠΤΟΘΗΚΗ,ETHNIKH GLYPTOTHIKH,ΛΕΩΦ.ΠΑΝ.ΚΑΝΕΛΛΟΠΟΥΛΟΥ,"140, 242"
"060365: ΕΡΡΙΚΟΣ ΝΤΥΝΑΝ","060365","60365",ΕΡΡΙΚΟΣ ΝΤΥΝΑΝ,ERRIKOS NTYNAN,ΣΟΦ.ΣΛΗΜΑΝ,"046"
"060366: ΜΗΤΣΑΚΗ","060366","60366",ΜΗΤΣΑΚΗ,MHTSAKH,ΑΓ.ΛΑΥΡΑΣ,"054"
"060367: ΙΔΡΥΜΑ ΜΕΙΖΩΝ. ΕΛΛΗΝΙΣΜΟΥ","060367","60367",ΙΔΡΥΜΑ ΜΕΙΖΩΝ. ΕΛΛΗΝΙΣΜΟΥ,IDRYMA MEIZON. ELLINISMOY,ΠΟΥΛΟΠΟΥΛΟΥ,"227"
"060368: ΠΛ. ΠΑΠΑΔΙΑΜΑΝΤΗ","060368","60368",ΠΛ. ΠΑΠΑΔΙΑΜΑΝΤΗ,PL. PAPADIAMANTH,ΜΑΡΚΟΡΑ,"054"
"060372: ΙΔΡ. ΜΕΛ. ΜΕΡΚΟΥΡΗ","060372","60372",ΙΔΡ. ΜΕΛ. ΜΕΡΚΟΥΡΗ,IDR. MEL. MERKOYRH,ΠΕΡΣΕΦΟΝΗΣ,"035, 227, 500"
"060373: ΕΡΕΧΘΕΙΟΥ","060373","60373",ΕΡΕΧΘΕΙΟΥ,EREXTHEIOY,ΡΟΒΕΡΤΟΥ ΓΚΑΛΛΙ,"230"
"060375: ΕΡΕΧΘΕΙΟΥ","060375","60375",ΕΡΕΧΘΕΙΟΥ,EREXTHEIOY,ΚΑΒΑΛΛΟΤΙ,"230"
"060377: ΔΗΜΟΦΩΝΤΟΣ","060377","60377",ΔΗΜΟΦΩΝΤΟΣ,DHMOFONTOS,ΠΟΥΛΟΠΟΥΛΟΥ,"227"
"060378: ΜΥΡΜΙΔΟΝΩΝ","060378","60378",ΜΥΡΜΙΔΟΝΩΝ,MYRMIDONON,ΤΡΙΩΝ ΙΕΡΑΡΧΩΝ,"227"
"060379: ΓΕΦΥΡΑ","060379","60379",ΓΕΦΥΡΑ,GEFYRA,ΤΡΙΩΝ ΙΕΡΑΡΧΩΝ,"227"
"060380: ΤΡΕΙΣ ΙΕΡΑΡΧΑΙ","060380","60380",ΤΡΕΙΣ ΙΕΡΑΡΧΑΙ,TREIS IERARXAI,ΤΡΙΩΝ ΙΕΡΑΡΧΩΝ,"227"
"060381: ΦΑΡΜΑΚΕΙΟ","060381","60381",ΦΑΡΜΑΚΕΙΟ,FARMAKEIO,ΤΡΙΩΝ ΙΕΡΑΡΧΩΝ,"227"
"060382: ΣΤ. ΗΣΑΠ ΠΕΤΡΑΛΩΝΑ","060382","60382",ΣΤ. ΗΣΑΠ ΠΕΤΡΑΛΩΝΑ,ST. HSAP PETRALONΑ,ΤΡΙΩΝ ΙΕΡΑΡΧΩΝ,"227"
"060383: ΠΑΛΑΙΟ ΤΕΡΜΑ","060383","60383",ΠΑΛΑΙΟ ΤΕΡΜΑ,PALAIO TERMA,ΤΡΙΩΝ ΙΕΡΑΡΧΩΝ,"227"
"060384: ΚΗΦΙΣΟΔΟΤΟΥ","060384","60384",ΚΗΦΙΣΟΔΟΤΟΥ,KHFISODOTOY,ΚΗΦΙΣΟΔΟΤΟΥ,"227"
"060386: ΚΟΙΛΗΣ","060386","60386",ΚΟΙΛΗΣ,KOILHS,ΚΟΙΛΗΣ,"227"
"060387: ΠΑΠΑΦΩΤΗ","060387","60387",ΠΑΠΑΦΩΤΗ,PAPAFOTH,ΔΗΜΟΦΩΝΤΟΣ,"227"
"060388: ΤΡΕΙΣ ΙΕΡΑΡΧΕΣ","060388","60388",ΤΡΕΙΣ ΙΕΡΑΡΧΕΣ,TREIS IERARXES,ΔΗΜΟΦΩΝΤΟΣ,"227"
"060389: ΓΥΜΝΑΣΙΟ","060389","60389",ΓΥΜΝΑΣΙΟ,GYMNASIO,ΔΗΜΟΦΩΝΤΟΣ,"227"
"060390: ΑΣΤΥΝΟΜΙΑ","060390","60390",ΑΣΤΥΝΟΜΙΑ,ASTYNOMIA,ΔΗΜΟΦΩΝΤΟΣ,"227"
"060391: ΒΑΣΙΛΑΚΑΚΗ","060391","60391",ΒΑΣΙΛΑΚΑΚΗ,BASILAKAKH,ΝΗΛΕΩΣ,"227"
"060394: ΙΚΑ","060394","60394",ΙΚΑ,IKA,ΚΕΙΡΙΑΔΩΝ,"035, 500"
"060395: ΤΑΧΥΔΡΟΜΕΙΟ","060395","60395",ΤΑΧΥΔΡΟΜΕΙΟ,TAXYDROMEIO,ΚΕΙΡΙΑΔΩΝ,"035, 500"
"060397: ΓΕΦ. ΠΟΥΛΟΠΟΥΛΟΥ","060397","60397",ΓΕΦ. ΠΟΥΛΟΠΟΥΛΟΥ,GEF. POYLOPOYLOY,ΗΡΑΚΛΕΙΔΩΝ,"227"
"060398: ΣΤ. ΗΣΑΠ ΠΕΤΡΑΛΩΝΑ","060398","60398",ΣΤ. ΗΣΑΠ ΠΕΤΡΑΛΩΝΑ,ST. HSAP PETRALONΑ,ΚΕΙΡΙΑΔΩΝ,"035, 500"
"060399: ΑΘΗΝΑΔΩΡΟΥ","060399","60399",ΑΘΗΝΑΔΩΡΟΥ,ATHINADOROY,ΚΕΙΡΙΑΔΩΝ,"035, 500"
"060400: ΓΕΦΥΡΕΣ","060400","60400",ΓΕΦΥΡΕΣ,GEFYRES,ΚΕΙΡΙΑΔΩΝ,"035, 500"
"060401: 1η ΣΤΑΣΗ","060401","60401",1η ΣΤΑΣΗ,1st STASH,ΤΡΙΑΝΤΑΦΥΛΛΟΠΟΥΛΟΥ,"057"
"060402: ΝΗΛΕΩΣ","060402","60402",ΝΗΛΕΩΣ,NHLEOS,ΝΗΛΕΩΣ,"227"
"060410: ΜΟΝΑΣΤΗΡΑΚΙ","060410","60410",ΜΟΝΑΣΤΗΡΑΚΙ,MONASTHRAKI,ΕΡΜΟΥ,"025, 026, 035, 227, 400, 500"
"060411: ΒΟΡΕΟΥ","060411","60411",ΒΟΡΕΟΥ,BOREOY,ΑΘΗΝΑΣ,"025, 026, 035, 227, 400, 500"
"060412: ΑΓΟΡΑ","060412","60412",ΑΓΟΡΑ,AGORA,ΑΘΗΝΑΣ,"025, 026, 035, 227, 400, 500"
"060413: ΔΗΜΑΡΧΕΙΟ","060413","60413",ΔΗΜΑΡΧΕΙΟ,DHMARXEIO,ΑΘΗΝΑΣ,"035, 227, 400, 500"
"060415: ΟΜΟΝΟΙΑ - MENANΔΡΟΥ","060415","60415",ΟΜΟΝΟΙΑ - MENANΔΡΟΥ,OMONOIA - MENANDROY,ΠΕΙΡΑΙΩΣ,"21, 500, 813, 815, 856"
"060426: ΗΠΕΙΡΟΥ","060426","60426",ΗΠΕΙΡΟΥ,HPEIROY,3ης ΣΕΠΤΕΜΒΡΙΟΥ,"054, 500"
"060427: ΠΛ. ΒΙΚΤΩΡΙΑΣ","060427","60427",ΠΛ. ΒΙΚΤΩΡΙΑΣ,PL. BIKTORIAS,3ηs ΣΕΠΤΕΜΒΡΙΟΥ,"054, 500"
"060428: ΑΓΓΕΛΟΠΟΥΛΟΥ","060428","60428",ΑΓΓΕΛΟΠΟΥΛΟΥ,AGGELOPOYLOY,3ηs ΣΕΠΤΕΜΒΡΙΟΥ,"054"
"060429: ΚΕΦΑΛΛΗΝΙΑΣ","060429","60429",ΚΕΦΑΛΛΗΝΙΑΣ,KEFALLHNIAS,3ηs ΣΕΠΤΕΜΒΡΙΟΥ,"054"
"060431: ΚΑΛΛΙΦΡΟΝΑ","060431","60431",ΚΑΛΛΙΦΡΟΝΑ,KALLIFRONA,ΔΡΟΣΟΠΟΥΛΟΥ,"054, 608, 622"
"060435: ΓΕΦΥΡΑ ΚΑΒΑΛΑΣ","060435","60435",ΓΕΦΥΡΑ ΚΑΒΑΛΑΣ,GEFYRA KABALAS,ΛΕΩΦ.ΚΗΦΙΣΟΥ,"420"
"060436: ΙΠΠΟΛΥΤΟΥ","060436","60436",ΙΠΠΟΛΥΤΟΥ,IPPOLYTOY,ΤΑΥΓΕΤΟΥ,"054"
"060437: ΣΧΟΛΕΙΑ ΓΚΡΑΒΑΣ","060437","60437",ΣΧΟΛΕΙΑ ΓΚΡΑΒΑΣ,SXOLEIA GKRABAS,ΤΑΥΓΕΤΟΥ,"054"
"060438: ΓΑΛΑΤΣΙΟΥ","060438","60438",ΓΑΛΑΤΣΙΟΥ,GALATSIOY,ΑΓ.ΛΑΥΡΑΣ,"054"
"060439: ΧΑΤΖΗΔΑΚΗ","060439","60439",ΧΑΤΖΗΔΑΚΗ,XATZHDAKH,ΛΕΩΦ.ΓΑΛΑΤΣΙΟΥ,"444, 608"
"060440: ΒΟΡΕΙΟΣ ΠΟΛΟΣ","060440","60440",ΒΟΡΕΙΟΣ ΠΟΛΟΣ,BOREIOS POLOS,ΛΕΩΦ.ΓΑΛΑΤΣΙΟΥ,"444, 608"
"060441: ΒΟΡΕΙΟΣ ΠΟΛΟΣ","060441","60441",ΒΟΡΕΙΟΣ ΠΟΛΟΣ,BOREIOS POLOS,ΛΕΩΦ.ΓΑΛΑΤΣΙΟΥ,"444, 608"
"060442: ΧΑΤΖΗΔΑΚΗ","060442","60442",ΧΑΤΖΗΔΑΚΗ,XATZHDAKH,ΛΕΩΦ.ΓΑΛΑΤΣΙΟΥ,"444, 608"
"060443: ΠΛ. ΠΑΠΑΛΟΥΚΑ","060443","60443",ΠΛ. ΠΑΠΑΛΟΥΚΑ,PL. PAPALOYKA,ΠΛ.ΠΑΠΑΛΟΥΚΑ,"054"
"060444: ΑΣΤΥΝΟΜΙΑ","060444","60444",ΑΣΤΥΝΟΜΙΑ,ASTYNOMIA,ΧΑΛΕΠΑ,"054"
"060445: ΧΑΛΕΠΑ","060445","60445",ΧΑΛΕΠΑ,XALEPA,ΧΑΛΕΠΑ,"054"
"060447: ΣΥΡΑΚΟΥΣΩΝ","060447","60447",ΣΥΡΑΚΟΥΣΩΝ,SYRAKOYSON,ΣΥΡΑΚΟΥΣΩΝ,"054"
"060448: ΠΤΟΛΕΜΑΙΩΝ","060448","60448",ΠΤΟΛΕΜΑΙΩΝ,PTOLEMAION,ΣΥΡΑΚΟΥΣΩΝ,"054"
"060449: ΠΛΑΤΕΙΑ","060449","60449",ΠΛΑΤΕΙΑ,PLATEIA,ΣΥΡΑΚΟΥΣΩΝ,"054"
"060450: ΣΧΟΛΕΙΟ","060450","60450",ΣΧΟΛΕΙΟ,SXOLEIO,ΩΡΩΠΟΥ,"054, 14 , 5, 5*"
"060452: ΧΑΛΕΠΑ","060452","60452",ΧΑΛΕΠΑ,XALEPA,ΧΑΛΕΠΑ,"054"
"060453: ΑΣΤΥΝΟΜΙΑ","060453","60453",ΑΣΤΥΝΟΜΙΑ,ASTYNOMIA,ΧΑΛΕΠΑ,"054"
"060454: ΠΛ. ΠΑΠΑΛΟΥΚΑ","060454","60454",ΠΛ. ΠΑΠΑΛΟΥΚΑ,PL. PAPALOYKA,ΧΑΛΕΠΑ,"054"
"060455: ΓΑΛΑΤΣΙΟΥ","060455","60455",ΓΑΛΑΤΣΙΟΥ,GALATSIOY,ΑΓ.ΛΑΥΡΑΣ,"054"
"060456: ΣΧΟΛΕΙΑ ΓΚΡΑΒΑΣ","060456","60456",ΣΧΟΛΕΙΑ ΓΚΡΑΒΑΣ,SXOLEIA GKRABAS,ΤΑΥΓΕΤΟΥ,"054"
"060457: ΙΠΠΟΛΥΤΟΥ","060457","60457",ΙΠΠΟΛΥΤΟΥ,IPPOLYTOY,ΤΑΥΓΕΤΟΥ,"054"
"060475: ΟΙΚΟΝΟΜΙΚΟ ΠΑΝΕΠΙΣΤΗΜΙΟ","060475","60475",ΟΙΚΟΝΟΜΙΚΟ ΠΑΝΕΠΙΣΤΗΜΙΟ,OIKONOMIKO PANEPISTHMIO,ΠΑΤΗΣΙΩΝ,"11, 14 , 3, 3*, 5, 5*, 608, 622, Α8"
"060476: ΑΓΓΕΛΟΠΟΥΛΟΥ","060476","60476",ΑΓΓΕΛΟΠΟΥΛΟΥ,AGGELOPOYLOY,ΠΑΤΗΣΙΩΝ,"11, 14 , 3, 3*, 5, 5*, 608, 622, Α8"
"060478: ΛΥΣΙΑΤΡΕΙΟ","060478","60478",ΛΥΣΙΑΤΡΕΙΟ,LYSIATREIO,ΔΡΟΣΟΠΟΥΛΟΥ,"054, 608, 622"
"060479: ΚΟΛΙΑΤΣΟΥ","060479","60479",ΚΟΛΙΑΤΣΟΥ,KOLIATSOY,ΔΡΟΣΟΠΟΥΛΟΥ,"054, 608, 622"
"060480: ΑΓ. ΛΟΥΚΑΣ","060480","60480",ΑΓ. ΛΟΥΚΑΣ,AG. LOYKAS,ΔΡΟΣΟΠΟΥΛΟΥ,"608"
"060481: ΚΩΣΤΗΣ ΠΑΛΑΜΑΣ","060481","60481",ΚΩΣΤΗΣ ΠΑΛΑΜΑΣ,KOSTHS PALAMAS,ΓΑΛΑΤΣΙΟΥ,"608"
"060482: ΚΩΣΤΗΣ ΠΑΛΑΜΑΣ","060482","60482",ΚΩΣΤΗΣ ΠΑΛΑΜΑΣ,KOSTHS PALAMAS,ΛΕΩΦ.ΓΑΛΑΤΣΙΟΥ,"444, 608"
"060484: ΑΓ. ΜΕΤΑΞΑ","060484","60484",ΑΓ. ΜΕΤΑΞΑ,AG. METAXA,ΑΓΑΜ.ΜΕΤΑΞΑ,"036"
"060485: ΠΑΝΟΡΜΟΥ","060485","60485",ΠΑΝΟΡΜΟΥ,PANORMOY,ΠΑΝΟΡΜΟΥ,"036, 653"
"060487: ΑΓ. ΛΟΥΚΑΣ","060487","60487",ΑΓ. ΛΟΥΚΑΣ,AG. LOYKAS,ΠΑΤΗΣΙΩΝ,"11, 14 , 3, 3*, 5, 5*, Α8"
"060490: ΑΝΩ ΠΑΤΗΣΙΑ","060490","60490",ΑΝΩ ΠΑΤΗΣΙΑ,ANO PATHSIA,ΠΑΤΗΣΙΩΝ,"3, 3*, 444, 5, 5*, 500, 605, 619"
"060491: ΣΤ. ΗΣΑΠ","060491","60491",ΣΤ. ΗΣΑΠ,ST. HSAP,ΧΑΛΚΙΔΟΣ,"3, 3*, 619"
"060492: ΤΙΤΑΝ","060492","60492",ΤΙΤΑΝ,TITAN,ΧΑΛΚΙΔΟΣ,"3, 3*, 619"
"060493: ΛΕΟΝΤΕΙΟΣ","060493","60493",ΛΕΟΝΤΕΙΟΣ,LEONTEIOS,ΧΑΛΚΙΔΟΣ,"3, 3*, 619"
"060494: ΣΤ. ΗΣΑΠ","060494","60494",ΣΤ. ΗΣΑΠ,ST. HSAP,ΧΑΛΚΙΔΟΣ,"3, 3*, 619"
"060495: ΑΛΥΣΙΔΑ","060495","60495",ΑΛΥΣΙΔΑ,ALYSIDA,ΠΑΤΗΣΙΩΝ,"3, 3*, 5, 5*, 500, Α8"
"060500: ΕΦΟΡΙΑ","060500","60500",ΕΦΟΡΙΑ,EFORIA,ΛΕΩΦ.ΗΡΑΚΛΕΙΟΥ,Α8
"060501: ΦΑΡΜΑΚΕΙΟ","060501","60501",ΦΑΡΜΑΚΕΙΟ,FARMAKEIO,ΛΕΩΦ.ΗΡΑΚΛΕΙΟΥ,"500, 605, Α8"
"060502: 2η ΔΙΚΑΣΤΗΡΙΩΝ","060502","60502",2η ΔΙΚΑΣΤΗΡΙΩΝ,2nd DIKASTHRION,ΕΥΕΛΠΙΔΩΝ,"224"
"060503: ΑΓ. ΑΝΤΩΝΙΟΣ","060503","60503",ΑΓ. ΑΝΤΩΝΙΟΣ,AG. ANTONIOS,ΛΕΩΦ.ΗΡΑΚΛΕΙΟΥ,"500, 605, Α8"
"060504: ΚΟΛΟΥΜΠΙΑ","060504","60504",ΚΟΛΟΥΜΠΙΑ,KOLOYMPIA,ΛΕΩΦ.ΗΡΑΚΛΕΙΟΥ,"500, Α8"
"060505: ΚΟΛΟΥΜΠΙΑ","060505","60505",ΚΟΛΟΥΜΠΙΑ,KOLOYMPIA,ΛΕΩΦ.ΗΡΑΚΛΕΙΟΥ,"500, Α8"
"060506: 1η ΡΙΖΟΥΠΟΛΕΩΣ","060506","60506",1η ΡΙΖΟΥΠΟΛΕΩΣ,1st RIZOYPOLEOS,ΕΡΜΩΝΑΣΣΗΣ,"605"
"060508: 3η ΡΙΖΟΥΠΟΛΕΩΣ","060508","60508",3η ΡΙΖΟΥΠΟΛΕΩΣ,3rd RIZOYPOLEOS,ΕΡΜΩΝΑΣΣΗΣ,"605"
"060509: 1η ΠΕΡΙΣΣΟΥ","060509","60509",1η ΠΕΡΙΣΣΟΥ,1st PERISSOY,ΚΟΜΑΝΩΝ,"605"
"060510: 1η ΠΕΡΙΣΣΟΥ","060510","60510",1η ΠΕΡΙΣΣΟΥ,1st PERISSOY,ΤΑΝΑΙΔΟΣ,"605"
"060511: 3η ΡΙΖΟΥΠΟΛΕΩΣ","060511","60511",3η ΡΙΖΟΥΠΟΛΕΩΣ,3rd RIZOYPOLEOS,ΤΑΝΑΙΔΟΣ,"605"
"060512: 2η ΡΙΖΟΥΠΟΛΕΩΣ","060512","60512",2η ΡΙΖΟΥΠΟΛΕΩΣ,2nd RIZOYPOLEOS,ΕΡΜΩΝΑΣΣΗΣ,"605"
"060513: 1η ΡΙΖΟΥΠΟΛΕΩΣ","060513","60513",1η ΡΙΖΟΥΠΟΛΕΩΣ,1st RIZOYPOLEOS,ΕΡΜΩΝΑΣΣΗΣ,"605"
"060514: ΑΓ. ΑΝΤΩΝΙΟΣ","060514","60514",ΑΓ. ΑΝΤΩΝΙΟΣ,AG. ANTONIOS,ΛΕΩΦ.ΗΡΑΚΛΕΙΟΥ,"500, 605, Α8"
"060515: ΝΟΜΙΚΗ","060515","60515",ΝΟΜΙΚΗ,NOMIKH,ΣΟΛΩΝΟΣ,"224"
"060516: ΦΑΡΜΑΚΕΙΟ","060516","60516",ΦΑΡΜΑΚΕΙΟ,FARMAKEIO,ΛΕΩΦ.ΗΡΑΚΛΕΙΟΥ,"500, 605, Α8"
"060517: ΕΦΟΡΙΑ","060517","60517",ΕΦΟΡΙΑ,EFORIA,ΛΕΩΦ.ΗΡΑΚΛΕΙΟΥ,"605, 619"
"060521: ΠΛ. ΚΟΛΙΑΤΣΟΥ","060521","60521",ΠΛ. ΚΟΛΙΑΤΣΟΥ,PL. KOLIATSOY,ΠΑΤΗΣΙΩΝ,"054, 11, 14 , 3, 3*, 5, 5*, 608, Α8"
"060522: ΑΝΝΑ & ΜΑΡΙΑ ΚΑΛΟΥΤΑ","060522","60522",ΑΝΝΑ & ΜΑΡΙΑ ΚΑΛΟΥΤΑ,ANNA & MARIA KALOYTA,ΠΑΤΗΣΙΩΝ,"11, 14 , 3, 3*, 5, 5*, Α8"
"060523: ΚΑΛΛΙΦΡΟΝΑ","060523","60523",ΚΑΛΛΙΦΡΟΝΑ,KALLIFRONA,ΠΑΤΗΣΙΩΝ,"054, 11, 14 , 3, 3*, 5, 5*, 608, Α8"
"060525: ΚΕΦΑΛΛΗΝΙΑΣ","060525","60525",ΚΕΦΑΛΛΗΝΙΑΣ,KEFALLHNIAS,ΠΑΤΗΣΙΩΝ,"054, 11, 14 , 3, 3*, 5, 5*, 608, Α8"
"060526: ΑΓΓΕΛΟΠΟΥΛΟΥ","060526","60526",ΑΓΓΕΛΟΠΟΥΛΟΥ,AGGELOPOYLOY,ΠΑΤΗΣΙΩΝ,"054, 11, 14 , 3, 3*, 5, 5*, 608, Α8"
"060527: ΟΤΕ","060527","60527",ΟΤΕ,OTE,ΠΑΤΗΣΙΩΝ,"14"
"060529: ΑΝΝΑ & ΜΑΡΙΑ ΚΑΛΟΥΤΑ","060529","60529",ΑΝΝΑ & ΜΑΡΙΑ ΚΑΛΟΥΤΑ,ANNA & MARIA KALOYTA,ΠΑΤΗΣΙΩΝ,"054, 11, 14 , 3, 3*, 5, 5*, 608, Α8"
"060532: ΧΑΛΚΟΚΟΝΔΥΛΗ","060532","60532",ΧΑΛΚΟΚΟΝΔΥΛΗ,XALKOKONDYLH,ΧΑΛΚΟΚΟΝΔΥΛΗ,"732"
"060534: ΠΑΛ. ΤΕΡΜΑ","060534","60534",ΠΑΛ. ΤΕΡΜΑ,PAL. TERMA,ΒΕΛΒΕΝΔΟΥΣ,"035"
"060539: ΓΥΜΝΑΣΙΟ","060539","60539",ΓΥΜΝΑΣΙΟ,GYMNASIO,ΒΕΛΒΕΝΔΟΥΣ,"035"
"060541: ΓΥΜΝΑΣΙΟ","060541","60541",ΓΥΜΝΑΣΙΟ,GYMNASIO,ΒΕΛΒΕΝΔΟΥΣ,"035"
"060542: ΠΑΛ. ΤΕΡΜΑ","060542","60542",ΠΑΛ. ΤΕΡΜΑ,PAL. TERMA,ΚΕΡΚΥΡΑΣ,"035"
"060543: ΦΙΛΟΤΙΜΟΥ","060543","60543",ΦΙΛΟΤΙΜΟΥ,FILOTIMOY,ΚΕΡΚΥΡΑΣ,"035"
"060544: ΣΚΥΡΟΥ","060544","60544",ΣΚΥΡΟΥ,SKYROY,ΚΕΡΚΥΡΑΣ,"035"
"060545: ΖΑΚΥΝΘΟΥ","060545","60545",ΖΑΚΥΝΘΟΥ,ZAKYNTHOY,ΚΕΡΚΥΡΑΣ,"035"
"060546: ΛΕΥΚΑΔΟΣ","060546","60546",ΛΕΥΚΑΔΟΣ,LEYKADOS,ΛΕΥΚΑΔΟΣ,"035"
"060547: ΣΧΟΛΗ ΕΥΕΛΠΙΔΩΝ","060547","60547",ΣΧΟΛΗ ΕΥΕΛΠΙΔΩΝ,SXOLH EYELPIDON,ΜΟΥΣΤΟΞΥΔΗ,"035, 046, 15, 15*"
"060550: ΠΑΝΕΛΛΗΝΙΟΣ","060550","60550",ΠΑΝΕΛΛΗΝΙΟΣ,PANELLHNIOS,ΜΑΥΡΟΜΜΑΤΑΙΩΝ,"022, 035, 046, 15, 15*, 2, 224, 3*, 4, 5*"
"060551: ΕΠΤΑΝΗΣΟΥ","060551","60551",ΕΠΤΑΝΗΣΟΥ,EPTANHSOY,ΚΥΨΕΛΗΣ,"022, 035, 2, 4"
"060552: ΙΘΑΚΗΣ","060552","60552",ΙΘΑΚΗΣ,ITHAKHS,ΚΥΨΕΛΗΣ,"022, 035, 2, 4"
"060553: ΖΑΚΥΝΘΟΥ","060553","60553",ΖΑΚΥΝΘΟΥ,ZAKYNTHOY,ΚΥΨΕΛΗΣ,"022, 035, 2, 4"
"060554: ΣΚΥΡΟΥ","060554","60554",ΣΚΥΡΟΥ,SKYROY,ΚΥΨΕΛΗΣ,"022, 035, 2, 4"
"060555: ΠΛ  ΚΥΨΕΛΗΣ (ΤΕΡΜΑ 036)","060555","60555",ΠΛ  ΚΥΨΕΛΗΣ (ΤΕΡΜΑ 036),PL. KYPSELHS (TERMA 036),ΠΛ.ΚΥΨΕΛΗΣ,"022, 035, 036, 2, 4"
"060556: ΦΙΛΟΤΙΜΟΥ","060556","60556",ΦΙΛΟΤΙΜΟΥ,FILOTIMOY,ΦΙΛΟΤΙΜΟΥ,"022"
"060557: ΝΕΑ  ΚΥΨΕΛΗ","060557","60557",ΝΕΑ  ΚΥΨΕΛΗ,NΕΑ  KYPSELH,ΛΑΖΑΡΑΔΩΝ,"022"
"060558: ΚΟΛΟΣΣΑΙΟΝ","060558","60558",ΚΟΛΟΣΣΑΙΟΝ,KOLOSSAION,ΒΕΛΒΕΝΔΟΥΣ,"022"
"060560: ΣΚΥΡΟΥ","060560","60560",ΣΚΥΡΟΥ,SKYROY,ΚΥΨΕΛΗΣ,"022, 2, 4, 622"
"060561: ΖΑΚΥΝΘΟΥ","060561","60561",ΖΑΚΥΝΘΟΥ,ZAKYNTHOY,ΚΥΨΕΛΗΣ,"022, 2, 4, 622"
"060562: ΙΘΑΚΗΣ","060562","60562",ΙΘΑΚΗΣ,ITHAKHS,ΚΥΨΕΛΗΣ,"022, 2, 4, 622"
"060563: ΕΠΤΑΝΗΣΟΥ","060563","60563",ΕΠΤΑΝΗΣΟΥ,EPTANHSOY,ΚΥΨΕΛΗΣ,"022, 2, 4, 622"
"060565: ΟΤΕ ΠΕΔΙΟΥ ΑΡΕΩΣ","060565","60565",ΟΤΕ ΠΕΔΙΟΥ ΑΡΕΩΣ,OTE PEDIOY AREOS,ΠΑΤΗΣΙΩΝ,"022, 054, 224, 500, 608, 622, Α8"
"060572: ΒΟΥΡΗ","060572","60572",ΒΟΥΡΗ,BOYRH,ΕΥΣΤΑΘ.ΛΑΜΨΑ,"651"
"060580: ΑΦΕΤΗΡΙΑ - ΑΚΑΔΗΜΙΑ","060580","60580",ΑΦΕΤΗΡΙΑ - ΑΚΑΔΗΜΙΑ,AFETHRIA - AKADHMIA,ΑΚΑΔΗΜΙΑΣ,"022"
"060587: ΣΥΝΤΑΓΜΑ","060587","60587",ΣΥΝΤΑΓΜΑ,SYNTAGMA,ΛΕΩΦ.ΒΑΣ.ΣΟΦΙΑΣ,"031, 203, 204, 204Β, 211, 214, 224"
"060588: ΚΗΠΟΣ","060588","60588",ΚΗΠΟΣ,KHPOS,ΛΕΩΦ.ΒΑΣ.ΣΟΦΙΑΣ,"220, 221, 235, 400, 608, 622, 815, Α5"
"060589: ΒΥΖΑΝΤΙΝΟ ΜΟΥΣΕΙΟ - ΡΗΓΙΛΛΗΣ","060589","60589",ΒΥΖΑΝΤΙΝΟ ΜΟΥΣΕΙΟ - ΡΗΓΙΛΛΗΣ,BYZANTINO MOYSEIO - RHGILLHS,ΛΕΩΦ.ΒΑΣ.ΣΟΦΙΑΣ,"203, 204, 204Β, 211, 214, 220, 221, 224, 235, 3, 3*, 400, 608, 622, 815, Α5, Ε14, Χ14, Χ95"
"060590: ΝΟΣΟΚΟΜΕΙΟ ΕΥΑΓΓΕΛΙΣΜΟΣ","060590","60590",ΝΟΣΟΚΟΜΕΙΟ ΕΥΑΓΓΕΛΙΣΜΟΣ,NOSOKOMEIO EYAGGELISMOS,ΛΕΩΦ.ΒΑΣ.ΣΟΦΙΑΣ,"031, 032, 220, 221, 224, 235, 250, 608, 622, 815"
"060591: ΙΛΙΣΙΑ","060591","60591",ΙΛΙΣΙΑ,ILISIA,ΛΕΩΦ.ΒΑΣ.ΣΟΦΙΑΣ,"031, 10, 10*, 3, 3*, 400, 550, Α5, Ε14, Χ14, Χ95"
"060593: ΙΠΠΟΚΡΑΤΕΙΟ","060593","60593",ΙΠΠΟΚΡΑΤΕΙΟ,IPPOKRATEIO,ΛΕΩΦ.ΒΑΣ.ΣΟΦΙΑΣ,"10, 10*, 3, 3*, 400, 550, Α5, Ε14, Χ14"
"060594: ΑΘΗΝΑΙΟΝ","060594","60594",ΑΘΗΝΑΙΟΝ,ATHINAION,ΛΕΩΦ.ΒΑΣ.ΣΟΦΙΑΣ,"10, 10*, 3, 3*, 550, Χ14"
"060596: ΑΜΠΕΛΟΚΗΠΟΙ","060596","60596",ΑΜΠΕΛΟΚΗΠΟΙ,AMPELOKHPOI,ΦΕΙΔΙΠΠΙΔΟΥ,"230, Β5"
"060598: ΑΜΠΕΛΟΚΗΠΟΙ","060598","60598",ΑΜΠΕΛΟΚΗΠΟΙ,AMPELOKHPOI,ΛΕΩΦ.ΚΗΦΙΣΙΑΣ,"10, 10*, 14 , 18, 19, 19Β, 3, 3*, 550, 610, Α7, Ε14, Χ14"
"060601: ΖΕΡΒΑ","060601","60601",ΖΕΡΒΑ,ZERBA,ΛΕΩΦ.ΚΗΦΙΣΙΑΣ,"10, 10*, 14 , 18, 19, 19Β, 3, 3*, 550, 610, Α7, Χ14"
"060602: ΑΓ. ΤΡΙΑΔΑ","060602","60602",ΑΓ. ΤΡΙΑΔΑ,AG. TRIADA,ΣΟΦ.ΣΛΗΜΑΝ,"046"
"060603: ΕΡΥΘΡΟΣ ΣΤΑΥΡΟΣ","060603","60603",ΕΡΥΘΡΟΣ ΣΤΑΥΡΟΣ,ERYTHROS STAYROS,ΛΕΩΦ.ΚΗΦΙΣΙΑΣ,"10, 10*, 14 , 18, 19, 19Β, 3, 3*, 550, 602, 610, Α7, Ε14, Χ14"
"060604: ΓΗΡΟΚΟΜΕΙΟ","060604","60604",ΓΗΡΟΚΟΜΕΙΟ,GHROKOMEIO,ΛΕΩΦ.ΚΗΦΙΣΙΑΣ,"036, 10, 10*, 14 , 18, 19, 19Β, 3, 3*, 550, 602, 610, 653, Α7, Χ14"
"060605: ΚΑΤΕΧΑΚΗ","060605","60605",ΚΑΤΕΧΑΚΗ,KATEXAKH,ΛΕΩΦ.ΚΗΦΙΣΙΑΣ,"036, 10, 10*, 140, 18, 19, 19Β, 3, 3*, 550, 602, 610, Α7, Χ14"
"060607: ΓΗΡΟΚΟΜΕΙΟ","060607","60607",ΓΗΡΟΚΟΜΕΙΟ,GHROKOMEIO,ΛΕΩΦ.ΚΗΦΙΣΙΑΣ,"036, 10, 10*, 14 , 18, 19, 19Β, 3, 3*, 550, 602, 610, 653, Α7, Χ14"
"060608: ΕΡΥΘΡΟΣ ΣΤΑΥΡΟΣ","060608","60608",ΕΡΥΘΡΟΣ ΣΤΑΥΡΟΣ,ERYTHROS STAYROS,ΛΕΩΦ.ΚΗΦΙΣΙΑΣ,"10, 10*, 14 , 18, 19, 19Β, 3, 3*, 550, Α7, Ε14, Χ14"
"060610: ΖΕΡΒΑ","060610","60610",ΖΕΡΒΑ,ZERBA,ΛΕΩΦ.ΚΗΦΙΣΙΑΣ,"10, 10*, 14 , 18, 19, 19Β, 3, 3*, 550, 653, Α7, Χ14"
"060611: ΑΜΠΕΛΟΚΗΠΟΙ","060611","60611",ΑΜΠΕΛΟΚΗΠΟΙ,AMPELOKHPOI,ΛΕΩΦ.ΚΗΦΙΣΙΑΣ,"10, 10*, 14 , 18, 19, 19Β, 3, 3*, 550, 653, Α7, Ε14, Χ14"
"060614: ΝΟΣΟΚΟΜΕΙΟ ΑΓ. ΣΑΒΒΑΣ","060614","60614",ΝΟΣΟΚΟΜΕΙΟ ΑΓ. ΣΑΒΒΑΣ,NOSOKOMEIO AG. SABBAS,ΛΕΩΦ.ΑΛΕΞΑΝΔΡΑΣ,"14 , 18, 19, 19Β, 230, Α7, Β5"
"060615: ΣΤ. ΠΑΝΟΡΜΟΥ","060615","60615",ΣΤ. ΠΑΝΟΡΜΟΥ,ST. PANORMOY,ΛΑΡΙΣΗΣ,"046, 602, 653"
"060616: ΙΚΑ","060616","60616",ΙΚΑ,IKA,ΛΕΩΦ.ΑΛΕΞΑΝΔΡΑΣ,"14 , 18, 19, 19Β, 230, 813, Α7, Β5"
"060617: ΙΠΠΟΚΡΑΤΟΥΣ","060617","60617",ΙΠΠΟΚΡΑΤΟΥΣ,IPPOKRATOYS,ΛΕΩΦ.ΑΛΕΞΑΝΔΡΑΣ,"14 , 18, 19, 19Β, Α7, Β5"
"060618: ΠΑΝΑΘΗΝΑΙΑ","060618","60618",ΠΑΝΑΘΗΝΑΙΑ,PANATHINAIA,ΛΕΩΦ.ΑΛΕΞΑΝΔΡΑΣ,"14 , 18, 19, 19Β, Α7, Β5"
"060619: ΣΟΝΙΑ","060619","60619",ΣΟΝΙΑ,SONIA,ΛΕΩΦ.ΑΛΕΞΑΝΔΡΑΣ,"14 , 18, 19, 19Β, Α7, Β5"
"060620: ΠΕΔΙΟΝ ΑΡΕΩΣ","060620","60620",ΠΕΔΙΟΝ ΑΡΕΩΣ,PEDION AREOS,ΛΕΩΦ.ΑΛΕΞΑΝΔΡΑΣ,"035, 046, 14 , 15, 15*, 18, 19, 19Β, 224, Α7, Β5"
"060621: ΙΟΥΛΙΑΝΟΥ","060621","60621",ΙΟΥΛΙΑΝΟΥ,IOYLIANOY,ΙΟΥΛΙΑΝΟΥ,Β5
"060622: ΑΧΑΡΝΩΝ","060622","60622",ΑΧΑΡΝΩΝ,AXARNON,ΙΟΥΛΙΑΝΟΥ,Β5
"060623: ΛΙΟΣΙΩΝ","060623","60623",ΛΙΟΣΙΩΝ,LIOSION,ΙΟΥΛΙΑΝΟΥ,Β5
"060624: Γ.Υ.Σ","060624","60624",Γ.Υ.Σ,G.Y.S.,ΕΥΕΛΠΙΔΩΝ,"046, 15, 224"
"060625: ΔΙΚΑΣΤΗΡΙΑ","060625","60625",ΔΙΚΑΣΤΗΡΙΑ,DIKASTHRIA,ΕΥΕΛΠΙΔΩΝ,"15, 15*, 224"
"060626: ΜΠΑΛΑ","060626","60626",ΜΠΑΛΑ,MPALA,ΕΥΕΛΠΙΔΩΝ,"140, 15, 15*, 224"
"060627: ΚΡΥΣΤΑΛ","060627","60627",ΚΡΥΣΤΑΛ,KRYSTAL,ΠΡΙΓΚΙΠΟΝΝΗΣΩΝ,"15, 15*, 224"
"060628: ΠΑΛΑΙΟ ΤΕΡΜΑ","060628","60628",ΠΑΛΑΙΟ ΤΕΡΜΑ,PALAIO TERMA,ΚΩΝ.ΤΣΑΛΔΑΡΗ,"140, 224"
"060629: 1η ΕΛ. ΒΕΝΙΖΕΛΟΥ","060629","60629",1η ΕΛ. ΒΕΝΙΖΕΛΟΥ,1st EL. BENIZELOY,ΚΩΝ.ΤΣΑΛΔΑΡΗ,"140, 224"
"060630: 2η ΕΛ. ΒΕΝΙΖΕΛΟΥ","060630","60630",2η ΕΛ. ΒΕΝΙΖΕΛΟΥ,2nd EL. BENIZELOY,ΚΩΝ.ΤΣΑΛΔΑΡΗ,"140, 224"
"060631: 3η ΕΛ. ΒΕΝΙΖΕΛΟΥ","060631","60631",3η ΕΛ. ΒΕΝΙΖΕΛΟΥ,3rd EL. BENIZELOY,ΒΡΙΛΗΣΣΟΥ,"140, 224"
"060632: 4η ΕΛ. ΒΕΝΙΖΕΛΟΥ","060632","60632",4η ΕΛ. ΒΕΝΙΖΕΛΟΥ,4th EL. BENIZELOY,ΒΡΙΛΗΣΣΟΥ,"140, 224"
"060633: 5η ΕΛ. ΒΕΝΙΖΕΛΟΥ","060633","60633",5η ΕΛ. ΒΕΝΙΖΕΛΟΥ,5th EL. BENIZELOY,ΜΗΤΡΟΠΕΤΡΟΒΑ,"224"
"060634: ΕΛ. ΒΕΝΙΖΕΛΟΥ","060634","60634",ΕΛ. ΒΕΝΙΖΕΛΟΥ,EL. BENIZELOY,ΜΗΤΡΟΠΕΤΡΟΒΑ,"224"
"060635: 5η ΕΛ. ΒΕΝΙΖΕΛΟΥ","060635","60635",5η ΕΛ. ΒΕΝΙΖΕΛΟΥ,5th EL. BENIZELOY,ΜΗΤΡΟΠΕΤΡΟΒΑ,"224"
"060636: 4η ΕΛ. ΒΕΝΙΖΕΛΟΥ","060636","60636",4η ΕΛ. ΒΕΝΙΖΕΛΟΥ,4th EL. BENIZELOY,ΒΡΙΛΗΣΣΟΥ,"140, 224"
"060637: 3η ΕΛ. ΒΕΝΙΖΕΛΟΥ","060637","60637",3η ΕΛ. ΒΕΝΙΖΕΛΟΥ,3rd EL. BENIZELOY,ΒΡΙΛΗΣΣΟΥ,"140, 224"
"060638: 2η ΕΛ. ΒΕΝΙΖΕΛΟΥ","060638","60638",2η ΕΛ. ΒΕΝΙΖΕΛΟΥ,2nd EL. BENIZELOY,ΚΩΝ.ΤΣΑΛΔΑΡΗ,"140, 224"
"060639: 1η ΕΛ. ΒΕΝΙΖΕΛΟΥ","060639","60639",1η ΕΛ. ΒΕΝΙΖΕΛΟΥ,1st EL. BENIZELOY,ΚΩΝ.ΤΣΑΛΔΑΡΗ,"140, 224"
"060640: ΠΑΛΑΙΟ ΤΕΡΜΑ","060640","60640",ΠΑΛΑΙΟ ΤΕΡΜΑ,PALAIO TERMA,ΚΩΝ.ΤΣΑΛΔΑΡΗ,"140, 224"
"060641: ΚΡΥΣΤΑΛ","060641","60641",ΚΡΥΣΤΑΛ,KRYSTAL,ΠΡΙΓΚΙΠΟΝΝΗΣΩΝ,"140, 15, 15*, 224"
"060642: ΔΙΚΑΣΤΗΡΙΑ","060642","60642",ΔΙΚΑΣΤΗΡΙΑ,DIKASTIRIA,ΕΥΕΛΠΙΔΩΝ,"15, 15*, 224"
"060643: Γ.Υ.Σ.","060643","60643",Γ.Υ.Σ.,G.Y.S.,ΕΥΕΛΠΙΔΩΝ,"224"
"060644: ΑΓΓΕΛΟΠΟΥΛΟΥ","060644","60644",ΑΓΓΕΛΟΠΟΥΛΟΥ,AGGELOPOYLOY,ΕΥΕΛΠΙΔΩΝ,"224"
"060647: 3η ΨΥΧΙΚΟΥ","060647","60647",3η ΨΥΧΙΚΟΥ,3rd PSYXIKOY,ΤΡΙΦΥΛΛΙΑΣ,"036, 651"
"060648: 4η ΨΥΧΙΚΟΥ","060648","60648",4η ΨΥΧΙΚΟΥ,4th PSYXIKOY,ΠΛ.ΑΝΑΠΗΡΩΝ,"036, 651"
"060649: 5η ΨΥΧΙΚΟΥ","060649","60649",5η ΨΥΧΙΚΟΥ,5th PSYXIKOY,ΦΛΩΡΟΥ,"036, 651"
"060650: ΕΦΕΤΕΙΟ","060650","60650",ΕΦΕΤΕΙΟ,EFETEIO,ΣΩΚΡΑΤΟΥΣ,"051"
"060651: 7η ΨΥΧΙΚΟΥ","060651","60651",7η ΨΥΧΙΚΟΥ,7th PSYXIKOY,MOYNTZOYΡΑΚΗ,"036, 651"
"060652: 7η ΨΥΧΙΚΟΥ","060652","60652",7η ΨΥΧΙΚΟΥ,7th PSYXIKOY,ΠΕΡΡΙΚΟΥ,"140, 651"
"060653: 6η ΨΥΧΙΚΟΥ","060653","60653",6η ΨΥΧΙΚΟΥ,6th PSYXIKOY,ΜΠΑΚΟΥ,"651"
"060654: 5η ΨΥΧΙΚΟΥ","060654","60654",5η ΨΥΧΙΚΟΥ,5th PSYXIKOY,Ν.ΦΛΩΡΟΥ,"651"
"060655: 4η ΨΥΧΙΚΟΥ","060655","60655",4η ΨΥΧΙΚΟΥ,4th PSYXIKOY,ΤΡΙΦΥΛΛΙΑΣ,"036, 651"
"060656: 3η ΨΥΧΙΚΟΥ","060656","60656",3η ΨΥΧΙΚΟΥ,3rd PSYXIKOY,ΤΡΙΦΥΛΛΙΑΣ,"036"
"060658: ΣΟΛΩΝΟΣ","060658","60658",ΣΟΛΩΝΟΣ,SOLONOS,ΑΣΚΛΗΠΙΟΥ,"025, 026"
"060659: ΔΙΔΟΤΟΥ","060659","60659",ΔΙΔΟΤΟΥ,DIDOTOY,ΑΣΚΛΗΠΙΟΥ,"025, 026"
"060660: ΑΓ. ΝΙΚΟΛΑΟΣ","060660","60660",ΑΓ. ΝΙΚΟΛΑΟΣ,AG. NIKOLAOS,ΑΣΚΛΗΠΙΟΥ,"025, 026"
"060661: ΚΑΛΛΙΔΡΟΜΙΟΥ","060661","60661",ΚΑΛΛΙΔΡΟΜΙΟΥ,KALLIDROMIOY,ΑΣΚΛΗΠΙΟΥ,"025, 026"
"060662: ΤΣΙΜΙΣΚΗ","060662","60662",ΤΣΙΜΙΣΚΗ,TSIMISKH,ΑΣΚΛΗΠΙΟΥ,"025, 026"
"060663: ΛΑΣΚΑΡΕΩΣ","060663","60663",ΛΑΣΚΑΡΕΩΣ,LASKAREOS,ΑΣΚΛΗΠΙΟΥ,"025, 026"
"060664: ΔΙΓΕΝΗ ΑΚΡΙΤΑ","060664","60664",ΔΙΓΕΝΗ ΑΚΡΙΤΑ,DIGENH AKRITA,ΑΣΚΛΗΠΙΟΥ,"025, 026"
"060666: ΛΑΣΚΑΡΕΩΣ","060666","60666",ΛΑΣΚΑΡΕΩΣ,LASKAREOS,ΙΠΠΟΚΡΑΤΟΥΣ,"021, 025, 026, 230, 813"
"060667: ΤΣΙΜΙΣΚΗ","060667","60667",ΤΣΙΜΙΣΚΗ,TSIMISKH,ΙΠΠΟΚΡΑΤΟΥΣ,"021, 025, 026, 230, 813"
"060668: ΚΑΛΛΙΔΡΟΜΙΟΥ","060668","60668",ΚΑΛΛΙΔΡΟΜΙΟΥ,KALLIDROMIOY,ΙΠΠΟΚΡΑΤΟΥΣ,"021, 025, 026, 230, 813"
"060670: ΑΚΑΔΗΜΙΑΣ","060670","60670",ΑΚΑΔΗΜΙΑΣ,AKADHMIAS,ΙΠΠΟΚΡΑΤΟΥΣ,"813"
"060672: ΙΠΠΟΚΡΑΤΕΙΟ","060672","60672",ΙΠΠΟΚΡΑΤΕΙΟ,IPPOKRATEIO,ΛΕΩΦ.ΒΑΣ.ΣΟΦΙΑΣ,"10, 10*, 3, 3*, 400, 409, 416, 550, Α5, Ε14, Χ14"
"060673: ΠΛ. ΜΑΒΙΛΗ","060673","60673",ΠΛ. ΜΑΒΙΛΗ,PL. MABILH,ΛΕΩΦ.ΒΑΣ.ΣΟΦΙΑΣ,"10, 10*, 3, 3*, 400, 409, 416, 550, Α5, Χ14, Χ95"
"060674: ΙΛΙΣΙΑ","060674","60674",ΙΛΙΣΙΑ,ILISIA,ΛΕΩΦ.ΒΑΣ.ΣΟΦΙΑΣ,"10, 10*, 3, 3*, 400, 409, 416, 550, Α5, Ε14, Χ14, Χ95"
"060675: ΝΟΣΟΚ. ΕΥΑΓΓΕΛΙΣΜΟΣ","060675","60675",ΝΟΣΟΚ. ΕΥΑΓΓΕΛΙΣΜΟΣ,NOSOK. EVAGGELISMOS,ΛΕΩΦ.ΒΑΣ.ΣΟΦΙΑΣ,"031, 220, 221, 224, 235, 3, 3*, 400, 409, 416, 608, 622, 815, Α5, Ε14, Χ14, Χ95"
"060676: ΡΗΓΙΛΛΗΣ","060676","60676",ΡΗΓΙΛΛΗΣ,RHGILLHS,ΛΕΩΦ.ΒΑΣ.ΣΟΦΙΑΣ,"203, 204, 204Β, 211, 214, 220, 221, 224, 235, 3, 3*, 400, 409, 416, 608, 622, 815, Α5, Ε14, Χ14, Χ95"
"060677: ΓΑΛΑΞΙΑΣ","060677","60677",ΓΑΛΑΞΙΑΣ,GALAXIAS,ΜΕΣΟΓΕΙΩΝ,"230, 400, Α5, Β5, Χ95"
"060679: ΞΥΠΟΛΗΤΟΥ","060679","60679",ΞΥΠΟΛΗΤΟΥ,XYPOLHTOY,ΜΕΣΟΓΕΙΩΝ,"400, Α5, Β5"
"060680: ΣΧΟΛΗ ΑΣΤΥΝΟΜΙΑΣ","060680","60680",ΣΧΟΛΗ ΑΣΤΥΝΟΜΙΑΣ,SXOLH ASTYNOMIAS,ΜΕΣΟΓΕΙΩΝ,"046, 400, Α5, Β5, Χ95"
"060683: ΣΤ. ΜΕΤΡΟ ΚΑΤΕΧΑΚΗ","060683","60683",ΣΤ. ΜΕΤΡΟ ΚΑΤΕΧΑΚΗ,ST. METRO KATEXAKH,ΚΑΤΕΧΑΚΗ,"046"
"060685: ΠΑΛΑΙΟ ΤΕΡΜΑ ΕΛΛΗΝΩΡΩΣΩΝ","060685","60685",ΠΑΛΑΙΟ ΤΕΡΜΑ ΕΛΛΗΝΩΡΩΣΩΝ,PALAIO TERMA ELLHNOROSON,ΦΡΑΓΚΟΠΟΥΛΟΥ,"046"
"060686: ΒΛΑΧΑΚΗ","060686","60686",ΒΛΑΧΑΚΗ,BLAXAKH,ΦΡΑΓΚΟΠΟΥΛΟΥ,"046"
"060687: ΝΕΟ ΤΕΡΜΑ ΕΛΛΗΝΟΡΩΣΩΝ","060687","60687",ΝΕΟ ΤΕΡΜΑ ΕΛΛΗΝΟΡΩΣΩΝ,NEO TERMA ELLHNOROSON,ΒΛΑΧΟΥ,"046"
"060688: ΝΟΣΟΚΟΜΕΙΟ ΘΩΡΑΚΟΣ","060688","60688",ΝΟΣΟΚΟΜΕΙΟ ΘΩΡΑΚΟΣ,NOSOKOMEIO THORAKOS,ΜΕΣΟΓΕΙΩΝ,"036, 140, 400, 402, Α5, Β5"
"060689: ΝΟΣ. ΘΩΡΑΚΟΣ","060689","60689",ΝΟΣ. ΘΩΡΑΚΟΣ,NOS. THORAKOS,ΜΕΣΟΓΕΙΩΝ,"036, 140, 242, 400, 402, 409, 416, Α5, Β5"
"060690: ΣΤ. ΜΕΤΡΟ ΚΑΤΕΧΑΚΗ","060690","60690",ΣΤ. ΜΕΤΡΟ ΚΑΤΕΧΑΚΗ,ST. METRO KATEXAKH,ΜΕΣΟΓΕΙΩΝ,"400, 409, 416, Α5, Β5"
"060691: ΒΛΑΧΟΥ","060691","10490",ΒΛΑΧΟΥ,BLAXOY,ΓΕΩΡ.ΒΛΑΧΟΥ,"046"
"060692: ΠΡΑΝΤΟΥΝΑ","060692","10499",ΠΡΑΝΤΟΥΝΑ,PRANTOYNA,ΠΡΑΝΤΟΥΝΑ,"046"
"060693: ΚΑΤΕΧΑΚΗ","060693","10500",ΚΑΤΕΧΑΚΗ,KATEXAKH,ΚΑΤΕΧΑΚΗ,"046"
"060694: ΣΤ. ΜΕΤΡΟ ΚΑΤΕΧΑΚΗ","060694","10505",ΣΤ. ΜΕΤΡΟ ΚΑΤΕΧΑΚΗ,ST. METRO KATEXAKH,,"046"
"060695: ΤΡΙΚΑΛΩΝ","060695","60695",ΤΡΙΚΑΛΩΝ,TRIKALON,ΤΡΙΚΑΛΩΝ,"046"
"060697: ΣΧΟΛΗ ΑΣΤΥΝΟΜΙΑΣ","060697","60697",ΣΧΟΛΗ ΑΣΤΥΝΟΜΙΑΣ,SXOLH ASTYNOMIAS,ΜΕΣΟΓΕΙΩΝ,"046, 400, 409, 416, Α5, Β5"
"060700: ΤΡΙΚΑΛΩΝ","060700","60700",ΤΡΙΚΑΛΩΝ,TRIKALON,ΜΕΣΟΓΕΙΩΝ,"400, 409, 416, Α5, Β5"
"060702: ΚΑΡΑΝΙΚΑ","060702","60702",ΚΑΡΑΝΙΚΑ,KARANIKA,ΜΕΣΟΓΕΙΩΝ,Β5
"060704: ΜΙΧΑΛΑΚΟΠΟΥΛΟΥ","060704","60704",ΜΙΧΑΛΑΚΟΠΟΥΛΟΥ,MIXALAKOPOYLOY,ΦΕΙΔΙΠΠΙΔΟΥ,"230"
"060705: ΝΟΣΟΚ. ΠΑΙΔΩΝ","060705","60705",ΝΟΣΟΚ. ΠΑΙΔΩΝ,NOSOK. PAIDON,ΘΗΒΩΝ,"230"
"060706: ΝΟΣΟΚΟΜΕΙΟ ΠΑΙΔΩΝ","060706","60706",ΝΟΣΟΚΟΜΕΙΟ ΠΑΙΔΩΝ,NOSOKOMEIO PAIDON,ΘΗΒΩΝ,"032, 140, 230, 622, 815"
"060707: ΜΙΧΑΛΑΚΟΠΟΥΛΟΥ","060707","60707",ΜΙΧΑΛΑΚΟΠΟΥΛΟΥ,MIXALAKOPOYLOY,ΦΩΚΙΔΟΣ,"230"
"060709: ΛΑΙΚΟ","060709","60709",ΛΑΙΚΟ,LAIKO,ΜΙΚΡΑΣ ΑΣΙΑΣ,"032, 140, 622, 815"
"060710: ΟΤΕ","060710","60710",ΟΤΕ,OTE,ΜΙΚΡΑΣ ΑΣΙΑΣ,"032, 140, 622, 815"
"060711: ΑΛΕΞ","060711","60711",ΑΛΕΞ,ALEX,ΜΙΚΡΑΣ ΑΣΙΑΣ,"032, 140, 622, 815"
"060712: ΚΑΦΕΝΕΙΟ","060712","60712",ΚΑΦΕΝΕΙΟ,KAFENEIO,ΠΑΠΑΔΙΑΜΑΝΤΟΠΟΥΛΟΥ,"032, 140, 220, 235, 608, 622, 815"
"060713: ΙΛIΣΙΑ","060713","60713",ΙΛIΣΙΑ,ILISIA,ΠΑΠΑΔΙΑΜΑΝΤΟΠΟΥΛΟΥ,"031, 032, 235, 608, 622, 815"
"060717: ΠΛ. ΚΛΑΥΘΜΩΝΟΣ","060717","60717",ΠΛ. ΚΛΑΥΘΜΩΝΟΣ,PL. KLAYTHMONOS,ΣΤΑΔΙΟΥ,"11, 12, 12*, 2, 227, 4, 400, 790, 856"
"060718: ΣΥΝΤΑΓΜΑ","060718","60718",ΣΥΝΤΑΓΜΑ,SYNTAGMA,ΠΛ.ΣΥΝΤΑΓΜΑΤΟΣ,"025, 026, 11, 12, 12*, 2, 209, 227, 4, Ε14, Χ14"
"060722: ΑΓΑΛΜΑ ΒΥΡΩΝΟΣ","060722","60722",ΑΓΑΛΜΑ ΒΥΡΩΝΟΣ,AGALMA BYRONOS,ΛΕΩΦ.ΒΑΣ.ΟΛΓΑΣ,10*
"060724: ΜΕΤΣ","060724","60724",ΜΕΤΣ,METS,ΛΕΩΦ.ΒΑΣ.ΚΩΝΣΤΑΝΤΙΝΟΥ,"10, 10*, 11, 2, 209, 4"
"060725: ΣΤΑΔΙΟ","060725","60725",ΣΤΑΔΙΟ,STADIO,ΛΕΩΦ.ΒΑΣ.ΚΩΝΣΤΑΝΤΙΝΟΥ,"10, 10*, 11, 2, 209, 4, 550"
"060727: ΠΛ. ΠΛΑΣΤΗΡΑ","060727","60727",ΠΛ. ΠΛΑΣΤΗΡΑ,PL. PLASTHRA,ΑΡΧΙΜΗΔΟΥΣ,"209"
"060728: ΠΛ. ΒΑΡΝΑΒΑ","060728","60728",ΠΛ. ΒΑΡΝΑΒΑ,PL. BARNABA,ΕΜΠΕΔΟΚΛΕΟΥΣ,"209"
"060729: ΜΕΛΙΣΣΟΥ","060729","60729",ΜΕΛΙΣΣΟΥ,MELISSOY,ΜΕΛΙΣΣΟΥ,"209"
"060730: ΑΡΥΒΒΟΥ","060730","60730",ΑΡΥΒΒΟΥ,ARYBBOY,ΑΡΥΒΒΟΥ,"209"
"060731: ΦΡΥΝΗΣ","060731","60731",ΦΡΥΝΗΣ,FRYNHS,ΦΡΥΝΗΣ,"209"
"060732: ΓΕΦΥΡΑ","060732","60732",ΓΕΦΥΡΑ,GEFYRA,ΧΡΕΜΩΝΙΔΟΥ,"140, 203, 204, 204Β, 209, 211"
"060733: ΧΡΕΜΩΝΙΔΟΥ","060733","60733",ΧΡΕΜΩΝΙΔΟΥ,XREMONIDOY,ΧΡΕΜΩΝΙΔΟΥ,"203, 204, 204Β, 209, 211"
"060734: ΠΡΟΦ. ΗΛΙΑΣ","060734","60734",ΠΡΟΦ. ΗΛΙΑΣ,PROF. HLIAS,ΥΜΗΤΤΟΥ,"209"
"060735: ΕΜΠΕΔΟΚΛΕΟΥΣ","060735","60735",ΕΜΠΕΔΟΚΛΕΟΥΣ,EMPEDOKLEOYS,ΕΜΠΕΔΟΚΛΕΟΥΣ,"209"
"060737: ΠΛ. ΠΛΑΣΤΗΡΑ","060737","60737",ΠΛ. ΠΛΑΣΤΗΡΑ,PL. PLASTHRA,ΕΥΤΥΧΙΔΟΥ,"11, 2, 209, 4"
"060738: ΠΛ. ΠΛΑΣΤΗΡΑ","060738","60738",ΠΛ. ΠΛΑΣΤΗΡΑ,PL. PLASTHRA,ΕΥΤΥΧΙΔΟΥ,"11, 2"
"060739: ΑΛΣΟΣ","060739","60739",ΑΛΣΟΣ,ALSOS,ΕΥΤΥΧΙΔΟΥ,"2"
"060741: ΦΙΛΟΛΑΟΥ","060741","60741",ΦΙΛΟΛΑΟΥ,FILOLAOY,ΦΡΥΝΗΣ,"11, 140, 2, 203, 204, 204Β, 211"
"060742: ΙΦΙΚΡΑΤΟΥΣ","060742","60742",ΙΦΙΚΡΑΤΟΥΣ,IFIKRATOYS,ΙΦΙΚΡΑΤΟΥΣ,"11"
"060744: ΑΛΣΟΣ","060744","60744",ΑΛΣΟΣ,ALSOS,ΕΥΤΥΧΙΔΟΥ,"11, 2"
"060747: ΑΓ. ΣΠΥΡΙΔΩΝ","060747","60747",ΑΓ. ΣΠΥΡΙΔΩΝ,AG. SPYRIDON,ΕΡΑΤΟΣΘΕΝΟΥΣ,"11, 2, 209, 4"
"060748: ΕΘΝΙΚΟ ΙΔΡΥΜΑ ΕΡΕΥΝΩΝ","060748","60748",ΕΘΝΙΚΟ ΙΔΡΥΜΑ ΕΡΕΥΝΩΝ,ETHNIKO IDRYMA EREYNON,ΛΕΩΦ.ΒΑΣ.ΚΩΝΣΤΑΝΤΙΝΟΥ,"10, 10*, 550"
"060749: ΕΥΑΓΓΕΛΙΣΜΟΣ","060749","60749",ΕΥΑΓΓΕΛΙΣΜΟΣ,EYAGGELISMOS,ΡΙΖΑΡΗ,"203, 204, 204Β, 211, 214"
"060750: ΡΙΖΑΡΗ","060750","60750",ΡΙΖΑΡΗ,RIZARH,ΡΙΖΑΡΗ,"203, 204, 204Β, 211, 214"
"060751: ΓΥΜΝΑΣΙΟ","060751","60751",ΓΥΜΝΑΣΙΟ,GYMNASIO,ΣΠΥΡ.ΜΕΡΚΟΥΡΗ,"203, 204, 204Β, 211"
"060752: ΑΛΣΟΣ","060752","60752",ΑΛΣΟΣ,ALSOS,ΣΠΥΡ.ΜΕΡΚΟΥΡΗ,"203, 204, 204Β, 211"
"060753: ΑΛΣΟΣ","060753","60753",ΑΛΣΟΣ,ALSOS,ΣΠΥΡ.ΜΕΡΚΟΥΡΗ,"203, 204, 204Β, 211"
"060754: ΓΥΜΝΑΣΙΟ","060754","60754",ΓΥΜΝΑΣΙΟ,GYMNASIO,ΣΠΥΡ.ΜΕΡΚΟΥΡΗ,"203, 204, 204Β, 211"
"060755: ΒΡΥΣΑΚΙ","060755","60755",ΒΡΥΣΑΚΙ,BRYSAKI,ΦΟΡΜΙΩΝΟΣ,"214"
"060756: ΒΡΥΣΑΚΙ","060756","60756",ΒΡΥΣΑΚΙ,BRYSAKI,ΕΥΦΡΟΝΙΟΥ,"214, 250"
"060757: ΕΥΦΡΟΝΙΟΥ","060757","60757",ΕΥΦΡΟΝΙΟΥ,EYFRONIOY,ΕΥΦΡΟΝΙΟΥ,"214, 250"
"060758: 2η ΡΙΖΑΡΗ","060758","60758",2η ΡΙΖΑΡΗ,2nd RIZARH,ΡΙΖΑΡΗ,"203, 204, 204Β, 211, 214, 250"
"060759: ΕΥΑΓΓΕΛΙΣΜΟΣ","060759","60759",ΕΥΑΓΓΕΛΙΣΜΟΣ,EYAGGELISMOS,ΡΙΖΑΡΗ,"203, 204, 204Β, 211, 214, 250"
"060760: ΠΙΝΑΚΟΘΗΚΗ","060760","60760",ΠΙΝΑΚΟΘΗΚΗ,PINAKOTHIKH,ΛΕΩΦ.ΒΑΣ.ΚΩΝΣΤΑΝΤΙΝΟΥ,"10, 10*, 550"
"060761: ΠΙΝΑΚΟΘΗΚΗ","060761","60761",ΠΙΝΑΚΟΘΗΚΗ,PINAKOTHIKH,ΛΕΩΦ.ΒΑΣ.ΚΩΝΣΤΑΝΤΙΝΟΥ,"10, 10*, 550"
"060762: ΚΑΡΑΒΕΛ","060762","60762",ΚΑΡΑΒΕΛ,KARABEL,ΒΑΣ.ΑΛΕΞΑΝΔΡΟΥ,"221, 224, 250"
"060763: ΝΟΣΟΚ. ΣΥΓΓΡΟΥ","060763","60763",ΝΟΣΟΚ. ΣΥΓΓΡΟΥ,NOSOK. SYGGROY,ΒΑΣ.ΑΛΕΞΑΝΔΡΟΥ,"221, 224"
"060764: ΧΙΛΤΟΝ","060764","60764",ΧΙΛΤΟΝ,HILTON,ΒΑΣ.ΑΛΕΞΑΝΔΡΟΥ,"220, 221, 224"
"060765: ΧΙΛΤΟΝ","060765","60765",ΧΙΛΤΟΝ,HILTON,ΜΙΧΑΛΑΚΟΠΟΥΛΟΥ,"032, 220, 235, 608, 622, 815"
"060766: ΑΓ.  ΧΑΡΑΛΑΜΠΟΣ","060766","60766",ΑΓ.  ΧΑΡΑΛΑΜΠΟΣ,AG. XARALAMPOS,ΜΙΧΑΛΑΚΟΠΟΥΛΟΥ,"032, 220, 235, 608, 622, 815"
"060767: ΣΟΛΩΝΟΣ","060767","60767",ΣΟΛΩΝΟΣ,SOLONOS,ΙΠΠΟΚΡΑΤΟΥΣ,"021"
"060771: ΖΑΓΟΡΑ","060771","60771",ΖΑΓΟΡΑ,ZAGORA,ΜΙΧΑΛΑΚΟΠΟΥΛΟΥ,"400, Α5, Β5, Χ95"
"060772: ΜΕΤΡΟ ΣΥΓΓΡΟΥ-ΦΙΞ","060772","60772",ΜΕΤΡΟ ΣΥΓΓΡΟΥ-ΦΙΞ,METRO SYGGROY-FIX,ΛΕΩΦ.ΣΥΓΓΡΟΥ,Χ80
"060773: ΑΚΡΟΠΟΛΗ","060773","60773",ΑΚΡΟΠΟΛΗ,AKROPOLH,ΛΕΩΦ.ΣΥΓΓΡΟΥ,Χ80
"060775: ΑΚΡΟΠΟΛΗ","060775","60775",ΑΚΡΟΠΟΛΗ,AKROPOLH,ΛΕΩΦ.ΣΥΓΓΡΟΥ,Χ80
"060776: ΜΕΤΡΟ ΣΥΓΓΡΟΥ-ΦΙΞ","060776","60776",ΜΕΤΡΟ ΣΥΓΓΡΟΥ-ΦΙΞ,METRO SYGGROY-FIX,ΛΕΩΦ.ΣΥΓΓΡΟΥ,Χ80
"060777: ΑΓ.  ΧΑΡΑΛΑΜΠΟΣ","060777","60777",ΑΓ.  ΧΑΡΑΛΑΜΠΟΣ,AG. XARALAMPOS,ΜΙΧΑΛΑΚΟΠΟΥΛΟΥ,"220"
"060778: ΧΙΛΤΟΝ","060778","60778",ΧΙΛΤΟΝ,HILTON,ΜΙΧΑΛΑΚΟΠΟΥΛΟΥ,"220"
"060779: ΕΘΝΙΚΟ ΙΔΡΥΜΑ ΕΡΕΥΝΩΝ","060779","60779",ΕΘΝΙΚΟ ΙΔΡΥΜΑ ΕΡΕΥΝΩΝ,ETHNIKO IDRYMA EREYNON,ΛΕΩΦ.ΒΑΣ.ΚΩΝΣΤΑΝΤΙΝΟΥ,"10, 10*, 550"
"060780: ΣΤΑΔΙΟ","060780","60780",ΣΤΑΔΙΟ,STADIO,ΛΕΩΦ.ΒΑΣ.ΚΩΝΣΤΑΝΤΙΝΟΥ,"10, 10*, 11, 2, 209, 4, 550"
"060789: ΜΟΥΣΕΙΟ ΑΚΡΟΠΟΛΗΣ","060789","60789",ΜΟΥΣΕΙΟ ΑΚΡΟΠΟΛΗΣ,MOYSEIO AKROPOLHS,ΜΙΣΑΡΑΛΙΩΤΟΥ,"230"
"060795: ΜΗΤΡΟΠΟΛΗ","060795","60795",ΜΗΤΡΟΠΟΛΗ,MHTROPOLH,ΜΗΤΡΟΠΟΛΕΩΣ,"025, 026"
"060805: ΜΑΚΡΥΓΙΑΝΝΗ","060805","60805",ΜΑΚΡΥΓΙΑΝΝΗ,MAKRYGIANNH,ΛΕΩΦ.ΣΥΓΓΡΟΥ,"040, 1, 1*, 15, 15*, 230, 5, 5*, Α2"
"060806: ΣΤ. ΣΥΓΓΡΟΥ-ΦΙΞ","060806","60806",ΣΤ. ΣΥΓΓΡΟΥ-ΦΙΞ,ST. SYGGROY-FIX,ΛΕΩΦ.ΣΥΓΓΡΟΥ,"040, 10, 10*, 550, Α2, Ε90"
"060807: ΟΛΥΜΠΙΑΚΗ","060807","60807",ΟΛΥΜΠΙΑΚΗ,OLYMPIAKH,ΛΕΩΦ.ΣΥΓΓΡΟΥ,"040, 10, 10*, 106, 126, 136, 137, 550, Α2, Β2"
"060808: ΓΕΦΥΡΑ","060808","60808",ΓΕΦΥΡΑ,GEFYRA,ΛΕΩΦ.ΣΥΓΓΡΟΥ,"040, 10, 10*, 106, 126, 136, 137, 550, Α2, Β2"
"060809: ΑΓ. ΣΩΣΤΗΣ","060809","60809",ΑΓ. ΣΩΣΤΗΣ,AG. SOSTHS,ΛΕΩΦ.ΣΥΓΓΡΟΥ,"040, 10, 10*, 106, 115, 126, 136, 137, 550, Α2, Β2"
"060810: ΠΑΝΤΕΙΟΣ","060810","60810",ΠΑΝΤΕΙΟΣ,PANTEIOS,ΛΕΩΦ.ΣΥΓΓΡΟΥ,"040, 10, 10*, 106, 115, 126, 136, 137, 550, Α2, Β2, Ε90"
"060811: ΓΕΦΥΡΑ","060811","60811",ΓΕΦΥΡΑ,GEFYRA,ΛΕΩΦ.ΣΥΓΓΡΟΥ,"040, 10, 10*, 106, 115, 126, 136, 137, 550, Α2, Β2"
"060813: ΟΛΥΜΠΙΑΚΗ","060813","60813",ΟΛΥΜΠΙΑΚΗ,OLYMPIAKH,ΛΕΩΦ.ΣΥΓΓΡΟΥ,"040, 10, 10*, 106, 115, 126, 136, 137, 550, Α2, Β2"
"060814: ΣΤ. ΣΥΓΓΡΟΥ-ΦΙΞ","060814","60814",ΣΤ. ΣΥΓΓΡΟΥ-ΦΙΞ,ST. SYGGROY-FIX,ΛΕΩΦ.ΣΥΓΓΡΟΥ,"040, 10, 10*, 106, 115, 126, 136, 137, 550, Α2, Ε90"
"060835: ΜΑΚΡΥΓΙΑΝΝΗ","060835","60835",ΜΑΚΡΥΓΙΑΝΝΗ,MAKRYGIANNH,ΛΕΩΦ.ΒΟΥΛΙΑΓΜΕΝΗΣ,"227, 790, 856, Α3"
"060836: ΒΑΡΙΩΤΗ","060836","60836",ΒΑΡΙΩΤΗ,BARIOTH,ΛΕΩΦ.ΒΟΥΛΙΑΓΜΕΝΗΣ,"227, 790, 856, Α3"
"060837: ΦΟΥΡΝΟΣ","060837","60837",ΦΟΥΡΝΟΣ,FOYRNOS,ΛΕΩΦ.ΒΟΥΛΙΑΓΜΕΝΗΣ,"227, 790, 856, Α3"
"060838: ΑΓ. ΙΩΑΝΝΗΣ","060838","60838",ΑΓ. ΙΩΑΝΝΗΣ,AG. IOANNHS,ΛΕΩΦ.ΒΟΥΛΙΑΓΜΕΝΗΣ,"790, Α3"
"060839: ΚΑΡΠΟΥ","060839","60839",ΚΑΡΠΟΥ,KARPOY,ΚΑΡΠΟΥ,"227"
"060840: ΑΓ. ΙΩΑΝΝΗΣ","060840","60840",ΑΓ. ΙΩΑΝΝΗΣ,AG. IOANNHS,ΛΕΩΦ.ΚΑΦΑΝΤΑΡΗ,"856"
"060841: ΚΑΦΑΝΤΑΡΗ","060841","60841",ΚΑΦΑΝΤΑΡΗ,KAFANTARH,ΛΕΩΦ.ΚΑΦΑΝΤΑΡΗ,"856"
"060842: ΚΑΦΑΝΤΑΡΗ","060842","60842",ΚΑΦΑΝΤΑΡΗ,KAFANTARH,ΛΕΩΦ.ΚΑΦΑΝΤΑΡΗ,"856"
"060843: ΑΓ. ΙΩΑΝΝΗΣ","060843","60843",ΑΓ. ΙΩΑΝΝΗΣ,AG. IOANNHS,ΗΛΙΟΥΠΟΛΕΩΣ,"112, 164, 206, 237, 790, Α3"
"060844: ΛΑΙΚΗ","060844","60844",ΛΑΙΚΗ,LAIKH,ΦΙΛΟΛΑΟΥ,"227, 4"
"060845: ΑΓ. ΑΡΤΕΜΙΟΣ","060845","60845",ΑΓ. ΑΡΤΕΜΙΟΣ,AG. ARTEMIOS,ΦΙΛΟΛΑΟΥ,"227, 4"
"060846: ΝΕΑΡΧΟΥ","060846","60846",ΝΕΑΡΧΟΥ,NEARXOY,ΦΙΛΟΛΑΟΥ,"227, 4"
"060847: ΕΜΠΕΔΟΚΛΕΟΥΣ","060847","60847",ΕΜΠΕΔΟΚΛΕΟΥΣ,EMPEDOKLEOYS,ΕΜΠΕΔΟΚΛΕΟΥΣ,"227"
"060848: ΦΡΥΝΩΝΟΣ","060848","60848",ΦΡΥΝΩΝΟΣ,FRYNONOS,ΙΛΙΑΔΟΣ,"227"
"060849: ΔΑΜΑΓHΤOY","060849","60849",ΔΑΜΑΓHΤOY,DAMAGHTOY,ΙΛΙΑΔΟΣ,"227"
"060850: ΔΑΜΑΡΕΩΣ","060850","60850",ΔΑΜΑΡΕΩΣ,DAMAREOS,ΔΑΜΑΓΗΤΟΥ,"227"
"060851: ΡΟΖΙΤΑ","060851","60851",ΡΟΖΙΤΑ,ROZITA,ΗΛΙΟΥΠΟΛΕΩΣ,"112, 164, 206, 237, 790, 856, Α3"
"060852: Α ΝΕΚΡΟΤΑΦΕΙΟ","060852","60852",Α ΝΕΚΡΟΤΑΦΕΙΟ,A NEKROTAFEIO,ΗΛΙΟΥΠΟΛΕΩΣ,"112, 164, 206, 227, 237, 790, 856, Α3"
"060854: ΒΑΡΙΩΤΗ","060854","60854",ΒΑΡΙΩΤΗ,BARIOTH,ΚΑΡΕΑ,"112, 164, 206, 227, 237, 790, 856, Α3"
"060855: ΜΑΚΡΥΓΙΑΝΝΗ","060855","60855",ΜΑΚΡΥΓΙΑΝΝΗ,MAKRYGIANNH,ΑΘ.ΔΙΑΚΟΥ,"10*, 112, 164, 206, 227, 237, 790, 856, Α3"
"060856: ΜΑΚΡΥΓΙΑΝΝΗ","060856","60856",ΜΑΚΡΥΓΙΑΝΝΗ,MAKRYGIANNH,ΛΕΩΦ.ΣΥΓΓΡΟΥ,"040, 1, 1*, 106, 11, 115, 15, 15*, 2, 209, 230, 4, 5, 5*, Α2"
"060858: ΑΓ. ΦΩΤΕΙΝΗ","060858","60858",ΑΓ. ΦΩΤΕΙΝΗ,AG. FOTEINH,ΚΑΛΛΙΡΡΟΗΣ,"10, 10*, 11, 2, 209, 4, 550"
"060860: ΧΑΤΖΗΧΡΗΣΤΟΥ","060860","60860",ΧΑΤΖΗΧΡΗΣΤΟΥ,XATZHXRHSTOY,ΛΕΩΦ.ΣΥΓΓΡΟΥ,"10, 10*, 550"
"060864: ΑΓ. ΠΑΝΤΕΛΕΗΜΩΝ","060864","60864",ΑΓ. ΠΑΝΤΕΛΕΗΜΩΝ,AG. PANTELEHMON,ΚΑΛΛΙΡΡΟΗΣ,"1*, 10, 10*, 550"
"060865: ΑΓ. ΦΩΤΕΙΝΗ","060865","60865",ΑΓ. ΦΩΤΕΙΝΗ,AG. FOTEINH,ΚΑΛΛΙΡΡΟΗΣ,"10, 10*, 550"
"060866: ΚΟΛΥΜΒΗΤΗΡΙΟ","060866","60866",ΚΟΛΥΜΒΗΤΗΡΙΟ,KOLYMBHTHRIO,ΑΡΔΗΤΤΟΥ,"10, 10*, 11, 2, 4, 550"
"060867: ΑΓ. ΦΩΤΕΙΝΗ","060867","60867",ΑΓ. ΦΩΤΕΙΝΗ,AG. FOTEINH,ΑΡΔΗΤΤΟΥ,"11, 2, 4"
"060869: ΑΚΑΔΗΜΙΑΣ","060869","60869",ΑΚΑΔΗΜΙΑΣ,AKADHMIAS,ΑΚΑΔΗΜΙΑΣ,"025, 026, 230"
"060874: ΚΕΦΑΛΛΗΝΙΑΣ","060874","60874",ΚΕΦΑΛΛΗΝΙΑΣ,KEFALLHNIAS,ΠΑΤΗΣΙΩΝ,"11, 14 , 3, 3*, 5, 5*, 608, 622, Α8"
"060875: ΠΛ. ΑΜΕΡΙΚΗΣ","060875","60875",ΠΛ. ΑΜΕΡΙΚΗΣ,PL. AMERIKHS,ΠΑΤΗΣΙΩΝ,"11, 14 , 3, 3*, 5, 5*, Α8"
"060876: ΚΑΛΛΙΦΡΟΝΑ","060876","60876",ΚΑΛΛΙΦΡΟΝΑ,KALLIFRONA,ΠΑΤΗΣΙΩΝ,"11, 14 , 3, 3*, 5, 5*, Α8"
"060877: ΛΥΣΣΙΑΤΡΕΙΟ","060877","60877",ΛΥΣΣΙΑΤΡΕΙΟ,LYSSIATREIO,ΠΑΤΗΣΙΩΝ,"11, 14 , 3, 3*, 5, 5*, Α8"
"060878: ΛΥΣΣΙΑΤΡΕΙΟ","060878","60878",ΛΥΣΣΙΑΤΡΕΙΟ,LYSSIATREIO,ΠΑΤΗΣΙΩΝ,"054, 11, 14 , 3, 3*, 5, 5*, 608, Α8"
"060880: ΠΛ. ΑΜΕΡΙΚΗΣ","060880","60880",ΠΛ. ΑΜΕΡΙΚΗΣ,PL. AMERIKHS,ΠΑΤΗΣΙΩΝ,"054, 11, 14 , 3, 3*, 5, 5*, 608, Α8"
"060881: ΣΤ. ΗΣΑΠ ΑΤΤΙΚΗ","060881","60881",ΣΤ. ΗΣΑΠ ΑΤΤΙΚΗ,ST. HSAP ATTIKH,ΑΔΜΗΤΟΥ,"500"
"060883: ΠΟΛΥΤΕΧΝΕΙΟ","060883","60883",ΠΟΛΥΤΕΧΝΕΙΟ,POLYTEXNEIO,ΠΑΤΗΣΙΩΝ,"11, 15, 15*, 2, 4, 5, 5*, 500, Α8"
"060884: ΟΜΟΝΟΙΑ","060884","60884",ΟΜΟΝΟΙΑ,OMONOIA,ΣΤΑΔΙΟΥ,"1*, 11, 12*, 15, 15*, 2, 4, 5, 5*"
"060886: ΕΥΕΛΠΙΔΩΝ","060886","60886",ΕΥΕΛΠΙΔΩΝ,EYELPIDON,ΒΑΛΤΙΝΩΝ,"046"
"060887: ΑΓ.  ΧΑΡΑΛΑΜΠΟΣ","060887","60887",ΑΓ.  ΧΑΡΑΛΑΜΠΟΣ,AG. XARALAMPOS,ΒΑΛΤΙΝΩΝ,"046"
"060888: ΕΜΠΕΔΟΚΛΕΟΥΣ","060888","60888",ΕΜΠΕΔΟΚΛΕΟΥΣ,EMPEDOKLEOYS,ΕΜΠΕΔΟΚΛΕΟΥΣ,"227"
"060889: ΡΟΣΙΝΙΟΛ","060889","60889",ΡΟΣΙΝΙΟΛ,ROSINIOL,ΛΕΩΦ.ΚΗΦΙΣΟΥ,"420, 790, Χ93"
"060893: ΗΠΕΙΡΟΥ","060893","60893",ΗΠΕΙΡΟΥ,HPEIROY,ΑΧΑΡΝΩΝ,"6, Β9"
"060894: ΧΕΥΔΕΝ","060894","60894",ΧΕΥΔΕΝ,XEYDEN,ΑΧΑΡΝΩΝ,"6, Β9"
"060895: ΑΓ. ΠΑΝΤΕΛΕΗΜΩΝ","060895","60895",ΑΓ. ΠΑΝΤΕΛΕΗΜΩΝ,AG. PANTELEHMON,ΑΧΑΡΝΩΝ,"6, Β9"
"060896: ΙΘΑΚΗΣ","060896","60896",ΙΘΑΚΗΣ,ITHAKHS,ΑΧΑΡΝΩΝ,"6, Β9"
"060897: ΑΓ. ΜΕΛΕΤΙΟΥ","060897","60897",ΑΓ. ΜΕΛΕΤΙΟΥ,AG. MELETIOY,ΑΧΑΡΝΩΝ,"500, 6, Β9"
"060898: ΣΠΙΤΙ ΤΟΥ ΗΘΟΠΟΙΟΥ","060898","60898",ΣΠΙΤΙ ΤΟΥ ΗΘΟΠΟΙΟΥ,SPITI TOY HTHOPOIOY,ΑΧΑΡΝΩΝ,"500, 6, Β9"
"060899: ΠΑΡΑΔΕΙΣΟΣ","060899","60899",ΠΑΡΑΔΕΙΣΟΣ,PARADEISOS,ΑΧΑΡΝΩΝ,"500, 6, Β9"
"060900: ΑΓ. ΝΙΚΟΛΑΟΣ","060900","60900",ΑΓ. ΝΙΚΟΛΑΟΣ,AG. NIKOLAOS,ΑΧΑΡΝΩΝ,"500, 6, Β9"
"060901: ΚΑΤΩ ΠΑΤΗΣΙΑ","060901","60901",ΚΑΤΩ ΠΑΤΗΣΙΑ,KATO PATHSIA,ΑΧΑΡΝΩΝ,"500, 6, Β9"
"060902: ΠΟΛΥΚΑΤΟΙΚΙΕΣ","060902","60902",ΠΟΛΥΚΑΤΟΙΚΙΕΣ,POLYKATOIKIES,ΑΧΑΡΝΩΝ,"500, 6, Β9"
"060903: ΠΑΠΑΝΤΩΝΙΟΥ","060903","60903",ΠΑΠΑΝΤΩΝΙΟΥ,PAPANTONIOY,ΑΧΑΡΝΩΝ,"024, 500, 6, 755, 755Β, Β9"
"060904: ΑΓ. ΕΛΕΥΘΕΡΙΟΣ","060904","60904",ΑΓ. ΕΛΕΥΘΕΡΙΟΣ,AG. ELEYTHERIOS,ΑΧΑΡΝΩΝ,"024, 500, 6, 755, 755Β, Β9"
"060905: ΚΟΚΚΙΝΑΚΗ","060905","60905",ΚΟΚΚΙΝΑΚΗ,KOKKINAKH,ΑΧΑΡΝΩΝ,"6, 755, 755Β, Β9"
"060906: ΣΤΡΟΦΗ","060906","60906",ΣΤΡΟΦΗ,STROFH,ΑΧΑΡΝΩΝ,"6, 755, 755Β, Β9"
"060907: ΣΤΡΟΦΗ","060907","60907",ΣΤΡΟΦΗ,STROFH,ΑΧΑΡΝΩΝ,"6, 703, 755, 755Β, Β9"
"060908: ΚΟΚΚΙΝΑΚΗ","060908","60908",ΚΟΚΚΙΝΑΚΗ,KOKKINAKH,ΑΧΑΡΝΩΝ,"6, 703, 755, 755Β, Β9"
"060909: ΑΓ. ΕΛΕΥΘΕΡΙΟΣ","060909","60909",ΑΓ. ΕΛΕΥΘΕΡΙΟΣ,AG. ELEYTHERIOS,ΑΧΑΡΝΩΝ,"024, 500, 6, 755, 755Β, Β9"
"060910: ΠΑΠΑΝΤΩΝΙΟΥ","060910","60910",ΠΑΠΑΝΤΩΝΙΟΥ,PAPANTONIOY,ΑΧΑΡΝΩΝ,"024, 500, 6, 755, 755Β, Β9"
"060911: ΠΟΛΥΚΑΤΟΙΚΙΕΣ","060911","60911",ΠΟΛΥΚΑΤΟΙΚΙΕΣ,POLYKATOIKIES,ΑΧΑΡΝΩΝ,"500, 6, 755, 755Β, Β9"
"060912: ΓΕΦΥΡΑ","060912","60912",ΓΕΦΥΡΑ,GEFYRA,ΑΧΑΡΝΩΝ,"024, 500, 6, 735, 755, 755Β, Β9"
"060913: ΚΑΤΩ ΠΑΤΗΣΙΑ","060913","60913",ΚΑΤΩ ΠΑΤΗΣΙΑ,KATO PATHSIA,ΑΧΑΡΝΩΝ,"500, 6, Β9"
"060914: ΑΓ. ΝΙΚΟΛΑΟΣ","060914","60914",ΑΓ. ΝΙΚΟΛΑΟΣ,AG. NIKOLAOS,ΑΧΑΡΝΩΝ,"500, 6, Β9"
"060915: ΠΑΡΑΔΕΙΣΟΣ","060915","60915",ΠΑΡΑΔΕΙΣΟΣ,PARADEISOS,ΑΧΑΡΝΩΝ,"500, 6, Β9"
"060916: ΣΠΙΤΙ ΤΟΥ ΗΘΟΠΟΙΟΥ","060916","60916",ΣΠΙΤΙ ΤΟΥ ΗΘΟΠΟΙΟΥ,SPITI TOY ITHOPOIOY,ΑΧΑΡΝΩΝ,"500, 6, Β9"
"060917: ΑΓ .ΜΕΛΕΤΙΟΥ","060917","60917",ΑΓ .ΜΕΛΕΤΙΟΥ,AG. MELETIOY,ΑΧΑΡΝΩΝ,"500, 6, Β9"
"060918: ΙΘΑΚΗΣ","060918","60918",ΙΘΑΚΗΣ,ITHAKHS,ΑΧΑΡΝΩΝ,"500, 6, Β9"
"060919: ΑΓ. ΠΑΝΤΕΛΕΗΜΩΝ","060919","60919",ΑΓ. ΠΑΝΤΕΛΕΗΜΩΝ,AG. PANTELEHMON,ΑΧΑΡΝΩΝ,"500, 6, Β9"
"060920: ΧΕΥΔΕΝ","060920","60920",ΧΕΥΔΕΝ,XEYDEN,ΑΧΑΡΝΩΝ,"6, Β9"
"060921: ΙΟΥΛΙΑΝΟΥ","060921","60921",ΙΟΥΛΙΑΝΟΥ,IOYLIANOY,ΑΧΑΡΝΩΝ,"6, Β9"
"060922: ΠΛ. ΒΑΘΗ","060922","60922",ΠΛ. ΒΑΘΗ,PL. BATHI,ΜΑΓΕΡ,Β9
"060923: ΣΠΥΡΟΥ ΠΑΤΣΗ","060923","60923",ΣΠΥΡΟΥ ΠΑΤΣΗ,SPYROY PATSH,ΛΕΩΦ.ΑΘΗΝΩΝ,"Α15, Β15"
"060924: 1η ΙΛΙΣΙΩΝ","060924","60924",1η ΙΛΙΣΙΩΝ,1st ILISION,ΝΥΜΦΑΙΩΝ,"140, 220"
"060928: ΣΤ. ΥΠΕΡΑΣΤΙΚΩΝ ΛΕΩΦΟΡΕΙΩΝ","060928","60928",ΣΤ. ΥΠΕΡΑΣΤΙΚΩΝ ΛΕΩΦΟΡΕΙΩΝ,ST. YPERASTIKON LEOFOREION,ΛΕΩΦ.ΚΗΦΙΣΟΥ,"420"
"060929: ΛΑΝΑΡΑ","060929","60929",ΛΑΝΑΡΑ,LANARA,ΛΕΩΦ.ΚΗΦΙΣΟΥ,"420"
"060930: ΚΟΛΟΚΥΝΘΟΥΣ","060930","60930",ΚΟΛΟΚΥΝΘΟΥΣ,KOLOKYNTHOYS,ΠΑΡΑΔΡ.ΛΕΩΦ.ΚΗΦΙΣΟΥ,"420, 790, Χ93"
"060931: ΜΕΤΡΟ","060931","60931",ΜΕΤΡΟ,METRO,ΛΕΩΦ.ΚΗΦΙΣΟΥ,"420, 790"
"060932: ΡΟΔΟΥ","060932","60932",ΡΟΔΟΥ,RODOY,ΛΕΩΦ.ΚΗΦΙΣΟΥ,"420, 790"
"060933: ΒΙΟΦΑΡΜ","060933","60933",ΒΙΟΦΑΡΜ,BIOFARM,ΛΕΩΦ.ΚΗΦΙΣΟΥ,"420"
"060934: ΚΥΡ. ΛΟΥΚΑΡΕΩΣ","060934","10520",ΚΥΡ. ΛΟΥΚΑΡΕΩΣ,KYR. LOYKAREOS,ΚΥΡΙΛΛΟΥ ΛΟΥΚΑΡΕΩΣ,"813"
"060935: ΚΛΑΥΘΜΩΝΟΣ","060935","10601",ΚΛΑΥΘΜΩΝΟΣ,KLAYTHMONOS,ΔΡΑΓΑΤΣΑΝΙΟΥ,"025, 026"
"060936: ΠΟΣΕΙΔΩΝΑΣ","060936","60936",ΠΟΣΕΙΔΩΝΑΣ,POSEIDONAS,ΦΟΡΜΙΩΝΟΣ,"214"
"060937: 6η ΦΟΡΜΙΩΝΟΣ","060937","60937",6η ΦΟΡΜΙΩΝΟΣ,6th FORMIONOS,ΦΟΡΜΙΩΝΟΣ,"214"
"060939: ΕΥΡΥΔΑΜΑΝΤΟΣ","060939","60939",ΕΥΡΥΔΑΜΑΝΤΟΣ,EYRYDAMANTOS,ΕΥΡΥΔΑΜΑΝΤΟΣ,"137"
"060940: ΓΗΡΟΚΟΜΕΙΟ","060940","60940",ΓΗΡΟΚΟΜΕΙΟ,GHROKOMEIO,ΕΥΣΤΘ.ΛΑΜΨΑ,"651"
"060941: 2η ΜΠΑΚΝΑΝΑ","060941","60941",2η ΜΠΑΚΝΑΝΑ,2nd MPAKNANA,ΜΠΑΚΝΑΝΑ,"137"
"060942: 3η ΜΠΑΚΝΑΝΑ","060942","60942",3η ΜΠΑΚΝΑΝΑ,3rd MPAKNANA,ΜΠΑΚΝΑΝΑ,"137"
"060943: 4η ΜΠΑΚΝΑΝΑ","060943","60943",4η ΜΠΑΚΝΑΝΑ,4th MPAKNANA,ΜΠΑΚΝΑΝΑ,"137"
"060944: 3η ΜΠΑΚΝΑΝΑ","060944","60944",3η ΜΠΑΚΝΑΝΑ,3rd MPAKNANA,ΜΠΑΚΝΑΝΑ,"137"
"060945: ΠΥΡΡΑΣ","060945","60945",ΠΥΡΡΑΣ,PYRRAS,ΠΥΡΡΑΣ,"137"
"060948: 4η ΑΙΓΑΙΟΥ","060948","60948",4η ΑΙΓΑΙΟΥ,4th AIGAIOY,ΚΡΑΤΗΤΟΣ,"136"
"060949: 3η ΑΙΓΑΙΟΥ","060949","60949",3η ΑΙΓΑΙΟΥ,3rd AIGAIOY,ΚΡΑΤΗΤΟΣ,"136"
"060950: 2η ΑΙΓΑΙΟΥ","060950","60950",2η ΑΙΓΑΙΟΥ,2nd AIGAIOY,ΚΡΑΤΗΤΟΣ,"136"
"060951: 1η ΑΙΓΑΙΟΥ","060951","60951",1η ΑΙΓΑΙΟΥ,1st AIGAIOY,ΚΡΑΤΗΤΟΣ,"136"
"060952: ΠΑΡΝΗΘΟΣ","060952","60952",ΠΑΡΝΗΘΟΣ,PARNITHOS,ΠΑΡΝΗΘΟΣ,"036, 622"
"060953: ΦΑΕΘΩΝΤΟΣ","060953","60953",ΦΑΕΘΩΝΤΟΣ,FAETHONOS,ΔΑΦΝΙΔΟΣ,"036, 622"
"060954: ΠΥΘΩΝΟΣ","060954","60954",ΠΥΘΩΝΟΣ,PYTHONOS,ΔΑΦΝΙΔΟΣ,"036, 622"
"060955: ΑΓ. ΔΗΜΗΤΡΙΟΣ","060955","60955",ΑΓ. ΔΗΜΗΤΡΙΟΣ,AG. DHMHTRIOS,ΣΤΡ\ΓΟΥ ΚΑΛΛΑΡΗ,"024, 735, 755, 755Β"
"060956: ΠΕΖΟΔΡΟΜΟΣ","060956","60956",ΠΕΖΟΔΡΟΜΟΣ,PEZODROMOS,ΝΙΡΒΑΝΑ,"024, 735, 755, 755Β"
"060962: ΚΥΘΝΟΥ","060962","60962",ΚΥΘΝΟΥ,KYTHNOY,ΚΥΘΝΟΥ,"054"
"060968: ΕΥΡΙΠΙΔΟΥ","060968","60968",ΕΥΡΙΠΙΔΟΥ,EYRIPIDOY,ΕΥΡΙΠΙΔΟΥ,"025, 026"
"060969: ΜΑΡΑΣΛΕΙΟΣ","060969","60969",ΜΑΡΑΣΛΕΙΟΣ,MARASLEIOS,ΠΑΤΡΙΑΡΧΟΥ ΙΩΑΚΕΙΜ,"060"
"060970: ΜΟΝΑΣΤΗΡΑΚΙ","060970","60970",ΜΟΝΑΣΤΗΡΑΚΙ,MONASTHRAKI,ΕΡΜΟΥ,"025, 026"
"060971: 7η ΦΟΡΜΙΩΝΟΣ","060971","60971",7η ΦΟΡΜΙΩΝΟΣ,7th FORMIONOS,ΦΟΡΜΙΩΝΟΣ,"214"
"060977: ΛΑΓΚΑΔΑ","060977","60977",ΛΑΓΚΑΔΑ,LAGKADA,ΛΑΓΚΑΔΑ,"026"
"060978: ΜΠΟΥΚΟΥΒΑΛΑ","060978","60978",ΜΠΟΥΚΟΥΒΑΛΑ,MPOYKOYBALA,ΡΑΓΚΑΒΗ,"046"
"060979: ΚΟΖΑΝΗΣ","060979","60979",ΚΟΖΑΝΗΣ,KOZANHS,ΣΠΥΡΟΥ ΠΑΤΣΗ,"026"
"060982: ΑΓ. ΚΩΝΣΤΑΝΤΙΝΟΣ","060982","60982",ΑΓ. ΚΩΝΣΤΑΝΤΙΝΟΣ,AG. KONSTANTINOS,ΑΓ.ΚΩΝΣΤΑΝΤΙΝΟΥ,"051, 057, 1, 1*, 12, 12*, 790"
"060985: ΠΛ. ΚΑΝΙΓΓΟΣ","060985","60985",ΠΛ. ΚΑΝΙΓΓΟΣ,PL. KANIGGOS,ΠΛ.ΚΑΝΙΓΓΟΣ,"022, 224, 3, 3*, 5*, 6, 608, 622, 732, Α7"
"060986: ΑΝΔΡ. ΚΑΛΒΟΥ","060986","60986",ΑΝΔΡ. ΚΑΛΒΟΥ,ANDR. KALBOY,ΑΝΔΡ.ΚΑΛΒΟΥ,"046, 813"
"060987: ΣΤ. ΕΥΑΓΓΕΛΙΣΜΟΣ","060987","60987",ΣΤ. ΕΥΑΓΓΕΛΙΣΜΟΣ,ST. EYAGELISMOS,ΛΕΩΦ.ΒΑΣ.ΣΟΦΙΑΣ,"3, 3*, 400, Α5, Ε14, Χ14"
"060989: ΟΜΟΝΟΙΑ","060989","60989",ΟΜΟΝΟΙΑ,OMONOIA,ΣΤΑΔΙΟΥ,"057, 1, 1*, 12, 12*, 227, 400, 790, 813, 815, 856"
"060990: ΠΛ. ΚΛΑΥΘΜΩΝΟΣ","060990","60990",ΠΛ. ΚΛΑΥΘΜΩΝΟΣ,PL. KLAYTHMONOS,ΣΤΑΔΙΟΥ,"1, 1*, 15, 15*, 5, 5*"
"060991: ΣΥΝΤΑΓΜΑ","060991","60991",ΣΥΝΤΑΓΜΑ,SYNTAGMA,ΠΛ.ΣΥΝΤΑΓΜΑΤΟΣ,"1, 1*, 15, 15*, 400, 5, 5*, 790, Χ80"
"060993: ΥΓΕΙΟΝΟΜΙΚΟ","060993","60993",ΥΓΕΙΟΝΟΜΙΚΟ,YGEIONOMIKO,ΛΕΩΦ.ΑΛΕΞΑΝΔΡΑΣ,"14 , 18, 19, 19Β, 653"
"060998: ΣΥΝΤΑΓΜΑ","060998","60998",ΣΥΝΤΑΓΜΑ,SYNTAGMA,ΛΕΩΦ.ΒΑΣ.ΑΜΑΛΙΑΣ,"1, 1*, 106, 11, 112, 115, 15, 15*, 164, 2, 206, 227, 230, 237, 4, 5, 5*, 790, 856, Α2, Α3"
"061000: ΑΚΑΔΗΜΙΑ","061000","61000",ΑΚΑΔΗΜΙΑ,AKADHMIA,ΠΑΝΕΠΙΣΤΗΜΙΟΥ,"022, 025, 026, 031, 060, 1, 11, 12, 15, 15*, 2, 203, 204, 204Β, 211, 214, 227, 230, 3, 3*, 4, 5, 5*, 608, 622, 732, 790, 815, 856"
"061004: ΟΜΟΝΟΙΑ","061004","61004",ΟΜΟΝΟΙΑ,OMONOIA,ΠΑΝΕΠΙΣΤΗΜΙΟΥ,"031, 035, 054, 057, 1, 1*, 12, 12*, 21, 227, 400, 500, 6, 790"
"061005: ΑΓ. ΠΑΥΛΟΣ","061005","61005",ΑΓ. ΠΑΥΛΟΣ,AG. PAYLOS,ΔΗΛΗΓΙΑΝΝΗ,"1, 1*, 790, Α15, Β15"
"061010: ΠΟΛΥΤΕΧΝΕΙΟ","061010","61010",ΠΟΛΥΤΕΧΝΕΙΟ,POLYTEXNEIO,ΠΑΤΗΣΙΩΝ,"11, 15, 15*, 2, 3, 3*, 4, 5, 5*"
"061011: ΠΟΛΥΤΕΧΝΕΙΟ","061011","61011",ΠΟΛΥΤΕΧΝΕΙΟ,POLYTEXNEIO,ΠΑΤΗΣΙΩΝ,"022, 054, 224, 3, 3*, 6, 608, 622, Α7, Γ12"
"061017: ΙΠΠΟΚΡΑΤΟΥΣ","061017","61017",ΙΠΠΟΚΡΑΤΟΥΣ,IPPOKRATOYS,ΙΠΠΟΚΡΑΤΟΥΣ,"3*, 5*, 6"
"061020: ΣΥΝΤΑΓΜΑ","061020","61020",ΣΥΝΤΑΓΜΑ,SYNTAGMA,ΛΕΩΦ.ΒΑΣ.ΣΟΦΙΑΣ,"3, 3*, 400, Ε14, Χ14"
"061024: ΝΟΣΟΚ. ΑΛΕΞΑΝΔΡΑ","061024","61024",ΝΟΣΟΚ. ΑΛΕΞΑΝΔΡΑ,NOSOK. ALEXANDRA,ΛΕΩΦ.ΒΑΣ.ΣΟΦΙΑΣ,"10, 10*, 3, 3*, 400, 550, Α5, Χ14"
"061025: ΠΛ. ΜΑΒΙΛΗ","061025","61025",ΠΛ. ΜΑΒΙΛΗ,PL. MABILH,ΛΕΩΦ.ΒΑΣ.ΣΟΦΙΑΣ,"10, 10*, 3, 3*, Χ95"
"061026: 2η ΣΧΟΛΕΙΟ","061026","61026",2η ΣΧΟΛΕΙΟ,2nd SXOLEIO,ΕΥΦΡΟΝΙΟΥ,"221, 250"
"061040: ΠΛ. ΑΜΠΕΛΟΚΗΠΩΝ","061040","61040",ΠΛ. ΑΜΠΕΛΟΚΗΠΩΝ,PL. AMPELOKHPON,ΛΕΩΦ.ΒΑΣ.ΣΟΦΙΑΣ,"10, 10*, 3, 3*, 400, 409, 416, 550, Α5, Χ14, Χ95"
"061043: ΝΟΣΟΚ. ΑΛΕΞΑΝΔΡΑ","061043","61043",ΝΟΣΟΚ. ΑΛΕΞΑΝΔΡΑ,NOSOK. ALEXANDRA,ΛΕΩΦ.ΒΑΣ.ΣΟΦΙΑΣ,"10, 10*, 3, 3*, 400, 409, 416, 550, Α5"
"061047: ΕΡΡΙΚΟΣ ΝΤΥΝΑΝ","061047","61047",ΕΡΡΙΚΟΣ ΝΤΥΝΑΝ,ERRIKOS NTYNAN,ΜΕΣΟΓΕΙΩΝ,"046, 400, 409, 416, Α5, Β5, Χ95"
"061048: ΣΥΝΤΑΓΜΑ","061048","61048",ΣΥΝΤΑΓΜΑ,SYNTAGMA,ΛΕΩΦ.ΒΑΣ.ΣΟΦΙΑΣ,"031, 060, 203, 204, 204Β, 211, 214, 220, 221, 235, 3, 3*, 400, 409, 416, 608, 622, 815, Α5, Χ14"
"061049: ΠΛ. ΚΟΛΙΑΤΣΟΥ","061049","61049",ΠΛ. ΚΟΛΙΑΤΣΟΥ,PL. KOLIATSOY,ΠΑΤΗΣΙΩΝ,"11, 14 , 3, 3*, 5, 5*, Α8"
"061051: ΚΛΩΝΑΡΙΔΟΥ","061051","61051",ΚΛΩΝΑΡΙΔΟΥ,KLONARIDOY,ΠΑΤΗΣΙΩΝ,"11, 14 , 3, 3*, 444, 5, 5*, Α8"
"061052: ΣΩΤΗΡΙΑΔΟΥ","061052","61052",ΣΩΤΗΡΙΑΔΟΥ,SOTHRIADOY,ΠΑΤΗΣΙΩΝ,"11, 14 , 3, 3*, 444, 5, 5*, Α8"
"061054: ΛΑΣΚΑΡΑΤΟΥ","061054","61054",ΛΑΣΚΑΡΑΤΟΥ,LASKARATOY,ΛΑΣΚΑΡΑΤΟΥ,"14"
"061055: ΑΓ. ΛΑΥΡΑΣ","061055","61055",ΑΓ. ΛΑΥΡΑΣ,AG. LAYRAS,ΑΓ.ΛΑΥΡΑΣ,"14 , 5, 5*"
"061056: ΑΦΕΤΗΡΙΑ (ΠΛ.ΠΑΠΑΔΙΑΜΑΝΤΗ)","061056","61056",ΑΦΕΤΗΡΙΑ (ΠΛ.ΠΑΠΑΔΙΑΜΑΝΤΗ),AFETHRIA (PL.PAPADIAMANTH),ΠΑΠΑΔΙΑΜΑΝΤΗ,"14 , 5, 5*"
"061057: ΛΑΣΚΑΡΑΤΟΥ","061057","61057",ΛΑΣΚΑΡΑΤΟΥ,LASKARATOY,ΛΑΣΚΑΡΑΤΟΥ,"14"
"061059: ΣΩΤΗΡΙΑΔΟΥ","061059","61059",ΣΩΤΗΡΙΑΔΟΥ,SOTHRIADOY,ΠΑΤΗΣΙΩΝ,"11, 14 , 3, 3*, 5, 5*, Α8"
"061060: ΚΛΩΝΑΡΙΔΟΥ","061060","61060",ΚΛΩΝΑΡΙΔΟΥ,KLONARIDOY,ΠΑΤΗΣΙΩΝ,"11, 14 , 3, 3*, 5, 5*, 608, Α8"
"061061: ΑΓ. ΛΟΥΚΑΣ","061061","61061",ΑΓ. ΛΟΥΚΑΣ,AG. LOYKAS,ΠΑΤΗΣΙΩΝ,"11, 14 , 3, 3*, 5, 5*, 608, Α8"
"061064: ΟΤΕ","061064","61064",ΟΤΕ,OTE,ΠΑΤΗΣΙΩΝ,"11, 2, 3, 3*, 4, 5, 5*"
"061065: ΑΙΓΛΗΣ","061065","61065",ΑΙΓΛΗΣ,AIGLHS,ΚΡΙΣΣΗΣ,"036, 2, 4"
"061066: ΑΓ. ΑΘΑΝΑΣΙΟΣ","061066","61066",ΑΓ. ΑΘΑΝΑΣΙΟΣ,AG. ATHANASIOS,ΚΡΙΣΣΗΣ,"036, 2, 4"
"061067: ΚΑΤΣΗ","061067","61067",ΚΑΤΣΗ,KATSH,ΚΡΙΣΣΗΣ,"036, 2, 4"
"061069: ΚΑΤΣΗ","061069","61069",ΚΑΤΣΗ,KATSH,ΑΜΦΙΤΡΙΤΗΣ,"2, 4"
"061070: ΑΓ. ΑΘΑΝΑΣΙΟΣ","061070","61070",ΑΓ. ΑΘΑΝΑΣΙΟΣ,AG. ATHANASIOS,ΦΑΙΔΡΙΑΔΩΝ,"2, 4"
"061071: ΦΑΕΘΩΝΤΟΣ","061071","61071",ΦΑΕΘΩΝΤΟΣ,FAETHONTOS,ΦΑΙΔΡΙΑΔΩΝ,"2, 4"
"061072: ΠΥΘΩΝΟΣ","061072","61072",ΠΥΘΩΝΟΣ,PYTHONOS,ΦΑΙΔΡΙΑΔΩΝ,"2, 4"
"061074: ΑΓ. ΙΩΑΝΝΗΣ","061074","61074",ΑΓ. ΙΩΑΝΝΗΣ,AG. IOANNHS,ΒΕΙΚΟΥ,"1, 1*, 15, 15*, 5, 5*"
"061075: ΓΑΡΓΑΡΕΤΤΑ","061075","61075",ΓΑΡΓΑΡΕΤΤΑ,GARGARETTA,ΒΕΙΚΟΥ,"1, 1*, 15, 15*, 5, 5*"
"061076: ΖΙΝΝΗ","061076","61076",ΖΙΝΝΗ,ZINNH,ΒΕΙΚΟΥ,"1, 1*, 15, 15*, 5, 5*"
"061077: ΚΟΥΚΑΚΙ","061077","61077",ΚΟΥΚΑΚΙ,KOYKAKI,ΒΕΙΚΟΥ,"1, 1*, 15, 15*, 5, 5*"
"061078: ΠΑΙΔΙΚΗ ΧΑΡΑ","061078","61078",ΠΑΙΔΙΚΗ ΧΑΡΑ,PAIDIKH XARA,ΓΕΝΝΑΙΟΥ ΚΟΛΟΚΟΤΡΩΝΗ,"15, 15*"
"061079: ΑΓ. ΝΙΚΟΛΑΟΣ","061079","61079",ΑΓ. ΝΙΚΟΛΑΟΣ,AG. NIKOLAOS,ΓΕΝΝΑΙΟΥ ΚΟΛΟΚΟΤΡΩΝΗ,"15, 15*"
"061080: ΦΙΛΟΠΑΠΠΟΥ","061080","61080",ΦΙΛΟΠΑΠΠΟΥ,FILOPAPPOY,ΓΕΝΝΑΙΟΥ ΚΟΛΟΚΟΤΡΩΝΗ,"15, 15*"
"061081: ΠΛ. ΜΕΡΚΟΥΡΗ","061081","61081",ΠΛ. ΜΕΡΚΟΥΡΗ,PL. MERKOYRH,ΠΛ.ΜΕΡΚΟΥΡΗ,"15, 15*"
"061082: ΚΥΚΛΩΠΩΝ","061082","61082",ΚΥΚΛΩΠΩΝ,KYKLOPON,ΚΥΚΛΩΠΩΝ,"15, 15*"
"061083: ΑΦΕΤΗΡΙΑ","061083","61083",ΑΦΕΤΗΡΙΑ,AFETHRIA,ΘΕΣΣΑΛΟΝΙΚΗΣ,"500"
"061084: ΦΙΛΟΠΠΑΠΟΥ","061084","61084",ΦΙΛΟΠΠΑΠΟΥ,FILOPPAPOY,ΓΕΝΝΑΙΟΥ ΚΟΛΟΚΟΤΡΩΝΗ,"15, 15*"
"061085: ΣΧΟΛΕΙΑ","061085","61085",ΣΧΟΛΕΙΑ,SXOLEIA,ΓΕΝΝΑΙΟΥ ΚΟΛΟΚΟΤΡΩΝΗ,"15, 15*"
"061087: ΠΑΙΔΙΚΗ ΧΑΡΑ","061087","61087",ΠΑΙΔΙΚΗ ΧΑΡΑ,PAIDIKH XARA,ΒΕΙΚΟΥ,"1, 1*, 5, 5*"
"061088: KOYKAKI","061088","61088",KOYKAKI,KOYKAKI,ΔΗΜΗΤΡΑΚΟΠΟΥΛΟΥ,"1, 1*, 15, 15*, 5, 5*, 910"
"061089: ΖΙΝΝΗ","061089","61089",ΖΙΝΝΗ,ZINNH,ΔΗΜΗΤΡΑΚΟΠΟΥΛΟΥ,"1, 1*, 15, 15*, 5, 5*"
"061090: ΓΑΡΓΑΡΕΤΤΑ","061090","61090",ΓΑΡΓΑΡΕΤΤΑ,GARGARETTA,ΔΗΜΗΤΡΑΚΟΠΟΥΛΟΥ,"1, 1*, 15, 15*, 5, 5*"
"061091: ΑΓ. ΙΩΑΝΝΗΣ","061091","61091",ΑΓ. ΙΩΑΝΝΗΣ,AG. IOANNHS,ΔΗΜΗΤΡΑΚΟΠΟΥΛΟΥ,"1, 1*, 15, 15*, 5, 5*"
"061094: ΤΡΕΙΣ ΓΕΦΥΡΕΣ","061094","61094",ΤΡΕΙΣ ΓΕΦΥΡΕΣ,TREIS GEFYRES,ΛΙΟΣΙΩΝ,"711, 720, 728, Α10, Α11, Β10, Β11, Γ12"
"061095: ΠΑΓΚΡΑΤΙ","061095","61095",ΠΑΓΚΡΑΤΙ,PAGKRATI,ΕΥΤΥΧΙΔΟΥ,"2"
"061096: ΠΛ. ΠΑΓΚΡΑΤΙΟΥ","061096","61096",ΠΛ. ΠΑΓΚΡΑΤΙΟΥ,PL. PAGKRATIOY,ΦΡΥΝΗΣ,"11, 203, 204, 204Β, 211"
"061098: ΠΑΓΚΡΑΤΙ","061098","61098",ΠΑΓΚΡΑΤΙ,PAGKRATI,ΕΥΤΥΧΙΔΟΥ,"11, 2"
"061100: ΠΡΟΦ. ΗΛΙΑΣ","061100","61100",ΠΡΟΦ. ΗΛΙΑΣ,PROF. HLIAS,ΕΥΦΡΑΝΟΡΟΣ,"209, 4"
"061101: ΝΕΟΠΤΟΛΕΜΟΥ","061101","61101",ΝΕΟΠΤΟΛΕΜΟΥ,NEOPTOLEMOY,ΥΜΗΤΤΟΥ,"209, 4"
"061102: ΕΛΤΑ","061102","61102",ΕΛΤΑ,ELTA,ΥΜΗΤΤΟΥ,"4"
"061104: ΑΡΥΒΒΟΥ","061104","61104",ΑΡΥΒΒΟΥ,ARYBBOY,ΦΙΛΟΛΑΟΥ,"4"
"061105: ΥΜΗΤΤΟΥ","061105","61105",ΥΜΗΤΤΟΥ,YMHTTOY,ΑΛΚΕΤΟΥ,"4"
"061106: ΠΡΟΦ. ΗΛΙΑΣ","061106","61106",ΠΡΟΦ. ΗΛΙΑΣ,PROF. HLIAS,ΕΥΦΡΑΝΟΡΟΣ,"4"
"061108: ΠΕΤΡΟΥ ΡΑΛΛΗ","061108","61108",ΠΕΤΡΟΥ ΡΑΛΛΗ,PETROY RALLH,ΠΕΙΡΑΙΩΣ,"049, 21, 815, 838, 841, 842, 914"
"061109: ΔΙΔΟΤΟΥ","061109","61109",ΔΙΔΟΤΟΥ,DIDOTOY,ΙΠΠΟΚΡΑΤΟΥΣ,"021, 025, 026, 230, 813"
"061110: 12η ΛΥΚΑΒΗΤΤΟΥ","061110","61110",12η ΛΥΚΑΒΗΤΤΟΥ,12th LYKABHTTOY,ΤΣΟΧΑ,"060"
"061115: ΠΑΙΔΙΚΗ ΧΑΡΑ","061115","61115",ΠΑΙΔΙΚΗ ΧΑΡΑ,PAIDIKH XARA,ΠΛ.ΚΟΥΝΤΟΥΡΙΩΤΗ,"1*, 15, 15*, 5*"
"061116: ΟΡΦΑΝΙΔΟΥ","061116","61116",ΟΡΦΑΝΙΔΟΥ,ORFANIDOY,ΠΑΠΑΔΙΑΜΑΝΤΗ,"14 , 5, 5*"
"061120: ΓΕΦΥΡΕΣ","061120","61120",ΓΕΦΥΡΕΣ,GEFYRES,ΗΟΥΣ,"035"
"061121: ΑΡΙΣΤΟΒΟΥΛΟΥ","061121","61121",ΑΡΙΣΤΟΒΟΥΛΟΥ,ARISTOBOYLOY,ΗΟΥΣ,"035"
"061122: ΑΓ. ΑΙΚΑΤΕΡΙΝΗ","061122","61122",ΑΓ. ΑΙΚΑΤΕΡΙΝΗ,AG. AIKATERINH,ΗΟΥΣ,"035"
"061123: ΜΠΡΑΒΟ","061123","61123",ΜΠΡΑΒΟ,MPRABO,ΗΟΥΣ,"035"
"061126: ΣΤ. ΑΜΠΕΛΟΚΗΠΟΙ","061126","61126",ΣΤ. ΑΜΠΕΛΟΚΗΠΟΙ,ST. AMPELOKHPOI,ΛΕΩΦ.ΑΛΕΞΑΝΔΡΑΣ,"14 , 18, 19, 19Β, 230, Α7, Β5"
"061127: ΠΑΙΔΙΚΗ ΧΑΡΑ","061127","61127",ΠΑΙΔΙΚΗ ΧΑΡΑ,PAIDIKH XARA,ΔΗΜΗΤΡΑΚΟΠΟΥΛΟΥ,"1, 1*, 5, 5*, 910"
"061128: ΜΠΡΑΒΟΥ","061128","61128",ΜΠΡΑΒΟΥ,MPRABOY,ΚΕΙΡΙΑΔΩΝ,"035, 500"
"061132: ΓΕΩΡΓΟΥΛΙΑ","061132","61132",ΓΕΩΡΓΟΥΛΙΑ,GEORGOYLIA,ΣΙΒΟΡΩΝ,"14 , 5, 5*"
"061133: ΑΓ. ΝΙΚΟΛΑΟΣ","061133","61133",ΑΓ. ΝΙΚΟΛΑΟΣ,AG. NIKOLAOS,ΩΡΩΠΟΥ,"054, 14 , 5, 5*"
"061134: ΟΡΦΑΝΙΔΟΥ","061134","61134",ΟΡΦΑΝΙΔΟΥ,ORFANIDOY,ΟΡΦΑΝΙΔΟΥ,"054, 14 , 5, 5*"
"061135: ΛΕΥΚΙΠΠΟΥ","061135","61135",ΛΕΥΚΙΠΠΟΥ,LEYKIPPOY,ΦΙΛΟΛΑΟΥ,"140, 2"
"061136: ΚΟΝΩΝΟΣ","061136","61136",ΚΟΝΩΝΟΣ,KONONOS,ΥΜΗΤΤΟΥ,"140, 2"
"061137: ΛΥΚΟΥΔΗ","061137","61137",ΛΥΚΟΥΔΗ,LYKOYDH,ΛΥΚΟΥΔΗ,"14 , 5, 5*"
"061139: ΠΥΡΡΑΣ","061139","61139",ΠΥΡΡΑΣ,PYRRAS,ΠΥΡΡΑΣ,"137"
"061140: 2η ΜΠΑΚΝΑΝΑ","061140","61140",2η ΜΠΑΚΝΑΝΑ,2nd MPAKNANA,ΜΠΑΚΝΑΝΑ,"137"
"061148: ΦΩΚΑ","061148","61148",ΦΩΚΑ,FOKA,Ι.ΦΩΚΑ,"054, 14 , 5, 5*"
"061150: ΔΡΥΟΠΩΝ","061150","61150",ΔΡΥΟΠΩΝ,DRYOPON,ΔΗΜΟΦΩΝΤΟΣ,"227"
"061151: 1η ΡΙΖΑΡΗ","061151","61151",1η ΡΙΖΑΡΗ,1st RIZARH,ΡΙΖΑΡΗ,"203, 204, 204Β, 211"
"061154: ΒΛΑΧΟΥ","061154","61154",ΒΛΑΧΟΥ,BLAXOY,ΚΑΡΑΘΕΟΔΩΡΗ,"046, 242"
"061155: ΑΝΔΡΕΑΔΟΥ","061155","61155",ΑΝΔΡΕΑΔΟΥ,ANDREADOY,ΒΙΚΕΛΑ,"024"
"061156: ΠΑΛΑΙΟ ΤΕΡΜΑ","061156","61156",ΠΑΛΑΙΟ ΤΕΡΜΑ,PALAIO TERMA,ΤΣΟΥΝΤΑ,"024"
"061159: ΑΝΔΡΕΑΔΟΥ","061159","61159",ΑΝΔΡΕΑΔΟΥ,ANDREADOY,ΒΙΚΕΛΑ,"024"
"061163: ΑΓ. ΣΠΥΡΙΔΩΝ","061163","61163",ΑΓ. ΣΠΥΡΙΔΩΝ,AG. SPYRIDON,ΕΡΑΤΟΣΘΕΝΟΥΣ,"11, 2, 209, 4"
"061169: ΣΧΟΛΕΙΑ","061169","61169",ΣΧΟΛΕΙΑ,SXOLEIA,ΚΟΥΡΤΙΔΟΥ,"024"
"061170: ΓΕΡΑΚΙΟΥ","061170","61170",ΓΕΡΑΚΙΟΥ,GERAKIOY,ΓΕΡΑΚΙΟΥ,"057"
"061172: ΦΩΚΑ","061172","61172",ΦΩΚΑ,FOKA,ΣΥΡΑΚΟΥΣΩΝ,"054"
"061177: ΣΧΟΛΕΙΟ","061177","61177",ΣΧΟΛΕΙΟ,SXOLEIO,ΞΕΝΟΠΟΥΛΟΥ,"036, 140, 402"
"061180: ΔΙΣΤΟΜΙΤΟΥ","061180","61180",ΔΙΣΤΟΜΙΤΟΥ,DISTOMITOY,ΔΙΣΤΟΜΙΤΟΥ,"15, 15*"
"061181: ΠΑΡΚΟ","061181","61181",ΠΑΡΚΟ,PARKO,ΧΡΥΣΟΥΠΟΛΕΩΣ,"15, 15*"
"061182: ΠΝΕΥΜΑΤΙΚΟ ΚΕΝΤΡΟ","061182","61182",ΠΝΕΥΜΑΤΙΚΟ ΚΕΝΤΡΟ,PNEYMATIKO KENTRO,ΒΑΦΕΙΟΧΩΡΙΟΥ,"15, 15*"
"061183: ΠΑΛΑΙΟ ΤΕΡΜΑ","061183","61183",ΠΑΛΑΙΟ ΤΕΡΜΑ,PALAIO TERMA,ΠΡΙΓΚΙΠΟΝΝΗΣΩΝ,"15, 15*"
"061185: ΠΑΛΑΙΟ ΤΕΡΜΑ","061185","61185",ΠΑΛΑΙΟ ΤΕΡΜΑ,PALAIO TERMA,ΠΡΙΓΚΙΠΟΝΝΗΣΩΝ,"15, 15*"
"061186: ΠΝΕΥΜΑΤΙΚΟ ΚΕΝΤΡΟ","061186","61186",ΠΝΕΥΜΑΤΙΚΟ ΚΕΝΤΡΟ,PNEYMATIKO KENTRO,ΒΑΦΕΙΟΧΩΡΙΟΥ,"15, 15*"
"061196: ΣΧΟΛΕΙΑ","061196","61196",ΣΧΟΛΕΙΑ,SXOLEIA,ΚΟΥΡΤΙΔΟΥ,"024"
"061197: ΖΑΠΠΕΙΟ","061197","61197",ΖΑΠΠΕΙΟ,ZAPPEIO,ΛΕΩΦ.ΒΑΣ.ΑΜΑΛΙΑΣ,"040"
"061198: ΝΟΣΟΚΟΜΕΙΟ ΕΛΠΙΔΑ","061198","10524",ΝΟΣΟΚΟΜΕΙΟ ΕΛΠΙΔΑ,NOSOKOMEIO ELPIDA,ΔΗΜΗΤΣΑΝΑΣ,"813"
"061204: ΣΙΚΕΛΙΑΝΟΥ","061204","61204",ΣΙΚΕΛΙΑΝΟΥ,SIKELIANOY,ΑΓΓ.ΣΙΚΕΛΙΑΝΟΥ,"036, 140, 3, 3*"
"061218: ΣΠ. ΠΑΤΣΗ","061218","61218",ΣΠ. ΠΑΤΣΗ,SP. PATSH,ΙΕΡΑΣ ΟΔΟΥ,"026, 400, 806, 811, 813, 836, 837, 856"
"061220: ΚΟΙΜΗΣΗ ΘΕΟΤΟΚΟΥ","061220","61220",ΚΟΙΜΗΣΗ ΘΕΟΤΟΚΟΥ,KOIMHSH THEOTOKOY,ΠΕΡΡΙΚΟΥ,"036, 651"
"061225: ΤΑΥΓΕΤΟΥ","061225","61225",ΤΑΥΓΕΤΟΥ,TAYGETOY,ΚΕΑΣ,"622"
"061242: ΕΘΝΙΚΟ ΘΕΑΤΡΟ","061242","61242",ΕΘΝΙΚΟ ΘΕΑΤΡΟ,ETHNIKO THEATRO,ΑΓ.ΚΩΝΣΤΑΝΤΙΝΟΥ,"051, 057, 790"
"061256: ΒΑΘΗ","061256","61256",ΒΑΘΗ,BATHI,ΜΑΡΝΗ,"051"
"061260: ΑΚΑΔΗΜΙΑΣ","061260","61260",ΑΚΑΔΗΜΙΑΣ,AKADHMIAS,ΑΚΑΔΗΜΙΑΣ,"3, 3*"
"061261: ΟΜΗΡΟΥ","061261","61261",ΟΜΗΡΟΥ,OMHROY,ΟΜΗΡΟΥ,"025, 026"
"061288: ΕΥΑΓΓΕΛΙΣΜΟΣ","061288","61288",ΕΥΑΓΓΕΛΙΣΜΟΣ,EYAGGELISMOS,ΜΑΡΑΣΛΗ,"032"
"061309: ΣΤΡΑΤΙΩΤΙΚΟ ΝΟΣΟΚΟΜΕΙΟ","061309","61309",ΣΤΡΑΤΙΩΤΙΚΟ ΝΟΣΟΚΟΜΕΙΟ,STRATIOTIKO NOSOKOMEIO,ΛΕΩΦ.ΠΑΝ.ΚΑΝΕΛΛΟΠΟΥΛΟΥ,"140, 242"
"061310: ΘΕΟΤΟΚΟΣ","061310","61310",ΘΕΟΤΟΚΟΣ,THEOTOKOS,ΧΑΤΖΟΠΟΥΛΟΥ,"140"
"061311: ΓΗΡΟΚΟΜΕΙΟ","061311","61311",ΓΗΡΟΚΟΜΕΙΟ,GHROKOMEIO,ΜΠΑΚΟΥ,"140"
"061312: ΝΟΣΟΚΟΜΕΙΟ ΑΕΡΟΠΟΡΙΑΣ","061312","61312",ΝΟΣΟΚΟΜΕΙΟ ΑΕΡΟΠΟΡΙΑΣ,NOSOKOMEIO AEROPORIAS,ΛΕΩΦ.ΠΑΝ.ΚΑΝΕΛΛΟΠΟΥΛΟΥ,"140, 242"
"061313: ΠΛ. ΠΑΓΚΡΑΤΙΟΥ","061313","61313",ΠΛ. ΠΑΓΚΡΑΤΙΟΥ,PL. PAGKRATIOY,ΥΜΗΤΤΟΥ,"140"
"061314: ΝΟΣΟΚΟΜΕΙΟ ΑΕΡΟΠΟΡΙΑΣ","061314","61314",ΝΟΣΟΚΟΜΕΙΟ ΑΕΡΟΠΟΡΙΑΣ,NOSOKOMEIO AEROPORIAS,ΛΕΩΦ.ΠΑΝ.ΚΑΝΕΛΛΟΠΟΥΛΟΥ,"140, 242"
"061315: ΓΕΝΙΚΟ ΚΡΑΤΙΚΟ","061315","61315",ΓΕΝΙΚΟ ΚΡΑΤΙΚΟ,GENIKO KRATIKO,ΧΑΡΙΤΩΝΙΔΟΥ,"036, 140, 402"
"061319: ΣΤ. ΠΑΝΟΡΜΟΥ","061319","61319",ΣΤ. ΠΑΝΟΡΜΟΥ,ST. PANORMOY,ΠΑΝΟΡΜΟΥ,"036, 046, 610, 651"
"061320: ΕΘΝΙΚΗ ΓΛΥΠΤΟΘΗΚΗ","061320","61320",ΕΘΝΙΚΗ ΓΛΥΠΤΟΘΗΚΗ,ETHNIKH GLYPTOTHIKH,ΛΕΩΦ.ΠΑΝ.ΚΑΝΕΛΛΟΠΟΥΛΟΥ,"140, 242"
"061322: ΜΗΤΡΟΠΕΤΡΟΒΑ","061322","61322",ΜΗΤΡΟΠΕΤΡΟΒΑ,MHTROPETROVA,ΒΡΙΛΗΣΣΟΥ,"140"
"061323: ΜΗΤΡΟΠΕΤΡΟΒΑ","061323","61323",ΜΗΤΡΟΠΕΤΡΟΒΑ,MHTROPETROVA,ΒΡΙΛΗΣΣΟΥ,"140"
"061324: ΔΙΚΑΣΤΗΡΙΑ","061324","61324",ΔΙΚΑΣΤΗΡΙΑ,DIKASTHRIA,ΠΡΙΓΚΙΠΟΝΝΗΣΩΝ,"140"
"061326: ΡΟΣΙΝΙΟΛ","061326","61326",ΡΟΣΙΝΙΟΛ,ROSINIOL,ΔΥΡΡΑΧΙΟΥ,"732, 790, 891"
"061328: ΠΑΓΚΡΑΤΙ","061328","61328",ΠΑΓΚΡΑΤΙ,PAGKRATI,ΦΙΛΟΛΑΟΥ,"140, 2"
"061329: ΣΤΡΑΤΙΩΤΙΚΟ ΝΟΣΟΚΟΜΕΙΟ","061329","61329",ΣΤΡΑΤΙΩΤΙΚΟ ΝΟΣΟΚΟΜΕΙΟ,STRATIOTIKO NOSOKOMEIO,ΛΕΩΦ.ΠΑΝ.ΚΑΝΕΛΛΟΠΟΥΛΟΥ,"140, 242"
"061335: ΕΟΤ","061335","61335",ΕΟΤ,EOT,ΑΜΕΡΙΚΗΣ,"025, 026"
"061341: ΤΕΡΜΑ","061341","61341",ΤΕΡΜΑ,TERMA,ΤΣΟΥΝΤΑ,"024"
"061343: ΚΑΝΑΡΗ","061343","61343",ΚΑΝΑΡΗ,KANARH,ΣΟΛΩΝΟΣ,"224"
"061344: ΛΑΟΥ","061344","61344",ΛΑΟΥ,LAOY,ΚΟΛΟΚΥΝΘΟΥΣ,"730, 822, Α13"
"061345: ΙΚΑ","061345","61345",ΙΚΑ,IKA,ΑΛΚΜΗΝΗΣ,"035"
"061348: 2η ΡΙΖΟΥΠΟΛΕΩΣ","061348","61348",2η ΡΙΖΟΥΠΟΛΕΩΣ,2nd RIZOYPOLEOS,ΕΡΜΩΝΑΣΣΗΣ,"605"
"061350: ΠΟΛΥΤΕΧΝΕΙΟ","061350","61350",ΠΟΛΥΤΕΧΝΕΙΟ,POLYTEXNEIO,3ης ΣΕΠΤΕΜΒΡΙΟΥ,"224, 608, 622"
"061351: ΒΡΕΤΤΟΥ","061351","61351",ΒΡΕΤΤΟΥ,BRETTOY,ΛΙΟΣΙΩΝ,"711, 720, 728, Α10, Α11, Β10, Β11, Γ12"
"061352: ΠΡΑΚΤΟΡΕΙΑ","061352","61352",ΠΡΑΚΤΟΡΕΙΑ,PRAKTOREIA,ΛΙΟΣΙΩΝ,"711, 720, 728, Α10, Α11, Β10, Β11, Γ12"
"061357: ΦΙΛΕΛΛΗΝΩΝ","061357","61357",ΦΙΛΕΛΛΗΝΩΝ,FILELLHNON,ΦΙΛΕΛΛΗΝΩΝ,"040, 1, 1*, 11, 12, 12*, 15, 15*, 2, 209, 227, 4, 5, 5*, 790"
"061360: ΠΛ. ΚΥΨΕΛΗΣ","061360","61360",ΠΛ. ΚΥΨΕΛΗΣ,PL. KYPSELHS,ΠΛ.ΚΥΨΕΛΗΣ,"022, 2, 4, 622"
"061362: ΕΡΤ","061362","61362",ΕΡΤ,ERT,ΜΕΣΟΓΕΙΩΝ,"400, Α5, Β5"
"061363: ΣΤ. ΚΑΤΕΧΑΚΗ","061363","61363",ΣΤ. ΚΑΤΕΧΑΚΗ,ST. KATEXAKH,ΜΕΣΟΓΕΙΩΝ,"140, 400, Α5, Β5"
"061364: ΠΑΙΩΝΙΟΥ","061364","61364",ΠΑΙΩΝΙΟΥ,PAIONIOY,ΛΙΟΣΙΩΝ,"719, 732, Α11, Β11, Γ12"
"061368: ΣΤ. ΛΑΡΙΣΗΣ","061368","61368",ΣΤ. ΛΑΡΙΣΗΣ,ST. LARISHS,ΔΗΛΗΓΙΑΝΝΗ,"1, 1*, 790"
"061369: ΔΟΜΟΚΟΥ","061369","61369",ΔΟΜΟΚΟΥ,DOMOKOY,ΔΟΜΟΚΟΥ,"1, 1*, 719, 790"
"061372: ΠΛ. ΠΛΑΣΤΗΡΑ","061372","61372",ΠΛ. ΠΛΑΣΤΗΡΑ,PL. PLASTHRA,ΠΛ.ΠΛΑΣΤΗΡΑ,"209, 4"
"061377: ΟΜΟΝΟΙΑ-ΣΩΚΡΑΤΟΥΣ","061377","61377",ΟΜΟΝΟΙΑ-ΣΩΚΡΑΤΟΥΣ,OMONOIA-SOKRATOYS,ΠΕΙΡΑΙΩΣ,"057, 1, 1*, 12, 12*, 21, 500"
"061382: ΠΟΛΥΤΕΧΝΕΙΟ","061382","61382",ΠΟΛΥΤΕΧΝΕΙΟ,POLYTEXNEIO,ΠΑΤΗΣΙΩΝ,"035"
"061383: ΝΙΚΟΜΑΧΟΥ","061383","61383",ΝΙΚΟΜΑΧΟΥ,NIKOMAXOY,ΗΛΙΑ ΗΛΙΟΥ,"4"
"061386: ΒΟΥΛΙΑΓΜΕΝΗΣ","061386","61386",ΒΟΥΛΙΑΓΜΕΝΗΣ,BOYLIAGMENHS,ΗΛΙΑ ΗΛΙΟΥ,"4"
"061558: ΧΙΛΤΟΝ","061558","61558",ΧΙΛΤΟΝ,HILTON,ΛΕΩΦ.ΒΑΣ.ΣΟΦΙΑΣ,Χ95
"061561: ΗΡΑΚΛΕΙΟΥ","061561","61561",ΗΡΑΚΛΕΙΟΥ,HRAKLEIOY,ΑΓ.ΛΑΥΡΑΣ,"5, 5*"
"061567: ΕΛΕΝΑΣ ΒΕΝΙΖΕΛΟΥ","061567","61567",ΕΛΕΝΑΣ ΒΕΝΙΖΕΛΟΥ,ELENAS BENIZELOY,ΠΑΝΑΓΗ ΚΥΡΙΑΚΟΥ,"060"
"061568: ΑΓ. ΜΕΛΕΤΙΟΣ","061568","61568",ΑΓ. ΜΕΛΕΤΙΟΣ,AG. MELETIOS,ΑΓ.ΜΕΛΕΤΙΟΥ,"732, 891"
"061569: Α' ΝΕΚΡΟΤΑΦΕΙΟ","061569","61569",Α' ΝΕΚΡΟΤΑΦΕΙΟ,A' NEKROTAFEIO,ΥΜΗΤΤΟΥ,"4"
"061590: ΣΥΓΓΡΟΥ","061590","61590",ΣΥΓΓΡΟΥ,SYGGROY,ΑΘ.ΔΙΑΚΟΥ,"11, 2, 209, 227, 4, 856"
"061591: ΕΜΠΟΡΙΚΟ ΚΕΝΤΡΟ","061591","61591",ΕΜΠΟΡΙΚΟ ΚΕΝΤΡΟ,EMPORIKO KENTRO,ΧΑΡ.ΤΡΙΚΟΥΠΗ,"230, 813, 815"
"061592: ΠΟΛΥΤΕΧΝΕΙΟ","061592","61592",ΠΟΛΥΤΕΧΝΕΙΟ,POLYTEXNEIO,ΣΤΟΥΡΝΑΡΗ,"046"
"061593: ΑΜΕΡΙΚΗΣ","061593","61593",ΑΜΕΡΙΚΗΣ,AMERIKHS,ΑΚΑΔΗΜΙΑΣ,"3, 3*"
"061594: ΚΑΣΟΜΟΥΛΗ","061594","61594",ΚΑΣΟΜΟΥΛΗ,KASOMOYLH,ΦΡΑΝΤΖΗ,"4"
"061595: ΜΕΝΕΚΡΑΤΟΥΣ","061595","61595",ΜΕΝΕΚΡΑΤΟΥΣ,MENEKRATOYS,ΛΕΩΦ.ΚΑΦΑΝΤΑΡΗ,"4"
"061598: ΚΑΡΑΝΙΚΑ","061598","61598",ΚΑΡΑΝΙΚΑ,KARANIKA,ΜΕΣΟΓΕΙΩΝ,"400, 409, 416, Α5, Χ95"
"061600: ΗΛΙΟΥΠΟΛΕΩΣ","061600","61600",ΗΛΙΟΥΠΟΛΕΩΣ,HLIOYPOLEOS,ΥΜΗΤΤΟΥ,"227, 4"
"061602: ΦΙΞ","061602","61602",ΦΙΞ,FIX,ΚΑΛΛΙΡΡΟΗΣ,"106, 126, 136, 137"
"061604: ΦΙΛΑΔΕΛΦΕΙΑΣ","061604","61604",ΦΙΛΑΔΕΛΦΕΙΑΣ,FILADELFEIAS,ΦΙΛΑΔΕΛΦΕΙΑΣ,"719"
"061606: ΠΑΡΚΟ ΕΥΕΛΠΙΔΩΝ","061606","61606",ΠΑΡΚΟ ΕΥΕΛΠΙΔΩΝ,PARKO EYELPIDON,ΕΥΕΛΠΙΔΩΝ,"140"
"061607: ΠΛ. ΑΓ. ΠΑΝΤΕΛΕΗΜΟΝΑ","061607","10616",ΠΛ. ΑΓ. ΠΑΝΤΕΛΕΗΜΟΝΑ,PL. AG. PANTELEHMONA,,"500"
"061608: ΑΝΤΙΓΟΝΗΣ","061608","11951",ΑΝΤΙΓΟΝΗΣ,ANTIGONHS,ΑΝΤΙΓΟΝΗΣ,"052"
"062131: ΣΤ. ΥΠΕΡ/ΚΩΝ ΛΙΟΣΙΩΝ","062131","10871",ΣΤ. ΥΠΕΡ/ΚΩΝ ΛΙΟΣΙΩΝ,ST. YPERASTIKON LIOSION,ΛΙΟΣΙΩΝ,Χ93
"064: ΜΑΡΑΘΩΝΑΣ 4","064","12135",ΜΑΡΑΘΩΝΑΣ 4,MARATHONAS 4,ΛΕΩΦ.ΑΘΑΝ.ΧΡΥΣΙΝΑ,"310"
"06: ΣΤΑΘΜΟΣ ΚΑΤΕΧΑΚΗ","06","10159",ΣΤΑΘΜΟΣ ΚΑΤΕΧΑΚΗ,ST. KATEXAKH,,"036, 402"
"070001: ΑΓ. ΠΑΝΤΕΛΕΗΜΩΝ","070001","70001",ΑΓ. ΠΑΝΤΕΛΕΗΜΩΝ,AG. PANTELEHMON,ΙΕΡΑΣ ΟΔΟΥ,"400, 813, 836, 856, 865, 866, 876"
"070002: ΑΓ. ΓΕΩΡΓΙΟΣ","070002","70002",ΑΓ. ΓΕΩΡΓΙΟΣ,AG. GEORGIOS,ΙΕΡΑΣ ΟΔΟΥ,"400, 836, 856, 865, 866, 876"
"070003: ΕΣΤΑΥΡΩΜΕΝΟΣ","070003","70003",ΕΣΤΑΥΡΩΜΕΝΟΣ,ESTAYROMENOS,ΙΕΡΑΣ ΟΔΟΥ,"400, 829, 836, 865, 866, 876"
"070004: ΓΕΩΡΓΙΟΣ ΖΑΜΠΕΤΑΣ","070004","70004",ΓΕΩΡΓΙΟΣ ΖΑΜΠΕΤΑΣ,GEORGIOS ZAMPETAS,ΙΕΡΑΣ ΟΔΟΥ,"400, 750, 807, 829, 836, 852, 865, 866, 876"
"070005: ΜΠΑΡΟΥΤΑΔΙΚΟ","070005","70005",ΜΠΑΡΟΥΤΑΔΙΚΟ,MPAROYTADIKO,ΙΕΡΑΣ ΟΔΟΥ,"400, 801, 803, 807, 829, 836, 865, 866, 876, 891"
"070006: ΟΤΕ","070006","70006",ΟΤΕ,OTE,ΙΕΡΑΣ ΟΔΟΥ,"400, 801, 803, 829, 831, 836, 865, 866, 876, 891"
"070007: ΠΛ. ΔΑΒΑΚΗ","070007","70007",ΠΛ. ΔΑΒΑΚΗ,PL. DABAKH,ΙΕΡΑΣ ΟΔΟΥ,"400, 801, 803, 836, 865, 866, 876"
"070011: ΠΛ. ΔΑΒΑΚΗ","070011","70011",ΠΛ. ΔΑΒΑΚΗ,PL. DABAKH,ΙΕΡΑΣ ΟΔΟΥ,"400, 803, 811, 829, 831, 836, 837, 891"
"070012: ΟΤΕ","070012","70012",ΟΤΕ,OTE,ΙΕΡΑΣ ΟΔΟΥ,"400, 803, 811, 829, 831, 836, 837, 891"
"070013: ΜΠΑΡΟΥΤΑΔΙΚΟ","070013","70013",ΜΠΑΡΟΥΤΑΔΙΚΟ,MPAROYTADIKO,ΙΕΡΑΣ ΟΔΟΥ,"400, 803, 806, 807, 811, 829, 836, 837"
"070014: ΕΣΤΑΥΡΩΜΕΝΟΣ","070014","70014",ΕΣΤΑΥΡΩΜΕΝΟΣ,ESTAYROMENOS,ΙΕΡΑΣ ΟΔΟΥ,"400, 750, 806, 807, 811, 813, 829, 836, 837, 852, 856"
"070015: ΑΓ. ΓΕΩΡΓΙΟΣ","070015","70015",ΑΓ. ΓΕΩΡΓΙΟΣ,AG. GEORGIOS,ΙΕΡΑΣ ΟΔΟΥ,"400, 806, 811, 813, 829, 836, 837, 856"
"070016: ΑΓ. ΠΑΝΤΕΛΕΗΜΩΝ","070016","70016",ΑΓ. ΠΑΝΤΕΛΕΗΜΩΝ,AG. PANTELEHMON,ΙΕΡΑΣ ΟΔΟΥ,"400, 806, 811, 813, 836, 837, 856"
"070017: ΓΕΦΥΡΑ Π. ΡΑΛΛΗ","070017","70017",ΓΕΦΥΡΑ Π. ΡΑΛΛΗ,GEFYRA P. RALLH,ΛΕΩΦ.ΚΗΦΙΣΟΥ,"420"
"070019: ΧΡ. ΣΜΥΡΝΗΣ","070019","70019",ΧΡ. ΣΜΥΡΝΗΣ,XR. SMYRNHS,ΣΜΥΡΝΗΣ,"829"
"070020: ΕΛΑΙΟΥΡΓΙΚΗ","070020","70020",ΕΛΑΙΟΥΡΓΙΚΗ,ELAIOYRGIKH,ΛΕΩΦ.ΚΗΦΙΣΟΥ,"420"
"070021: ΑΓ. ΓΕΩΡΓΙΟΣ","070021","70021",ΑΓ. ΓΕΩΡΓΙΟΣ,AG. GEORGIOS,ΛΕΩΦ.ΚΗΦΙΣΟΥ,"420"
"070022: ΓΕΦΥΡΑ ΙΕΡΑΣ ΟΔΟΥ","070022","70022",ΓΕΦΥΡΑ ΙΕΡΑΣ ΟΔΟΥ,GEFYRA IERAS ODOY,ΛΕΩΦ.ΚΗΦΙΣΟΥ,"420"
"070023: ΠΕΡΙΚΛΕΟΥΣ","070023","70023",ΠΕΡΙΚΛΕΟΥΣ,PERIKLEOYS,ΠΕΡΙΚΛΕΟΥΣ,"891"
"070024: ΠΑΛ. ΚΑΒΑΛΑΣ","070024","70024",ΠΑΛ. ΚΑΒΑΛΑΣ,PAL. KABALAS,ΠΑΡΑΔΡΟΜΟ ΛΕΩΦ.ΚΗΦΙΣΟΥ,"420"
"070025: ΤΡΟΧΑΙΑ","070025","70025",ΤΡΟΧΑΙΑ,TROXAIA,ΛΕΩΦ.ΚΗΦΙΣΟΥ,"420"
"070026: ΓΕΦΥΡΑ ΙΕΡΑΣ ΟΔΟΥ","070026","70026",ΓΕΦΥΡΑ ΙΕΡΑΣ ΟΔΟΥ,GEFYRA IERAS ODOY,ΛΕΩΦ.ΚΗΦΙΣΟΥ,"420"
"070027: ΑΓ. ΓΕΩΡΓΙΟΣ - ΚΗΦΙΣΟΣ","070027","70027",ΑΓ. ΓΕΩΡΓΙΟΣ - ΚΗΦΙΣΟΣ,AG. GEORGIOS - KHFISOS,ΛΕΩΦ.ΚΗΦΙΣΟΥ,"420, 829"
"070028: ΕΒΙΟΠ","070028","70028",ΕΒΙΟΠ,EBIOP,ΛΕΩΦ.ΚΗΦΙΣΟΥ,"420, 829"
"070029: ΓΕΦΥΡΑΚΙ","070029","70029",ΓΕΦΥΡΑΚΙ,GEFYRAKI,ΛΕΩΦ.ΚΗΦΙΣΟΥ,"420, 829"
"070030: ΑΜΣΤΕΛ","070030","70030",ΑΜΣΤΕΛ,AMSTEL,ΛΕΩΦ.ΚΗΦΙΣΟΥ,"420, 829"
"070031: ΑΓ. ΑΝΝΗΣ","070031","70031",ΑΓ. ΑΝΝΗΣ,AG. ANNHS,Π.ΡΑΛΛΗ,"21, 841, 842"
"070032: ΜΑΡΜΑΡΑΔΙΚΑ","070032","70032",ΜΑΡΜΑΡΑΔΙΚΑ,MARMARADIKA,Π.ΡΑΛΛΗ,"21, 841, 842"
"070033: ΚΑΝ ΚΑΝ","070033","70033",ΚΑΝ ΚΑΝ,KAN KAN,Π.ΡΑΛΛΗ,"21, 829, 841, 842"
"070034: ΦΙΞ","070034","70034",ΦΙΞ,FIX,Π.ΡΑΛΛΗ,"21, 829, 841, 842"
"070035: ΠΑΝ/ΜΙΟ ΔΥΤΙΚΗΣ ΑΤΤΙΚΗΣ-ΠΑΝ/ΠΟΛΗ ΑΡΧΑΙΟΥ ΕΛΑΙΩΝΑ","070035","70035",ΠΑΝ/ΜΙΟ ΔΥΤΙΚΗΣ ΑΤΤΙΚΗΣ-ΠΑΝ/ΠΟΛΗ ΑΡΧΑΙΟΥ ΕΛΑΙΩΝΑ,PAN/MIO DYTIKIS ATTIKIS-ARCHAIOY ELEONA,ΘΗΒΩΝ,"703, 801, 803, 829, 845, 852"
"070036: ΘΕΟΧΑΡΑΚΗ","070036","70036",ΘΕΟΧΑΡΑΚΗ,THEOXARAKH,ΘΗΒΩΝ,"703, 801, 803, 829, 845, 852"
"070037: ΓΕΦΥΡΑΚΙ","070037","70037",ΓΕΦΥΡΑΚΙ,GEFYRAKI,ΘΗΒΩΝ,"703, 801, 803, 829, 845, 852"
"070038: ΜΑΚΡΗΣ","070038","70038",ΜΑΚΡΗΣ,MAKRHS,ΘΗΒΩΝ,"703, 801, 803, 829, 845, 852"
"070039: ΑΙΓΑΛΕΩ","070039","70039",ΑΙΓΑΛΕΩ,AIGALEO,ΘΗΒΩΝ,"703, 801, 803, 829, 845, 852, 891"
"070040: ΘΕΟΔΩΡΟΣ ΠΟΛΥΚΑΝΔΡΙΩΤΗΣ","070040","70040",ΘΕΟΔΩΡΟΣ ΠΟΛΥΚΑΝΔΡΙΩΤΗΣ,THEODOROS POLYKANDRIOTHS,ΘΗΒΩΝ,"703, 750, 845, 891"
"070041: ΓΥΜΝΑΣΙΟ","070041","70041",ΓΥΜΝΑΣΙΟ,GYMNASIO,ΘΗΒΩΝ,"703, 750, 845, 891"
"070042: ΑΓ. ΣΠΥΡΙΔΩΝΑΣ","070042","70042",ΑΓ. ΣΠΥΡΙΔΩΝΑΣ,AG. SPYRIDONAS,ΘΗΒΩΝ,"703, 750, 845, 891"
"070043: ΚΑΜΠΙΝΓΚ","070043","70043",ΚΑΜΠΙΝΓΚ,CAMPING,ΛΕΩΦ.ΑΘΗΝΩΝ,"731, 750, 845, Α15, Β15"
"070044: ΠΗΓΑΔΑΚΙ","070044","70044",ΠΗΓΑΔΑΚΙ,PHGADAKI,ΛΕΩΦ.ΑΘΗΝΩΝ,"731, 750, 845, Α15, Β15"
"070045: ΠΑΝ/ΜΙΟ ΔΥΤΙΚΗΣ ΑΤΤΙΚΗΣ-ΠΑΝ/ΠΟΛΗ ΑΛΣΟΥΣ ΑΙΓΑΛΕΩ","070045","70045",ΠΑΝ/ΜΙΟ ΔΥΤΙΚΗΣ ΑΤΤΙΚΗΣ-ΠΑΝ/ΠΟΛΗ ΑΛΣΟΥΣ ΑΙΓΑΛΕΩ,PAN/MIO DYTIKIS  ATTIKIS-ALSOS AIGALEO,ΛΕΩΦ.ΑΘΗΝΩΝ,"731, 750, 845, Α15, Β15"
"070047: ΜΠΟΤΣΑΡΗ","070047","70047",ΜΠΟΤΣΑΡΗ,MPOTSARH,ΣΤΕΦ.ΣΑΡΑΦΗ,"750"
"070048: ΑΓ. ΣΠΥΡΙΔΩΝΑΣ","070048","70048",ΑΓ. ΣΠΥΡΙΔΩΝΑΣ,AG. SPYRIDONAS,ΘΗΒΩΝ,"703, 750, 845, 891"
"070049: NIKHTAΡΑ","070049","70049",NIKHTAΡΑ,NIKHTARA,ΘΗΒΩΝ,"703, 750, 845, 891"
"070050: ΓΥΜΝΑΣΙΟ","070050","70050",ΓΥΜΝΑΣΙΟ,GYMNASIO,ΘΗΒΩΝ,"703, 750, 845"
"070051: ΘΕΟΔΩΡΟΣ ΠΟΛΥΚΑΝΔΡΙΩΤΗΣ","070051","70051",ΘΕΟΔΩΡΟΣ ΠΟΛΥΚΑΝΔΡΙΩΤΗΣ,THEODOROS POLYKANDRIOTHS,ΘΗΒΩΝ,"703, 845"
"070052: ΓΕΦΥΡΑ","070052","70052",ΓΕΦΥΡΑ,GEFYRA,ΘΗΒΩΝ,"703, 803, 845, 852"
"070053: ΑΙΓΑΛΕΩ","070053","70053",ΑΙΓΑΛΕΩ,AIGALEO,ΘΗΒΩΝ,"703, 803, 845, 852"
"070054: ΜΑΚΡΗΣ","070054","70054",ΜΑΚΡΗΣ,MAKRHS,ΘΗΒΩΝ,"703, 803, 845, 852"
"070055: ΓΕΦΥΡΑΚΙ","070055","70055",ΓΕΦΥΡΑΚΙ,GEFYRAKI,ΘΗΒΩΝ,"703, 803, 845, 852"
"070056: ΘΕΟΧΑΡΑΚΗ","070056","70056",ΘΕΟΧΑΡΑΚΗ,THEOXARAKH,ΘΗΒΩΝ,"703, 803, 845, 852"
"070057: ΛΑΔΟΠΟΥΛΟΥ","070057","70057",ΛΑΔΟΠΟΥΛΟΥ,LADOPOYLOY,ΘΗΒΩΝ,"703, 803, 845, 852"
"070058: 1η ΚΟΡΥΔΑΛΛΟΥ","070058","70058",1η ΚΟΡΥΔΑΛΛΟΥ,1st KORYDALLOY,ΛΕΩΦ.ΜΕΓ.ΑΛΕΞΑΝΔΡΟΥ,"807, 831"
"070059: ΛΕΛΑΣ ΚΑΡΑΓΙΑΝΝΗ","070059","70059",ΛΕΛΑΣ ΚΑΡΑΓΙΑΝΝΗ,LELAS KARAGIANNH,ΛΕΩΦ.ΜΕΓ.ΑΛΕΞΑΝΔΡΟΥ,"807, 831"
"070060: 3η ΚΟΡΥΔΑΛΛΟΥ","070060","70060",3η ΚΟΡΥΔΑΛΛΟΥ,3rd KORYDALLOY,ΛΕΩΦ.ΜΕΓ.ΑΛΕΞΑΝΔΡΟΥ,"807, 831"
"070061: 4η ΚΟΡΥΔΑΛΛΟΥ","070061","70061",4η ΚΟΡΥΔΑΛΛΟΥ,4th KORYDALLOY,ΛΕΩΦ.ΜΕΓ.ΑΛΕΞΑΝΔΡΟΥ,"807, 831"
"070062: 4η ΚΟΡΥΔΑΛΛΟΥ","070062","70062",4η ΚΟΡΥΔΑΛΛΟΥ,4th KORYDALLOY,ΛΕΩΦ.ΜΕΓ.ΑΛΕΞΑΝΔΡΟΥ,"806, 807, 831"
"070063: 3η ΚΟΡΥΔΑΛΛΟΥ","070063","70063",3η ΚΟΡΥΔΑΛΛΟΥ,3rd KORYDALLOY,ΛΕΩΦ.ΜΕΓ.ΑΛΕΞΑΝΔΡΟΥ,"806, 807, 831"
"070064: ΛΕΛΑΣ ΚΑΡΑΓΙΑΝΝΗ","070064","70064",ΛΕΛΑΣ ΚΑΡΑΓΙΑΝΝΗ,LELAS KARAGIANNH,ΛΕΩΦ.ΜΕΓ.ΑΛΕΞΑΝΔΡΟΥ,"806, 807, 831"
"070065: 1η ΚΟΡΥΔΑΛΛΟΥ","070065","70065",1η ΚΟΡΥΔΑΛΛΟΥ,1st KORYDALLOY,ΛΕΩΦ.ΜΕΓ.ΑΛΕΞΑΝΔΡΟΥ,"806, 807, 831"
"070066: ΠΛ. ΔΑΒΑΚΗ","070066","70066",ΠΛ. ΔΑΒΑΚΗ,PL. DABAKH,ΕΒΡΟΥ,"829, 831, 837, 866, 876, 891"
"070067: ΑΡΙΣΤΕΙΔΟΥ","070067","70067",ΑΡΙΣΤΕΙΔΟΥ,ARISTEIDOY,ΕΒΡΟΥ,"829, 831, 837, 866, 876, 891"
"070068: ΠΑΡΝΑΣΣΟΥ","070068","70068",ΠΑΡΝΑΣΣΟΥ,PARNASSOY,ΕΒΡΟΥ,"829, 831, 837, 866, 876, 891"
"070069: ΑΓ. ΤΡΙΑΔΑ","070069","70069",ΑΓ. ΤΡΙΑΔΑ,AG. TRIADA,ΠΙΝΔΟΥ,"829, 831"
"070071: ΠΑΙΔΙΚΗ ΧΑΡΑ","070071","70071",ΠΑΙΔΙΚΗ ΧΑΡΑ,PAIDIKH XARA,ΠΟΛΥΔΕΥΚΟΥΣ,"811"
"070072: ΟΑΕΔ","070072","70072",ΟΑΕΔ,OAED,ΔΑΡΔΑΝΕΛΛΙΩΝ,"891"
"070073: 2η ΚΟΡΥΤΣΑΣ","070073","70073",2η ΚΟΡΥΤΣΑΣ,2nd KORYTSAS,ΚΟΡΥΤΣΑΣ,"811, 829, 831, 837, 866, 876, 891"
"070074: 1η ΚΟΡΥΤΣΑΣ","070074","70074",1η ΚΟΡΥΤΣΑΣ,1st KORYTSAS,ΚΟΡΥΤΣΑΣ,"811, 829, 831, 837, 866, 876, 891"
"070075: ΜΠΟΤΣΑΡΗ","070075","70075",ΜΠΟΤΣΑΡΗ,MPOTSARH,ΑΛ.ΠΑΠΑΝΑΣΤΑΣΙΟΥ,"750, 807, 852, 856"
"070076: ΑΛΑΤΣΑΤΩΝ","070076","70076",ΑΛΑΤΣΑΤΩΝ,ALATSATON,ΑΛ.ΠΑΠΑΝΑΣΤΑΣΙΟΥ,"750, 856"
"070077: ΚΟΡΑΗ","070077","70077",ΚΟΡΑΗ,KORAH,ΑΛ.ΠΑΠΑΝΑΣΤΑΣΙΟΥ,"750, 856"
"070078: 1η ΠΟΛΥΚΑΤΟΙΚΙΩΝ","070078","70078",1η ΠΟΛΥΚΑΤΟΙΚΙΩΝ,1st POLYKATOIKION,ΑΛ.ΠΑΠΑΝΑΣΤΑΣΙΟΥ,"750, 856"
"070079: 2η ΠΟΛΥΚΑΤΟΙΚΙΩΝ","070079","70079",2η ΠΟΛΥΚΑΤΟΙΚΙΩΝ,2nd POLYKATOIKION,ΒΟΡ.ΗΠΕΙΡΟΥ,"750, 856"
"070080: ΚΟΥΝΤΟΥΡΙΩΤΟΥ","070080","70080",ΚΟΥΝΤΟΥΡΙΩΤΟΥ,KOYNTOYRIOTOY,ΠΡΟΥΣΣΗΣ,"813"
"070082: ΑΜΣΤΕΛ","070082","70082",ΑΜΣΤΕΛ,AMSTEL,ΛΕΩΦ.ΚΗΦΙΣΟΥ,"420"
"070083: ΣΜΥΡΝΗΣ","070083","70083",ΣΜΥΡΝΗΣ,SMYRNHS,ΔΗΜΑΡΧΕΙΟΥ,"813, 829, 856"
"070084: 2η ΠΟΛΥΚΑΤΟΙΚΙΩΝ","070084","70084",2η ΠΟΛΥΚΑΤΟΙΚΙΩΝ,2nd POLYKATOIKION,ΘΕΣΣΑΛΟΝΙΚΗΣ,"750, 856"
"070085: 1η ΠΟΛΥΚΑΤΟΙΚΙΩΝ","070085","70085",1η ΠΟΛΥΚΑΤΟΙΚΙΩΝ,1st POLYKATOIKION,ΘΕΣΣΑΛΟΝΙΚΗΣ,"750, 856"
"070088: ΑΓ. ΓΕΩΡΓΙΟΣ","070088","70088",ΑΓ. ΓΕΩΡΓΙΟΣ,AG. GEORGIOS,ΠΡΟΥΣΣΗΣ,"813"
"070089: ΘΥΜΑΤΩΝ ΚΑΤΟΧΗΣ","070089","70089",ΘΥΜΑΤΩΝ ΚΑΤΟΧΗΣ,THYMATON KATOXHS,ΠΡΟΥΣΣΗΣ,"813"
"070090: ΤΑΛΕΚΟΓΛΟΥ","070090","70090",ΤΑΛΕΚΟΓΛΟΥ,TALEKOGLOY,ΠΡΟΥΣΣΗΣ,"813"
"070091: ΠΑΛ.ΤΕΡΜΑ","070091","70091",ΠΑΛ.ΤΕΡΜΑ,PL.TERMA,ΚΟΛΟΚΟΤΡΩΝΗ,"813"
"070092: ΓΥΜΝΑΣΙΟ","070092","70092",ΓΥΜΝΑΣΙΟ,GYMNASIO,ΚΟΛΟΚΟΤΡΩΝΗ,"813"
"070094: ΓΙΟΥΡΑ","070094","70094",ΓΙΟΥΡΑ,GIOYRA,ΠΑΛΑΙΑΣ ΚΑΒΑΛΑΣ,"813"
"070097: ΠΑΝ/ΜΙΟ ΔΥΤΙΚΗΣ ΑΤΤΙΚΗΣ-ΠΑΝ/ΠΟΛΗ ΑΛΣΟΥΣ ΑΙΓΑΛΕΩ","070097","70097",ΠΑΝ/ΜΙΟ ΔΥΤΙΚΗΣ ΑΤΤΙΚΗΣ-ΠΑΝ/ΠΟΛΗ ΑΛΣΟΥΣ ΑΙΓΑΛΕΩ,PAN/MIO DYTIKIS ATTIKIS-ALSOS AIGALEO,ΕΔΕΣΣΗΣ,"837, 866, 876, 891"
"070101: ΠΑΛ. ΤΕΡΜΑ","070101","70101",ΠΑΛ. ΤΕΡΜΑ,PAL. TERMA,ΚΟΡΥΔΑΛΛΟΥ,"750, 856"
"070102: ΤΕΡΜΑ","070102","70102",ΤΕΡΜΑ,TERMA,ΜΗΤΡ.ΗΛΕΙΑΣ ΑΝΤΩΝΙΟΥ,"829"
"070103: ΓΕΦΥΡΑΚΙ","070103","70103",ΓΕΦΥΡΑΚΙ,GEFYRAKI,ΔΗΜΟΚΡΑΤΙΑΣ,"750, 856"
"070104: ΔΗΜΟΣΘΕΝΟΥΣ","070104","70104",ΔΗΜΟΣΘΕΝΟΥΣ,DHMOSTHENOYS,ΔΗΜΟΚΡΑΤΙΑΣ,"750, 856"
"070105: ΔΗΜΟΣΘΕΝΟΥΣ","070105","70105",ΔΗΜΟΣΘΕΝΟΥΣ,DHMOSTHENOYS,ΒΑΡΝΑΛΗ,"750, 856"
"070106: ΓΕΦΥΡΑΚΙ","070106","70106",ΓΕΦΥΡΑΚΙ,GEFYRAKI,ΒΑΡΝΑΛΗ,"750, 856"
"070107: ΚΟΡΑΗ","070107","70107",ΚΟΡΑΗ,KORAH,ΣΤΕΦ.ΣΑΡΑΦΗ,"750, 856"
"070108: ΡΗΓΑ ΦΕΡΑΙΟΥ","070108","70108",ΡΗΓΑ ΦΕΡΑΙΟΥ,RHGA FERAIOY,ΣΤΕΦ.ΣΑΡΑΦΗ,"750, 856"
"070109: ΑΣΤΥΝΟΜΙΑ","070109","70109",ΑΣΤΥΝΟΜΙΑ,ASTYNOMIA,ΛΕΩΦ.ΚΗΦΙΣΟΥ,"420"
"070110: ΜΙΑΟΥΛΗ","070110","70110",ΜΙΑΟΥΛΗ,MIAOYLH,ΠΡΟΥΣΣΗΣ,"813"
"070111: ΙΚΑ","070111","70111",ΙΚΑ,IKA,ΚΟΥΝΤΟΥΡΙΩΤΟΥ,"813"
"070114: ΑΓ. ΤΡΙΑΔΑ","070114","70114",ΑΓ. ΤΡΙΑΔΑ,AG. TRIADA,ΚΟΡΥΤΣΑΣ,"811, 829, 831, 837, 866, 876, 891"
"070116: ΔΕΛΦΩΝ","070116","70116",ΔΕΛΦΩΝ,DELFON,ΕΔΕΣΣΗΣ,"811, 829, 831"
"070127: ΙΚΕΑ","070127","70127",ΙΚΕΑ,IKEA,ΛΕΩΦ.ΚΗΦΙΣΟΥ,"420, 829"
"070128: ΠΡΕΒΕΖΗΣ","070128","70128",ΠΡΕΒΕΖΗΣ,PREBEZHS,ΠΡΕΒΕΖΗΣ,"829, 831"
"070129: ΑΜΑΞΟΣΤΑΣΙΟ ΔΗΜΟΥ","070129","70129",ΑΜΑΞΟΣΤΑΣΙΟ ΔΗΜΟΥ,AMAXOSTASIO DHMOY,ΙΕΡΑΣ ΟΔΟΥ,"400, 813, 836, 856, 865, 866, 876"
"070130: ΑΜΑΞΟΣΤΑΣΙΟ ΔΗΜΟΥ","070130","70130",ΑΜΑΞΟΣΤΑΣΙΟ ΔΗΜΟΥ,AMAXOSTASIO DHMOY,ΙΕΡΑΣ ΟΔΟΥ,"400, 806, 811, 813, 836, 837, 856"
"070132: ΜΙΝΩΟΣ","070132","70132",ΜΙΝΩΟΣ,MINOOS,ΜΙΝΩΟΣ,"750, 856"
"070134: ΓΕΩΡΓΙΟΣ ΖΑΜΠΕΤΑΣ","070134","70134",ΓΕΩΡΓΙΟΣ ΖΑΜΠΕΤΑΣ,GEORGIOS ZAMPETAS,ΙΕΡΑΣ ΟΔΟΥ,"400, 750, 806, 807, 811, 813, 829, 836, 837, 852"
"070135: ΚΟΙΜΗΣΗ ΘΕΟΤΟΚΟΥ","070135","70135",ΚΟΙΜΗΣΗ ΘΕΟΤΟΚΟΥ,KOIMHSH THEOTOKOY,ΔΗΜΟΚΡΑΤΙΑΣ,"750, 856"
"070138: ΠΛΑΣΤΗΡΑ","070138","70138",ΠΛΑΣΤΗΡΑ,PLASTHRA,ΝΙΚ.ΠΛΑΣΤΗΡΑ,"813"
"070139: ΟΑΕΔ","070139","70139",ΟΑΕΔ,OAED,Π.ΡΑΛΛΗ,"21, 841, 842"
"070140: ΣΤ. ΥΠΕΡ. ΛΕΩΦ. ΚΗΦΙΣΟΥ","070140","11667",ΣΤ. ΥΠΕΡ. ΛΕΩΦ. ΚΗΦΙΣΟΥ,ST. YPER. LEOF. KHFISOY,ΕΝΤΟΣ ΤΟΥ ΣΤ. ΥΠΕΡ. ΛΕΩΦ. ΚΗΦΙΣΟΥ,"052"
"070155: ΚΕΡΑΣΟΥΝΤΟΣ","070155","70155",ΚΕΡΑΣΟΥΝΤΟΣ,KERASOYNTOS,ΚΟΥΝΤΟΥΡΙΩΤΟΥ,"813"
"070157: ΣΤ. ΑΓ.ΜΑΡΙΝΑ","070157","70157",ΣΤ. ΑΓ.ΜΑΡΙΝΑ,ST. AG. MARINA,ΙΕΡΑΣ ΟΔΟΥ,"400, 801, 803, 811, 836, 837, 865, 866, 876"
"070158: ΚΟΡΥΤΣΑΣ","070158","70158",ΚΟΡΥΤΣΑΣ,KORYTSAS,ΙΕΡΑ ΟΔΟΣ,"400, 801, 803, 811, 836, 837, 865"
"070161: ΠΑΝ/ΜΙΟ ΔΥΤΙΚΗΣ ΑΤΤΙΚΗΣ-ΠΑΝ/ΠΟΛΗ ΑΛΣΟΥΣ ΑΙΓΑΛΕΩ","070161","11124",ΠΑΝ/ΜΙΟ ΔΥΤΙΚΗΣ ΑΤΤΙΚΗΣ-ΠΑΝ/ΠΟΛΗ ΑΛΣΟΥΣ ΑΙΓΑΛΕΩ,PAN/MIO DYTIKHS ATTIKHS- PAN/POLH ALSOYS AIGALEO,ΕΔΕΣΣΗΣ,"829"
"080001: ΜΥΡΩΝΟΣ","080001","80001",ΜΥΡΩΝΟΣ,MYRONOS,ΘΕΟΜΗΤΟΡΟΣ,"101"
"080002: 1η ΚΑΛΑΜΑΚΙΟΥ","080002","80002",1η ΚΑΛΑΜΑΚΙΟΥ,1st KALAMAKIOY,ΛΕΩΦ.ΠΟΣΕΙΔΩΝΟΣ,"Α1, Β1, Β2, Χ96"
"080003: 2η ΚΑΛΑΜΑΚΙΟΥ","080003","80003",2η ΚΑΛΑΜΑΚΙΟΥ,2nd KALAMAKIOY,ΛΕΩΦ.ΠΟΣΕΙΔΩΝΟΣ,"Α1, Α2, Β1, Β2"
"080004: 3η ΚΑΛΑΜΑΚΙΟΥ","080004","80004",3η ΚΑΛΑΜΑΚΙΟΥ,3rd KALAMAKIOY,ΛΕΩΦ.ΠΟΣΕΙΔΩΝΟΣ,"142, Α1, Α2, Β1, Β2, Χ96"
"080005: 4η ΚΑΛΑΜΑΚΙΟΥ","080005","80005",4η ΚΑΛΑΜΑΚΙΟΥ,4th KALAMAKIOY,ΛΕΩΦ.ΠΟΣΕΙΔΩΝΟΣ,"142, Α1, Α2, Β1, Β2"
"080006: 5η ΚΑΛΑΜΑΚΙΟΥ","080006","80006",5η ΚΑΛΑΜΑΚΙΟΥ,5th KALAMAKIOY,ΛΕΩΦ.ΠΟΣΕΙΔΩΝΟΣ,"Α1, Α2, Β2, Χ96"
"080007: ΑΛΙΜΟΥ","080007","80007",ΑΛΙΜΟΥ,ALIMOY,ΛΕΩΦ.ΠΟΣΕΙΔΩΝΟΣ,"109, Β2"
"080008: ΑΛΙΜΟΣ","080008","80008",ΑΛΙΜΟΣ,ALIMOS,ΛΕΩΦ.ΠΟΣΕΙΔΩΝΟΣ,"109, 115, 140, Α1, Α2, Β2"
"080009: 5η ΚΑΛΑΜΑΚΙΟΥ","080009","80009",5η ΚΑΛΑΜΑΚΙΟΥ,5th KALAMAKIOY,ΛΕΩΦ.ΠΟΣΕΙΔΩΝΟΣ,"109, 115, 140, Α1, Α2, Β2, Χ96"
"080010: 4η ΚΑΛΑΜΑΚΙΟΥ","080010","80010",4η ΚΑΛΑΜΑΚΙΟΥ,4th KALAMAKIOY,ΛΕΩΦ.ΠΟΣΕΙΔΩΝΟΣ,"115, 142, Α1, Α2, Β1, Β2"
"080011: 3η ΚΑΛΑΜΑΚΙΟΥ","080011","80011",3η ΚΑΛΑΜΑΚΙΟΥ,3rd KALAMAKIOY,ΛΕΩΦ.ΠΟΣΕΙΔΩΝΟΣ,"115, 142, Α1, Α2, Β1, Β2, Χ96"
"080012: 2η ΚΑΛΑΜΑΚΙΟΥ","080012","80012",2η ΚΑΛΑΜΑΚΙΟΥ,2nd KALAMAKIOY,ΛΕΩΦ.ΠΟΣΕΙΔΩΝΟΣ,"101, 115, Α1, Α2, Β1, Β2"
"080013: 1η ΚΑΛΑΜΑΚΙΟΥ","080013","80013",1η ΚΑΛΑΜΑΚΙΟΥ,1st KALAMAKIOY,ΛΕΩΦ.ΠΟΣΕΙΔΩΝΟΣ,"101, 217, Α1, Β1, Β2, Χ96"
"080014: ΝΕΡΑΙΔΑ","080014","80014",ΝΕΡΑΙΔΑ,NERAIDA,ΛΕΩΦ.ΠΟΣΕΙΔΩΝΟΣ,"217, Α1, Β1, Β2"
"080015: ΝΑΥΑΡΙΝΟΥ","080015","80015",ΝΑΥΑΡΙΝΟΥ,NAYARINOY,ΛΕΩΦ.ΕΛΕΥΘΕΡΙΑΣ,"101, 217, Α2"
"080016: ΔΑΒΑΚΗ","080016","80016",ΔΑΒΑΚΗ,DABAKH,ΛΕΩΦ.ΕΛΕΥΘΕΡΙΑΣ,"101, 217, Α2"
"080017: ΔΑΒΑΚΗ","080017","80017",ΔΑΒΑΚΗ,DABAKH,ΛΕΩΦ.ΕΛΕΥΘΕΡΙΑΣ,"115, 217, Α2"
"080018: ΝΑΥΑΡΙΝΟΥ","080018","80018",ΝΑΥΑΡΙΝΟΥ,NAYARINOY,ΛΕΩΦ.ΕΛΕΥΘΕΡΙΑΣ,"115, 217, Α2"
"080019: 5η ΚΑΛΑΜΑΚΙΟΥ","080019","80019",5η ΚΑΛΑΜΑΚΙΟΥ,5th KALAMAKIOY,ΛΕΩΦ.ΚΑΛΑΜΑΚΙΟΥ,"101, 141"
"080020: 6η ΚΑΛΑΜΑΚΙΟΥ","080020","80020",6η ΚΑΛΑΜΑΚΙΟΥ,6th KALAMAKIOY,ΛΕΩΦ.ΚΑΛΑΜΑΚΙΟΥ,"101, 141"
"080021: 7η ΚΑΛΑΜΑΚΙΟΥ","080021","80021",7η ΚΑΛΑΜΑΚΙΟΥ,7th KALAMAKIOY,ΛΕΩΦ.ΚΑΛΑΜΑΚΙΟΥ,"101, 141"
"080022: 8η ΚΑΛΑΜΑΚΙΟΥ","080022","80022",8η ΚΑΛΑΜΑΚΙΟΥ,8th KALAMAKIOY,ΛΕΩΦ.ΚΑΛΑΜΑΚΙΟΥ,"101, 141"
"080025: 9η ΚΑΛΑΜΑΚΙΟΥ","080025","80025",9η ΚΑΛΑΜΑΚΙΟΥ,9th KALAMAKIOY,ΛΕΩΦ.ΚΑΛΑΜΑΚΙΟΥ,"101, 141"
"080026: 8η ΚΑΛΑΜΑΚΙΟΥ","080026","80026",8η ΚΑΛΑΜΑΚΙΟΥ,8th KALAMAKIOY,ΛΕΩΦ.ΚΑΛΑΜΑΚΙΟΥ,"101, 141"
"080027: 7η ΚΑΛΑΜΑΚΙΟΥ","080027","80027",7η ΚΑΛΑΜΑΚΙΟΥ,7th KALAMAKIOY,ΛΕΩΦ.ΚΑΛΑΜΑΚΙΟΥ,"101, 141"
"080028: 6η ΚΑΛΑΜΑΚΙΟΥ","080028","80028",6η ΚΑΛΑΜΑΚΙΟΥ,6th KALAMAKIOY,ΛΕΩΦ.ΚΑΛΑΜΑΚΙΟΥ,"101, 141"
"080029: 5η ΚΑΛΑΜΑΚΙΟΥ","080029","80029",5η ΚΑΛΑΜΑΚΙΟΥ,5th KALAMAKIOY,ΑΓ.ΔΗΜΗΤΡΙΟΥ,"101, 141"
"080030: ΣΤΡΟΦΗ ΑΓ. ΠΑΝΤΕΛΕΗΜΟΝΑ","080030","80030",ΣΤΡΟΦΗ ΑΓ. ΠΑΝΤΕΛΕΗΜΟΝΑ,STROFH AG. PANTELEHMONA,ΔΩΔΕΚΑΝΗΣΟΥ,"101, 109"
"080031: ΑΓ. ΠΑΝΤΕΛΕΗΜΩΝ","080031","80031",ΑΓ. ΠΑΝΤΕΛΕΗΜΩΝ,AG. PANTELEHMON,ΔΩΔΕΚΑΝΗΣΟΥ,"101, 109"
"080032: Γ. ΜΑΝΤΑΣ","080032","80032",Γ. ΜΑΝΤΑΣ,G. MANTAS,ΔΩΔΕΚΑΝΗΣΟΥ,"101, 109"
"080033: ΠΙΝΔΑΡΟΥ","080033","80033",ΠΙΝΔΑΡΟΥ,PINDAROY,ΙΩΝΙΑΣ,"101, 109"
"080034: ΓΗΠΕΔΟ","080034","80034",ΓΗΠΕΔΟ,GHPEDO,ΙΩΝΙΑΣ,"101, 109"
"080035: ΣΤΡΟΦΗ","080035","80035",ΣΤΡΟΦΗ,STROFH,ΙΩΝΙΑΣ,"109"
"080036: ΠΑΝΑΓΙΤΣΑ","080036","80036",ΠΑΝΑΓΙΤΣΑ,PANAGITSA,ΕΥΒΟΙΑΣ,"109"
"080037: ΚΑΝΑΤΑ","080037","80037",ΚΑΝΑΤΑ,KANATA,ΑΡΚΑΔΙΟΥ,"109"
"080038: ΖΑΧΑΡΟΠΛΑΣΤΕΙΟ","080038","80038",ΖΑΧΑΡΟΠΛΑΣΤΕΙΟ,ZAXAROPLASTEIO,ΑΡΚΑΔΙΟΥ,"109"
"080039: ΜΑΡΙΝΟΠΟΥΛΟΣ","080039","80039",ΜΑΡΙΝΟΠΟΥΛΟΣ,MARINOPOYLOS,ΑΓ.ΔΗΜΗΤΡΙΟΥ,"109"
"080040: ΓΕΦΥΡΑΚΙ","080040","80040",ΓΕΦΥΡΑΚΙ,GEFYRAKI,ΑΓ.ΔΗΜΗΤΡΙΟΥ,"109"
"080041: ΑΓ. ΔΗΜΗΤΡΙΟΣ","080041","80041",ΑΓ. ΔΗΜΗΤΡΙΟΣ,AG. DHMHTRIOS,ΑΓ.ΔΗΜΗΤΡΙΟΥ,"109"
"080042: ΔΙΑΣΤΑΥΡΩΣΗ","080042","80042",ΔΙΑΣΤΑΥΡΩΣΗ,DIASTAYROSH,ΑΓ.ΔΗΜΗΤΡΙΟΥ,"109"
"080043: ΑΛΙΜΟΥ","080043","10781",ΑΛΙΜΟΥ,ALIMOY,ΛΕΩΦ. ΠΟΣΕΙΔΩΝΟΣ,"140, Α1, Α2"
"080044: ΒΑΛΛΙΑΝΟΥ","080044","10563",ΒΑΛΛΙΑΝΟΥ,BALLIANOY,ΕΠΤΑΝΗΣΟΥ,"109"
"080045: ΚΡΥΣΤΑΛΛΗ","080045","10564",ΚΡΥΣΤΑΛΛΗ,KRYSTALLH,ΒΑΛΛΙΑΝΟΥ,"109"
"080046: ΑΝΘΗΡΟΥ","080046","80046",ΑΝΘΗΡΟΥ,ANTHIROY,ΑΝΘΗΡΟΥ,"109"
"080047: ΓΕΦΥΡΑΚΙ","080047","80047",ΓΕΦΥΡΑΚΙ,GEFYRAKI,ΑΓ.ΔΗΜΗΤΡΙΟΥ,"109"
"080048: ΜΑΡΙΝΟΠΟΥΛΟΣ","080048","80048",ΜΑΡΙΝΟΠΟΥΛΟΣ,MARINOPOYLOS,ΑΓ.ΔΗΜΗΤΡΙΟΥ,"109"
"080052: ΣΤΡΟΦΗ","080052","80052",ΣΤΡΟΦΗ,STROFH,ΘΕΟΜΗΤΟΡΟΣ,"101"
"080053: ΓΗΠΕΔΟ","080053","80053",ΓΗΠΕΔΟ,GHPEDO,ΙΩΝΙΑΣ,"101, 109"
"080054: ΠΙΝΔΑΡΟΥ","080054","80054",ΠΙΝΔΑΡΟΥ,PINDAROY,ΙΩΝΙΑΣ,"101, 109"
"080055: Γ. ΜΑΝΤΑΣ","080055","80055",Γ. ΜΑΝΤΑΣ,G. MANTAS,ΔΩΔΕΚΑΝΗΣΟΥ,"101, 109"
"080056: ΑΓ. ΠΑΝΤΕΛΕΗΜΩΝ","080056","80056",ΑΓ. ΠΑΝΤΕΛΕΗΜΩΝ,AG. PANTELEHMON,ΔΩΔΕΚΑΝΗΣΟΥ,"101, 109"
"080057: ΣΤΡΟΦΗ ΑΓ. ΠΑΝΤΕΛΕΗΜΟΝΑ","080057","80057",ΣΤΡΟΦΗ ΑΓ. ΠΑΝΤΕΛΕΗΜΟΝΑ,STROFH AG. PANTELEHMONA,ΔΩΔΕΚΑΝΗΣΟΥ,"101, 109"
"080058: 1η ΑΛΙΜΟΥ","080058","80058",1η ΑΛΙΜΟΥ,1st ALIMOY,ΛΕΩΦ.ΑΛΙΜΟΥ,"140, 142, Β1"
"080059: 2η ΑΛΙΜΟΥ","080059","80059",2η ΑΛΙΜΟΥ,2nd ALIMOY,ΛΕΩΦ.ΑΛΙΜΟΥ,"140, 142, Β1"
"080060: 3η ΑΛΙΜΟΥ","080060","80060",3η ΑΛΙΜΟΥ,3rd ALIMOY,ΛΕΩΦ.ΑΛΙΜΟΥ,"140, 142, Β1"
"080061: 4η ΑΛΙΜΟΥ","080061","80061",4η ΑΛΙΜΟΥ,4th ALIMOY,ΛΕΩΦ.ΑΛΙΜΟΥ,"140, 142, Β1"
"080062: 5η ΑΛΙΜΟΥ","080062","80062",5η ΑΛΙΜΟΥ,5th ALIMOY,ΛΕΩΦ.ΑΛΙΜΟΥ,Β1
"080063: 4η ΑΛΙΜΟΥ","080063","80063",4η ΑΛΙΜΟΥ,4th ALIMOY,ΛΕΩΦ.ΑΛΙΜΟΥ,"140, 142, Β1"
"080064: 3η ΑΛΙΜΟΥ","080064","80064",3η ΑΛΙΜΟΥ,3rd ALIMOY,ΛΕΩΦ.ΑΛΙΜΟΥ,"140, 142, Β1"
"080065: 2η ΑΛΙΜΟΥ","080065","80065",2η ΑΛΙΜΟΥ,2nd ALIMOY,ΛΕΩΦ.ΑΛΙΜΟΥ,"140, 142, Β1"
"080066: 1η ΑΛΙΜΟΥ","080066","80066",1η ΑΛΙΜΟΥ,1st ALIMOY,ΛΕΩΦ.ΑΛΙΜΟΥ,"142, Β1"
"080067: ΣΤΡΟΦΗ ΗΛΙΟΥΠΟΛΕΩΣ","080067","80067",ΣΤΡΟΦΗ ΗΛΙΟΥΠΟΛΕΩΣ,STROFH HLIOYPOLEOS,ΛΕΩΦ.ΒΟΥΛΙΑΓΜΕΝΗΣ,"790, Α3, Χ97"
"080068: ΝΟΡΜΑ","080068","80068",ΝΟΡΜΑ,NORMA,ΛΕΩΦ.ΒΟΥΛΙΑΓΜΕΝΗΣ,"101, 790, Α3"
"080069: ΑΝΕΜΩΝΑ","080069","80069",ΑΝΕΜΩΝΑ,ANEMONA,ΛΕΩΦ.ΒΟΥΛΙΑΓΜΕΝΗΣ,"101, 790, Α3"
"080070: ΚΟΝΤΟΠΗΓΑΔΟ - ΣΤ. ΑΛΙΜΟΣ","080070","80070",ΚΟΝΤΟΠΗΓΑΔΟ - ΣΤ. ΑΛΙΜΟΣ,KONTOPHGADO - ST. ALIMOS,ΛΕΩΦ.ΒΟΥΛΙΑΓΜΕΝΗΣ,"101, 790, Α3"
"080077: ΠΛΕΙΑΔΩΝ","080077","80077",ΠΛΕΙΑΔΩΝ,PLEIADON,ΚΥΘΗΡΙΩΝ,"101"
"080078: ΚΥΚΛΑΜΙΝΩΝ","080078","80078",ΚΥΚΛΑΜΙΝΩΝ,KYKLAMINON,ΛΕΩΦ.ΚΥΘΗΡΙΩΝ,"101"
"080085: ΜΕΤΑΜΟΡΦΩΣΗ","080085","80085",ΜΕΤΑΜΟΡΦΩΣΗ,METAMORFOSH,ΘΟΥΚΥΔΙΔΟΥ,"141, 142"
"080100: 9η ΚΑΛΑΜΑΚΙΟΥ","080100","80100",9η ΚΑΛΑΜΑΚΙΟΥ,9th KALAMAKIOY,ΛΕΩΦ.ΚΑΛΑΜΑΚΙΟΥ,"101, 142"
"080107: ΚΑΒΑΦΗ","080107","80107",ΚΑΒΑΦΗ,KABAFH,ΕΠΤΑΝΗΣΟΥ,"109"
"080110: ΘΕΟΤΟΚΗ","080110","80110",ΘΕΟΤΟΚΗ,THEOTOKH,ΒΑΛΛΙΑΝΟΥ,"109"
"080115: ΚΟΝΤΙΝΕΝΤ","080115","80115",ΚΟΝΤΙΝΕΝΤ,CONTINENT,ΛΑΜΙΑΣ,"140, 142"
"080116: ΚΟΝΤΙΝΕΝΤ","080116","80116",ΚΟΝΤΙΝΕΝΤ,CONTINENT,ΛΑΜΙΑΣ,"140, 142"
"080130: ΔΙΑΣΤΑΥΡΩΣΗ","080130","80130",ΔΙΑΣΤΑΥΡΩΣΗ,DIASTAYROSH,ΒΑΛΛΙΑΝΟΥ,"109"
"080134: ΣΑΛΑΜΙΝΟΣ","080134","10545",ΣΑΛΑΜΙΝΟΣ,SALAMINOS,ΕΛΛΗΣ,"101"
"080135: ΤΣΟΥΔΕΡΟΥ","080135","10547",ΤΣΟΥΔΕΡΟΥ,TSOYDEROY,ΕΛΛΗΣ,"101"
"080136: ΟΘΩΝΟΣ","080136","10548",ΟΘΩΝΟΣ,OTHONOS,ΛΕΩΦ. ΕΛΕΥΘΕΡΙΑΣ,"101"
"080137: 17ης ΝΟΕΜΒΡΙΟΥ","080137","10552",17ης ΝΟΕΜΒΡΙΟΥ,17th NOEMBRIOY,ΘΕΟΜΗΤΟΡΟΣ,"101"
"080138: ΣΕΡΙΦΟΥ","080138","10553",ΣΕΡΙΦΟΥ,SERIFOY,ΘΕΟΜΗΤΟΡΟΣ,"101"
"080139: ΕΥΒΟΙΑΣ","080139","10554",ΕΥΒΟΙΑΣ,EYBOIAS,ΘΕΟΜΗΤΟΡΟΣ,"101"
"080140: ΕΛ.  ΑΝΘΡΩΠΟΥ","080140","10555",ΕΛ.  ΑΝΘΡΩΠΟΥ,EL. ANTHROPOY,ΛΕΩΦ. ΙΩΝΙΑΣ,"101"
"080141: ΠΩΓΩΝΙΟΥ","080141","10556",ΠΩΓΩΝΙΟΥ,POGONIOY,ΛΕΩΦ. ΙΩΝΙΑΣ,"101"
"080142: ΣΤΥΜΦΑΛΙΑΣ","080142","10557",ΣΤΥΜΦΑΛΙΑΣ,STYMFALIAS,ΜΥΡΤΙΔΙΩΤΙΣΣΑΣ,"101"
"080143: ΛΕΜΕΣΟΥ","080143","10558",ΛΕΜΕΣΟΥ,LEMESOY,ΛΕΩΦ. ΚΥΘΗΡΙΩΝ,"101"
"080144: ΠΛΕΙΑΔΩΝ","080144","10559",ΠΛΕΙΑΔΩΝ,PLEIADON,ΛΕΩΦ. ΚΥΘΗΡΙΩΝ,"101"
"080145: ΘΕΤΙΔΟΣ","080145","10560",ΘΕΤΙΔΟΣ,THETIDOS,ΜΥΡΤΙΔΙΩΤΙΣΣΗΣ,"101"
"080146: ΔΡΥΑΔΩΝ","080146","10561",ΔΡΥΑΔΩΝ,DRYADON,ΛΕΩΦ. ΙΩΝΙΑΣ,"101, 109"
"080147: ΕΛ.  ΑΝΘΡΩΠΟΥ","080147","10562",ΕΛ.  ΑΝΘΡΩΠΟΥ,EL. ANTHROPOY,ΛΕΩΦ. ΙΩΝΙΑΣ,"101, 109"
"080148: ΝΙΚΗΣ","080148","10981",ΝΙΚΗΣ,NIKHS,ΝΙΚΗΣ,"141"
"080150: ΘΕΣΠΡΩΤΙΑΣ","080150","12182",ΘΕΣΠΡΩΤΙΑΣ,THESPROTIAS,Γ. ΠΑΠΑΝΔΡΕΟΥ,"109"
"084: ΜΕΤΑΜΟΡΦΩΣΗ - ΚΑΛΑΜΑΚΙ","084","12142",ΜΕΤΑΜΟΡΦΩΣΗ - ΚΑΛΑΜΑΚΙ,METAMORFOSI- KALAMAKI,ΘΟΥΚΙΔΙΔΟΥ,"141"
"08: Ζ. ΠΗΓΗ","08","10161",Ζ. ΠΗΓΗ,Z. PHGH,,"214"
"090001: ΚΥΠΡΟΥ","090001","90001",ΚΥΠΡΟΥ,KYPROY,ΑΜΑΡΟΥΣΙΟΥ-ΧΑΛΑΝΔΡΙΟΥ,"411"
"090002: ΠΑΡΑΔΕΙΣΟΣ","090002","90002",ΠΑΡΑΔΕΙΣΟΣ,PARADEISOS,ΛΕΩΦ.ΚΗΦΙΣΙΑΣ,"550, Α7, Α8, Χ14"
"090003: ΙΩΑΝΝΙΔΟΥ","090003","90003",ΙΩΑΝΝΙΔΟΥ,IOANNIDOY,ΛΕΩΦ.ΚΗΦΙΣΙΑΣ,"550, Α7, Α8, Χ14"
"090004: ΟΤΕ","090004","90004",ΟΤΕ,OTE,ΛΕΩΦ.ΚΗΦΙΣΙΑΣ,"550, Α7, Α8, Χ14"
"090005: ΦΡΑΓΚΟΚΚΛΗΣΙΑΣ","090005","90005",ΦΡΑΓΚΟΚΚΛΗΣΙΑΣ,FRAGKOKKLHSIAS,ΑΜΑΡΟΥΣΙΟΥ-ΧΑΝΑΝΔΡΙΟΥ,"411"
"090006: ΗΒΗ","090006","90006",ΗΒΗ,HBH,ΛΕΩΦ.ΚΗΦΙΣΙΑΣ,"550, Α7, Α8, Χ14"
"090007: ΚΑΝΑΤΑΔΙΚΑ","090007","90007",ΚΑΝΑΤΑΔΙΚΑ,KANATADIKA,ΛΕΩΦ.ΚΗΦΙΣΙΑΣ,"410, 500, 550, Α7, Α8, Χ14"
"090008: ΔΙΑΣΤΑΥΡΩΣΗ ΑΜΑΡΟΥΣΙΟΥ","090008","90008",ΔΙΑΣΤΑΥΡΩΣΗ ΑΜΑΡΟΥΣΙΟΥ,DIASTAYROSH AMAROYSIOY,ΛΕΩΦ.ΚΗΦΙΣΙΑΣ,"410, 500, 550, Α7, Α8, Χ14"
"090009: ΔΙΑΣΤΑΥΡΩΣΗ ΜΕΛΙΣΣΙΩΝ","090009","90009",ΔΙΑΣΤΑΥΡΩΣΗ ΜΕΛΙΣΣΙΩΝ,DIASTAYROSH MELISSION,ΛΕΩΦ.ΚΗΦΙΣΙΑΣ,"410, 446, 500, 550, Α7, Α8, Χ14"
"090010: ΑΓΓΕΙΟΠΛΑΣΤΙΚΗ","090010","90010",ΑΓΓΕΙΟΠΛΑΣΤΙΚΗ,AGGEIOPLASTIKH,ΛΕΩΦ.ΚΗΦΙΣΙΑΣ,"500, 550, Α7, Χ14"
"090011: ΣΧΟΛΕΙΑ","090011","90011",ΣΧΟΛΕΙΑ,SXOLEIA,ΛΕΩΦ.ΚΗΦΙΣΙΑΣ,"500, 550, Α7, Χ14"
"090013: ΑΓΓΕΙΟΠΛΑΣΤΙΚΗ","090013","90013",ΑΓΓΕΙΟΠΛΑΣΤΙΚΗ,AGGEIOPLASTIKH,ΛΕΩΦ.ΚΗΦΙΣΙΑΣ,"500, 550, Α7, Χ14"
"090014: ΔΙΑΣΤΑΥΡΩΣΗ ΜΕΛΙΣΣΙΩΝ","090014","90014",ΔΙΑΣΤΑΥΡΩΣΗ ΜΕΛΙΣΣΙΩΝ,DIASTAYROSH MELISSION,ΛΕΩΦ.ΚΗΦΙΣΙΑΣ,"410, 500, 550, Α7, Χ14"
"090015: ΔΙΑΣΤΑΥΡΩΣΗ ΑΜΑΡΟΥΣΙΟΥ","090015","90015",ΔΙΑΣΤΑΥΡΩΣΗ ΑΜΑΡΟΥΣΙΟΥ,DIASTAYROSH AMAROYSIOY,ΛΕΩΦ.ΚΗΦΙΣΙΑΣ,"410, 500, 550, Α7, Α8, Χ14"
"090016: ΚΑΝΑΤΑΔΙΚΑ","090016","90016",ΚΑΝΑΤΑΔΙΚΑ,KANATADIKA,ΛΕΩΦ.ΚΗΦΙΣΙΑΣ,"410, 500, 550, Α7, Α8, Χ14"
"090017: ΗΒΗ","090017","90017",ΗΒΗ,HBH,ΛΕΩΦ.ΚΗΦΙΣΙΑΣ,"410, 500, 550, Α7, Α8, Χ14"
"090018: ΟΤΕ","090018","90018",ΟΤΕ,OTE,ΛΕΩΦ.ΚΗΦΙΣΙΑΣ,"550, Α7, Α8, Χ14"
"090019: ΒΛΑΣΤΟΥ","090019","90019",ΒΛΑΣΤΟΥ,BLASTOY,ΛΕΩΦ.ΚΗΦΙΣΙΑΣ,"550, Α7, Α8, Χ14"
"090020: ΙΩΑΝΝΙΔΟΥ","090020","90020",ΙΩΑΝΝΙΔΟΥ,IOANNIDOY,ΛΕΩΦ.ΚΗΦΙΣΙΑΣ,"550, Α7, Α8, Χ14"
"090021: ΠΑΡΑΔΕΙΣΟΣ","090021","90021",ΠΑΡΑΔΕΙΣΟΣ,PARADEISOS,ΛΕΩΦ.ΚΗΦΙΣΙΑΣ,"550, Α7, Ε14, Χ14"
"090022: ΕΚΘΕΣΙΑΚΟ ΚΕΝΤΡΟ","090022","90022",ΕΚΘΕΣΙΑΚΟ ΚΕΝΤΡΟ,EKTHESIAKO KENTRO,ΠΑΡΑΔΡΟΜΟ ΛΕΩΦ.ΚΗΦΙΣΙΑΣ,"550, Α7, Ε14, Χ14"
"090023: ΣΤΟΥΝΤΙΟ","090023","90023",ΣΤΟΥΝΤΙΟ,STOYNTIO,ΠΕΝΤΕΛΗΣ,"410, 446"
"090024: ΑΣΤΥΝΟΜΙΑ","090024","90024",ΑΣΤΥΝΟΜΙΑ,ASTYNOMIA,ΛΕΩΦ.ΚΗΦΙΣΙΑΣ,"550, Α7, Ε14, Χ14"
"090025: ΥΓΕΙΑ","090025","90025",ΥΓΕΙΑ,YGEIA,ΛΕΩΦ.ΚΗΦΙΣΙΑΣ,"550, Α7, Ε14, Χ14"
"090026: 1η ΝΕΑΠΟΛΕΩΣ","090026","90026",1η ΝΕΑΠΟΛΕΩΣ,1st NEAPOLEOS,ΝΕΑΠΟΛΕΩΣ,"602"
"090027: 2η ΝΕΑΠΟΛΕΩΣ","090027","90027",2η ΝΕΑΠΟΛΕΩΣ,2nd NEAPOLEOS,ΝΕΑΠΟΛΕΩΣ,"602"
"090028: ΜΑΡΜΑΡΑΔΙΚΑ","090028","90028",ΜΑΡΜΑΡΑΔΙΚΑ,MARMARADIKA,ΑΜΑΡΟΥΣΙΟΥ-ΧΑΝΑΝΔΡΙΟΥ,"411"
"090029: ΣΙΔΕΡΑ","090029","90029",ΣΙΔΕΡΑ,SIDERA,ΚΑΠΟΔΙΣΤΡΙΟΥ,"421, 602"
"090030: ΑΣΤΥΝΟΜΙΑ","090030","90030",ΑΣΤΥΝΟΜΙΑ,ASTYNOMIA,ΚΑΠΟΔΙΣΤΡΙΟΥ,"421"
"090031: ΛΑΥΡΙΟΥ","090031","90031",ΛΑΥΡΙΟΥ,LAYRIOY,ΚΑΠΟΔΙΣΤΡΙΟΥ,"421"
"090032: ΣΤΟΥΝΤΙΟ","090032","90032",ΣΤΟΥΝΤΙΟ,STOYNTIO,ΠΕΝΤΕΛΗΣ,"410, 446"
"090033: ΠΑΛΛΑΔΙΟ","090033","90033",ΠΑΛΛΑΔΙΟ,PALLADIO,ΠΕΝΤΕΛΗΣ,"410, 446"
"090034: ΑΜΜΟΧΩΣΤΟΥ","090034","90034",ΑΜΜΟΧΩΣΤΟΥ,AMMOXOSTOY,ΣΩΡΟΥ,"411"
"090035: ΥΜΗΤΤΟΥ","090035","90035",ΥΜΗΤΤΟΥ,YMHTTOY,ΣΩΡΟΥ,"411"
"090036: ΣΧΟΛΕΙΟ","090036","90036",ΣΧΟΛΕΙΟ,SXOLEIO,ΣΩΡΟΥ,"411"
"090037: ΚΥΠΡΙΩΝ ΑΓΩΝΙΣΤΩΝ","090037","90037",ΚΥΠΡΙΩΝ ΑΓΩΝΙΣΤΩΝ,KYPRION AGONISTON,ΜΕΣΟΓΕΙΩΝ,"411"
"090038: ΜΑΡΜΑΡΑΔΙΚΑ","090038","90038",ΜΑΡΜΑΡΑΔΙΚΑ,MARMARADIKA,ΜΑΚΡΥΓΙΑΝΝΗ,"411"
"090043: ΣΤΡΟΦΗ ΜΕΛΙΣΣΙΩΝ","090043","90043",ΣΤΡΟΦΗ ΜΕΛΙΣΣΙΩΝ,STROFH MELISSION,ΠΕΝΤΕΛΗΣ,"410, 446"
"090044: ΕΥΓΕΝΙΟΣ ΣΠΑΘΑΡΗΣ","090044","90044",ΕΥΓΕΝΙΟΣ ΣΠΑΘΑΡΗΣ,EYGENIOS SPATHARIS,ΠΕΝΤΕΛΗΣ,"410, 446"
"090045: ΑΛΩΝΙΑ","090045","90045",ΑΛΩΝΙΑ,ALONIA,ΠΕΝΤΕΛΗΣ,"410, 446"
"090046: ΣΙΚΙΑΡΙΔΕΙΟ","090046","90046",ΣΙΚΙΑΡΙΔΕΙΟ,SIKIARIDEIO,ΠΕΝΤΕΛΗΣ,"410, 446"
"090047: ΣΙΚΙΑΡΙΔΕΙΟΝ","090047","90047",ΣΙΚΙΑΡΙΔΕΙΟΝ,SIKIARIDEION,ΠΕΝΤΕΛΗΣ,"410, 446"
"090048: ΑΛΩΝΙΑ","090048","90048",ΑΛΩΝΙΑ,ALONIA,ΠΕΝΤΕΛΗΣ,"410, 446"
"090049: ΑΡΤΕΜΙΔΟΣ","090049","90049",ΑΡΤΕΜΙΔΟΣ,ARTEMIDOS,ΑΜ.ΑΡΤΕΜΙΔΟΣ,Α8
"090050: ΕΥΓΕΝΙΟΣ ΣΠΑΘΑΡΗΣ","090050","90050",ΕΥΓΕΝΙΟΣ ΣΠΑΘΑΡΗΣ,EYGENIOS SPATHARHS,ΠΕΝΤΕΛΗΣ,"410, 446"
"090051: ΚΗΦΙΣΙΑΣ","090051","90051",ΚΗΦΙΣΙΑΣ,KHFISIAS,ΔΑΚ.ΑΤ/ΚΗΣ ΟΔ. Λ.ΚΗΦΙΣΙΑΣ,Χ93
"090052: ΧΕΙΜΑΡΑΣ","090052","90052",ΧΕΙΜΑΡΑΣ,XEIMARAS,ΛΕΩΦ.ΚΗΦΙΣΙΑΣ,"550, Α7, Α8, Χ14"
"090053: ΚΗΦΙΣΙΑΣ","090053","90053",ΚΗΦΙΣΙΑΣ,KHFISIAS,ΔΑΚ.ΑΤ/ΚΗΣ ΟΔ. Λ.ΚΗΦΙΣΙΑΣ,Χ93
"090055: ΣΧΟΛΕΙΟ","090055","90055",ΣΧΟΛΕΙΟ,SXOLEIO,ΣΩΡΟΥ,"411"
"090056: ΥΜΗΤΤΟΥ","090056","90056",ΥΜΗΤΤΟΥ,YMHTTOY,ΣΩΡΟΥ,"411"
"090057: ΑΜΜΟΧΩΣΤΟΥ","090057","90057",ΑΜΜΟΧΩΣΤΟΥ,AMMOXOSTOY,ΣΩΡΟΥ,"411"
"090059: ΧΕΙΜΑΡΑΣ","090059","10713",ΧΕΙΜΑΡΑΣ,XEIMARAS,ΑΜΑΡΟΥΣΙΟΥ-ΧΑΛΑΝΔΡΙΟΥ,"411"
"090061: ΧΕΙΜΑΡΑΣ","090061","90061",ΧΕΙΜΑΡΑΣ,XEIMARAS,ΑΜΑΡΟΥΣΙΟΥ-ΧΑΛΑΝΔΡΙΟΥ,"411"
"090062: 16η ΑΜΑΡΟΥΣΙΟΥ","090062","90062",16η ΑΜΑΡΟΥΣΙΟΥ,16th AMAROYSIOY,ΠΕΡΙΚΛΕΟΥΣ,"410, 446, 541, Α8"
"090063: 15η ΑΜΑΡΟΥΣΙΟΥ","090063","90063",15η ΑΜΑΡΟΥΣΙΟΥ,15th AMAROYSIOY,ΠΕΡΙΚΛΕΟΥΣ,"446, 541, Α8"
"090066: 15η ΑΜΑΡΟΥΣΙΟΥ","090066","90066",15η ΑΜΑΡΟΥΣΙΟΥ,15th AMAROYSIOY,ΠΕΡΙΚΛΕΟΥΣ,"501, 541, Α8"
"090068: ΣΩΡΟΥ","090068","90068",ΣΩΡΟΥ,SOROY,ΜΕΣΟΓΕΙΩΝ,"411"
"090069: ΑΤΤΙΚΗ ΟΔΟΣ","090069","90069",ΑΤΤΙΚΗ ΟΔΟΣ,ATTIKH ODOS,ΑΜΑΡΟΥΣΙΟΥ-ΧΑΛΑΝΔΡΙΟΥ,"411"
"090070: ΕΡΓ. ΠΟΛΥΚΑΤΟΙΚΙΕΣ","090070","90070",ΕΡΓ. ΠΟΛΥΚΑΤΟΙΚΙΕΣ,ERG. POLYKATOIKIES,ΑΓ.ΚΩΝΣΤΑΝΤΙΝΟΥ,"410, 500"
"090071: ΑΓ. ΚΩΝ/ΝΟΣ","090071","90071",ΑΓ. ΚΩΝ/ΝΟΣ,AG. KONSTANTINOS,ΑΓ.ΚΩΝΣΤΑΝΤΙΝΟΥ,"410, 500"
"090073: ΑΝΔΡΟΝΙΚΟΥ","090073","90073",ΑΝΔΡΟΝΙΚΟΥ,ANDRONIKOY,ΑΝΔΡΟΝΙΚΟΥ,"527"
"090074: ΕΡΓ. ΠΟΛΥΚΑΤΟΙΚΙΕΣ","090074","90074",ΕΡΓ. ΠΟΛΥΚΑΤΟΙΚΙΕΣ,ERG. POLYKATOIKIES,ΑΓ.ΚΩΝΣΤΑΝΤΙΝΟΥ,"410, 500"
"090075: ΕΜΠ. ΚΕΝΤΡΟ","090075","90075",ΕΜΠ. ΚΕΝΤΡΟ,EMP. KENTRO,ΑΓ.ΚΩΝΣΤΑΝΤΙΝΟΥ,"410, 500"
"090076: INTERAMERICAN","090076","90076",INTERAMERICAN,INTERAMERICAN,ΑΓ.ΚΩΝΣΤΑΝΤΙΝΟΥ,"410, 500"
"090077: ΝΕΡΑΤΖΙΩΤΙΣΣΑ","090077","90077",ΝΕΡΑΤΖΙΩΤΙΣΣΑ,NERATZIOTISSA,ΑΜ.ΑΡΤΕΜΙΔΟΣ,"740"
"090078: ΕΙΡΗΝΗ","090078","90078",ΕΙΡΗΝΗ,EIRHNH,ΝΕΡΑΤΖΙΩΤΙΣΣΗΣ,"500, 740"
"090079: ΗΡΩΔΟΥ ΑΤΤΙΚΟΥ","090079","90079",ΗΡΩΔΟΥ ΑΤΤΙΚΟΥ,HRODOY ATTIKOY,ΑΡΙΣΤΟΤΕΛΟΥΣ,"410, 446, Α8"
"090081: ΦΡΑΓΚΟΚΚΛΗΣΙΑΣ","090081","90081",ΦΡΑΓΚΟΚΚΛΗΣΙΑΣ,FRAGKOKKLHSIAS,ΑΜΑΡΟΥΣΙΟΥ-ΧΑΛΑΝΔΡΙΟΥ,"411"
"090082: ΣΤ. ΝΕΡΑΤZIΩΤΙΣΣΑ","090082","90082",ΣΤ. ΝΕΡΑΤZIΩΤΙΣΣΑ,ST. NERATZIOTISSA,ΝΕΡΑΤΖΙΩΤΙΣΣΗΣ,"410, 500"
"090083: ΕΙΡΗΝΗ","090083","90083",ΕΙΡΗΝΗ,EIRHNH,ΝΕΡΑΤΖΙΩΤΙΣΣΗΣ,"500, 740"
"090084: ΝΕΡΑΤΖΙΩΤΙΣΣΑ","090084","90084",ΝΕΡΑΤΖΙΩΤΙΣΣΑ,NERATZIOTISSA,ΑΜ.ΑΡΤΕΜΙΔΟΣ,"740"
"090085: ΒΑΣ. ΓΕΩΡΓΙΟΥ","090085","90085",ΒΑΣ. ΓΕΩΡΓΙΟΥ,BAS. GEORGIOY,ΚΟΝΔΥΛΗ,"501"
"090086: ΑΓ. ΝΙΚΟΛΑΟΣ","090086","90086",ΑΓ. ΝΙΚΟΛΑΟΣ,AG. NIKOLAOS,ΒΑΣ.ΑΛΕΞΑΝΔΡΟΥ,"501"
"090087: ΑΡΕΩΣ","090087","90087",ΑΡΕΩΣ,AREOS,ΑΡΕΩΣ,"501"
"090088: ΣΤ. ΝΕΡΑΤΖΙΩΤΙΣΣΑ","090088","90088",ΣΤ. ΝΕΡΑΤΖΙΩΤΙΣΣΑ,ST. NERATZIOTISSA,ΝΕΡΑΤΖΙΩΤΙΣΣΗΣ,"410, 500"
"090089: ΟΛΥΜΠΙΑΚΟ ΣΤΑΔΙΟ","090089","90089",ΟΛΥΜΠΙΑΚΟ ΣΤΑΔΙΟ,OLYMPIAKO STADIO,ΛΕΩΦ.ΚΗΦΙΣΙΑΣ,"550, Α7, Ε14, Χ14"
"090091: ΚΥΠΡΟΥ","090091","90091",ΚΥΠΡΟΥ,KYPROY,ΑΜΑΡΟΥΣΙΟΥ ΧΑΛΑΝΔΡΙΟΥ,"411"
"090097: ΑΚΑΚΙΩΝ","090097","90097",ΑΚΑΚΙΩΝ,AKAKION,ΦΡΑΓΚΟΚΚΛΗΣΙΑΣ,"402"
"0900: ΑΦΕΤΗΡΙΑ  ΑΓ. ΑΝΤΩΝΙΟΣ","0900","10887",ΑΦΕΤΗΡΙΑ  ΑΓ. ΑΝΤΩΝΙΟΣ,AFETHRIA  AG. ANTONIOS,,"25"
"090120: ΚΑΡΚΑΒΙΤΣΑ","090120","90120",ΚΑΡΚΑΒΙΤΣΑ,KARKABITSA,ΑΜΑΡΟΥΣΙΟΥ-ΧΑΛΑΝΔΡΙΟΥ,"411"
"090122: 3η ΝΕΑΠΟΛΕΩΣ","090122","90122",3η ΝΕΑΠΟΛΕΩΣ,3rd NEAPOLEOS,ΝΕΑΠΟΛΕΩΣ,"602"
"090138: ΑΤΤΙΚΗ ΟΔΟΣ","090138","90138",ΑΤΤΙΚΗ ΟΔΟΣ,ATTIKH ODOS,ΔΑΚ.ΑΤ/ΚΗΣ ΟΔ. Λ.ΚΗΦΙΣΙΑΣ,"550, Α7, Α8, Χ14"
"090139: ΠΛ. ΕΘΝ. ΑΝΤΙΣΤΑΣΕΩΣ","090139","90139",ΠΛ. ΕΘΝ. ΑΝΤΙΣΤΑΣΕΩΣ,PL. ETHN. ANTISTASEOS,ΘΕΜΙΣΤΟΚΛΕΟΥΣ,"410, 446, 501, 541, Α8"
"090142: ΑΝΑΞΑΓΟΡΑ","090142","90142",ΑΝΑΞΑΓΟΡΑ,ANAXAGORA,ΑΝΑΞΑΓΟΡΑ,"411"
"090143: ΚΥΠΡΙΩΝ ΑΓΩΝΙΣΤΩΝ","090143","90143",ΚΥΠΡΙΩΝ ΑΓΩΝΙΣΤΩΝ,KYPRION AGONISTON,ΚΥΠΡΙΩΝ ΑΓΩΝΙΣΤΩΝ,"411"
"090144: ΚΥΠΡΙΩΝ ΑΓΩΝΙΣΤΩΝ","090144","90144",ΚΥΠΡΙΩΝ ΑΓΩΝΙΣΤΩΝ,KYPRION AGONISTON,ΚΥΠΡΙΩΝ ΑΓΩΝΙΣΤΩΝ,"411"
"090145: ΜΑΚΡΥΓΙΑΝΝΗ","090145","90145",ΜΑΚΡΥΓΙΑΝΝΗ,MAKRYGIANNH,ΜΑΚΡΥΓΙΑΝΝΗ,"411"
"090153: ΙΚΑ ΑΜΑΡΟΥΣΙΟΥ","090153","90153",ΙΚΑ ΑΜΑΡΟΥΣΙΟΥ,IKA AMAROYSIOY,ΧΑΝΤΖΗΑΝΤΩΝΙΟΥ,"410, 446, 501, 541, Α8"
"090154: ΠΛ. ΠΙΝΔΟΥ","090154","90154",ΠΛ. ΠΙΝΔΟΥ,PL. PINDOY,ΒΑΣ.ΟΛΓΑΣ,"410, 446, 501, 541, Α8"
"090156: ΣΧΟΛΕΙΑ","090156","90156",ΣΧΟΛΕΙΑ,SXOLEIA,ΛΕΩΦ.ΚΗΦΙΣΙΑΣ,"500, 550, Α7, Χ14"
"090158: ΑΓΟΡΑ","090158","90158",ΑΓΟΡΑ,AGORA,ΛΕΩΦ.ΚΗΦΙΣΙΑΣ,"550, Α7, Χ14"
"090159: ΨΑΡΩΝ","090159","90159",ΨΑΡΩΝ,PSARON,ΒΥΡΩΝΟΣ,"527, 642"
"090160: 5η ΠΟΛΥΔΡΟΣΟΥ","090160","90160",5η ΠΟΛΥΔΡΟΣΟΥ,5th POLYDROSOY,ΑΚΑΚΙΩΝ,"402"
"090161: 1η ΣΑΜΟΥ","090161","90161",1η ΣΑΜΟΥ,1st SAMOY,ΣΑΜΟΥ,"402"
"090162: 2η ΣΑΜΟΥ","090162","90162",2η ΣΑΜΟΥ,2nd SAMOY,ΣΑΜΟΥ,"402"
"090167: INTERAMERICAN","090167","90167",INTERAMERICAN,INTERAMERICAN,ΑΓ.ΚΩΝΣΤΑΝΤΙΝΟΥ,"410, 500"
"090168: ΕΜΠ. ΚΕΝΤΡΟ","090168","90168",ΕΜΠ. ΚΕΝΤΡΟ,EMP. KENTRO,ΑΓ.ΚΩΝΣΤΑΝΤΙΝΟΥ,"410, 500"
"090178: ΡΕΜΑ","090178","90178",ΡΕΜΑ,REMA,ΑΜ.ΑΡΤΕΜΙΔΟΣ,Α8
"090185: ΤΣΑΛΔΑΡΗ","090185","90185",ΤΣΑΛΔΑΡΗ,TSALDARH,ΠΕΡΙΚΛΕΟΥΣ,"501, 541, Α8"
"090188: ΑΡΤΕΜΙΔΟΣ","090188","90188",ΑΡΤΕΜΙΔΟΣ,ARTEMIDOS,ΑΡΤΕΜΙΔΟΣ,"Α8, Ε14"
"090189: ΡΕΜΑ","090189","90189",ΡΕΜΑ,REMA,ΑΜ.ΑΡΤΕΜΙΔΟΣ,"Α8, Ε14"
"090194: ΝΕΡΑΤΖΙΩΤΙΣΣΑ","090194","90194",ΝΕΡΑΤΖΙΩΤΙΣΣΑ,NERATZIOTISSA,Α.ΠΑΠΑΝΔΡΕΟΥ,Ε14
"090196: ΠΛ. ΚΑΣΤΑΛΙΑΣ","090196","90196",ΠΛ. ΚΑΣΤΑΛΙΑΣ,PL. KASTALIAS,ΒΑΣ.ΣΟΦΙΑΣ,"501, 541"
"090197: ΝΕΡΑΤΖΙΩΤΙΣΣΑ - ΑΠΟΒΙΒΑΣΗ","090197","90197",ΝΕΡΑΤΖΙΩΤΙΣΣΑ - ΑΠΟΒΙΒΑΣΗ,NERATZIOTISSA - APOBIBASH,Α.ΠΑΠΑΝΔΡΕΟΥ,Ε14
"090200: ΕΡΑΤΩ","090200","90200",ΕΡΑΤΩ,ERATO,ΑΝΔ.ΠΑΠΑΝΔΡΕΟΥ,Ε14
"090209: ΑΡΤΕΜΙΔΟΣ","090209","90209",ΑΡΤΕΜΙΔΟΣ,ARTEMIDOS,ΑΜΑΡΥΣΙΑΣ ΑΡΤΕΜΙΔΟΣ,"410"
"090210: ΝΕΜΕΣΕΩΣ","090210","90210",ΝΕΜΕΣΕΩΣ,NEMESEOS,ΕΡΑΤΟΥΣ,Ε14
"090220: ΝΕΡΑΤΖΙΩΤΙΣΣΑ","090220","90220",ΝΕΡΑΤΖΙΩΤΙΣΣΑ,NERATZIOTISSA,ΑΜΑΡΥΣΙΑΣ ΑΡΤΕΜΙΔΟΣ,"410, 444"
"090221: ΑΡΤΕΜΙΔΟΣ","090221","90221",ΑΡΤΕΜΙΔΟΣ,ARTEMIDOS,ΑΜΑΡΥΣΙΑΣ ΑΡΤΕΜΙΔΟΣ,"410, 444"
"090223: ΕΠΤΑΛΟΦΟΥ","090223","90223",ΕΠΤΑΛΟΦΟΥ,EPTALOFOY,ΝΕΡΑΤΖΙΩΤΙΣΣΗΣ,"410"
"090224: ΠΑΝΑΓΙΑ","090224","90224",ΠΑΝΑΓΙΑ,PANAGIA,ΝΕΡΑΤΖΙΩΤΙΣΗΣ,"410"
"090225: ΠΑΠΑΦΛΕΣΣΑ","090225","90225",ΠΑΠΑΦΛΕΣΣΑ,PAPAFLESSA,ΠΑΠΑΦΛΕΣΣΑ,"410, Α8"
"090229: ΠΙΤΤΑΡΑ","090229","10467",ΠΙΤΤΑΡΑ,PITTARA,ΠΙΤΤΑΡΑ,"444"
"090230: ΣΠ.  ΛΟΥΗ","090230","10468",ΣΠ.  ΛΟΥΗ,SP. LOYH,ΣΠΥΡΟΥ ΛΟΥΗ,"444"
"090231: ΕΛΕΥΘΕΡΙΑΣ","090231","10466",ΕΛΕΥΘΕΡΙΑΣ,ELEYTHERIAS,,"444"
"090232: ΣΤ. ΝΕΡΑΤΖΙΩΤΙΣΣΑ","090232","10584",ΣΤ. ΝΕΡΑΤΖΙΩΤΙΣΣΑ,ST. NERATZIOTISSA,ΝΕΡΑΤΖΙΩΤΙΣΣΑΣ,"527"
"090233: ΧΑΛΚΗΣ","090233","10595",ΧΑΛΚΗΣ,XALKHS,ΠΑΡΟΔΟΣ ΒΥΡΩΝΑ,"527"
"090234: ΨΑΡΩΝ","090234","10596",ΨΑΡΩΝ,PSARON,ΨΑΡΩΝ,"527"
"090240: ΟΑΚΑ","090240","10464",ΟΑΚΑ,OAKA,Λ. ΚΥΜΗΣ,"444"
"090242: ΥΠΟΥΡΓΕΙΟ ΠΑΙΔΕΙΑΣ","090242","10592",ΥΠΟΥΡΓΕΙΟ ΠΑΙΔΕΙΑΣ,YPOYRGEIO PAIDEIAS,Α.ΠΑΠΑΝΔΡΕΟΥ,"527"
"090244: ΑΓ. ΘΩΜΑΣ","090244","10443",ΑΓ. ΘΩΜΑΣ,AG. THOMAS,,Ε14
"090245: ΔΙΟΝΥΣΟΥ","090245","10444",ΔΙΟΝΥΣΟΥ,DIONYSOY,,Ε14
"090246: ΕΡΑΤΩ","090246","10445",ΕΡΑΤΩ,ERATO,,Ε14
"090250: ΥΠΟΥΡΓΕΙΟ ΠΑΙΔΕΙΑΣ - ΑΠΟΒΙΒΑΣΗ","090250","11510",ΥΠΟΥΡΓΕΙΟ ΠΑΙΔΕΙΑΣ - ΑΠΟΒΙΒΑΣΗ,YPOYRGEIO PAIDEIAS -  APOBIBASH,,Ε14
"090252: ΥΠΟΥΡΓΕΙΟ ΠΑΙΔΕΙΑΣ - ΕΠΙΒΙΒΑΣΗ","090252","11511",ΥΠΟΥΡΓΕΙΟ ΠΑΙΔΕΙΑΣ - ΕΠΙΒΙΒΑΣΗ,YPOYRGEIO PAIDEIAS - EPIBIBASH,ΑΝΔΡΕΑ ΠΑΠΑΝΔΡΕΟΥ,Ε14
"090523: ΑΜΑΡΥΣΙΑΣ","090523","11913",ΑΜΑΡΥΣΙΑΣ,AMARYSIAS,ΝΕΡΑΤΖΙΩΤΙΣΣΗΣ,"444"
"09: ΣΤ. ΥΠΕΡΑΣΤΙΚΩΝ ΛΕΩΦΟΡΕΙΩΝ ΚΗΦΙΣΟΥ","09","10162",ΣΤ. ΥΠΕΡΑΣΤΙΚΩΝ ΛΕΩΦΟΡΕΙΩΝ ΚΗΦΙΣΟΥ,ST. YPERASTIKON LEOFOREION KHFISOY,,"051, Χ93"
100001: 14η ΝΤΑΜΑΡΙΑ,"100001","100001",14η ΝΤΑΜΑΡΙΑ,14th NTAMARIA,ΦΥΛΗΣ,"711, 735, Β12"
100002: ΓΕΦΥΡΑ  ΑΤΤΙΚΗΣ ΟΔΟΥ,"100002","100002",ΓΕΦΥΡΑ  ΑΤΤΙΚΗΣ ΟΔΟΥ,GEFYRA  ATTIKHS ODOY,ΕΠΑΝΩ ΣΤΗ ΓΕΦΥΡΑ,"712, 723, 735, 749, Β12"
100003: 16η ΦΥΛΗΣ,"100003","100003",16η ΦΥΛΗΣ,16th FYLHS,ΦΥΛΗΣ,"712, 723, 735, 749, Β12"
100004: ΚΟΜΝΗΝΩΝ,"100004","100004",ΚΟΜΝΗΝΩΝ,KOMNHNON,ΖΗΝΩΝΑ,"749"
100011: 1η ΠΙΝΔΟΥ,"100011","100011",1η ΠΙΝΔΟΥ,1st PINDOY,ΠΙΝΔΟΥ,"709"
100012: 2η ΠΙΝΔΟΥ,"100012","100012",2η ΠΙΝΔΟΥ,2nd PINDOY,ΠΙΝΔΟΥ,"709"
100013: 3η ΠΙΝΔΟΥ,"100013","100013",3η ΠΙΝΔΟΥ,3rd PINDOY,ΠΙΝΔΟΥ,"709"
100014: ΣΧΟΛΕΙΟ,"100014","100014",ΣΧΟΛΕΙΟ,SXOLEIO,ΠΙΝΔΟΥ,"709"
100016: ΤΣΙΓΚΟΥ,"100016","100016",ΤΣΙΓΚΟΥ,TSIGKOY,ΠΑΡΝΗΘΟΣ,"709, 712"
100017: ΟΛΥΜΠΙΟΥ,"100017","100017",ΟΛΥΜΠΙΟΥ,OLYMPIOY,ΙΟΝΙΟΥ ΠΕΛΑΓΟΥΣ,"709, 712"
100018: ΦΟΥΡΝΟΣ,"100018","100018",ΦΟΥΡΝΟΣ,FOYRNOS,ΙΟΝΙΟΥ ΠΕΛΑΓΟΥΣ,"709, 712"
100019: 25ης ΜΑΡΤΙΟΥ,"100019","100019",25ης ΜΑΡΤΙΟΥ,25th MARTIOY,ΙΟΝΙΟΥ ΠΕΛΑΓΟΥΣ,"709, 712"
100020: ΑΓ.  ΝΕΚΤΑΡΙΟΥ,"100020","11290",ΑΓ.  ΝΕΚΤΑΡΙΟΥ,AG. NEKTARIOY,ΛΕΣΒΟΥ,"709, 733"
100025: ΚΑΤΕΡΙΝΗΣ,"100025","100025",ΚΑΤΕΡΙΝΗΣ,KATERINHS,ΠΗΝΕΙΟΥ,"733"
100026: ΚΑΣΤΟΡΙΑ,"100026","100026",ΚΑΣΤΟΡΙΑ,KASTORIA,ΠΗΝΕΙΟΥ,"733"
100027: ΙΟΝΙΟΥ ΠΕΛΑΓΟΥΣ,"100027","100027",ΙΟΝΙΟΥ ΠΕΛΑΓΟΥΣ,IONIOY PELAGOYS,25ης ΜΑΡΤΙΟΥ,"733"
100032: ΛΕΥΚΑΔΟΣ,"100032","100032",ΛΕΥΚΑΔΟΣ,LEYKADOS,ΠΗΝΕΙΟΥ,"733"
100033: 1η ΓΕΝΝΗΜΑΤΑ,"100033","100033",1η ΓΕΝΝΗΜΑΤΑ,1st GENNHMATA,ΠΥΡΡΟΥ ΔΗΜΑ,"749"
100034: 17η ΦΥΛΗΣ,"100034","100034",17η ΦΥΛΗΣ,17th FYLHS,ΦΥΛΗΣ,"712, 723, 749, Β12"
100035: 18η ΦΥΛΗΣ,"100035","100035",18η ΦΥΛΗΣ,18th FYLHS,ΦΥΛΗΣ,"712, 723, 749, Β12"
100036: 19η ΦΥΛΗΣ,"100036","100036",19η ΦΥΛΗΣ,19th FYLHS,ΦΥΛΗΣ,"712, 723, 749, Β12"
100037: 20η ΦΥΛΗΣ,"100037","100037",20η ΦΥΛΗΣ,20th FYLHS,ΦΥΛΗΣ,"712, 723, 749, Β12"
100038: 2η ΓΕΝΝΗΜΑΤΑ,"100038","100038",2η ΓΕΝΝΗΜΑΤΑ,2nd GENNHMATA,ΠΥΡΡΟΥ ΔΗΜΑ,"749"
100039: 22η ΦΥΛΗΣ,"100039","100039",22η ΦΥΛΗΣ,22nd FYLHS,ΦΥΛΗΣ,"723, 749, Β12"
100040: 23η ΦΥΛΗΣ,"100040","100040",23η ΦΥΛΗΣ,23rd FYLHS,ΦΥΛΗΣ,"723, 749, Β12"
100041: 25η ΦΥΛΗΣ,"100041","100041",25η ΦΥΛΗΣ,25th FYLHS,ΦΥΛΗΣ,"723, Β12"
100044: 6η ΓΕΝΝΗΜΑΤΑ,"100044","100044",6η ΓΕΝΝΗΜΑΤΑ,6th GENNHMATA,ΠΥΡΡΟΥ ΔΗΜΑ,"749"
100045: 29η ΦΥΛΗΣ,"100045","100045",29η ΦΥΛΗΣ,29th FYLHS,ΦΥΛΗΣ,"723"
100046: 29η ΦΥΛΗΣ,"100046","100046",29η ΦΥΛΗΣ,29th FYLHS,ΦΥΛΗΣ,"723, Β12"
100047: ΚΟΥΡΜΟΥΛΗ,"100047","100047",ΚΟΥΡΜΟΥΛΗ,KOYRMOYLH,ΚΑΡΑΙΣΚΑΚΗ,"712, Β12"
100048: ΖΑΠΠΑ,"100048","100048",ΖΑΠΠΑ,ZAPPA,ΚΑΡΑΙΣΚΑΚΗ,"712, Β12"
100049: 26η ΦΥΛΗΣ,"100049","100049",26η ΦΥΛΗΣ,26th FYLHS,ΦΥΛΗΣ,"723"
100050: 25η ΦΥΛΗΣ,"100050","100050",25η ΦΥΛΗΣ,25th FYLHS,ΦΥΛΗΣ,"723"
100051: 23η ΦΥΛΗΣ,"100051","100051",23η ΦΥΛΗΣ,23rd FYLHS,ΦΥΛΗΣ,"723, 749"
100052: 22η ΦΥΛΗΣ,"100052","100052",22η ΦΥΛΗΣ,22nd FYLHS,ΦΥΛΗΣ,"723, 749"
100053: ΥΨΗΛΑΝΤΟΥ,"100053","100053",ΥΨΗΛΑΝΤΟΥ,YPSHLANTOY,ΝΙΚ.ΜΑΝΔΗΛΑΡΑ,"712, Β12"
100054: 20η ΦΥΛΗΣ,"100054","100054",20η ΦΥΛΗΣ,20th FYLHS,ΦΥΛΗΣ,"712, 723, 749, Β12"
100055: 19η ΦΥΛΗΣ,"100055","100055",19η ΦΥΛΗΣ,19th FYLHS,ΦΥΛΗΣ,"712, 723, 749, Β12"
100056: 18η ΦΥΛΗΣ,"100056","100056",18η ΦΥΛΗΣ,18th FYLHS,ΦΥΛΗΣ,"712, 723, 749, Β12"
100058: 16η ΦΥΛΗΣ,"100058","100058",16η ΦΥΛΗΣ,16th FYLHS,ΦΥΛΗΣ,"712, 723, 735, 749, Β12"
100059: 1η ΖΩΦΡΙΑΣ,"100059","100059",1η ΖΩΦΡΙΑΣ,1st ZOFRIAS,ΜΕΓ. ΑΛΕΞΑΝΔΡΟΥ,"711"
100060: 2η ΖΩΦΡΙΑΣ,"100060","100060",2η ΖΩΦΡΙΑΣ,2nd ZOFRIAS,ΜΕΓ.ΑΛΕΞΑΝΔΡΟΥ,"711, 878, 879"
100061: 3η ΖΩΦΡΙΑΣ,"100061","100061",3η ΖΩΦΡΙΑΣ,3rd ZOFRIAS,ΜΕΓ.ΑΛΕΞΑΝΔΡΟΥ,"711, 878, 879"
100062: 4η ΖΩΦΡΙΑΣ,"100062","100062",4η ΖΩΦΡΙΑΣ,4th ZOFRIAS,ΜΕΓ.ΑΛΕΞΑΝΔΡΟΥ,"711, 878, 879"
100063: 5η ΖΩΦΡΙΑΣ,"100063","100063",5η ΖΩΦΡΙΑΣ,5th ZOFRIAS,ΜΕΓ.ΑΛΕΞΑΝΔΡΟΥ,"711, 878, 879"
100064: 1η ΜΑΚ,"100064","100064",1η ΜΑΚ,1st MAK,ΜΕΓ.ΑΛΕΞΑΝΔΡΟΥ,"711, 878, 879"
100065: 2η ΜΑΚ,"100065","100065",2η ΜΑΚ,2nd MAK,ΜΕΓ.ΑΛΕΞΑΝΔΡΟΥ,"711, 878, 879"
100066: 3η ΜΑΚ,"100066","100066",3η ΜΑΚ,3rd MAK,ΜΕΓ.ΑΛΕΞΑΝΔΡΟΥ,"711, 878, 879"
100068: 3η ΜΑΚ,"100068","100068",3η ΜΑΚ,3rd MAK,ΜΕΓ.ΑΛΕΞΑΝΔΡΟΥ,"711, 878, 879"
100069: 2η ΜΑΚ,"100069","100069",2η ΜΑΚ,2nd MAK,ΜΕΓ.ΑΛΕΞΑΝΔΡΟΥ,"711, 878, 879"
100070: 1η ΜΑΚ,"100070","100070",1η ΜΑΚ,1st MAK,ΜΕΓ.ΑΛΕΞΑΝΔΡΟΥ,"711, 878, 879"
100071: 5η ΖΩΦΡΙΑΣ,"100071","100071",5η ΖΩΦΡΙΑΣ,5th ZOFRIAS,ΜΕΓ.ΑΛΕΞΑΝΔΡΟΥ,"711, 878, 879"
100072: 4η ΖΩΦΡΙΑΣ,"100072","100072",4η ΖΩΦΡΙΑΣ,4th ZOFRIAS,ΜΕΓ.ΑΛΕΞΑΝΔΡΟΥ,"711, 878, 879"
100073: 3η ΖΩΦΡΙΑΣ,"100073","100073",3η ΖΩΦΡΙΑΣ,3rd ZOFRIAS,ΜΕΓ.ΑΛΕΞΑΝΔΡΟΥ,"711, 878, 879"
100074: 2η ΔΗΜΑΡΧΕΙΟ,"100074","100074",2η ΔΗΜΑΡΧΕΙΟ,2nd DHMARXEIO,ΜΕΓ.ΑΛΕΞΑΝΔΡΟΥ,"711, 878, 879"
100075: 21η ΦΥΛΗΣ,"100075","100075",21η ΦΥΛΗΣ,21st FYLHS,ΦΥΛΗΣ,"723, 749"
100076: ΝΙΚ. ΜΠΕΛΟΓΙΑΝΝΗ,"100076","100076",ΝΙΚ. ΜΠΕΛΟΓΙΑΝΝΗ,NIK. MPELOGIANNH,ΦΥΛΗΣ,"723, 749, Β12"
100081: ΑΜΒΡΑΚΙΚΟΥ,"100081","100081",ΑΜΒΡΑΚΙΚΟΥ,AMBRAKIKOY,ΠΗΝΕΙΟΥ,"733"
100082: 5η ΓΕΝΝΗΜΑΤΑ,"100082","100082",5η ΓΕΝΝΗΜΑΤΑ,5th GENNHMATA,ΣΤΕΛΙΟΥ ΜΗΓΙΑΚΗ,"749"
100083: ΔΙΑΣΤΑΥΡΩΣΗ ΦΥΛΗΣ,"100083","100083",ΔΙΑΣΤΑΥΡΩΣΗ ΦΥΛΗΣ,DIASTAYROSH FYLHS,ΛΕΩΦ. ΜΕΓ.ΑΛΕΞΑΝΔΡΟΥ,"711"
100084: ΠΛ. ΕΘΝ. ΑΝΤΙΣΤΑΣΕΩΣ,"100084","100084",ΠΛ. ΕΘΝ. ΑΝΤΙΣΤΑΣΕΩΣ,PL. ETHN. ANTISTASEOS,ΕΛΕΥΘΕΡΙΑΣ,"712"
100086: ΑΙΓΑΙΟΥ ΠΕΛΑΓΟΥΣ,"100086","100086",ΑΙΓΑΙΟΥ ΠΕΛΑΓΟΥΣ,AIGAIOY PELAGOYS,ΚΥΚΛΑΔΩΝ(ΣΟΥΛΙΟΥ),"712, 735, 878, 879"
100087: ΕΥΑΓΓΕΛΙΣΤΡΙΑΣ,"100087","100087",ΕΥΑΓΓΕΛΙΣΤΡΙΑΣ,EYAGGELISTRIAS,ΠΗΝΕΙΟΥ,"733"
100088: ΜΑΚ,"100088","100088",ΜΑΚ,MAK,ΛΕΩΦ.ΜΕΓ.ΑΛΕΞΑΝΔΡΟΥ,"878, 879"
100089: ΓΡΑΜΜΕΣ ΟΣΕ,"100089","100089",ΓΡΑΜΜΕΣ ΟΣΕ,GRAMMES OSE,ΑΝΩΝΥΜΟΥ,"711"
100090: 17η ΦΥΛΗΣ,"100090","100090",17η ΦΥΛΗΣ,17th FYLHS,ΦΥΛΗΣ,"712, 723, 749, Β12"
100091: ΓΡΑΜΜΕΣ ΟΣΕ,"100091","100091",ΓΡΑΜΜΕΣ ΟΣΕ,GRAMMES OSE,ΑΝΩΝΥΜΟΥ,"711"
100092: ΕΙΡΗΝΗ,"100092","100092",ΕΙΡΗΝΗ,EIRHNH,ΑΙΓΑΙΟΥ ΠΕΛΑΓΟΥΣ,"735, 878, 879"
100093: MAK,"100093","100093",MAK,MAK,ΜΕΓ.ΑΛΕΞΑΝΔΡΟΥ,"878, 879"
100094: ΠΟΤΣΙΚΑ,"100094","100094",ΠΟΤΣΙΚΑ,POTSIKA,ΜΕΓ.ΑΛΕΞΑΝΔΡΟΥ,"878, 879"
100095: 24η ΦΥΛΗΣ,"100095","100095",24η ΦΥΛΗΣ,24th FYLHS,ΦΥΛΗΣ,"723, 749, Β12"
100096: 24η ΦΥΛΗΣ,"100096","100096",24η ΦΥΛΗΣ,24th FYLHS,ΦΥΛΗΣ,"723, 749"
100103: ΠΛ. ΕΘΝ. ΑΝΤΙΣΤΑΣΕΩΣ,"100103","100103",ΠΛ. ΕΘΝ. ΑΝΤΙΣΤΑΣΕΩΣ,PL. ETHN. ANTISTASEOS,ΕΛΕΥΘΕΡΙΑΣ,"712, Β12"
100105: ΕΡΓΑΣΤΗΡΙ,"100105","100105",ΕΡΓΑΣΤΗΡΙ,ERGASTHRI,ΑΓ.ΟΡΟΥΣ,"749"
100108: 3η ΑΓ. ΙΩΑΝΝΟΥ,"100108","100108",3η ΑΓ. ΙΩΑΝΝΟΥ,3rd AG. IOANNOY,ΚΩΝΣΤΑΝΤΙΝΟΥΠΟΛΕΩΣ,"749"
100109: 4η ΑΓ. ΙΩΑΝΝΟΥ,"100109","100109",4η ΑΓ. ΙΩΑΝΝΟΥ,4th AG. IOANNOY,ΚΩΝΣΤΑΝΤΙΝΟΥΠΟΛΕΩΣ,"749"
100110: 5η ΑΓ. ΙΩΑΝΝΟΥ,"100110","100110",5η ΑΓ. ΙΩΑΝΝΟΥ,5th AG. IOANNOY,ΒΟΣΠΟΡΟΥ(ΥΛΙΚΗΣ),"749"
100111: 6η ΑΓ. ΙΩΑΝΝΟΥ,"100111","100111",6η ΑΓ. ΙΩΑΝΝΟΥ,6th AG. IOANNOY,ΝΙΚ.ΞΙΦΙΑ(ΕΛΕΥΘΕΡΙΑΣ),"749"
100112: 7η ΑΓ. ΙΩΑΝΝΟΥ,"100112","100112",7η ΑΓ. ΙΩΑΝΝΟΥ,7th AG. IOANNOY,ΝΙΚΗΦ.ΟΥΡΑΝΟΥ,"749"
100113: 8η ΑΓ. ΙΩΑΝΝΟΥ,"100113","100113",8η ΑΓ. ΙΩΑΝΝΟΥ,8th AG. IOANNOY,ΒΥΖΑΝΤΙΟΥ,"749"
100114: 9η ΑΓ. ΙΩΑΝΝΟΥ,"100114","100114",9η ΑΓ. ΙΩΑΝΝΟΥ,9th AG. IOANNOY,ΒΥΖΑΝΤΙΟΥ,"749"
100115: 10η ΑΓ. ΙΩΑΝΝΟΥ,"100115","100115",10η ΑΓ. ΙΩΑΝΝΟΥ,10th AG. IOANNOY,ΒΥΖΑΝΤΙΟΥ,"749"
100116: ΔΗΜΗΤΡΑ,"100116","100116",ΔΗΜΗΤΡΑ,DHMHTRA,ΣΑΡΩΝΙΚΟΥ,"878, 879"
100130: ΛΟΥΡΟΥ,"100130","100130",ΛΟΥΡΟΥ,LOYROY,ΑΛΙΑΚΜΟΝΟΣ,"709, 712, 733"
100131: ΛΑΓΚΑΔΑ,"100131","100131",ΛΑΓΚΑΔΑ,LAGKADA,ΑΛΙΑΚΜΟΝΟΣ,"709, 712, 733"
100133: ΚΥΚΛΑΔΩΝ,"100133","100133",ΚΥΚΛΑΔΩΝ,KYKLADON,ΚΥΚΛΑΔΩΝ(ΣΟΥΛΙΟΥ),"712, 735, 878, 879"
100134: 4η ΜΑΚ,"100134","100134",4η ΜΑΚ,4th MAK,ΜΕΓ.ΑΛΕΞΑΝΔΡΟΥ,"711, 878, 879"
100135: 4η MAK,"100135","100135",4η MAK,4th MAK,ΜΕΓ.ΑΛΕΞΑΝΔΡΟΥ,"711, 878, 879"
100136: 30η ΦΥΛΗΣ (ΓΗΠΕΔΟ),"100136","100136",30η ΦΥΛΗΣ (ΓΗΠΕΔΟ),30th FYLHS (GHPEDO),ΦΥΛΗΣ,"723"
100137: 30η ΦΥΛΗΣ,"100137","100137",30η ΦΥΛΗΣ,30th FYLHS,ΦΥΛΗΣ,"723"
100139: ΑΜΑΞΟΣΤΑΣΙΟ (ΑΠΟΒΙΒΑΣΗ),"100139","100139",ΑΜΑΞΟΣΤΑΣΙΟ (ΑΠΟΒΙΒΑΣΗ),AMAXOSTASIO (APOBIBASH),KΑΡΑΙΣΚΑΚΗ,"733, Β12"
100140: ΑΥΛΩΝΙΤΗ,"100140","100140",ΑΥΛΩΝΙΤΗ,AYLONITH,ΒΑΣ.ΑΥΛΩΝΙΤΗ,"878, 879"
100142: ΑΜΑΞΟΣΤΑΣΙΟ,"100142","100142",ΑΜΑΞΟΣΤΑΣΙΟ,AMAXOSTASIO,ΚΑΡΑΙΣΚΑΚΗ,"733"
100144: 1η ΡΟΔΩΝ,"100144","100144",1η ΡΟΔΩΝ,1st RODON,ΡΟΔΩΝ,Β12
100145: 2η ΡΟΔΩΝ,"100145","100145",2η ΡΟΔΩΝ,2nd RODON,ΡΟΔΩΝ,Β12
100149: ΓΕΦΥΡΑ  ΑΤΤΙΚΗΣ ΟΔΟΥ,"100149","100149",ΓΕΦΥΡΑ  ΑΤΤΙΚΗΣ ΟΔΟΥ,GEFYRA  ATTIKHS ODOY,ΕΠΑΝΩ ΣΤΗ ΓΕΦΥΡΑ,"712, 723, 735, 749, Β12"
100151: ΕΥΑΓΓΕΛΙΣΤΡΙΑΣ,"100151","100151",ΕΥΑΓΓΕΛΙΣΤΡΙΑΣ,EYAGGELISTRIAS,ΠΗΝΕΙΟΥ,"733"
100152: ΠΑΡΝΗΘΟΣ,"100152","100152",ΠΑΡΝΗΘΟΣ,PARNHTHOS,ΠΑΡΝΗΘΟΣ,"709, 712"
100153: ΥΨΗΛΑΝΤΟΥ,"100153","100153",ΥΨΗΛΑΝΤΟΥ,YPSHLANTOY,ΑΙΓΑΙΟΥ ΠΕΛΑΓΟΥΣ,"733"
100154: ΖΗΝΩΝΑ,"100154","100154",ΖΗΝΩΝΑ,ZHNONA,ΖΗΝΩΝΑ,"749"
100155: ΕΚΚΛΗΣΙΑ,"100155","100155",ΕΚΚΛΗΣΙΑ,EKKLHSIA,ΑΙΓΑΙΟΥ ΠΕΛΑΓΟΥΣ,"712, 733"
100157: ΦΙΛΙΑΤΡΩΝ,"100157","100157",ΦΙΛΙΑΤΡΩΝ,FILIATRON,ΠΗΝΕΙΟΥ,"733"
100158: ΧΕΥΔΕΝ,"100158","100158",ΧΕΥΔΕΝ,XEYDEN,25ης ΜΑΡΤΙΟΥ,"733"
100159: ΣΤΡ. ΜΑΚΡΥΓΙΑΝΝΗ,"100159","100159",ΣΤΡ. ΜΑΚΡΥΓΙΑΝΝΗ,STR. MAKRYGIANNH,25ης ΜΑΡΤΙΟΥ,"733"
100160: ΙΟΝ. ΠΕΛΑΓΟΥΣ,"100160","100160",ΙΟΝ. ΠΕΛΑΓΟΥΣ,ION. PELAGOYS,25ης ΜΑΡΤΙΟΥ,"733"
100161: ΑΥΛΩΝΙΤΗ,"100161","11478",ΑΥΛΩΝΙΤΗ,AYLONITH,ΓΕΦΥΡΑ ΑΥΛΩΝΙΤΗ,"878, 879"
100164: ΥΨΗΛΑΝΤΟΥ,"100164","100164",ΥΨΗΛΑΝΤΟΥ,YPSHLANTOY,ΑΙΓΑΙΟΥ ΠΕΛΑΓΟΥΣ,"733"
100165: 1η ΗΡΑΚΛΗΣ,"100165","100165",1η ΗΡΑΚΛΗΣ,1st HRAKLHS,ΛΕΩΦ.ΕΙΡΗΝΗΣ(ΛΕΩΦ.ΝΑΤΟ),"878, 879"
100166: ΣΙΔΕΡΑ,"100166","100166",ΣΙΔΕΡΑ,SIDERA,ΜΕΓ.ΑΛΕΞΑΝΔΡΟΥ,"878, 879"
100167: ΠΟΤΣΙΚΑ,"100167","100167",ΠΟΤΣΙΚΑ,POTSIKA,ΜΕΓ.ΑΛΕΞΑΝΔΡΟΥ,"878, 879"
100177: ΚΛΕΙΣΘΕΝΟΥΣ,"100177","100177",ΚΛΕΙΣΘΕΝΟΥΣ,KLEISTHENOYS,ΜΕΓ. ΑΛΕΞΑΝΔΡΟΥ,"711"
100178: 1η ΖΩΦΡΙΑΣ,"100178","100178",1η ΖΩΦΡΙΑΣ,1st ZOFRIAS,ΜΕΓ. ΑΛΕΞΑΝΔΡΟΥ,"711"
100181: ΠΑΝΟΡΑΜΑ,"100181","100181",ΠΑΝΟΡΑΜΑ,PANORAMA,ΔΙΑΝΘΟΥ(ΜΟΡΝΟΥ),Β12
100183: ΠΟΡΤΑΡΙΑΣ,"100183","100183",ΠΟΡΤΑΡΙΑΣ,PORTARIAS,ΑΙΓΑΙΟΥ ΠΕΛΑΓΟΥΣ,"712, 733"
100184: ΔΗΜΑΡΧΕΙΟ,"100184","100184",ΔΗΜΑΡΧΕΙΟ,DHMARXEIO,ΕΡΓ.ΠΡΩΤΟΜΑΓΙΑΣ,"709, 712"
100186: ΚΑΡΑΙΣΚΑΚΗ,"100186","100186",ΚΑΡΑΙΣΚΑΚΗ,KARAISKAKH,ΔΙΑΝΘΟΥ(ΜΟΡΝΟΥ),Β12
100188: 25ης ΜΑΡΤΙΟΥ,"100188","100188",25ης ΜΑΡΤΙΟΥ,25th MARTIOY,ΚΑΡΑΙΣΚΑΚΗ,"733"
100191: ΜΕΝΕΞΕΔΩΝ,"100191","100191",ΜΕΝΕΞΕΔΩΝ,MENEXEDON,ΜΕΝΕΞΕΔΩΝ(ΠΑΝΟΡΑΜΑΤΟΣ),Β12
100192: ΔΗΜΑΡΧΕΙΟ,"100192","100192",ΔΗΜΑΡΧΕΙΟ,DHMARXEIO,ΕΡΓ.ΠΡΩΤΟΜΑΓΙΑΣ,"709, 712"
100195: 26η ΦΥΛΗΣ,"100195","100195",26η ΦΥΛΗΣ,26th FYLHS,ΦΥΛΗΣ,"723, Β12"
100196: ΑΝΘΕΩΝ,"100196","100196",ΑΝΘΕΩΝ,ANTHEON,ΑΝΘΕΩΝ,Β12
100197: ΠΑΝΑΓΙΑΣ ΚΑΝΑΛΑΣ,"100197","100197",ΠΑΝΑΓΙΑΣ ΚΑΝΑΛΑΣ,PANAGIAS KANALAS,ΑΝΘΕΩΝ,Β12
100201: ΠΑΙΔΙΚΗ ΧΑΡΑ,"100201","11486",ΠΑΙΔΙΚΗ ΧΑΡΑ,PAIDIKH XARA,ΙΟΝΙΟΥ ΠΕΛΑΓΟΥΣ,"709, 712"
100202: ΠΑΙΔΙΚΗ ΧΑΡΑ,"100202","11485",ΠΑΙΔΙΚΗ ΧΑΡΑ,PAIDIKH XARA,ΙΟΝΙΟΥ ΠΕΛΑΓΟΥΣ,"709, 712, 733"
100203: ΑΙΓΑΙΟΥ ΠΕΛΑΓΟΥΣ,"100203","100203",ΑΙΓΑΙΟΥ ΠΕΛΑΓΟΥΣ,AIGAIOY PELAGOYS,ΚΥΚΛΑΔΩΝ,"712, 735, 878, 879"
100204: ΚΥΚΛΑΔΩΝ,"100204","100204",ΚΥΚΛΑΔΩΝ,KYKLADON,ΚΥΚΛΑΔΩΝ,"712, 735, 878, 879"
100206: ΝΕΣΤΟΥ,"100206","100206",ΝΕΣΤΟΥ,NESTOY,ΠΙΝΔΟΥ,"709"
100207: ΚΑΒΑΛΑΣ,"100207","100207",ΚΑΒΑΛΑΣ,KABALAS,ΠΙΝΔΟΥ,"709"
100208: ΑΛΜΩΠΙΑΣ,"100208","100208",ΑΛΜΩΠΙΑΣ,ALMOPIAS,ΜΑΚΕΔΟΝΙΑΣ,"709"
100209: ΜΑΚΕΔΟΝΙΑ,"100209","100209",ΜΑΚΕΔΟΝΙΑ,MAKEDONIA,ΜΑΚΕΔΟΝΙΑΣ,"709"
100210: 1η ΛΙΜΝΗΣ,"100210","100210",1η ΛΙΜΝΗΣ,1st LIMNHS,ΑΧΑΡΝΩΝ,"878, 879"
100215: 25ης ΜΑΡΤΙΟΥ,"100215","100215",25ης ΜΑΡΤΙΟΥ,25th MARTIOY,25ης ΜΑΡΤΙΟΥ,Β12
100216: 1η ΛΙΜΝΗΣ,"100216","100216",1η ΛΙΜΝΗΣ,1st LIMNHS,ΑΧΑΡΝΩΝ,"878, 879"
100256: ΟΡΧΟΜΕΝΟΥ,"100256","100256",ΟΡΧΟΜΕΝΟΥ,ORXOMENOY,ΠΗΝΕΙΟΥ,"733"
100258: ΚΟΛΥΜΒΗΤΗΡΙΟ,"100258","100258",ΚΟΛΥΜΒΗΤΗΡΙΟ,KOLYMBHTHRIO,ΑΙΓΑΙΟΥ ΠΕΛΑΓΟΥΣ,"735, 878, 879"
100259: ΑΙΓΑΙΟΥ ΠΕΛΑΓΟΥΣ,"100259","100259",ΑΙΓΑΙΟΥ ΠΕΛΑΓΟΥΣ,AIGAIOY PELAGOYS,ΑΙΓΑΙΟΥ ΠΕΛΑΓΟΥΣ,"735, 878, 879"
100260: ΚΟΛΥΜΒΗΤΗΡΙΟ,"100260","100260",ΚΟΛΥΜΒΗΤΗΡΙΟ,KOLYMBHTHRIO,ΑΙΓΑΙΟΥ ΠΕΛΑΓΟΥΣ,"735, 878, 879"
100265: ΜΥΚΗΝΩΝ,"100265","11284",ΜΥΚΗΝΩΝ,MYKHNON,ΑΙΓΑΙΟΥ ΠΕΛΑΓΟΥΣ,"735, 878, 879"
100284: ΦΟΥΡΝΟΣ,"100284","11363",ΦΟΥΡΝΟΣ,FOYRNOS,ΙΟΝΙΟΥ ΠΕΛΑΓΟΥΣ,"709, 712"
100285: ΕΥΗΝΟΥ,"100285","11364",ΕΥΗΝΟΥ,EYHNOY,ΙΟΝΙΟΥ ΠΕΛΑΓΟΥΣ,"709, 712"
100293: ΠΙΝΔΟΥ,"100293","11372",ΠΙΝΔΟΥ,PINDOY,ΑΛΙΑΚΜΩΝΟΣ,"709, 712, 733"
100294: ΛΑΓΚΑΔΑ,"100294","11373",ΛΑΓΚΑΔΑ,LAGKADA,ΑΛΙΑΚΜΩΝΟΣ,"709, 712, 733"
100295: 9Η ΑΓ. ΙΩΑΝΝΟΥ,"100295","11777",9Η ΑΓ. ΙΩΑΝΝΟΥ,9th AG. IOANNOY,ΒΥΖΑΝΤΙΟΥ,"749"
100296: 10Η ΑΓ. ΙΩΑΝΝΟΥ,"100296","11778",10Η ΑΓ. ΙΩΑΝΝΟΥ,10th AG. IOANNOY,ΒΥΖΑΝΤΙΟΥ,"749"
100297: 8Η ΑΓ. ΙΩΑΝΝΟΥ,"100297","11779",8Η ΑΓ. ΙΩΑΝΝΟΥ,8th AG. IOANNOY,ΒΥΖΑΝΤΙΟΥ,"749"
100298: ΜΗΓΙΑΚΗ,"100298","11781",ΜΗΓΙΑΚΗ,MHGIAKH,ΣΤΕΛΙΟΥ ΜΗΓΙΑΚΗ,"749"
100299: ΛΟΥΡΟΥ,"100299","11789",ΛΟΥΡΟΥ,LOYROY,ΑΛΙΑΚΜΟΝΟΣ,"709, 712, 733"
100300: 25ης ΜΑΡΤΙΟΥ,"100300","11792",25ης ΜΑΡΤΙΟΥ,25th MARTIOY,ΙΟΝΙΟΥ ΠΕΛΑΓΟΥΣ,"709, 712"
100302: 1η ΠΙΝΔΟΥ,"100302","11948",1η ΠΙΝΔΟΥ,1st PINDOY,ΑΛΙΑΚΜΟΝΟΣ,"709, 712, 733"
100303: ΠΛΑΤΕΙΑ ΑΝΩ ΛΙΟΣΙΩΝ,"100303","11953",ΠΛΑΤΕΙΑ ΑΝΩ ΛΙΟΣΙΩΝ,PLATEIA ANO LIOSION,ΑΙΓΑΙΟΥ ΠΕΛΑΓΟΥΣ,"735, 878, 879"
100304: ΔΙΑΣΤ. ΠΕΡΙΦ. ΑΙΓΑΛΕΩ,"100304","12112",ΔΙΑΣΤ. ΠΕΡΙΦ. ΑΙΓΑΛΕΩ,DIAST. PERIF. AIGALEO,ΛΕΩΦ.ΕΙΡΗΝΗΣ(ΛΕΩΦ.ΝΑΤΟ),"878, 879"
100305: ΔΙΑΣΤ. ΠΕΡΙΦ. ΑΙΓΑΛΕΩ,"100305","12113",ΔΙΑΣΤ. ΠΕΡΙΦ. ΑΙΓΑΛΕΩ,DIAST. PERIF. AIGALEO,ΛΕΩΦ.ΕΙΡΗΝΗΣ(ΛΕΩΦ.ΝΑΤΟ),"878, 879"
100306: ΓΕΦΥΡΑ,"100306","12114",ΓΕΦΥΡΑ,GEFYRA,ΛΕΩΦ.ΕΙΡΗΝΗΣ(ΛΕΩΦ.ΝΑΤΟ),"878, 879"
100307: ΘΕΣΣΑΛΙΑΣ,"100307","12238",ΘΕΣΣΑΛΙΑΣ,THESSALIAS,ΑΛΙΑΚΜΟΝΟΣ,"712, 733"
100308: ΜΑΡΩΝΕΙΑΣ,"100308","12239",ΜΑΡΩΝΕΙΑΣ,MARONEIAS,ΑΛΙΑΚΜΟΝΟΣ,"712, 733"
1010: ΚΤΙΡΙΟ ΑΝΑΧΩΡΗΣΕΩΝ,"1010","10705",ΚΤΙΡΙΟ ΑΝΑΧΩΡΗΣΕΩΝ,AIR TERMINAL (ALL DEPARTURES),,"Χ93, Χ95, Χ96, Χ97"
110001: 1η ΑΡΓΥΡΟΥΠΟΛΕΩΣ,"110001","110001",1η ΑΡΓΥΡΟΥΠΟΛΕΩΣ,1st ARGYROYPOLEOS,ΛΕΩΦ.ΒΟΥΛΙΑΓΜΕΝΗΣ,"101, 790, Α3"
110002: 2η ΑΡΓΥΡΟΥΠΟΛΕΩΣ,"110002","110002",2η ΑΡΓΥΡΟΥΠΟΛΕΩΣ,2nd ARGYROYPOLEOS,ΛΕΩΦ.ΒΟΥΛΙΑΓΜΕΝΗΣ,"790, Α3, Χ97"
110003: 3η ΑΡΓΥΡΟΥΠΟΛΕΩΣ,"110003","110003",3η ΑΡΓΥΡΟΥΠΟΛΕΩΣ,3rd ARGYROYPOLEOS,ΛΕΩΦ.ΒΟΥΛΙΑΓΜΕΝΗΣ,"790, Α3"
110004: ΣΤ. ΑΡΓΥΡΟΥΠΟΛΗ,"110004","110004",ΣΤ. ΑΡΓΥΡΟΥΠΟΛΗ,ST. ARGYROYPOLH,ΛΕΩΦ.ΒΟΥΛΙΑΓΜΕΝΗΣ,"790, Α3"
110005: 4η ΑΡΓΥΡΟΥΠΟΛΕΩΣ,"110005","110005",4η ΑΡΓΥΡΟΥΠΟΛΕΩΣ,4th ARGYROYPOLEOS,ΛΕΩΦ.ΒΟΥΛΙΑΓΜΕΝΗΣ,"790, Α3"
110006: 2η ΑΡΓΥΡΟΥΠΟΛΕΩΣ,"110006","110006",2η ΑΡΓΥΡΟΥΠΟΛΕΩΣ,2nd ARGYROYPOLEOS,ΛΕΩΦ.ΒΟΥΛΙΑΓΜΕΝΗΣ,"101, 790, Α3, Χ97"
110007: ΣΤΡΟΦΗ ΑΡΓΥΡΟΥΠΟΛΕΩΣ,"110007","110007",ΣΤΡΟΦΗ ΑΡΓΥΡΟΥΠΟΛΕΩΣ,STROFH ARGYROYPOLEOS,ΛΕΩΦ.ΒΟΥΛΙΑΓΜΕΝΗΣ,"101, 790, Α3"
110010: 3η ΑΡΓΥΡΟΥΠΟΛΕΩΣ,"110010","110010",3η ΑΡΓΥΡΟΥΠΟΛΕΩΣ,3rd ARGYROYPOLEOS,ΛΕΩΦ.ΚΥΠΡΟΥ,"140, 164"
110011: 4η ΑΡΓΥΡΟΥΠΟΛΕΩΣ,"110011","110011",4η ΑΡΓΥΡΟΥΠΟΛΕΩΣ,4th ARGYROYPOLEOS,ΛΕΩΦ.ΚΥΠΡΟΥ,"140, 164"
110012: 5η ΑΡΓΥΡΟΥΠΟΛΕΩΣ,"110012","110012",5η ΑΡΓΥΡΟΥΠΟΛΕΩΣ,5th ARGYROYPOLEOS,ΛΕΩΦ.ΚΥΠΡΟΥ,"140, 164"
110013: 6η ΑΡΓΥΡΟΥΠΟΛΕΩΣ,"110013","110013",6η ΑΡΓΥΡΟΥΠΟΛΕΩΣ,6th ARGYROYPOLEOS,ΛΕΩΦ.ΚΥΠΡΟΥ,"164, Β1"
110014: 7η ΑΡΓΥΡΟΥΠΟΛΕΩΣ,"110014","110014",7η ΑΡΓΥΡΟΥΠΟΛΕΩΣ,7th ARGYROYPOLEOS,ΛΕΩΦ.ΚΥΠΡΟΥ,"164, Β1"
110015: 8η ΑΡΓΥΡΟΥΠΟΛΕΩΣ,"110015","110015",8η ΑΡΓΥΡΟΥΠΟΛΕΩΣ,8th ARGYROYPOLEOS,ΛΕΩΦ.ΚΥΠΡΟΥ,"164, Β1"
110016: ΓΥΜΝΑΣΙΟ,"110016","110016",ΓΥΜΝΑΣΙΟ,GYMNASIO,ΛΕΩΦ.ΚΥΠΡΟΥ,"164, Β1"
110017: ΓΥΜΝΑΣΙΟ,"110017","110017",ΓΥΜΝΑΣΙΟ,GYMNASIO,ΛΕΩΦ.ΚΥΠΡΟΥ,"164, Β1"
110018: 8η ΑΡΓΥΡΟΥΠΟΛΕΩΣ,"110018","110018",8η ΑΡΓΥΡΟΥΠΟΛΕΩΣ,8th ARGYROYPOLEOS,ΛΕΩΦ.ΚΥΠΡΟΥ,"164, Β1"
110019: 7η ΑΡΓΥΡΟΥΠΟΛΕΩΣ,"110019","110019",7η ΑΡΓΥΡΟΥΠΟΛΕΩΣ,7th ARGYROYPOLEOS,ΛΕΩΦ.ΚΥΠΡΟΥ,"164, Β1"
110020: 6η ΑΡΓΥΡΟΥΠΟΛΕΩΣ,"110020","110020",6η ΑΡΓΥΡΟΥΠΟΛΕΩΣ,6th ARGYROYPOLEOS,ΛΕΩΦ.ΚΥΠΡΟΥ,"164, Β1"
110021: 5η ΑΡΓΥΡΟΥΠΟΛΕΩΣ,"110021","110021",5η ΑΡΓΥΡΟΥΠΟΛΕΩΣ,5th ARGYROYPOLEOS,ΛΕΩΦ.ΚΥΠΡΟΥ,"164"
110022: 4η ΑΡΓΥΡΟΥΠΟΛΕΩΣ,"110022","110022",4η ΑΡΓΥΡΟΥΠΟΛΕΩΣ,4th ARGYROYPOLEOS,ΛΈΩΦ.ΚΥΠΡΟΥ,"164"
110023: 3η ΑΡΓΥΡΟΥΠΟΛΕΩΣ,"110023","110023",3η ΑΡΓΥΡΟΥΠΟΛΕΩΣ,3rd ARGYROYPOLEOS,ΛΕΩΦ.ΚΥΠΡΟΥ,"164"
110026: 3η ΑΡΓΥΡΟΥΠΟΛΕΩΣ,"110026","110026",3η ΑΡΓΥΡΟΥΠΟΛΕΩΣ,3rd ARGYROYPOLEOS,ΓΕΡΟΥΛΑΝΟΥ,"101, Β1"
110027: 4η ΑΡΓΥΡΟΥΠΟΛΕΩΣ,"110027","110027",4η ΑΡΓΥΡΟΥΠΟΛΕΩΣ,4th ARGYROYPOLEOS,ΓΕΡΟΥΛΑΝΟΥ,"101, Β1"
110028: ΠΛ. ΗΡΩΩΝ ΠΟΛΥΤΕΧΝΕΙΟΥ,"110028","110028",ΠΛ. ΗΡΩΩΝ ΠΟΛΥΤΕΧΝΕΙΟΥ,PL. HROON POLYTEXNEIOY,ΠΛ.ΗΡΩΩΝ ΠΟΛΥΤΕΧΝΕΙΟΥ,"101, 140, 201, Β1"
110029: 6η ΑΡΓΥΡΟΥΠΟΛΕΩΣ,"110029","110029",6η ΑΡΓΥΡΟΥΠΟΛΕΩΣ,6th ARGYROYPOLEOS,ΓΕΡΟΥΛΑΝΟΥ,"101, 201"
110030: 7η ΑΡΓΥΡΟΥΠΟΛΕΩΣ,"110030","110030",7η ΑΡΓΥΡΟΥΠΟΛΕΩΣ,7th ARGYROYPOLEOS,ΓΕΡΟΥΛΑΝΟΥ,"101, 201"
110031: 8η ΑΡΓΥΡΟΥΠΟΛΕΩΣ,"110031","110031",8η ΑΡΓΥΡΟΥΠΟΛΕΩΣ,8th ARGYROYPOLEOS,ΑΒΕΡΩΦ,"101, 201"
110032: 8η ΑΡΓΥΡΟΥΠΟΛΕΩΣ,"110032","110032",8η ΑΡΓΥΡΟΥΠΟΛΕΩΣ,8th ARGYROYPOLEOS,ΚΑΙΣΑΡΕΙΑΣ,"101"
110033: 7η ΑΡΓΥΡΟΥΠΟΛΕΩΣ,"110033","110033",7η ΑΡΓΥΡΟΥΠΟΛΕΩΣ,7th ARGYROYPOLEOS,ΓΕΡΟΥΛΑΝΟΥ,"101, 201"
110034: 6η ΑΡΓΥΡΟΥΠΟΛΕΩΣ,"110034","110034",6η ΑΡΓΥΡΟΥΠΟΛΕΩΣ,6th ARGYROYPOLEOS,ΓΕΡΟΥΛΑΝΟΥ,"101, 201"
110035: ΠΛΑΤΕΙΑ,"110035","110035",ΠΛΑΤΕΙΑ,PLATEIA,ΠΛ.ΗΡΩΩΝ ΠΟΛΥΤΕΧΝΕΙΟΥ,"101, 140, 142, Β1"
110036: 4η ΑΡΓΥΡΟΥΠΟΛΕΩΣ,"110036","110036",4η ΑΡΓΥΡΟΥΠΟΛΕΩΣ,4th ARGYROYPOLEOS,ΓΕΡΟΥΛΑΝΟΥ,"101, 140, Β1"
110037: 3η ΑΡΓΥΡΟΥΠΟΛΕΩΣ,"110037","110037",3η ΑΡΓΥΡΟΥΠΟΛΕΩΣ,3rd ARGYROYPOLEOS,ΓΕΡΟΥΛΑΝΟΥ,"101, 140, Β1"
110038: ΑΛΕΞΙΟΥΠΟΛΕΩΣ,"110038","110038",ΑΛΕΞΙΟΥΠΟΛΕΩΣ,ALEXIOYPOLEOS,ΑΛΕΞΙΟΥΠΟΛΕΩΣ,"201, Β1"
110039: ΑΛΕΞΙΟΥΠΟΛΕΩΣ,"110039","110039",ΑΛΕΞΙΟΥΠΟΛΕΩΣ,ALEXIOYPOLEOS,ΑΛΕΞΙΟΥΠΟΛΕΩΣ,"201, Β1"
110040: ΕΚΚΛΗΣΙΑ ΑΓ. ΓΕΩΡΓΙΟΥ,"110040","110040",ΕΚΚΛΗΣΙΑ ΑΓ. ΓΕΩΡΓΙΟΥ,EKKLHSIA AG. GEORGIOY,ΛΕΩΦ.ΑΛΙΜΟΥ,Β1
110041: ΔΙΑΣΤ. ΒΟΥΛΙΑΓΜΕΝΗΣ,"110041","110041",ΔΙΑΣΤ. ΒΟΥΛΙΑΓΜΕΝΗΣ,DIAST. BOYLIAGMENHS,ΛΕΩΦ.ΑΛΙΜΟΥ,Β1
110042: ΔΙΑΣΤ. ΒΟΥΛΙΑΓΜΕΝΗΣ,"110042","110042",ΔΙΑΣΤ. ΒΟΥΛΙΑΓΜΕΝΗΣ,DIAST. BOYLIAGMENHS,ΛΕΩΦ.ΑΛΙΜΟΥ,Β1
110043: ΕΚΚΛΗΣΙΑ ΑΓ. ΓΕΩΡΓΙΟΥ,"110043","110043",ΕΚΚΛΗΣΙΑ ΑΓ. ΓΕΩΡΓΙΟΥ,EKKLHSIA AG. GEORGIOY,ΛΕΩΦ.ΑΛΙΜΟΥ,Β1
110044: 5η ΑΛΙΜΟΥ,"110044","110044",5η ΑΛΙΜΟΥ,5th ALIMOY,ΛΕΩΦ.ΑΛΙΜΟΥ,Β1
110045: ΠΛ. ΗΡΩΩΝ ΠΟΛΥΤΕΧΝΕΙΟΥ,"110045","110045",ΠΛ. ΗΡΩΩΝ ΠΟΛΥΤΕΧΝΕΙΟΥ,PL. HROON POLYTEXNEIOY,ΓΕΡΟΥΛΑΝΟΥ,"101, 201"
110046: ΛΑΜΙΑΣ,"110046","110046",ΛΑΜΙΑΣ,LAMIAS,ΛΑΜΙΑΣ,"140, 142"
110049: ΛΑΜΙΑΣ,"110049","110049",ΛΑΜΙΑΣ,LAMIAS,ΛΑΜΙΑΣ,"140, 142"
110053: ΦΑΡΜΑΚΕΙΟ,"110053","110053",ΦΑΡΜΑΚΕΙΟ,FARMAKEIO,ΓΕΩΡΓ.ΠΑΠΑΝΔΡΕΟΥ,"140, 164"
110054: ΑΦΕΤΗΡΙΑ ΠΛ.ΑΝΕΞΑΡΤΗΣΙΑΣ,"110054","110054",ΑΦΕΤΗΡΙΑ ΠΛ.ΑΝΕΞΑΡΤΗΣΙΑΣ,AFETHRIA PL. ANEXARTHSIAS,ΠΛ.ΑΝΕΞΑΡΤΗΣΙΑΣ,"140, 164"
110055: ΦΑΡΜΑΚΕΙΟ,"110055","110055",ΦΑΡΜΑΚΕΙΟ,FARMAKEIO,ΓΕΩΓ.ΠΑΠΑΝΔΡΕΟΥ,"140, 164"
110062: ΘΗΡΑΣ,"110062","110062",ΘΗΡΑΣ,THIRAS,ΑΡΓΥΡΟΥΠΟΛΕΩΣ,"201"
110063: 1ο ΓΥΜΝΑΣΙΟ ΑΡΓΥΡΟΥΠΟΛΗΣ,"110063","110063",1ο ΓΥΜΝΑΣΙΟ ΑΡΓΥΡΟΥΠΟΛΗΣ,1o GYMNASIO ARGYROYPOLHS,ΑΡΓΥΡΟΥΠΟΛΕΩΣ,"201"
110064: 8ο ΔΗΜ.ΣΧΟΛΕΙΟ,"110064","110064",8ο ΔΗΜ.ΣΧΟΛΕΙΟ,8ο DHM. SXOLEIO,ΑΡΓΥΡΟΥΠΟΛΕΩΣ,"201"
110065: ΧΡ. ΣΜΥΡΝΗΣ,"110065","110065",ΧΡ. ΣΜΥΡΝΗΣ,XR. SMYRNHS,ΑΡΓΥΡΟΥΠΟΛΕΩΣ,"201"
110066: ΚΥΠΡΟΥ,"110066","110066",ΚΥΠΡΟΥ,KYPROY,ΑΡΓΥΡΟΥΠΟΛΕΩΣ,"201"
110068: ΚΥΠΡΟΥ,"110068","110068",ΚΥΠΡΟΥ,KYPROY,ΑΡΓΥΡΟΥΠΟΛΕΩΣ,"201"
110069: ΕΠΤΑΝΗΣΟΥ,"110069","110069",ΕΠΤΑΝΗΣΟΥ,EPTANHSOY,ΑΡΓΥΡΟΥΠΟΛΕΩΣ,"201"
110070: 8ο ΔΗΜ.ΣΧΟΛΕΙΟ,"110070","110070",8ο ΔΗΜ.ΣΧΟΛΕΙΟ,8ο DHM. SXOLEIO,ΑΡΓΥΡΟΥΠΟΛΕΩΣ,"201"
110071: 1ο ΓΥΜΝΑΣΙΟ ΑΡΓΥΡΟΥΠΟΛΗΣ,"110071","110071",1ο ΓΥΜΝΑΣΙΟ ΑΡΓΥΡΟΥΠΟΛΗΣ,1ST GYMNASIO ARGYROYPOLHS,ΑΡΓΥΡΟΥΠΟΛΕΩΣ,"201"
110072: ΓΡΑΒΙΑΣ,"110072","110072",ΓΡΑΒΙΑΣ,GRABIAS,ΑΡΓΥΡΟΥΠΟΛΕΩΣ,"201"
110086: ΠΛ. ΑΝΕΞΑΡΤΗΣΙΑΣ,"110086","110086",ΠΛ. ΑΝΕΞΑΡΤΗΣΙΑΣ,PL. ANEXARTHSIAS,ΠΛ.ΑΝΕΞΑΡΤΗΣΙΑΣ,"140, 164"
110087: ΜΙΚΡΑΣ ΑΣΙΑΣ,"110087","110087",ΜΙΚΡΑΣ ΑΣΙΑΣ,MIKRAS ASIAS,ΜΙΚΡΑΣ ΑΣΙΑΣ,"201"
110088: ΘΡΑΚΗΣ,"110088","110088",ΘΡΑΚΗΣ,THRAKHS,ΑΛΕΞΙΟΥΠΟΛΕΩΣ,"140, 142"
110089: ΘΟΥΚΥΔΙΔΟΥ,"110089","110089",ΘΟΥΚΥΔΙΔΟΥ,THOYKYDIDOY,ΑΛΕΞΙΟΥΠΟΛΕΩΣ,"140"
110090: ΣΑΡΑΦΗ,"110090","110090",ΣΑΡΑΦΗ,SARAFH,ΣΤ.ΣΑΡΑΦΗ,"140"
110092: ΓΡΑΜΜΟΥ,"110092","110092",ΓΡΑΜΜΟΥ,GRAMMOY,ΛΕΩΦ.Γ.ΠΑΠΑΝΔΡΕΟΥ,"140, 164"
110093: ΓΡΑΜΜΟΥ,"110093","110093",ΓΡΑΜΜΟΥ,GRAMMOY,Γ.ΠΑΠΑΝΔΡΕΟΥ,"140, 164"
110094: ΣΤ. ΑΡΓΥΡΟΥΠΟΛΗ,"110094","110094",ΣΤ. ΑΡΓΥΡΟΥΠΟΛΗ,ST. ARGYROYPOLH,ΠΑΡΑΔ.ΛΕΩΦ.ΒΟΥΛΙΑΓΜΕΝΗΣ,"122, 124, 154, 171"
11: ΑΣΠΡΟΠΥΡΓΟΣ,"11","10164",ΑΣΠΡΟΠΥΡΓΟΣ,ASPROPYRGOS,,"866"
120002: ΔΙΥΛΙΣΤΗΡΙΑ,"120002","120002",ΔΙΥΛΙΣΤΗΡΙΑ,DIYLISTHRIA,Ν.E.O.A.K.,"845, 865, 866, 868, 871, 871Τ, 876"
120003: ΠΡΟΕΤ,"120003","120003",ΠΡΟΕΤ,PROET,ΜΟΡΝΟΥ,"881"
120004: ΠΡΟΕΤ,"120004","120004",ΠΡΟΕΤ,PROET,ΜΟΡΝΟΥ,"881"
120005: ΑΓΟΡΑ,"120005","120005",ΑΓΟΡΑ,AGORA,ΗΡΩΩΝ ΠΟΛΥΤΕΧΝΕΙΟΥ,"805"
120006: ΑΓ. ΣΩΤΗΡΑΣ,"120006","120006",ΑΓ. ΣΩΤΗΡΑΣ,AG. SOTHRAS,ΛΕΩΦ.ΔΗΜΟΚΡΑΤΙΑΣ,"805"
120007: NATO,"120007","120007",NATO,NATO,ΣΠΑΝΑΚΟΥ,"881"
120008: ΧΑΛΥΒΟΥΡΓΕΙΑ,"120008","120008",ΧΑΛΥΒΟΥΡΓΕΙΑ,XALYBOYRGEIA,Ν.E.O.A.K.,"805, 845, 865, 866, 868, 871, 871Τ, 876"
120009: ΧΑΛΥΨ,"120009","120009",ΧΑΛΥΨ,XALYPS,Ν.E.O.A.K.,"805, 845, 865, 866, 868, 871, 871Τ, 876"
120010: ΛΟΥΖΙΤΑΝΙΑ,"120010","120010",ΛΟΥΖΙΤΑΝΙΑ,LOYZITANIA,N.E.O.A.K.,"805, 845, 865, 866, 868, 871, 871Τ, 876"
120011: ΠΥΛΗ ΔΙΥΛΙΣΤΗΡΙΩΝ,"120011","120011",ΠΥΛΗ ΔΙΥΛΙΣΤΗΡΙΩΝ,PYLH DIYLISTHRION,ΛΕΩΦ.ΔΗΜΟΚΡΑΤΙΑΣ,"805"
120012: ΑΝΔΡΟΥΤΣΟΥ,"120012","120012",ΑΝΔΡΟΥΤΣΟΥ,ANDROYTSOY,ΠΟΣΕΙΔΩΝΟΣ,"866, 878, 881"
120013: ΚΑΛΛΕΡΓΗ,"120013","120013",ΚΑΛΛΕΡΓΗ,KALLERGH,ΛΕΩΦ.ΔΗΜΟΚΡΑΤΙΑΣ,"805, 865, 866, 878, 881"
120014: ΚΕΡΑΙΑ ΟΤΕ,"120014","120014",ΚΕΡΑΙΑ ΟΤΕ,KERAIA OTE,ΛΕΩΦ.ΔΗΜΟΚΡΑΤΙΑΣ,"805, 865, 866, 878, 881"
120015: ΣΙΔΕΡΑ,"120015","120015",ΣΙΔΕΡΑ,SIDERA,ΛΕΩΦ.ΔΗΜΟΚΡΑΤΙΑΣ,"805, 865, 866, 878, 881"
120016: ΟΣΕ,"120016","120016",ΟΣΕ,OSE,ΡΟΥΠΑΚΙΟΥ,"881"
120017: ΟΤΕ,"120017","120017",ΟΤΕ,OTE,ΛΕΩΦ.ΔΗΜΟΚΡΑΤΙΑΣ,"805, 865, 866, 878, 881"
120018: ΔΗΜΑΡΧΕΙΟ,"120018","120018",ΔΗΜΑΡΧΕΙΟ,DHMARXEIO,ΛΕΩΦ.ΔΗΜΟΚΡΑΤΙΑΣ,"866"
120019: ΠΑΛ.ΤΕΡΜΑ,"120019","120019",ΠΑΛ.ΤΕΡΜΑ,PAL. TERMA,ΚΟΡΥΤΣΑΣ,"855"
120020: ΟΣΕ,"120020","120020",ΟΣΕ,OSE,ΡΟΥΠΑΚΙΟΥ,"881"
120021: 4η ΚΟΡΥΤΣΑΣ,"120021","120021",4η ΚΟΡΥΤΣΑΣ,4th KORYTSAS,ΚΟΡΥΤΣΑΣ,"855, 879"
120022: 6η ΚΟΡΥΤΣΑΣ,"120022","120022",6η ΚΟΡΥΤΣΑΣ,6th KORYTSAS,ΚΟΡΥΤΣΑΣ,"855, 879"
120023: ΣΧΟΛΕΙΟ,"120023","120023",ΣΧΟΛΕΙΟ,SXOLEIO,ΛΕΩΦ.ΕΙΡΗΝΗΣ(ΛΕΩΦ.ΝΑΤΟ),"855, 879"
120024: ΠΑΛΑΙΟ ΤΕΡΜΑ,"120024","120024",ΠΑΛΑΙΟ ΤΕΡΜΑ,PALAIO TERMA,ΛΕΩΦ.ΕΙΡΗΝΗΣ(ΛΕΩΦ.ΝΑΤΟ),"855, 879"
120026: 6η ΚΟΡΥΤΣΑΣ,"120026","120026",6η ΚΟΡΥΤΣΑΣ,6th KORYTSAS,ΚΟΡΥΤΣΑΣ,"855, 866, 879"
120027: 4η ΚΟΡΥΤΣΑΣ,"120027","120027",4η ΚΟΡΥΤΣΑΣ,4th KORYTSAS,ΚΟΡΥΤΣΑΣ,"855, 866, 879"
120028: ΚΕΜ,"120028","120028",ΚΕΜ,KEM,ΘΡΑΣΥΒΟΥΛΟΥ,"855"
120029: ΚΕΜ,"120029","120029",ΚΕΜ,KEM,ΘΡΑΣΥΒΟΥΛΟΥ,"855"
120030: ΠΛΑΤΕΙΑ ΦΟΥΣΑΣ,"120030","120030",ΠΛΑΤΕΙΑ ΦΟΥΣΑΣ,PLATEIA FOYSAS,ΘΡΑΣΥΒΟΥΛΟΥ,"855"
120031: ΟΤΕ,"120031","120031",ΟΤΕ,OTE,ΛΕΩΦ.ΔΗΜΟΚΡΑΤΙΑΣ,"866, 878, 881"
120033: ΣΙΔΕΡΑ,"120033","120033",ΣΙΔΕΡΑ,SIDERA,Λ. ΔΗΜΟΚΡΑΤΙΑΣ,"805, 865, 866, 878, 881"
120034: ΚΕΡΑΙΑ ΟΤΕ,"120034","120034",ΚΕΡΑΙΑ ΟΤΕ,KERAIA OTE,ΛΕΩΦ.ΔΗΜΟΚΡΑΤΙΑΣ,"805, 865, 866, 878, 881"
120035: ΚΑΛΛΕΡΓΗ,"120035","120035",ΚΑΛΛΕΡΓΗ,KALLERGH,ΛΕΩΦ.ΔΗΜΟΚΡΑΤΙΑΣ,"805, 865, 866, 878, 881"
120036: ΔΙΑΣΤΑΥΡΩΣΗ,"120036","120036",ΔΙΑΣΤΑΥΡΩΣΗ,DIASTAYROSH,ΛΕΩΦ.ΔΗΜΟΚΡΑΤΙΑΣ,"805, 865, 866, 878, 881"
120037: ΙΚΑ,"120037","120037",ΙΚΑ,IKA,Ν.Ε.Ο.Α.Κ.,"845, 865, 868, 871, 871Τ, 876, 878, 881"
120038: ΠΑΡΑΔΕΙΣΟΣ,"120038","120038",ΠΑΡΑΔΕΙΣΟΣ,PARADEISOS,Ν.Ε.Ο.Α.Κ.,"845, 865, 868, 871, 871Τ, 876, 878, 881"
120039: ΦΟΙΝΙΞ,"120039","120039",ΦΟΙΝΙΞ,FOINIX,Ν.Ε.Ο.Α.Κ.,"845, 865, 868, 871, 871Τ, 876, 878, 881"
120040: ΠΕΤΡΟΛΙΝΑ,"120040","120040",ΠΕΤΡΟΛΙΝΑ,PETROLINA,Ν.Ε.Ο.Α.Κ.,"845, 865, 868, 871, 871Τ, 876, 878, 881"
120041: ΠΕΤΡΟΛΙΝΑ,"120041","120041",ΠΕΤΡΟΛΙΝΑ,PETROLINA,Ν.Ε.Ο.Α.Κ.,"845, 868, 871, 871Τ, 876, 878, 881"
120042: ΦΟΙΝΙΞ,"120042","120042",ΦΟΙΝΙΞ,FOINIX,Ν.Ε.Ο.Α.Κ.,"845, 868, 871, 871Τ, 876, 878, 881"
120043: ΠΑΡΑΔΕΙΣΟΣ,"120043","120043",ΠΑΡΑΔΕΙΣΟΣ,PARADEISOS,Ν.Ε.Ο.Α.Κ.,"845, 868, 871, 871Τ, 876, 878, 881"
120044: ΠΛΑΤΕΙΑ ΦΟΥΣΑΣ,"120044","120044",ΠΛΑΤΕΙΑ ΦΟΥΣΑΣ,PLATEIA FOYSAS,ΘΡΑΣΥΒΟΥΛΟΥ,"855"
120045: ΕΜΠΟΡΟΠΛΟΙΑΡΧΩΝ,"120045","120045",ΕΜΠΟΡΟΠΛΟΙΑΡΧΩΝ,EMPOROPLOIARXON,N.E.O.A.K.,"805, 845, 866, 868, 871, 871Τ, 876"
120046: ΠΡΟΑΣΤΙΑΚΟΣ,"120046","120046",ΠΡΟΑΣΤΙΑΚΟΣ,PROASTIAKOS,ΝΟΤ.ΠΑΡ.ΟΔΟΥ ΑΣΠΡΟΠΥΡΓΟΥ,"855, 881"
120047: ΧΑΛΥΨ,"120047","120047",ΧΑΛΥΨ,XALYPS,N.E.O.A.K.,"805, 845, 866, 868, 871, 871Τ, 876"
120048: ΧΑΛΥΒΟΥΡΓΕΙΑ,"120048","120048",ΧΑΛΥΒΟΥΡΓΕΙΑ,XALYBOYRGEIA,N.E.O.A.K.,"805, 845, 866, 868, 871, 871Τ, 876"
120049: ΔΙΥΛΙΣΤΗΡΙΩΝ,"120049","120049",ΔΙΥΛΙΣΤΗΡΙΩΝ,DIYLISTHRION,N.E.O.A.K.,"845, 866, 868, 871, 871Τ, 876"
120050: ΖΑΧΑΡΟΠΛΑΣΤΕΙΟ,"120050","120050",ΖΑΧΑΡΟΠΛΑΣΤΕΙΟ,ZAXAROPLASTEIO,ΗΡΩΩΝ ΠΟΛΥΤΕΧΝΕΙΟΥ,"805"
120051: ΚΟΚΚΙΝΗ ΕΚΚΛΗΣΙΑ,"120051","120051",ΚΟΚΚΙΝΗ ΕΚΚΛΗΣΙΑ,KOKKINH EKKLHSIA,ΛΕΩΦ.ΕΙΡΗΝΗΣ(ΛΕΩΦ.ΝΑΤΟ),"879"
120052: ΚΟΚΚΙΝΗ ΕΚΚΛΗΣΙΑ,"120052","120052",ΚΟΚΚΙΝΗ ΕΚΚΛΗΣΙΑ,KOKKINH EKKLHSIA,ΛΕΩΦ.ΕΙΡΗΝΗΣ(ΛΕΩΦ.ΝΑΤΟ),"879"
120053: ΨΗΛΟΡΕΙΤΟΥ,"120053","120053",ΨΗΛΟΡΕΙΤΟΥ,PSHLOREITOY,ΜΕΘΩΝΗΣ,"805"
120054: ΜΕΘΩΝΗ,"120054","120054",ΜΕΘΩΝΗ,METHONH,ΜΕΘΩΝΗΣ,"805"
120055: ΣΧΟΛΕΙΟ,"120055","120055",ΣΧΟΛΕΙΟ,SXOLEIO,ΗΡΩΩΝ ΠΟΛΥΤΕΧΝΕΙΟΥ,"805"
120056: ΔΟΪΡΑΝΗΣ,"120056","120056",ΔΟΪΡΑΝΗΣ,DOIRANHS,ΔΟΙΡΑΝΗΣ,"866"
120057: ΑΣΤΥΝΟΜΙΑ,"120057","120057",ΑΣΤΥΝΟΜΙΑ,ASTYNOMIA,ΘΡΑΣΥΒΟΥΛΟΥ,"855, 878, 879"
120058: 2η ΘΡΑΣΥΒΟΥΛΟΥ,"120058","120058",2η ΘΡΑΣΥΒΟΥΛΟΥ,2nd THRASYBOYLOY,ΘΡΑΣΥΒΟΥΛΟΥ,"855, 878, 879"
120059: 3η ΘΡΑΣΥΒΟΥΛΟΥ,"120059","120059",3η ΘΡΑΣΥΒΟΥΛΟΥ,3rd THRASYBOYLOY,ΘΡΑΣΥΒΟΥΛΟΥ,"855, 878, 879"
120060: 1η ΔΕΗ,"120060","120060",1η ΔΕΗ,1st DEH,ΗΡΩΩΝ ΠΟΛΥΤΕΧΝΕΙΟΥ,"805"
120061: ΑΓ.  ΧΑΡΑΛΑΜΠΟΣ,"120061","120061",ΑΓ.  ΧΑΡΑΛΑΜΠΟΣ,AG. XARALAMPOS,ΗΡΩΩΝ ΠΟΛΥΤΕΧΝΕΙΟΥ,"805"
120062: 2η ΔΕΗ,"120062","120062",2η ΔΕΗ,2nd DEH,ΗΡΩΩΝ ΠΟΛΥΤΕΧΝΕΙΟΥ,"805"
120063: ΣΧΟΛΕΙΟ,"120063","120063",ΣΧΟΛΕΙΟ,SXOLEIO,ΗΡΩΩΝ ΠΟΛΥΤΕΧΝΕΙΟΥ,"805"
120064: ΔΟΪΡΑΝΗΣ,"120064","120064",ΔΟΪΡΑΝΗΣ,DOIRANHS,ΔΟΙΡΑΝΗΣ,"866, 878"
120065: 3η ΚΟΡΥΤΣΑΣ,"120065","120065",3η ΚΟΡΥΤΣΑΣ,3rd KORYTSAS,ΚΟΡΥΤΣΑΣ,"855, 879"
120066: 3η ΚΟΡΥΤΣΑΣ,"120066","120066",3η ΚΟΡΥΤΣΑΣ,3rd KORYTSAS,ΚΟΡΥΤΣΑΣ,"855, 866, 879"
120067: ΣΙΔΕΡΑ,"120067","120067",ΣΙΔΕΡΑ,SIDERA,ΜΕΓ.ΑΛΕΞΑΝΔΡΟΥ,"878, 879"
120068: 1η ΗΡΑΚΛΗΣ,"120068","120068",1η ΗΡΑΚΛΗΣ,1st HRAKLHS,ΜΕΓ.ΑΛΕΞΑΝΔΡΟΥ,"878, 879"
120069: 1η ΛΕΩΦΟΡΟΣ ΕΙΡΗΝΗΣ,"120069","120069",1η ΛΕΩΦΟΡΟΣ ΕΙΡΗΝΗΣ,1st LEOFOROS EIRHNHS,ΛΕΩΦ.ΕΙΡΗΝΗΣ(ΛΕΩΦ.ΝΑΤΟ),"878, 879"
120070: 2η ΛΕΩΦΟΡΟΣ ΕΙΡΗΝΗΣ,"120070","120070",2η ΛΕΩΦΟΡΟΣ ΕΙΡΗΝΗΣ,2nd LEOFOROS EIRHNHS,ΛΕΩΦ.ΕΙΡΗΝΗΣ(ΛΕΩΦ.ΝΑΤΟ),"878, 879"
120071: 3η ΛΕΩΦΟΡΟΣ ΕΙΡΗΝΗΣ,"120071","120071",3η ΛΕΩΦΟΡΟΣ ΕΙΡΗΝΗΣ,3rd LEOFOROS EIRHNHS,ΛΕΩΦ.ΕΙΡΗΝΗΣ(ΛΕΩΦ.ΝΑΤΟ),"878, 879"
120072: 4η ΛΕΩΦΟΡΟΣ ΕΙΡΗΝΗΣ,"120072","120072",4η ΛΕΩΦΟΡΟΣ ΕΙΡΗΝΗΣ,4th LEOFOROS EIRHNHS,ΛΕΩΦ.ΕΙΡΗΝΗΣ(ΛΕΩΦ.ΝΑΤΟ),"878, 879"
120073: ΜΕΘΩΝΗΣ,"120073","120073",ΜΕΘΩΝΗΣ,METHONHS,ΜΕΘΩΝΗΣ,"805"
120074: ΔΙΑΣΤΑΥΡΩΣΗ,"120074","120074",ΔΙΑΣΤΑΥΡΩΣΗ,DIASTAYROSH,ΛΕΩΦ.ΔΗΜΟΚΡΑΤΙΑΣ,"805, 865, 866, 878, 881"
120075: ΠΑΛΑΙΟ ΤΕΡΜΑ,"120075","120075",ΠΑΛΑΙΟ ΤΕΡΜΑ,PALAIO TERMA,ΦΥΛΗΣ,"866"
120076: 9η ΛΕΩΦΟΡΟΣ ΕΙΡΗΝΗΣ,"120076","120076",9η ΛΕΩΦΟΡΟΣ ΕΙΡΗΝΗΣ,9th LEOFOROS EIRHNHS,ΛΕΩΦ.ΕΙΡΗΝΗΣ(ΛΕΩΦ.ΝΑΤΟ),"878, 879"
120077: 8η ΛΕΩΦΟΡΟΣ ΕΙΡΗΝΗΣ,"120077","120077",8η ΛΕΩΦΟΡΟΣ ΕΙΡΗΝΗΣ,8th LEOFOROS EIRHNHS,ΛΕΩΦ.ΕΙΡΗΝΗΣ(ΛΕΩΦ.ΝΑΤΟ),"878, 879"
120078: 7η ΛΕΩΦΟΡΟ ΕΙΡΗΝΗΣ,"120078","120078",7η ΛΕΩΦΟΡΟ ΕΙΡΗΝΗΣ,7th LEOFORO EIRHNHS,ΛΕΩΦ.ΕΙΡΗΝΗΣ(ΛΕΩΦ.ΝΑΤΟ),"878, 879"
120079: 6η ΛΕΩΦΟΡΟΣ ΕΙΡΗΝΗΣ,"120079","120079",6η ΛΕΩΦΟΡΟΣ ΕΙΡΗΝΗΣ,6th LEOFOROS EIRHNHS,ΛΕΩΦ.ΕΙΡΗΝΗΣ(ΛΕΩΦ.ΝΑΤΟ),"878, 879"
120080: 5η ΛΕΩΦΟΡΟΣ ΕΙΡΗΝΗΣ,"120080","120080",5η ΛΕΩΦΟΡΟΣ ΕΙΡΗΝΗΣ,5th LEOFOROS EIRHNHS,ΛΕΩΦ.ΕΙΡΗΝΗΣ(ΛΕΩΦ.ΝΑΤΟ),"878, 879"
120081: 4η ΛΕΩΦΟΡΟΣ ΕΙΡΗΝΗΣ,"120081","120081",4η ΛΕΩΦΟΡΟΣ ΕΙΡΗΝΗΣ,4th LEOFOROS EIRHNHS,ΛΕΩΦ.ΕΙΡΗΝΗΣ(ΛΕΩΦ.ΝΑΤΟ),"878, 879"
120082: 2η ΚΟΡΥΤΣΑΣ,"120082","120082",2η ΚΟΡΥΤΣΑΣ,2nd KORYTSAS,ΚΟΡΥΤΣΑΣ,"855, 879"
120083: 2η ΚΟΡΥΤΣΑΣ,"120083","120083",2η ΚΟΡΥΤΣΑΣ,2nd KORYTSAS,ΚΟΡΥΤΣΑΣ,"855, 866, 879"
120084: 5η ΚΟΡΥΤΣΑΣ,"120084","120084",5η ΚΟΡΥΤΣΑΣ,5th KORYTSAS,ΚΟΡΥΤΣΑΣ,"855, 879"
120085: 5η ΚΟΡΥΤΣΑΣ,"120085","120085",5η ΚΟΡΥΤΣΑΣ,5th KORYTSAS,ΚΟΡΥΤΣΑΣ,"855, 866, 879"
120086: 3η ΛΕΩΦΟΡΟΣ ΕΙΡΗΝΗΣ,"120086","120086",3η ΛΕΩΦΟΡΟΣ ΕΙΡΗΝΗΣ,3rd LEOFOROS EIRHNHS,ΛΕΩΦ.ΕΙΡΗΝΗΣ(ΛΕΩΦ.ΝΑΤΟ),"878, 879"
120087: 1η ΛΕΩΦΟΡΟΣ ΕΙΡΗΝΗΣ,"120087","120087",1η ΛΕΩΦΟΡΟΣ ΕΙΡΗΝΗΣ,2nd LEOFOROS EIRHNHS,ΛΕΩΦ.ΕΙΡΗΝΗΣ(ΛΕΩΦ.ΝΑΤΟ),"878, 879"
120088: 5η ΛΕΩΦΟΡΟΣ ΕΙΡΗΝΗΣ,"120088","120088",5η ΛΕΩΦΟΡΟΣ ΕΙΡΗΝΗΣ,5th LEOFOROS EIRHNHS,ΛΕΩΦ.ΕΙΡΗΝΗΣ(ΛΕΩΦ.ΝΑΤΟ),"878, 879"
120089: 2η ΛΕΩΦΟΡΟΣ ΕΙΡΗΝΗΣ,"120089","120089",2η ΛΕΩΦΟΡΟΣ ΕΙΡΗΝΗΣ,1st LEOFOROS EIRHNHS,ΛΕΩΦ.ΕΙΡΗΝΗΣ(ΛΕΩΦ.ΝΑΤΟ),"878, 879"
120090: ΓΕΦΥΡΑ,"120090","120090",ΓΕΦΥΡΑ,GEFYRA,ΛΕΩΦ.ΕΙΡΗΝΗΣ(ΛΕΩΦ.ΝΑΤΟ),"855, 879"
120091: ΣΧΟΛΕΙΟ,"120091","120091",ΣΧΟΛΕΙΟ,SXOLEIO,ΛΕΩΦ.ΕΙΡΗΝΗΣ(ΛΕΩΦ.ΝΑΤΟ),"855, 866, 879"
120092: 1η ΨΑΡΙ,"120092","120092",1η ΨΑΡΙ,1st PSARI,ΓΕΡΜΑΝΙΚΟΣ ΔΡΟΜΟΣ,"855"
120093: 2η ΨΑΡΙ,"120093","120093",2η ΨΑΡΙ,2nd PSARI,ΓΕΡΜΑΝΙΚΟΣ ΔΡΟΜΟΣ,"855"
120094: 3η ΨΑΡΙ,"120094","120094",3η ΨΑΡΙ,3rd PSARI,ΚΟΡΥΤΣΑΣ,"855"
120095: 4η ΨΑΡΙ,"120095","120095",4η ΨΑΡΙ,4th PSARI,ΚΟΡΥΤΣΑΣ,"855"
120096: 4η ΨΑΡΙ,"120096","120096",4η ΨΑΡΙ,4th PSARI,ΚΟΡΥΤΣΑΣ,"855, 866"
120097: 3η ΨΑΡΙ,"120097","120097",3η ΨΑΡΙ,3rd PSARI,ΚΟΡΥΤΣΑΣ,"855, 866"
120098: 2η ΨΑΡΙ,"120098","120098",2η ΨΑΡΙ,2nd PSARI,ΓΕΡΜΑΝΙΚΟΣ ΔΡΟΜΟΣ,"855, 866"
120099: 1η ΨΑΡΙ,"120099","120099",1η ΨΑΡΙ,1st PSARI,ΓΕΡΜΑΝΙΚΟΣ ΔΡΟΜΟΣ,"855, 866"
120100: ΝΑΤΟ,"120100","120100",ΝΑΤΟ,NATO,ΣΠΑΝΑΚΟΥ,"881"
120101: ΑΒΑΞ,"120101","120101",ΑΒΑΞ,ABAX,ΜΟΡΝΟΥ,"881"
120102: ΑΒΑΞ,"120102","120102",ΑΒΑΞ,ABAX,ΜΟΡΝΟΥ,"881"
120104: ΣΧΟΛΕΙΟ,"120104","120104",ΣΧΟΛΕΙΟ,SXOLEIO,ΠΑΠΑΦΛΕΣΣΑ,"881"
120105: ΨΗΛΟΡΕΙΤΟΥ,"120105","120105",ΨΗΛΟΡΕΙΤΟΥ,PSHLOREITOY,ΨΗΛΟΡΕΙΤΟΥ,"805"
120106: ΣΧΟΛΕΙΟ,"120106","120106",ΣΧΟΛΕΙΟ,SXOLEIO,ΠΑΠΑΦΛΕΣΣΑ,"881"
120107: ΘΕΡΜΟΠΥΛΩΝ,"120107","120107",ΘΕΡΜΟΠΥΛΩΝ,THERMOPYLON,ΠΑΠΑΦΛΕΣΣΑ,"881"
120108: ΠΛΑΤΕΙΑ,"120108","120108",ΠΛΑΤΕΙΑ,PLATEIA,ΨΗΛΟΡΕΙΤΟΥ,"805"
120109: 1η ΤΖΑΒΕΡΔΕΛΛΑ,"120109","120109",1η ΤΖΑΒΕΡΔΕΛΛΑ,1st TZABERDELLA,ΤΖΑΒΕΡΔΕΛΛΑ,"805"
120110: ΟΣΕ,"120110","120110",ΟΣΕ,OSE,ΝΟΤ.ΠΑΡ.ΟΔΟΥ ΑΣΠΡΟΠΥΡΓΟΥ,"855"
120111: ΟΣΕ,"120111","120111",ΟΣΕ,OSE,ΝΟΤ.ΠΑΡ.ΟΔΟΥ ΑΣΠΡΟΠΥΡΓΟΥ,"855"
120112: ΓΕΝΟΚΤΟΝΙΑΣ,"120112","11807",ΓΕΝΟΚΤΟΝΙΑΣ,GENOKTONIAS,ΓΚΟΡΥΤΣΑΣ,"855"
120113: ΠΑΙΔ. ΣΤΑΘΜΟΣ,"120113","11808",ΠΑΙΔ. ΣΤΑΘΜΟΣ,PAID. STATHMOS,ΓΚΟΡΥΤΣΑΣ,"855"
120114: ΜΟΡΝΟΥ,"120114","120114",ΜΟΡΝΟΥ,MORNOY,ΝΟΤ.ΠΑΡ.ΟΔΟΥ ΑΣΠΡΟΠΥΡΓΟΥ,"881"
120117: ΣΤΡΟΦΗ ΨΑΡΙ,"120117","120117",ΣΤΡΟΦΗ ΨΑΡΙ,STROFH PSARI,ΛΕΩΦ.ΕΙΡΗΝΗΣ(ΛΕΩΦ.ΝΑΤΟ),"855, 866, 879"
120118: ΠΑΛΑΙΟ ΤΕΡΜΑ,"120118","120118",ΠΑΛΑΙΟ ΤΕΡΜΑ,PALAIO TERMA,ΚΟΡΥΤΣΑΣ,"855, 866"
120124: ΠΑΙΔ. ΣΤΑΘΜΟΣ,"120124","11809",ΠΑΙΔ. ΣΤΑΘΜΟΣ,PAID. STATHMOS,ΓΚΟΡΥΤΣΑΣ,"855"
120125: ΓΕΝΟΚΤΟΝΙΑΣ,"120125","11810",ΓΕΝΟΚΤΟΝΙΑΣ,GENOKTONIAS,ΓΚΟΡΥΤΣΑΣ,"855"
120127: ΕΚΕΠΕΕ,"120127","120127",ΕΚΕΠΕΕ,EKEPEE,ΠΑΠΑΦΛΕΣΣΑ,"881"
120128: ΕΚΕΠΕΕ,"120128","120128",ΕΚΕΠΕΕ,EKEPEE,ΠΑΠΑΦΛΕΣΣΑ,"881"
120130: ΜΟΡΝΟΥ,"120130","120130",ΜΟΡΝΟΥ,MORNOY,ΝΟΤ.ΠΑΡ.ΟΔΟΥ ΑΣΠΡΟΠΥΡΓΟΥ,"881"
120131: ΠΑΛΑΙΟ ΤΕΡΜΑ,"120131","120131",ΠΑΛΑΙΟ ΤΕΡΜΑ,PALAIO TERMA,ΡΟΥΠΑΚΙΟΥ,"881"
120132: ΠΑΛΑΙΟ ΤΕΡΜΑ,"120132","120132",ΠΑΛΑΙΟ ΤΕΡΜΑ,PALAIO TERMA,ΡΟΥΠΑΚΙΟΥ,"881"
120147: 2η ΘΡΑΣΥΒΟΥΛΟΥ,"120147","120147",2η ΘΡΑΣΥΒΟΥΛΟΥ,2nd THRASYBOYLOY,ΘΡΑΣΥΒΟΥΛΟΥ,"855, 878, 879"
120148: ΑΣΤΥΝΟΜΙΑ,"120148","120148",ΑΣΤΥΝΟΜΙΑ,ASTYNOMIA,ΘΡΑΣΥΒΟΥΛΟΥ,"855, 878, 879"
120150: 6η ΛΕΩΦΟΡΟΣ ΕΙΡΗΝΗΣ,"120150","120150",6η ΛΕΩΦΟΡΟΣ ΕΙΡΗΝΗΣ,6th LEOFOROS EIRHNHS,ΛΕΩΦ.ΕΙΡΗΝΗΣ(ΛΕΩΦ.ΝΑΤΟ),"878, 879"
120152: 7η ΛΕΩΦΟΡΟ ΕΙΡΗΝΗΣ,"120152","120152",7η ΛΕΩΦΟΡΟ ΕΙΡΗΝΗΣ,7th LEOFORO EIRHNHS,ΛΕΩΦ.ΕΙΡΗΝΗΣ(ΛΕΩΦ.ΝΑΤΟ),"878, 879"
120153: 8η ΛΕΩΦΟΡΟΣ ΕΙΡΗΝΗΣ,"120153","120153",8η ΛΕΩΦΟΡΟΣ ΕΙΡΗΝΗΣ,8th LEOFOROS EIRHNHS,ΛΕΩΦ.ΕΙΡΗΝΗΣ(ΛΕΩΦ.ΝΑΤΟ),"878, 879"
120154: 9η ΛΕΩΦΟΡΟΣ ΕΙΡΗΝΗΣ,"120154","120154",9η ΛΕΩΦΟΡΟΣ ΕΙΡΗΝΗΣ,9th LEOFOROS EIRHNHS,ΛΕΩΦ.ΕΙΡΗΝΗΣ(ΛΕΩΦ.ΝΑΤΟ),"878, 879"
120155: 3η ΘΡΑΣΥΒΟΥΛΟΥ,"120155","120155",3η ΘΡΑΣΥΒΟΥΛΟΥ,3rd THRASYBOYLOY,ΘΡΑΣΥΒΟΥΛΟΥ,"855, 878, 879"
120156: 5η ΨΑΡΙ,"120156","120156",5η ΨΑΡΙ,5th PSARI,ΚΟΡΥΤΣΑΣ,"855"
120159: 5η ΨΑΡΙ,"120159","120159",5η ΨΑΡΙ,5th PSARI,ΚΟΡΥΤΣΑΣ,"855, 866"
120160: 2η ΔΕΗ,"120160","120160",2η ΔΕΗ,2nd DEH,ΗΡΩΩΝ ΠΟΛΥΤΕΧΝΕΙΟΥ,"805"
120161: ΑΓ.  ΧΑΡΑΛΑΜΠΟΣ,"120161","120161",ΑΓ.  ΧΑΡΑΛΑΜΠΟΣ,AG. XARALAMPOS,ΗΡΩΩΝ ΠΟΛΥΤΕΧΝΕΙΟΥ,"805"
120162: 1η ΔΕΗ,"120162","120162",1η ΔΕΗ,1st DEH,ΗΡΩΩΝ ΠΟΛΥΤΕΧΝΕΙΟΥ,"805"
120163: ΖΑΧΑΡΟΠΛΑΣΤΕΙΟ,"120163","120163",ΖΑΧΑΡΟΠΛΑΣΤΕΙΟ,ZAXAROPLASTEIO,ΗΡΩΩΝ ΠΟΛΥΤΕΧΝΕΙΟΥ,"805"
120164: ΑΓΟΡΑ,"120164","120164",ΑΓΟΡΑ,AGORA,ΗΡΩΩΝ ΠΟΛΥΤΕΧΝΕΙΟΥ,"805"
120165: ΨΑΡΩΝ,"120165","120165",ΨΑΡΩΝ,PSARON,ΗΡΩΩΝ ΠΟΛΥΤΕΧΝΕΙΟΥ,"805"
120166: 1η ΦΟΥΣΑΣ,"120166","120166",1η ΦΟΥΣΑΣ,1st FOYSAS,ΘΡΑΣΥΒΟΥΛΟΥ,"855"
120167: 2η ΦΟΥΣΑΣ,"120167","120167",2η ΦΟΥΣΑΣ,2nd FOYSAS,ΘΡΑΣΥΒΟΥΛΟΥ,"855"
120168: 3η ΦΟΥΣΑΣ,"120168","120168",3η ΦΟΥΣΑΣ,3rd FOYSAS,ΘΡΑΣΥΒΟΥΛΟΥ,"855"
120169: 4η ΦΟΥΣΑΣ,"120169","120169",4η ΦΟΥΣΑΣ,4th FOYSAS,ΘΡΑΣΥΒΟΥΛΟΥ,"855"
120175: 4η ΦΟΥΣΑΣ,"120175","120175",4η ΦΟΥΣΑΣ,4th FOYSAS,ΘΡΑΣΥΒΟΥΛΟΥ,"855"
120176: 3η ΦΟΥΣΑΣ,"120176","120176",3η ΦΟΥΣΑΣ,3rd FOYSAS,ΘΡΑΣΥΒΟΥΛΟΥ,"855"
120177: 2η ΦΟΥΣΑΣ,"120177","120177",2η ΦΟΥΣΑΣ,2nd FOYSAS,ΘΡΑΣΥΒΟΥΛΟΥ,"855"
120178: 1η ΦΟΥΣΑΣ,"120178","120178",1η ΦΟΥΣΑΣ,1st FOYSAS,ΘΡΑΣΥΒΟΥΛΟΥ,"855"
120189: ΕΛΑΣΣΩΝΟΣ,"120189","120189",ΕΛΑΣΣΩΝΟΣ,ELASSONOS,ΠΑΠΑΦΛΕΣΣΑ,"881"
120190: ΕΛΑΣΣΩΝΟΣ,"120190","120190",ΕΛΑΣΣΩΝΟΣ,ELASSONOS,ΠΑΠΑΦΛΕΣΣΑ,"881"
120213: ΑΜΑΞΟΣΤΑΣΙΟ,"120213","11676",ΑΜΑΞΟΣΤΑΣΙΟ,AMAXOSTASIO,ΘΡΙΑΣΙΟ ΠΕΔΙΟΥ,"868, 879"
120214: ΑΜΑΞΟΣΤΑΣΙΟ,"120214","11677",ΑΜΑΞΟΣΤΑΣΙΟ,AMAXOSTASIO,ΘΡΙΑΣΙΟΥ ΠΕΔΙΟΥ,"868, 879"
120215: ΣΠΑΝΑΚΟΥ,"120215","120215",ΣΠΑΝΑΚΟΥ,SPANAKOY,Ν.Π.Ο. ΑΣΠΡΟΠΥΡΓΟΥ,"881"
120217: ΣΠΑΝΑΚΟΣ,"120217","120217",ΣΠΑΝΑΚΟΣ,SPANAKOS,Ν.Π.Ο. ΑΣΠΡΟΠΥΡΓΟΥ,"881"
120218: ΑΓ. ΣΩΤΗΡΑΣ,"120218","120218",ΑΓ. ΣΩΤΗΡΑΣ,AG. SOTHRAS,ΛΕΩΦ.ΔΗΜΟΚΡΑΤΙΑΣ,"805"
120219: ΨΑΡΩΝ,"120219","120219",ΨΑΡΩΝ,PSARON,ΗΡΩΩΝ ΠΟΛΥΤΕΧΝΕΙΟΥ,"805"
120221: ΠΛΑΤΕΙΑ,"120221","120221",ΠΛΑΤΕΙΑ,PLATEIA,ΨΗΛΟΡΕΙΤΟΥ,"805"
120222: ΡΟΔΟΥ,"120222","120222",ΡΟΔΟΥ,RODOY,ΠΟΣΕΙΔΩΝΟΣ,"866, 878, 881"
120223: ΚΟΡΥΤΣΑΣ,"120223","120223",ΚΟΡΥΤΣΑΣ,KORYTSAS,ΚΡΙΕΖΗ,"855, 866, 878, 879, 881"
120224: ΜΙΑΟΥΛΗ,"120224","120224",ΜΙΑΟΥΛΗ,MIAOYLH,ΚΡΙΕΖΗ,"855, 866, 878, 879, 881"
120225: ΚΑΡΑΙΣΚΑΚΗ,"120225","120225",ΚΑΡΑΙΣΚΑΚΗ,KARAISKAKH,28ης ΟΚΤΩΒΡΙΟΥ,"855, 866, 878, 879, 881"
120226: ΜΠΑΚΟΓΙΑΝΝΗ,"120226","120226",ΜΠΑΚΟΓΙΑΝΝΗ,MPAKOGIANNH,28ης ΟΚΤΩΒΡΙΟΥ,"855, 866, 879"
120227: ΑΓΓΕΛΟΠΟΥΛΟΥ,"120227","120227",ΑΓΓΕΛΟΠΟΥΛΟΥ,AGGELOPOYLOY,ΘΡΑΣΥΒΟΥΛΟΥ,"855, 878, 879, 881"
120228: ΑΓ. ΓΕΩΡΓΙΟΥ,"120228","120228",ΑΓ. ΓΕΩΡΓΙΟΥ,AG. GEORGIOY,ΘΡΑΣΥΒΟΥΛΟΥ,"855, 878, 879, 881"
120229: ΘΕΡΜΟΠΥΛΩΝ,"120229","120229",ΘΕΡΜΟΠΥΛΩΝ,THERMOPYLON,ΘΕΡΜΟΠΥΛΩΝ,"881"
120230: ΑΓ. ΓΕΩΡΓΙΟΥ,"120230","120230",ΑΓ. ΓΕΩΡΓΙΟΥ,AG. GEORGIOY,ΘΡΑΣΥΒΟΥΛΟΥ,"855, 879"
120231: ΑΓΓΕΛΟΠΟΥΛΟΥ,"120231","120231",ΑΓΓΕΛΟΠΟΥΛΟΥ,AGGELOPOYLOY,ΘΡΑΣΥΒΟΥΛΟΥ,"855, 879"
120232: ΜΠΑΚΟΓΙΑΝΝΗ,"120232","120232",ΜΠΑΚΟΓΙΑΝΝΗ,MPAKOGIANNH,28ης ΟΚΤΩΒΡΙΟΥ,"855, 879"
120233: ΚΑΡΑΙΣΚΑΚΗ,"120233","120233",ΚΑΡΑΙΣΚΑΚΗ,KARAISKAKH,28ης ΟΚΤΩΒΡΙΟΥ,"855, 879"
120237: ΓΕΡΜΑΝΙΚΟΣ ΔΡΟΜΟΣ,"120237","120237",ΓΕΡΜΑΝΙΚΟΣ ΔΡΟΜΟΣ,GERMANIKOS DROMOS,ΛΕΩΦ.ΕΙΡΗΝΗΣ(ΛΕΩΦ.ΝΑΤΟ),"879"
120238: ΕΚΘΕΣΙΑΚΟ ΚΕΝΤΡΟ,"120238","120238",ΕΚΘΕΣΙΑΚΟ ΚΕΝΤΡΟ,EKTHESIAKO KENTRO,ΛΕΩΦ.ΕΙΡΗΝΗΣ(ΛΕΩΦ.ΝΑΤΟ),"879"
120239: ΣΤΡΑΤΟΠΕΔΟ,"120239","120239",ΣΤΡΑΤΟΠΕΔΟ,STRATOPEDO,ΛΕΩΦ.ΕΙΡΗΝΗΣ(ΛΕΩΦ.ΝΑΤΟ),"879"
120240: ΣΤΡΑΤΟΠΕΔΟ,"120240","120240",ΣΤΡΑΤΟΠΕΔΟ,STRATOPEDO,ΛΕΩΦ.ΕΙΡΗΝΗΣ(ΛΕΩΦ.ΝΑΤΟ),"879"
120241: ΕΚΘΕΣΙΑΚΟ ΚΕΝΤΡΟ,"120241","120241",ΕΚΘΕΣΙΑΚΟ ΚΕΝΤΡΟ,EKTHESIAKO KENTRO,ΛΕΩΦ.ΕΙΡΗΝΗΣ(ΛΕΩΦ.ΝΑΤΟ),"879"
120242: ΓΕΡΜΑΝΙΚΟΣ ΔΡΟΜΟΣ,"120242","120242",ΓΕΡΜΑΝΙΚΟΣ ΔΡΟΜΟΣ,GERMANIKOS DROMOS,ΛΕΩΦ.ΕΙΡΗΝΗΣ(ΛΕΩΦ.ΝΑΤΟ),"879"
120245: ΑΓ. ΠΑΡΑΣΚΕΥΗ,"120245","120245",ΑΓ. ΠΑΡΑΣΚΕΥΗ,AG. PARASKEYH,ΔΡΟΜ.ΠΟΥ ΟΔΗΓΕΙ ΣΤΗ ΦΥΛΗ,"855"
120246: ΑΓ. ΠΑΡΑΣΚΕΥΗ,"120246","120246",ΑΓ. ΠΑΡΑΣΚΕΥΗ,AG. PARASKEYH,ΔΡΟΜ. ΠΟΥ ΕΡ/ΤΑΙ ΑΠΟ ΦΥΛΗ,"855"
120248: ΓΕΦΥΡΑ ΑΣΠΡΟΠΥΡΓΟΥ,"120248","120248",ΓΕΦΥΡΑ ΑΣΠΡΟΠΥΡΓΟΥ,GEFYRA ASPROPYRGOY,ΠΑΡΑΔΡ. Ν.Ε.Ο.Α.Κ.,"805, 845, 866, 868, 871, 871Τ, 876"
120251: 1η ΤΖΑΒΕΡΔΕΛΛΑ,"120251","120251",1η ΤΖΑΒΕΡΔΕΛΛΑ,1st TZABERDELLA,ΑΣΠΡΟΠΥΡΓΟΥ,"805"
120252: 2η ΤΖΑΒΕΡΔΕΛΛΑ,"120252","120252",2η ΤΖΑΒΕΡΔΕΛΛΑ,2nd TZABERDELLA,ΑΣΠΡΟΠΥΡΓΟΥ,"805"
120256: 2η ΤΖΑΒΕΡΔΕΛΛΑ,"120256","120256",2η ΤΖΑΒΕΡΔΕΛΛΑ,2nd TZABERDELLA,ΑΣΠΡΟΠΥΡΓΟΥ,"805"
120257: ΒΙΟΠΛΑΣΤΙΚΗ,"120257","120257",ΒΙΟΠΛΑΣΤΙΚΗ,BIOPLASTIKH,ΛΕΩΦ.ΕΙΡΗΝΗΣ(ΛΕΩΦ.ΝΑΤΟ),"879"
120258: ΒΙΟΠΛΑΣΤΙΚΗ,"120258","120258",ΒΙΟΠΛΑΣΤΙΚΗ,BIOPLASTIKH,ΛΕΩΦ.ΕΙΡΗΝΗΣ(ΛΕΩΦ.ΝΑΤΟ),"879"
120259: ΤΕΡΜΑ ΝΕΟΚΤΙΣΤΑ,"120259","12143",ΤΕΡΜΑ ΝΕΟΚΤΙΣΤΑ,TERMA NEOKTISTA,ΛΕΩΦ. ΔΙΥΛΙΣΤΗΡΙΩΝ,"805"
120260: ΔΕΞΑΜΕΝΕΣ,"120260","120260",ΔΕΞΑΜΕΝΕΣ,DEXAMENES,ΛΕΩΦ.ΔΗΜΟΚΡΑΤΙΑΣ,"805"
120261: ΔΕΞΑΜΕΝΕΣ,"120261","120261",ΔΕΞΑΜΕΝΕΣ,DEXAMENES,ΛΕΩΦ.ΔΗΜΟΚΡΑΤΙΑΣ,"805"
120262: Α/Ξ ΔΗΜΟΥ ΑΣΠΡΟΠΥΡΓΟΥ,"120262","120262",Α/Ξ ΔΗΜΟΥ ΑΣΠΡΟΠΥΡΓΟΥ,A/X DHMOY ASPROPYRGOY,ΑΛΗΣΜΟΝΗΤΩΝ ΠΑΤΡΙΔΩΝ,"881"
120263: Α/Ξ ΔΗΜΟΥ ΑΣΠΡΟΠΥΡΓΟΥ,"120263","120263",Α/Ξ ΔΗΜΟΥ ΑΣΠΡΟΠΥΡΓΟΥ,A/X DHMOY ASPROPYRGOY,ΑΛΗΣΜΟΝΗΤΩΝ ΠΑΤΡΙΔΩΝ,"881"
120265: ΠΡΟΑΣΤΙΑΚΟΣ,"120265","120265",ΠΡΟΑΣΤΙΑΚΟΣ,PROASTIAKOS,ΝΟΤ.ΠΑΡ.ΟΔΟΥ ΑΣΠΡΟΠΥΡΓΟΥ,"855, 881"
120266: ΚΑΠΟΔΙΣΤΡΙΟΥ,"120266","120266",ΚΑΠΟΔΙΣΤΡΙΟΥ,KAPODISTRIOY,ΚΑΠΟΔΙΣΤΡΙΟΥ,"855, 879"
120267: ΚΟΡΥΤΣΑΣ,"120267","120267",ΚΟΡΥΤΣΑΣ,KORYTSAS,ΚΑΠΟΔΙΣΤΡΙΟΥ,"855, 879"
120269: ΘΡΑΣΥΒΟΥΛΟΥ,"120269","120269",ΘΡΑΣΥΒΟΥΛΟΥ,THRASYBOYLOY,ΦΥΛΗΣ,"866"
120270: ΕΜΠΟΡΙΚΟ ΚΕΝΤΡΟ,"120270","120270",ΕΜΠΟΡΙΚΟ ΚΕΝΤΡΟ,EMPORIKO KENTRO,ΦΥΛΗΣ,"866"
120271: ΦΥΛΗΣ,"120271","120271",ΦΥΛΗΣ,FYLHS,ΝΙΚΗΣ,"866"
120272: ΠΛΑΤΕΙΑ,"120272","120272",ΠΛΑΤΕΙΑ,PLATEIA,ΝΙΚΗΣ,"866"
120273: ΜΥΛΩΝΑ,"120273","120273",ΜΥΛΩΝΑ,MYLONA,ΝΙΚΗΣ,"866"
120274: ΜΥΛΩΝΑ,"120274","120274",ΜΥΛΩΝΑ,MYLONA,ΝΙΚΗΣ,"866"
120275: ΠΛΑΤΕΙΑ,"120275","120275",ΠΛΑΤΕΙΑ,PLATEIA,ΝΙΚΗΣ,"866"
120276: ΣΧΟΛΕΙΟ,"120276","120276",ΣΧΟΛΕΙΟ,SXOLEIO,ΦΥΛΗΣ,"866"
120277: ΕΜΠΟΡΙΚΟ ΚΕΝΤΡΟ,"120277","120277",ΕΜΠΟΡΙΚΟ ΚΕΝΤΡΟ,EMPORIKO KENTRO,ΦΥΛΗΣ,"866"
120278: ΘΡΑΣΥΒΟΥΛΟΥ,"120278","120278",ΘΡΑΣΥΒΟΥΛΟΥ,THRASYBOYLOY,ΦΥΛΗΣ,"866"
120279: ΓΕΦΥΡΑ,"120279","120279",ΓΕΦΥΡΑ,GEFYRA,ΛΕΩΦ.ΝΑΤΟ,"855, 866, 879"
120280: ΝΙΚΗΤΑΡΑ,"120280","120280",ΝΙΚΗΤΑΡΑ,NIKHTARA,ΛΕΩΦ.ΔΗΜΟΚΡΑΤΙΑΣ,"805, 866, 878, 881"
120281: ΝΙΚΗΤΑΡΑ,"120281","120281",ΝΙΚΗΤΑΡΑ,NIKHTARA,ΛΕΩΦ.ΔΗΜΟΚΡΑΤΙΑΣ,"805, 866, 878, 881"
120287: ΚΟΙΜΗΤΗΡΙΟ,"120287","11647",ΚΟΙΜΗΤΗΡΙΟ,KOIMHTHRIO,,"881"
120288: ΚΟΙΜΗΤΗΡΙΟ,"120288","11648",ΚΟΙΜΗΤΗΡΙΟ,KOIMHTHRIO,,"881"
120289: ΜΕΓΑΡΙΔΟΣ,"120289","11650",ΜΕΓΑΡΙΔΟΣ,MEGARIDOS,,"881"
1231: KOINOTHTA ΠΑΛ. ΦΩΚΑΙΑΣ,"1231","11660",KOINOTHTA ΠΑΛ. ΦΩΚΑΙΑΣ,KOINOTHTA PAL. FOKAIAS,ΑΓ. ΓΕΩΡΓΙΟΥ,"123"
12: ΑΒΕΡΩΦ,"12","10165",ΑΒΕΡΩΦ,ABEROF,,"813"
130001: 9η ΜΕΝΙΔΙΟΥ,"130001","130001",9η ΜΕΝΙΔΙΟΥ,9th MENIDIOY,ΛΕΩΦ.ΔΗΜΟΚΡΑΤΙΑΣ,"Α10, Β10"
130002: 10η ΜΕΝΙΔΙΟΥ,"130002","130002",10η ΜΕΝΙΔΙΟΥ,10th MENIDIOY,ΛΕΩΦ.ΔΗΜΟΚΡΑΤΙΑΣ,"Α10, Β10"
130003: 11η ΜΕΝΙΔΙΟΥ,"130003","130003",11η ΜΕΝΙΔΙΟΥ,11th MENIDIOY,ΛΕΩΦ.ΔΗΜΟΚΡΑΤΙΑΣ,"Α10, Β10"
130004: ΚΥΚΛΑΔΩΝ,"130004","130004",ΚΥΚΛΑΔΩΝ,KYKLADON,ΛΕΩΦ.ΔΗΜΟΚΡΑΤΙΑΣ,"Α10, Β10"
130006: 2η ΟΛΥΜΠΙΑΚΟΥ ΧΩΡΙΟΥ,"130006","130006",2η ΟΛΥΜΠΙΑΚΟΥ ΧΩΡΙΟΥ,2nd OLYMPIAKOY XORIOY,ΠΑΡΟΔΟΣ ΛΕΩΦ.ΚΥΜΗΣ,"537, 740"
130007: ΤΕΛΩΝΕΙΟ,"130007","130007",ΤΕΛΩΝΕΙΟ,TELONEIO,ΛΕΩΦ.ΔΗΜΟΚΡΑΤΙΑΣ,"Α10, Β10"
130008: 16η ΜΕΝΙΔΙΟΥ,"130008","130008",16η ΜΕΝΙΔΙΟΥ,16th MENIDIOY,ΑΘΗΝΩΝ,"Α10, Β10"
130009: 17η ΜΕΝΙΔΙΟΥ,"130009","130009",17η ΜΕΝΙΔΙΟΥ,17th MENIDIOY,ΑΘΗΝΩΝ,"Α10, Β10"
130010: ΗΡΩΟΝ,"130010","130010",ΗΡΩΟΝ,HROON,ΦΙΛ.ΔΕΔΕ,"537, 721, 734, 740, Α10, Β10"
130011: ΛΙΟΣΙΩΝ,"130011","130011",ΛΙΟΣΙΩΝ,LIOSION,ΣΑΛΑΜΙΝΟΣ,"537, 712, 721, 728, 733, 734, 735, 740, 752, 878, 879, Α10, Β10"
130012: ΚΑΡΑΒΟΣ,"130012","130012",ΚΑΡΑΒΟΣ,KARABOS,ΣΑΛΑΜΙΝΟΣ,"537, 712, 721, 728, 733, 734, 735, 740, 752, 878, 879, Α10, Β10"
130013: ΚΑΡΑΒΟΣ,"130013","130013",ΚΑΡΑΒΟΣ,KARABOS,ΣΑΛΑΜΙΝΟΣ,"537, 712, 721, 728, 733, 734, 735, 740, 752, 878, 879, Α10, Β10"
130014: ΛΙΟΣΙΩΝ,"130014","130014",ΛΙΟΣΙΩΝ,LIOSION,ΣΑΛΑΜΙΝΟΣ,"537, 712, 721, 728, 733, 734, 735, 740, 752, 878, 879, Α10, Β10"
130015: ΗΡΩΟΝ,"130015","130015",ΗΡΩΟΝ,HROON,ΦΙΛ.ΔΕΔΕ,"537, 721, 728, 734, 740, Α10, Β10"
130016: 17η ΜΕΝΙΔΙΟΥ,"130016","130016",17η ΜΕΝΙΔΙΟΥ,17th MENIDIOY,ΑΘΗΝΩΝ,"728, Α10, Β10"
130017: 16η ΜΕΝΙΔΙΟΥ,"130017","130017",16η ΜΕΝΙΔΙΟΥ,16th MENIDIOY,ΑΘΗΝΩΝ,"728, Α10, Β10"
130018: ΤΕΛΩΝΕΙΟ,"130018","130018",ΤΕΛΩΝΕΙΟ,TELONEIO,ΛΕΩΦ.ΔΗΜΟΚΡΑΤΙΑΣ,"728, Α10, Β10"
130019: 2η ΟΛΥΜΠΙΑΚΟΥ ΧΩΡΙΟΥ,"130019","130019",2η ΟΛΥΜΠΙΑΚΟΥ ΧΩΡΙΟΥ,2nd OLYMPIAKOY XORIOY,ΠΑΡΟΔΟΣ ΛΕΩΦ.ΚΥΜΗΣ,"537, 740"
130020: 1η ΟΛΥΜΠΙΑΚΟΥ ΧΩΡΙΟΥ,"130020","130020",1η ΟΛΥΜΠΙΑΚΟΥ ΧΩΡΙΟΥ,1st OLYMPIAKOY XORIOY,ΠΑΡΟΔΟΣ ΛΕΩΦ.ΚΥΜΗΣ,"740"
130021: ΔΑΜΙΑΝΟΥ,"130021","130021",ΔΑΜΙΑΝΟΥ,DAMIANOY,ΛΕΩΦ.ΚΩΝ.ΚΑΡΑΜΑΝΛΗ,"724, 740"
130022: 11η ΜΕΝΙΔΙΟΥ,"130022","130022",11η ΜΕΝΙΔΙΟΥ,11th MENIDIOY,ΛΕΩΦ.ΔΗΜΟΚΡΑΤΙΑΣ,"728, Α10, Β10"
130023: 10η ΜΕΝΙΔΙΟΥ,"130023","130023",10η ΜΕΝΙΔΙΟΥ,10th MENIDIOY,ΛΕΩΦ.ΔΗΜΟΚΡΑΤΙΑΣ,"728, Α10, Β10"
130024: 9η ΜΕΝΙΔΙΟΥ,"130024","130024",9η ΜΕΝΙΔΙΟΥ,9th MENIDIOY,ΛΕΩΦ.ΔΗΜΟΚΡΑΤΙΑΣ,"728, Α10, Β10"
130025: ΣΟΦ. ΠΕΠΠΑ,"130025","130025",ΣΟΦ. ΠΕΠΠΑ,SOF. PEPPA,ΘΡΑΚΟΜΑΚΕΔΟΝΩΝ,"755, 755Β, Α10"
130026: 2η ΠΑΡΝΗΘΟΣ,"130026","130026",2η ΠΑΡΝΗΘΟΣ,2nd PARNHTHOS,ΠΑΡΝΗΘΟΣ,"721, Α10"
130027: 3η ΠΑΡΝΗΘΟΣ,"130027","130027",3η ΠΑΡΝΗΘΟΣ,3rd PARNHTHOS,ΠΑΡΝΗΘΟΣ,"721, Α10"
130028: 4η ΠΑΡΝΗΘΟΣ,"130028","130028",4η ΠΑΡΝΗΘΟΣ,4th PARNHTHOS,ΠΑΡΝΗΘΟΣ,"721, Α10"
130029: 5η ΠΑΡΝΗΘΟΣ,"130029","130029",5η ΠΑΡΝΗΘΟΣ,5η PARNHTHOS,ΠΑΡΝΗΘΟΣ,"721, 740, Α10, Β10"
130030: 6η ΠΑΡΝΗΘΟΣ,"130030","130030",6η ΠΑΡΝΗΘΟΣ,6th PARNHTHOS,ΠΑΡΝΗΘΟΣ,"721, 740, Α10, Β10"
130031: 7η ΠΑΡΝΗΘΟΣ,"130031","130031",7η ΠΑΡΝΗΘΟΣ,7th PARNHTHOS,ΠΑΡΝΗΘΟΣ,"721, 755, 755Β, Α10, Β10"
130032: 8η ΠΑΡΝΗΘΟΣ,"130032","130032",8η ΠΑΡΝΗΘΟΣ,8th PARNHTHOS,ΠΑΡΝΗΘΟΣ,"721, 728, Β10"
130034: 1η ΟΛΥΜΠΙΑΚΟΥ ΧΩΡΙΟΥ,"130034","11437",1η ΟΛΥΜΠΙΑΚΟΥ ΧΩΡΙΟΥ,1st OLYMPIAKOY XORIOY,ΠΑΡΑΔΡΟΜΟΣ Λ. ΚΥΜΗΣ,"504, 537, 740"
130043: ΗΡΩΩΝ ΠΟΛΥΤΕΧΝΕΙΟΥ,"130043","130043",ΗΡΩΩΝ ΠΟΛΥΤΕΧΝΕΙΟΥ,HROON POLYTEXNEIOY,ΑΡΙΣΤΟΤΕΛΟΥΣ,"721, 740, 878, Α10, Β10"
130044: ΙΚΑ,"130044","130044",ΙΚΑ,IKA,ΑΘΗΝΩΝ,"537, 721, 734, 740"
130046: ΔΗΜΟΤΙΚΟ ΣΧΟΛΕΙΟ,"130046","130046",ΔΗΜΟΤΙΚΟ ΣΧΟΛΕΙΟ,DHMOTIKO SXOLEIO,ΜΠΟΣΚΙΖΑ-ΜΥΣΤΡΑ,Α10
130050: 15η ΠΑΡΝΗΘΟΣ,"130050","130050",15η ΠΑΡΝΗΘΟΣ,15th PARNHTHOS,ΠΑΡΝΗΘΟΣ,"727"
130051: 14η ΠΑΡΝΗΘΟΣ,"130051","130051",14η ΠΑΡΝΗΘΟΣ,14th PARNHTHOS,ΠΑΡΝΗΘΟΣ,"727"
130052: 13η ΠΑΡΝΗΘΟΣ,"130052","130052",13η ΠΑΡΝΗΘΟΣ,13th PARNHTHOS,ΠΑΡΝΗΘΟΣ,"727"
130053: 12η ΠΑΡΝΗΘΟΣ,"130053","130053",12η ΠΑΡΝΗΘΟΣ,12th PARNHTHOS,ΠΑΡΝΗΘΟΣ,"727"
130054: 11η ΠΑΡΝΗΘΟΣ,"130054","130054",11η ΠΑΡΝΗΘΟΣ,11th PARNHTHOS,ΠΑΡΝΗΘΟΣ,"727"
130055: 10η ΠΑΡΝΗΘΟΣ,"130055","130055",10η ΠΑΡΝΗΘΟΣ,10th PARNHTHOS,ΠΑΡΝΗΘΟΣ,"727"
130056: 7η ΠΑΡΝΗΘΟΣ,"130056","130056",7η ΠΑΡΝΗΘΟΣ,7th PARNHTHOS,ΠΑΡΝΗΘΟΣ,"721, 755, 755Β, 878, Α10, Β10"
130057: 6η ΠΑΡΝΗΘΟΣ,"130057","130057",6η ΠΑΡΝΗΘΟΣ,6th PARNHTHOS,ΠΑΡΝΗΘΟΣ,"721, 740, 878, Α10, Β10"
130058: ΠΑΛΙΓΓΕΝΕΣΙΑΣ,"130058","130058",ΠΑΛΙΓΓΕΝΕΣΙΑΣ,PALIGGENESIAS,ΠΑΛΙΓΓΕΝΕΣΙΑΣ,"712"
130059: Π. ΜΕΛΑ,"130059","130059",Π. ΜΕΛΑ,P. MELA,ΑΡΙΣΤΟΤΕΛΟΥΣ,"721, 740, 878, Α10, Β10"
130060: ΑΓ. ΓΕΩΡΓΙΟΥ,"130060","130060",ΑΓ. ΓΕΩΡΓΙΟΥ,AG. GEORGIOY,ΑΡΙΣΤΟΤΕΛΟΥΣ,"721, 740, 878, Α10, Β10"
130061: Δ. ΔΕΔΕ,"130061","130061",Δ. ΔΕΔΕ,D. DEDE,ΑΡΙΣΤΟΤΕΛΟΥΣ,"721, 740, 878, Α10, Β10"
130062: ΑΠ. ΠΑΥΛΟΥ,"130062","130062",ΑΠ. ΠΑΥΛΟΥ,AP. PAYLOY,ΚΩΣΤΗ ΠΑΛΑΜΑ,"735"
130063: ΕΣΧΑΤΕΑ,"130063","130063",ΕΣΧΑΤΕΑ,ESXATEA,ΠΑΝΑΓ.ΓΡΗΓΟΡΟΥΣΗΣ,"735"
130064: ΕΣΧΑΤΕΑ,"130064","130064",ΕΣΧΑΤΕΑ,ESXATEA,ΠΑΝΑΓ.ΓΡΗΓΟΡΟΥΣΗΣ,"735"
130065: ΞΕΝΟΔΟΧΟΥΠΑΛΛΗΛΩΝ,"130065","130065",ΞΕΝΟΔΟΧΟΥΠΑΛΛΗΛΩΝ,XENODOXOYPALLHLON,ΛΕΩΦ.ΚΩΝ.ΚΑΡΑΜΑΝΛΗ,"724, 740"
130068: ΠΑΛΑΙΟ ΚΟΙΜΗΤΗΡΙΟ,"130068","130068",ΠΑΛΑΙΟ ΚΟΙΜΗΤΗΡΙΟ,PALAIO KOIMHTHRIO,ΕΘΝ.ΑΝΤΙΣΤΑΣΕΩΣ,"537, 712, 728, 733, 734, 735, 740, 752, 878, 879, Β10"
130069: Δ. ΔΕΔΕ,"130069","130069",Δ. ΔΕΔΕ,D. DEDE,ΑΡΙΣΤΟΤΕΛΟΥΣ,"740, Β10"
130070: ΑΓ. ΓΕΩΡΓΙΟΥ,"130070","130070",ΑΓ. ΓΕΩΡΓΙΟΥ,AG. GEORGIOY,ΑΡΙΣΤΟΤΕΛΟΥΣ,"740, Β10"
130071: Π. ΜΕΛΑ,"130071","130071",Π. ΜΕΛΑ,P. MELA,ΑΡΙΣΤΟΤΕΛΟΥΣ,"740, Β10"
130072: ΜΕΣΟΝΥΧΙ,"130072","130072",ΜΕΣΟΝΥΧΙ,MESONYXI,ΠΑΡΝΗΘΟΣ,"721, 728, Β10"
130073: ΚΛΩΣΤΗΡΙΑ,"130073","130073",ΚΛΩΣΤΗΡΙΑ,KLOSTHRIA,ΑΝΩΝΥΜΟΥ,"728"
130074: ΘΡΑΚΟΜΑΚΕΔΟΝΩΝ,"130074","130074",ΘΡΑΚΟΜΑΚΕΔΟΝΩΝ,THRAKOMAKEDONON,ΘΡΑΚΟΜΑΚΕΔΟΝΩΝ,"725, 726, Α10"
130075: 4η ΘΡΑΚΟΜΑΚΕΔΟΝΩΝ,"130075","130075",4η ΘΡΑΚΟΜΑΚΕΔΟΝΩΝ,4th THRAKOMAKEDONON,ΘΡΑΚΟΜΑΚΕΔΟΝΩΝ,"725, 726, Α10"
130076: 5η ΘΡΑΚΟΜΑΚΕΔΟΝΩΝ,"130076","130076",5η ΘΡΑΚΟΜΑΚΕΔΟΝΩΝ,5th THRAKOMAKEDONON,ΘΡΑΚΟΜΑΚΕΔΟΝΩΝ,"725, 726, Α10"
130077: 6η ΘΡΑΚΟΜΑΚΕΔΟΝΩΝ,"130077","130077",6η ΘΡΑΚΟΜΑΚΕΔΟΝΩΝ,6th THRAKOMAKEDONON,ΘΡΑΚΟΜΑΚΕΔΟΝΩΝ,"725, 726"
130078: 7η ΘΡΑΚΟΜΑΚΕΔΟΝΩΝ,"130078","130078",7η ΘΡΑΚΟΜΑΚΕΔΟΝΩΝ,7th THRAKOMAKEDONON,ΘΡΑΚΟΜΑΚΕΔΟΝΩΝ,"725, 726"
130079: 8η ΘΡΑΚΟΜΑΚΕΔΟΝΩΝ,"130079","130079",8η ΘΡΑΚΟΜΑΚΕΔΟΝΩΝ,8th THRAKOMAKEDONON,ΘΡΑΚΟΜΑΚΕΔΟΝΩΝ,"725, 726"
130080: 9η ΘΡΑΚΟΜΑΚΕΔΟΝΩΝ,"130080","130080",9η ΘΡΑΚΟΜΑΚΕΔΟΝΩΝ,9th THRAKOMAKEDONON,ΘΡΑΚΟΜΑΚΕΔΟΝΩΝ,"725, 726"
130081: 10η ΘΡΑΚΟΜΑΚΕΔΟΝΩΝ,"130081","130081",10η ΘΡΑΚΟΜΑΚΕΔΟΝΩΝ,10th THRAKOMAKEDONON,ΘΡΑΚΟΜΑΚΕΔΟΝΩΝ,"725, 726"
130082: 11η ΘΡΑΚΟΜΑΚΕΔΟΝΩΝ,"130082","130082",11η ΘΡΑΚΟΜΑΚΕΔΟΝΩΝ,11th THRAKOMAKEDONON,ΘΡΑΚΟΜΑΚΕΔΟΝΩΝ,"725, 726"
130083: 12η ΘΡΑΚΟΜΑΚΕΔΟΝΩΝ,"130083","130083",12η ΘΡΑΚΟΜΑΚΕΔΟΝΩΝ,12th THRAKOMAKEDONON,ΘΡΑΚΟΜΑΚΕΔΟΝΩΝ,"725, 726"
130084: 12η ΘΡΑΚΟΜΑΚΕΔΟΝΩΝ,"130084","130084",12η ΘΡΑΚΟΜΑΚΕΔΟΝΩΝ,12th THRAKOMAKEDONON,ΘΡΑΚΟΜΑΚΕΔΟΝΩΝ,"725, 726"
130085: 11η ΘΡΑΚΟΜΑΚΕΔΟΝΩΝ,"130085","130085",11η ΘΡΑΚΟΜΑΚΕΔΟΝΩΝ,11th THRAKOMAKEDONON,ΘΡΑΚΟΜΑΚΕΔΟΝΩΝ,"725, 726"
130086: 10η ΘΡΑΚΟΜΑΚΕΔΟΝΩΝ,"130086","130086",10η ΘΡΑΚΟΜΑΚΕΔΟΝΩΝ,10th THRAKOMAKEDONON,ΘΡΑΚΟΜΑΚΕΔΟΝΩΝ,"725, 726"
130087: 9η ΘΡΑΚΟΜΑΚΕΔΟΝΩΝ,"130087","130087",9η ΘΡΑΚΟΜΑΚΕΔΟΝΩΝ,9th THRAKOMAKEDONON,ΘΡΑΚΟΜΑΚΕΔΟΝΩΝ,"725, 726"
130088: 8η ΘΡΑΚΟΜΑΚΕΔΟΝΩΝ,"130088","130088",8η ΘΡΑΚΟΜΑΚΕΔΟΝΩΝ,8th THRAKOMAKEDONON,ΘΡΑΚΟΜΑΚΕΔΟΝΩΝ,"725, 726"
130089: 7η ΘΡΑΚΟΜΑΚΕΔΟΝΩΝ,"130089","130089",7η ΘΡΑΚΟΜΑΚΕΔΟΝΩΝ,7th THRAKOMAKEDONON,ΘΡΑΚΟΜΑΚΕΔΟΝΩΝ,"725, 726"
130090: 6η ΘΡΑΚΟΜΑΚΕΔΟΝΩΝ,"130090","130090",6η ΘΡΑΚΟΜΑΚΕΔΟΝΩΝ,6th THRAKOMAKEDONON,ΘΡΑΚΟΜΑΚΕΔΟΝΩΝ,"725, 726"
130091: 5η ΘΡΑΚΟΜΑΚΕΔΟΝΩΝ,"130091","130091",5η ΘΡΑΚΟΜΑΚΕΔΟΝΩΝ,5th THRAKOMAKEDONON,ΘΡΑΚΟΜΑΚΕΔΟΝΩΝ,"725, 726"
130092: 4η ΘΡΑΚΟΜΑΚΕΔΟΝΩΝ,"130092","130092",4η ΘΡΑΚΟΜΑΚΕΔΟΝΩΝ,4th THRAKOMAKEDONON,ΘΡΑΚΟΜΑΚΕΔΟΝΩΝ,"725, 726"
130093: 3η ΘΡΑΚΟΜΑΚΕΔΟΝΩΝ,"130093","130093",3η ΘΡΑΚΟΜΑΚΕΔΟΝΩΝ,3rd THRAKOMAKEDONON,ΘΡΑΚΟΜΑΚΕΔΟΝΩΝ,"721, 755, 755Β, 878, Α10"
130094: 2η ΘΡΑΚΟΜΑΚΕΔΟΝΩΝ,"130094","130094",2η ΘΡΑΚΟΜΑΚΕΔΟΝΩΝ,2nd THRAKOMAKEDONON,ΘΡΑΚΟΜΑΚΕΔΟΝΩΝ,"721, 755, 755Β, 878, Α10"
130095: 1η ΘΡΑΚ/ΔΟΝΩΝ,"130095","130095",1η ΘΡΑΚ/ΔΟΝΩΝ,1st THRAKOMAKEDONON,ΘΡΑΚΟΜΑΚΕΔΟΝΩΝ,"721, 755, 755Β, 878, Α10"
130096: ΚΑΡΑΜΑΝΛΗ,"130096","130096",ΚΑΡΑΜΑΝΛΗ,KARAMANLH,ΛΕΩΦ.ΚΩΝ.ΚΑΡΑΜΑΝΛΗ,"724, 727"
130097: ΕΘΝ. ΑΝΤΙΣΤΑΣΕΩΣ,"130097","130097",ΕΘΝ. ΑΝΤΙΣΤΑΣΕΩΣ,ETHN. ANTISTASEOS,ΕΘΝΙΚΗΣ ΑΝΤΙΣΤΑΣΕΩΣ,"712, 728, 752"
130098: ΧΑΡ. ΤΡΙΚΟΥΠΗ,"130098","130098",ΧΑΡ. ΤΡΙΚΟΥΠΗ,XAR. TRIKOYPH,ΕΘΝΙΚΗΣ ΑΝΤΙΣΤΑΣΕΩΣ,"728, 752"
130099: ΚΟΝΙΤΣΗΣ,"130099","130099",ΚΟΝΙΤΣΗΣ,KONITSHS,ΕΘΝΙΚΗΣ ΑΝΤΙΣΤΑΣΕΩΣ,"728, 752"
130100: ΑΤΑΛΑΝΤΗΣ,"130100","130100",ΑΤΑΛΑΝΤΗΣ,ATALANTHS,ΕΘΝΙΚΗΣ ΑΝΤΙΣΤΑΣΕΩΣ,"728, 752"
130101: ΝΕΟ ΚΟΙΜΗΤΗΡΙΟ,"130101","130101",ΝΕΟ ΚΟΙΜΗΤΗΡΙΟ,NEO KOIMHTHRIO,ΑΝΑΠΑΥΣΕΩΣ,"728, 752"
130102: ΠΑΝΑΓΙΑΣ,"130102","130102",ΠΑΝΑΓΙΑΣ,PANAGIAS,ΑΝΑΠΑΥΣΕΩΣ,"728, 752"
130103: ΑΙΓΙΝΗΣ,"130103","130103",ΑΙΓΙΝΗΣ,AIGINHS,ΣΤΑΣΗ ΙΣΙΔΩΡΟΥ,"728"
130104: ΠΛΑΤΩΝΟΣ,"130104","130104",ΠΛΑΤΩΝΟΣ,PLATONOS,ΣΤΑΣΗ ΙΣΙΔΩΡΟΥ,"728"
130105: ΠΑΛΑΙΟ ΤΕΡΜΑ,"130105","130105",ΠΑΛΑΙΟ ΤΕΡΜΑ,PALAIO TERMA,ΟΛΥΜΠΙΑΔΩΝ,"728"
130106: ΜΕΘΑΝΩΝ,"130106","130106",ΜΕΘΑΝΩΝ,METHANON,ΜΕΘΑΝΩΝ,"728"
130107: ΓΥΜΝΑΣΤΗΡΙΟ,"130107","130107",ΓΥΜΝΑΣΤΗΡΙΟ,GYMNASTHRIO,ΑΡΙΣΤΟΤΕΛΟΥΣ,"537, 712, 728, 733, 734, 735, 878, 879"
130108: ΑΜΑΞΟΣΤΑΣΙΟ,"130108","130108",ΑΜΑΞΟΣΤΑΣΙΟ,AMAXOSTASIO,ΞΕΝΟΔΟΧΟΥΠΑΛΛΗΛΩΝ,"727"
130109: ΟΤΕ,"130109","130109",ΟΤΕ,OTE,ΠΑΡΝΗΘΟΣ,"727"
130110: ΗΡΑΣ,"130110","130110",ΗΡΑΣ,HRAS,ΕΘΝΙΚΗΣ ΑΝΤΙΣΤΑΣΕΩΣ,"728, 752"
130111: ΚΟΝΙΤΣΗΣ,"130111","130111",ΚΟΝΙΤΣΗΣ,KONITSHS,ΕΘΝΙΚΗΣ ΑΝΤΙΣΤΑΣΕΩΣ,"728, 752"
130112: ΙΩΝΟΣ,"130112","130112",ΙΩΝΟΣ,IONOS,ΕΘΝΙΚΗΣ ΑΝΤΙΣΤΑΣΕΩΣ,"728, 752"
130113: ΕΘΝ. ΑΝΤΙΣΤΑΣΕΩΣ,"130113","130113",ΕΘΝ. ΑΝΤΙΣΤΑΣΕΩΣ,ETHN. ANTISTASEOS,ΕΘΝΙΚΗΣ ΑΝΤΙΣΤΑΣΕΩΣ,"712, 728, 752"
130114: ΕΥΑΓΓΕΛΙΣΤΡΙΑΣ,"130114","130114",ΕΥΑΓΓΕΛΙΣΤΡΙΑΣ,EYAGGELISTRIAS,ΕΘΝΙΚΗΣ ΑΝΤΙΣΤΑΣΕΩΣ,"712, 733, 752, 878, 879"
130115: ΠΑΛΑΙΟ ΚΟΙΜΗΤΗΡΙΟ,"130115","130115",ΠΑΛΑΙΟ ΚΟΙΜΗΤΗΡΙΟ,PALAIO KOIMHTHRIO,ΕΘΝΙΚΗΣ ΑΝΤΙΣΤΑΣΕΩΣ,"537, 712, 721, 728, 733, 734, 735, 740, 752, 878, 879, Α10, Β10"
130116: ΜΟΝΟΜΑΤΙ,"130116","130116",ΜΟΝΟΜΑΤΙ,MONOPATI,ΚΗΦΙΣΙΑΣ,"721, 734"
130117: ΚΟΥΡΤΙΔΟΥ,"130117","130117",ΚΟΥΡΤΙΔΟΥ,KOYRTIDOY,ΛΙΟΣΙΩΝ,"712, 728, 733, 735, 878, 879"
130118: ΑΓ. ΑΘΑΝΑΣΙΟΣ,"130118","130118",ΑΓ. ΑΘΑΝΑΣΙΟΣ,AG. ATHANASIOS,ΛΙΟΣΙΩΝ,"712, 728, 733, 735, 878, 879"
130119: ΦΥΤΑ,"130119","130119",ΦΥΤΑ,FYTA,ΦΥΤΑ,"712, 728, 733, 878, 879"
130120: ΦΥΤΑ,"130120","130120",ΦΥΤΑ,FYTA,ΦΥΤΑ,"728"
130122: ΚΟΥΡΤΙΔΟΥ,"130122","130122",ΚΟΥΡΤΙΔΟΥ,KOYRTIDOY,ΛΙΟΣΙΩΝ,"728, 735"
130123: ΣΤΡΑΤΟΠΕΔΟ,"130123","130123",ΣΤΡΑΤΟΠΕΔΟ,STRATOPEDO,ΣΤΡ\ΓΟΥ ΚΑΛΛΡΗ,"728"
130124: ΣΥΝΟΙΚΙΣΜΟΣ,"130124","130124",ΣΥΝΟΙΚΙΣΜΟΣ,SYNOIKISMOS,ΚΟΡΙΝΘΟΥ,"727"
130125: ΑΓ. ΔΙΟΝΥΣΙΟΣ,"130125","130125",ΑΓ. ΔΙΟΝΥΣΙΟΣ,AG. DIONYSIOS,ΑΓ.ΔΙΟΝΥΣΙΟΥ,"752"
130126: ΝΕΑΠΟΛΕΩΣ,"130126","130126",ΝΕΑΠΟΛΕΩΣ,NEAPOLEOS,ΑΓ.ΔΙΟΝΥΣΙΟΥ,"752"
130127: ΦΙΛΕΛΛΗΝΩΝ,"130127","130127",ΦΙΛΕΛΛΗΝΩΝ,FILELLHNON,ΑΓ.ΔΙΟΝΥΣΙΟΥ,"752"
130128: ΣΤΡΟΦΗ,"130128","130128",ΣΤΡΟΦΗ,STROFH,ΑΓ.ΔΙΟΝΥΣΙΟΥ,"728, 752"
130129: 1η ΑΓ. ΔΙΟΝΥΣΙΟΥ,"130129","130129",1η ΑΓ. ΔΙΟΝΥΣΙΟΥ,1st AG. DIONYSIOY,ΠΑΝΑΓ.ΝΤΑΡΔΙΖΑΣ,"752"
130130: 2η ΑΓ. ΔΙΟΝΥΣΙΟΥ,"130130","130130",2η ΑΓ. ΔΙΟΝΥΣΙΟΥ,2nd AG. DIONYSIOY,ΠΑΝΑΓ.ΝΤΑΡΔΙΖΑΣ,"752"
130131: 3η ΑΓ. ΔΙΟΝΥΣΙΟΥ,"130131","130131",3η ΑΓ. ΔΙΟΝΥΣΙΟΥ,3rd AG. DIONYSIOY,ΠΑΝΑΓ.ΝΤΑΡΔΙΖΑΣ,"728"
130132: ΕΡΕΣΣΟΥ,"130132","130132",ΕΡΕΣΣΟΥ,ERESSOY,ΜΟΛΑΣ,"727"
130133: 1η ΑΓ. ΔΙΟΝΥΣΙΟΥ,"130133","130133",1η ΑΓ. ΔΙΟΝΥΣΙΟΥ,1st AG. DIONYSIOY,ΠΑΝΑΓ.ΝΤΑΡΔΙΖΑΣ,"728"
130134: ΣΤΟΥΝΤΙΟ,"130134","130134",ΣΤΟΥΝΤΙΟ,STOYNTIO,ΕΛ.ΒΕΝΙΖΕΛΟΥ,"728"
130135: ΠΑΙΔΙΚΟΣ ΣΤΑΘΜΟΣ,"130135","130135",ΠΑΙΔΙΚΟΣ ΣΤΑΘΜΟΣ,PAIDIKOS STATHMOS,ΝΕΑ ΑΓ.ΠΕΤΡΟΥ,"728"
130136: 3η ΑΓ. ΠΕΤΡΟΥ,"130136","130136",3η ΑΓ. ΠΕΤΡΟΥ,3rd AG. PETROY,ΑΓ.ΠΕΤΡΟΥ,"728"
130137: 4η ΑΓ. ΠΕΤΡΟΥ,"130137","130137",4η ΑΓ. ΠΕΤΡΟΥ,4th AG. PETROY,ΑΓ.ΠΕΤΡΟΥ,"728"
130138: 7η ΑΓ. ΚΩΝΣΤΑΝΤΙΝΟΥ,"130138","130138",7η ΑΓ. ΚΩΝΣΤΑΝΤΙΝΟΥ,7th AG. KONSTANTINOY,ΜΟΛΑΣ,"727"
130139: ΚΟΛΟΚΟΤΡΩΝΗ,"130139","130139",ΚΟΛΟΚΟΤΡΩΝΗ,KOLOKOTRONH,ΑΓ.ΔΙΟΝΥΣΙΟΥ,"752"
130140: ΠΑΛ. ΤΕΡΜΑ,"130140","130140",ΠΑΛ. ΤΕΡΜΑ,PAL. TERMA,ΑΓ.ΠΕΤΡΟΥ,"752"
130141: 4η ΑΓ. ΠΕΤΡΟΥ,"130141","130141",4η ΑΓ. ΠΕΤΡΟΥ,4th AG. PETROY,ΑΓ.ΠΕΤΡΟΥ,"752"
130142: 3η ΑΓ. ΠΕΤΡΟΥ,"130142","130142",3η ΑΓ. ΠΕΤΡΟΥ,3rd AG. PETROY,ΑΓ.ΠΕΤΡΟΥ,"752"
130143: ΚΑΠΗ,"130143","130143",ΚΑΠΗ,KAPH,ΝΕΑ ΑΓ.ΠΕΤΡΟΥ,"752"
130145: ΣΤΡΟΦΗ,"130145","130145",ΣΤΡΟΦΗ,STROFH,ΑΓ.ΔΙΟΝΥΣΙΟΥ,"728, 752"
130146: ΙΣΙΔΩΡΟΥ,"130146","130146",ΙΣΙΔΩΡΟΥ,ISIDOROY,ΑΓ.ΔΙΟΝΥΣΙΟΥ,"728, 752"
130147: ΝΕΑΠΟΛΕΩΣ,"130147","130147",ΝΕΑΠΟΛΕΩΣ,NEAPOLEOS,ΑΓ.ΔΙΟΝΥΣΙΟΥ,"752"
130148: ΑΓ. ΔΙΟΝΥΣΙΟΣ,"130148","130148",ΑΓ. ΔΙΟΝΥΣΙΟΣ,AG. DIONYSIOS,ΑΓ.ΔΙΟΝΥΣΙΟΥ,"752"
130149: ΚΥΚΛΑΔΩΝ,"130149","130149",ΚΥΚΛΑΔΩΝ,KYKLADON,ΛΕΩΦ.ΔΗΜΟΚΡΑΤΙΑΣ,"728, 740, Α10, Β10"
130150: ΑΤΤΙΚΗ ΟΔΟΣ,"130150","130150",ΑΤΤΙΚΗ ΟΔΟΣ,ATTIKH ODOS,ΛΕΩΦ.ΔΗΜΟΚΡΑΤΙΑΣ,"740, Α10, Β10"
130151: 1η ΚΟΚ. ΜΥΛΟΥ,"130151","130151",1η ΚΟΚ. ΜΥΛΟΥ,1st KOK. MYLOY,ΦΙΛΑΔΕΛΦΕΙΑΣ,"755, 755Β"
130152: 2η ΚΟΚ. ΜΥΛΟΥ,"130152","130152",2η ΚΟΚ. ΜΥΛΟΥ,2nd ΚΟΚ. MYLOY,ΦΙΛΑΔΕΛΦΕΙΑΣ,"755, 755Β"
130153: 3η ΚΟΚ. ΜΥΛΟΥ,"130153","130153",3η ΚΟΚ. ΜΥΛΟΥ,3rd KOK. MYLOY,ΦΙΛΑΔΕΛΦΕΙΑΣ,"755, 755Β"
130154: 4η ΚΟΚ. ΜΥΛΟΥ,"130154","130154",4η ΚΟΚ. ΜΥΛΟΥ,4th KOK. MYLOY,ΦΙΛΑΔΕΛΦΕΙΑΣ,"755, 755Β"
130155: ΘΟΛΩΤΟΣ ΤΑΦΟΣ,"130155","130155",ΘΟΛΩΤΟΣ ΤΑΦΟΣ,THOLOTOS TAFOS,ΦΙΛΑΔΕΛΦΕΙΑΣ,"755, 755Β"
130156: 6η ΚΟΚ. ΜΥΛΟΥ,"130156","130156",6η ΚΟΚ. ΜΥΛΟΥ,6th KOK. MYLOY,ΦΙΛΑΔΕΛΦΕΙΑΣ,"755, 755Β"
130157: 7η ΚΟΚ. ΜΥΛΟΥ,"130157","130157",7η ΚΟΚ. ΜΥΛΟΥ,7th KOK. MYLOY,ΦΙΛΑΔΕΛΦΕΙΑΣ,"755, 755Β"
130158: 8η ΚΟΚ. ΜΥΛΟΥ,"130158","130158",8η ΚΟΚ. ΜΥΛΟΥ,8th KOK. MYLOY,ΦΙΛΑΔΕΛΦΕΙΑΣ,"740, 755, 755Β"
130159: 9η ΚΟΚ. ΜΥΛΟΥ,"130159","130159",9η ΚΟΚ. ΜΥΛΟΥ,9th KOK. MYLOY,ΦΙΛΑΔΕΛΦΕΙΑΣ,"740, 755, 755Β"
130160: ΔΗΜΑΡΧΕΙΟ,"130160","130160",ΔΗΜΑΡΧΕΙΟ,DHMARXEIO,ΦΙΛΑΔΕΛΦΕΙΑΣ,"740, 755"
130161: 11η ΚΟΚ. ΜΥΛΟΥ,"130161","130161",11η ΚΟΚ. ΜΥΛΟΥ,11th KOK. MYLOY,ΦΙΛΑΔΕΛΦΕΙΑΣ,"740, 755"
130162: 12η ΚΟΚ. ΜΥΛΟΥ,"130162","130162",12η ΚΟΚ. ΜΥΛΟΥ,12th KOK. MYLOY,ΦΙΛΑΔΕΛΦΕΙΑΣ,"740, 755"
130163: 13η ΚΟΚ. ΜΥΛΟΥ,"130163","130163",13η ΚΟΚ. ΜΥΛΟΥ,13th KOK. MYLOY,ΚΩΝΣΤΑΝΤΙΝΟΥΠΟΛΕΩΣ,"537, 721, 734, 755"
130164: ΣΤ. ΟΣΕ,"130164","130164",ΣΤ. ΟΣΕ,ST. OSE,ΚΩΝΣΤΑΝΤΙΝΟΥΠΟΛΕΩΣ,"537, 721, 734, 755"
130166: ΑΤΤΙΚΗ ΟΔΟΣ,"130166","130166",ΑΤΤΙΚΗ ΟΔΟΣ,ATTIKH ODOS,ΛΕΩΦ.ΔΗΜΟΚΡΑΤΙΑΣ,"728, 740, Α10, Β10"
130167: ΠΛ. ΑΓ. ΤΡΙΑΔΟΣ,"130167","130167",ΠΛ. ΑΓ. ΤΡΙΑΔΟΣ,PL. AG. TRIADOS,ΑΓ.ΤΡΙΑΔΟΣ,"755, 755Β"
130168: ΚΟΛΟΚΟΤΡΩΝΗ,"130168","130168",ΚΟΛΟΚΟΤΡΩΝΗ,KOLOKOTRONH,ΑΓ.ΔΙΟΝΥΣΙΟΥ,"752"
130169: ΔΕΚΕΛΕΙΑΣ,"130169","130169",ΔΕΚΕΛΕΙΑΣ,DEKELEIAS,ΛΕΩΦ.ΚΩΝ.ΚΑΡΑΜΑΝΛΗ,"724"
130170: ΣΤ. ΟΣΕ,"130170","130170",ΣΤ. ΟΣΕ,ST. OSE,ΑΓ.ΚΩΝΣΤΑΝΤΙΝΟΥ,"537, 721, 734, 755"
130171: 13η ΚΟΚ. ΜΥΛΟΥ,"130171","130171",13η ΚΟΚ. ΜΥΛΟΥ,13th KOK. MYLOY,ΑΓ.ΚΩΝΣΤΑΝΤΙΝΟΥ,"537, 721, 734, 755"
130172: 12η ΚΟΚ. ΜΥΛΟΥ,"130172","130172",12η ΚΟΚ. ΜΥΛΟΥ,12th KOK. MYLOY,ΦΙΛΑΔΕΛΦΕΙΑΣ,"740, 755"
130173: 11η ΚΟΚ. ΜΥΛΟΥ,"130173","130173",11η ΚΟΚ. ΜΥΛΟΥ,11th KOK. MYLOY,ΦΙΛΑΔΕΛΦΕΙΑΣ,"740, 755"
130174: ΑΡΧΑΙΟΛΟΓΙΚΗ ΣΥΛΛΟΓΗ,"130174","130174",ΑΡΧΑΙΟΛΟΓΙΚΗ ΣΥΛΛΟΓΗ,ARXAIOLOGIKH SYLLOGH,ΦΙΛΑΔΕΛΦΕΙΑΣ,"740, 755"
130175: 9η ΚΟΚ. ΜΥΛΟΥ,"130175","130175",9η ΚΟΚ. ΜΥΛΟΥ,9th KOK. MYLOY,ΦΙΛΑΔΕΛΦΕΙΑΣ,"740, 755"
130176: 8η ΚΟΚ. ΜΥΛΟΥ,"130176","130176",8η ΚΟΚ. ΜΥΛΟΥ,8th KOK. MYLOY,ΦΙΛΑΔΕΛΦΕΙΑΣ,"740, 755, 755Β"
130177: 7η ΚΟΚ. ΜΥΛΟΥ,"130177","130177",7η ΚΟΚ. ΜΥΛΟΥ,7th KOK. MYLOY,ΦΙΛΑΔΕΛΦΕΙΑΣ,"755, 755Β"
130178: 6η ΚΟΚ. ΜΥΛΟΥ,"130178","130178",6η ΚΟΚ. ΜΥΛΟΥ,6th KOK. MYLOY,ΦΙΛΑΔΕΛΦΕΙΑΣ,"755, 755Β"
130179: ΘΟΛΩΤΟΣ ΤΑΦΟΣ,"130179","130179",ΘΟΛΩΤΟΣ ΤΑΦΟΣ,THOLOTOS TAFOS,ΦΙΛΑΔΕΛΦΕΙΑΣ,"755, 755Β"
130180: 4η ΚΟΚ. ΜΥΛΟΥ,"130180","130180",4η ΚΟΚ. ΜΥΛΟΥ,4th KOK. MYLOY,ΦΙΛΑΔΕΛΦΕΙΑΣ,"755, 755Β"
130181: 3η ΚΟΚ. ΜΥΛΟΥ,"130181","130181",3η ΚΟΚ. ΜΥΛΟΥ,3rd KOK. MYLOY,ΦΙΛΑΔΕΛΦΕΙΑΣ,"755, 755Β"
130182: 2η ΚΟΚ. ΜΥΛΟΥ,"130182","130182",2η ΚΟΚ. ΜΥΛΟΥ,2nd KOK. MYLOY,ΦΙΛΑΔΕΛΦΕΙΑΣ,"755, 755Β"
130183: ΔΑΜΙΑΝΟΥ,"130183","130183",ΔΑΜΙΑΝΟΥ,DAMIANOY,ΛΕΩΦ.ΚΩΝ.ΚΑΡΑΜΑΝΛΗ,"724, 740"
130184: ΜΕΣΣΗΝΙΑΣ,"130184","130184",ΜΕΣΣΗΝΙΑΣ,MESSHNIAS,ΣΚΑΡΙΜΠΑ,Α10
130185: ΛΥΡΑ,"130185","130185",ΛΥΡΑ,LYRA,ΔΕΚΕΛΕΙΑΣ,"537, 721, 734"
130186: ΑΓ. ΛΕΩΝΙΔΑΣ,"130186","130186",ΑΓ. ΛΕΩΝΙΔΑΣ,AG. LEONIDAS,ΔΕΚΕΛΕΙΑΣ,"537, 721, 734"
130187: ΚΩΝ. ΚΑΡΑΜΑΝΛΗ,"130187","130187",ΚΩΝ. ΚΑΡΑΜΑΝΛΗ,KON. KARAMANLH,ΔΕΚΕΛΕΙΑΣ,"537, 721, 734"
130188: ΝΑΡΚΙΣΣΟΥ,"130188","130188",ΝΑΡΚΙΣΣΟΥ,NARKISSOY,ΔΕΚΕΛΕΙΑΣ,"537, 721, 734"
130189: ΦΥΤΩΡΙΑ,"130189","130189",ΦΥΤΩΡΙΑ,FYTORIA,ΔΕΚΕΛΕΙΑΣ,"537, 721, 734"
130190: ΑΓ. ΑΠΟΣΤΟΛΟΙ,"130190","130190",ΑΓ. ΑΠΟΣΤΟΛΟΙ,AG. APOSTOLOI,ΛΕΩΦ.ΔΗΜΟΚΡΑΤΙΑΣ,"728, Α10, Β10"
130191: ΔΙΑΣΤΑΥΡΩΣΗ ΤΑΤΟΪΟΥ,"130191","130191",ΔΙΑΣΤΑΥΡΩΣΗ ΤΑΤΟΪΟΥ,DIASTAYROSH TATOIOY,ΔΕΚΕΛΕΙΑΣ,"537, 721, 734"
130192: ΕΝΥΟΥΣ,"130192","130192",ΕΝΥΟΥΣ,ENYOYS,ΕΝΥΟΥΣ,"712"
130193: ΑΘΗΝΑΣ ΥΓΕΙΑΣ,"130193","130193",ΑΘΗΝΑΣ ΥΓΕΙΑΣ,ATHINAS YGEIAS,ΑΘΗΝΑΣ ΥΓΕΙΑΣ,"712"
130194: 7η ΑΓ. ΠΑΡΑΣΚΕΥΗΣ,"130194","130194",7η ΑΓ. ΠΑΡΑΣΚΕΥΗΣ,7th AG. PARASKEYHS,ΑΓ.ΠΑΡΑΣΚΕΥΗΣ,"752"
130195: ΓΕΦΥΡΑΚΙ,"130195","130195",ΓΕΦΥΡΑΚΙ,GEFYRAKI,ΡΕΜΑ ΧΕΛΙΔΟΝΟΥΣ,"721, 734"
130196: ΜΙΝΩΟΣ,"130196","130196",ΜΙΝΩΟΣ,MINOOS,ΑΓ.ΤΡΙΑΔΟΣ,"755, 755Β"
130197: ΔΙΑΣΤΑΥΡΩΣΗ ΤΑΤΟΪΟΥ,"130197","130197",ΔΙΑΣΤΑΥΡΩΣΗ ΤΑΤΟΪΟΥ,DIASTAYROSH TATOIOY,ΔΕΚΕΛΕΙΑΣ,"537, 721, 734"
130198: ΚΑΤΕΒΑΣΙΑΣ,"130198","130198",ΚΑΤΕΒΑΣΙΑΣ,KATEBASIAS,ΞΕΝΟΔΟΧΟΥΠΑΛΛΗΛΩΝ,"727"
130199: ΦΥΤΩΡΙΑ,"130199","130199",ΦΥΤΩΡΙΑ,FYTORIA,ΔΕΚΕΛΕΙΑΣ,"537, 721, 734"
130200: ΠΛ. ΑΓ. ΤΡΙΑΔΟΣ,"130200","130200",ΠΛ. ΑΓ. ΤΡΙΑΔΟΣ,PL. AG. TRIADOS,ΑΓ.ΤΡΙΑΔΟΣ,"755, 755Β"
130201: ΚΑΡΑΜΑΝΛΗ,"130201","130201",ΚΑΡΑΜΑΝΛΗ,KARAMANLH,ΔΕΚΕΛΕΙΑΣ,"537, 721, 734"
130202: ΜΕΣΟΝΥΧΙΟΥ,"130202","130202",ΜΕΣΟΝΥΧΙΟΥ,MESONYXIOY,ΜΕΣΟΝΥΧΙΟΥ,"724, 725, 726, 727, 755, 755Β, Α10"
130203: ΑΓ. ΓΕΩΡΓΙΟΣ,"130203","130203",ΑΓ. ΓΕΩΡΓΙΟΣ,AG. GEORGIOS,ΝΕΑΣ ΔΙΑΝΟΙΧΘΕΙΣΑΣ ΟΔΟΥ,"504, 537"
130205: ΞΕΝΟΔΟΧΟΥΠΑΛΛΗΛΩΝ,"130205","130205",ΞΕΝΟΔΟΧΟΥΠΑΛΛΗΛΩΝ,XENODOXOYPALLHLON,ΛΕΩΦ.ΚΩΝ.ΚΑΡΑΜΑΝΛΗ,"724, 740"
130206: ΜΕΣΟΝΥΧΙ,"130206","130206",ΜΕΣΟΝΥΧΙ,MESONYXI,ΠΑΡΝΗΘΟΣ,"752"
130209: ΑΡΙΣΤΟΤΕΛΟΥΣ,"130209","130209",ΑΡΙΣΤΟΤΕΛΟΥΣ,ARISTOTELOYS,ΔΕΚΕΛΕΙΑΣ,"537, 721, 734, 755"
130210: ΔΕΗ,"130210","130210",ΔΕΗ,DEH,ΠΑΡΝΗΘΟΣ,"752, Β10"
130211: ΧΕΛΜΟΥ,"130211","130211",ΧΕΛΜΟΥ,XELMOY,ΑΓ.ΤΡΙΑΔΟΣ,"755, 755Β"
130212: ΠΟΛΕΟΔΟΜΙΑ,"130212","130212",ΠΟΛΕΟΔΟΜΙΑ,POLEODOMIA,ΔΕΚΕΛΕΙΑΣ,"537, 721, 734"
130213: ΤΑΤΟΙΟΥ,"130213","130213",ΤΑΤΟΙΟΥ,TATOIOY,ΤΑΤΟΙΟΥ,"724"
130214: 1η ΑΓ. ΠΑΡΑΣΚΕΥΗΣ,"130214","130214",1η ΑΓ. ΠΑΡΑΣΚΕΥΗΣ,1st AG. PARASKEYHS,ΑΕΤΟΠΕΤΡΑΣ,"752"
130215: 1η ΑΓ. ΚΩΝΣΤΑΝΤΙΝΟΥ,"130215","130215",1η ΑΓ. ΚΩΝΣΤΑΝΤΙΝΟΥ,1st AG. KONSTANTINOY,ΜΟΛΑΣ,"727"
130216: 2η ΑΓ. ΚΩΝΣΤΑΝΤΙΝΟΥ,"130216","130216",2η ΑΓ. ΚΩΝΣΤΑΝΤΙΝΟΥ,2nd AG. KONSTANTINOY,ΜΟΛΑΣ,"727"
130217: 3η ΑΓ. ΚΩΝΣΤΑΝΤΙΝΟΥ,"130217","130217",3η ΑΓ. ΚΩΝΣΤΑΝΤΙΝΟΥ,3rd AG. KONSTANTINOY,ΜΟΛΑΣ,"727"
130218: 4η ΑΓ. ΚΩΝΣΤΑΝΤΙΝΟΥ,"130218","130218",4η ΑΓ. ΚΩΝΣΤΑΝΤΙΝΟΥ,4th AG. KONSTANTINOY,ΜΟΛΑΣ,"727"
130219: 5η ΑΓ. ΚΩΝΣΤΑΝΤΙΝΟΥ,"130219","130219",5η ΑΓ. ΚΩΝΣΤΑΝΤΙΝΟΥ,5th AG. KONSTANTINOY,ΜΟΛΑΣ,"727"
130220: 6η ΑΓ. ΚΩΝΣΤΑΝΤΙΝΟΥ,"130220","130220",6η ΑΓ. ΚΩΝΣΤΑΝΤΙΝΟΥ,6th AG. KONSTANTINOY,ΜΟΛΑΣ,"727"
130222: ΔΙΑΣΤΑΥΡΩΣΗ ΘΡΑΚΟΜΑΚΕΔΟΝΩΝ,"130222","130222",ΔΙΑΣΤΑΥΡΩΣΗ ΘΡΑΚΟΜΑΚΕΔΟΝΩΝ,DIASTAYROSH THRAKOMAKEDONON,ΛΕΩΦ.ΚΩΝ.ΚΑΡΑΜΑΝΛΗ,"724, 727"
130223: 1η ΜΕΣΟΝΥΧΙΟΥ,"130223","130223",1η ΜΕΣΟΝΥΧΙΟΥ,1st MESONYXIOY,ΑΓ.ΠΑΡΑΣΚΕΥΗΣ,"727"
130225: 3η ΜΕΣΟΝΥΧΙΟΥ,"130225","130225",3η ΜΕΣΟΝΥΧΙΟΥ,3rd MESONYXIOY,ΑΓ.ΠΑΡΑΣΚΕΥΗΣ,"727"
130226: 4η ΜΕΣΟΝΥΧΙΟΥ,"130226","130226",4η ΜΕΣΟΝΥΧΙΟΥ,4th MESONYXIOY,ΑΓ.ΠΑΡΑΣΚΕΥΗΣ,"727"
130227: 5η ΜΕΣΟΝΥΧΙΟΥ,"130227","130227",5η ΜΕΣΟΝΥΧΙΟΥ,5th MESONYXIOY,ΑΡΓΟΝΑΥΤΩΝ,"727"
130228: 6η ΜΕΣΟΝΥΧΙΟΥ,"130228","130228",6η ΜΕΣΟΝΥΧΙΟΥ,6th MESONYXIOY,ΑΡΓΟΝΑΥΤΩΝ,"727"
130229: 7η ΜΕΣΟΝΥΧΙΟΥ,"130229","130229",7η ΜΕΣΟΝΥΧΙΟΥ,7th MESONYXIOY,ΑΡΓΟΝΑΥΤΩΝ,"727"
130230: 8η ΜΕΣΟΝΥΧΙΟΥ,"130230","130230",8η ΜΕΣΟΝΥΧΙΟΥ,8th MESONYXIOY,ΚΕΡΑΜΙΔΙΟΥ,"727"
130231: 9η ΜΕΣΟΝΥΧΙΟΥ,"130231","130231",9η ΜΕΣΟΝΥΧΙΟΥ,9th MESONYXIOY,ΣΠΥΡ.ΝΟΥΣΗ,"727"
130232: ΣΧΟΛΕΙΑ,"130232","130232",ΣΧΟΛΕΙΑ,SXOLEIA,ΣΑΜΨΟΥΝΤΟΣ,"752"
130233: ΣΧΟΛΕΙΑ,"130233","130233",ΣΧΟΛΕΙΑ,SXOLEIA,ΣΑΜΨΟΥΝΤΟΣ,"728"
130235: ΚΑΤΕΒΑΣΙΑΣ,"130235","130235",ΚΑΤΕΒΑΣΙΑΣ,KATEBASIAS,ΙΒΙΣΚΟΥ,"740"
130237: ΜΟΝΟΜΑΤΙ,"130237","130237",ΜΟΝΟΜΑΤΙ,MONOMATI,ΙΒΙΣΚΟΥ ΕΝΑΝΤΙ ΑΙΘΜΟΥ,"740"
130238: ΜΟΝΟΜΑΤΙ,"130238","130238",ΜΟΝΟΜΑΤΙ,MONOMATI,ΙΒΙΣΚΟΥ,"740"
130239: Ν. ΚΑΡΒΑΛΗΣ,"130239","130239",Ν. ΚΑΡΒΑΛΗΣ,N. KARVALHS,ΞΕΝΟΔΟΧΟΥΠΑΛΛΗΛΩΝ,"727"
130240: ΣΠΟΡΑΔΩΝ,"130240","130240",ΣΠΟΡΑΔΩΝ,SPORADON,ΞΕΝΟΔΟΧΟΥΠΑΛΛΗΛΩΝ,"727"
130241: ΑΦΟΠΛΙΣΜΟΥ,"130241","130241",ΑΦΟΠΛΙΣΜΟΥ,AFOPLISMOY,ΡΑΠΤΗ,"727"
130242: ΜΠΙΖΑΝΙΟΥ,"130242","130242",ΜΠΙΖΑΝΙΟΥ,MPIZANIOY,ΡΑΠΤΗ,"727"
130243: ΝΑΟΥΣΗΣ,"130243","130243",ΝΑΟΥΣΗΣ,NAOYSHS,ΡΟΥΜΕΛΗΣ,"727"
130244: ΑΓΩΝΙΣΤΩΝ,"130244","130244",ΑΓΩΝΙΣΤΩΝ,AGONISTON,ΡΟΥΜΕΛΗΣ,"727"
130245: ΜΟΛΑΣ,"130245","130245",ΜΟΛΑΣ,MOLAS,ΜΟΛΑΣ,"727"
130246: ΔΙΑΣΤΑΥΡΩΣΗ,"130246","130246",ΔΙΑΣΤΑΥΡΩΣΗ,DIASTAYROSH,ΛΕΩΦ.ΚΩΝ.ΚΑΡΑΜΑΝΛΗ,"724, 727"
130247: ΕΡΙΒΑΣ,"130247","130247",ΕΡΙΒΑΣ,ERIBAS,ΛΕΩΦ.ΚΩΝ.ΚΑΡΑΜΑΝΛΗ,"724, 727"
130248: ΑΓ. ΤΡΙΑΔΑ,"130248","130248",ΑΓ. ΤΡΙΑΔΑ,AG. TRIADA,ΛΕΩΦ.ΚΩΝ.ΚΑΡΑΜΑΝΛΗ,"724, 727"
130249: ΜΗΛΙΑΣ,"130249","130249",ΜΗΛΙΑΣ,MHLIAS,ΞΕΝΟΔΟΧΟΥΠΑΛΛΗΛΩΝ,"727"
130250: ΕΣΤΙΑΣ,"130250","130250",ΕΣΤΙΑΣ,ESTIAS,ΡΑΠΤΗ,"727"
130251: ΚΑΤΕΒΑΣΙΑΣ,"130251","130251",ΚΑΤΕΒΑΣΙΑΣ,KATEBASIAS,ΙΒΙΣΚΟΥ,"740"
130252: ΛΑΘΕΑΣ,"130252","130252",ΛΑΘΕΑΣ,LATHEAS,ΠΛΗΘΩΝΟΣ ΓΕΜΙΣΤΟΥ,"740"
130255: 8η ΟΛΥΜΠΙΑΚΟΥ ΧΩΡΙΟΥ,"130255","130255",8η ΟΛΥΜΠΙΑΚΟΥ ΧΩΡΙΟΥ,8th OLYMPIAKOY XORIOY,ΝΙΚ.ΚΑΚΛΑΜΑΝΑΚΗ,"504, 740"
130256: 7η ΟΛΥΜΠΙΑΚΟΥ ΧΩΡΙΟΥ,"130256","130256",7η ΟΛΥΜΠΙΑΚΟΥ ΧΩΡΙΟΥ,7th OLYMPIAKOY XORIOY,ΚΑΧΙ ΚΑΚΙΑΣΒΙΛΙ,"504, 740"
130259: 4η ΟΛΥΜΠΙΑΚΟΥ ΧΩΡΙΟΥ,"130259","130259",4η ΟΛΥΜΠΙΑΚΟΥ ΧΩΡΙΟΥ,4th OLYMPIAKOY XORIOY,ΣΠΥΡΟΥ ΛΟΥΗ,"504, 537, 740"
130260: ΣΚΙΑΘΟΥ,"130260","130260",ΣΚΙΑΘΟΥ,SKIATHOY,ΛΑΘΕΑΣ,"740, 755, 755Β"
130261: 12η ΟΛΥΜΠΙΑΚΟΥ ΧΩΡΙΟΥ,"130261","130261",12η ΟΛΥΜΠΙΑΚΟΥ ΧΩΡΙΟΥ,12th OLYMPIAKOY XORIOY,ΝΙΚ.ΚΑΚΛΑΜΑΝΑΚΗ,"740"
130262: ΟΛΥΜΠΙΑΔΩΝ,"130262","130262",ΟΛΥΜΠΙΑΔΩΝ,OLYMPIADON,ΟΛΥΜΠΙΑΔΩΝ,"728"
130263: ΣΦΑΓΗΣ ΧΙΟΥ,"130263","130263",ΣΦΑΓΗΣ ΧΙΟΥ,SFAGHS XIOY,ΣΤΑΣΗ ΙΣΙΔΩΡΟΥ,"728"
130264: ΙΣΙΔΩΡΟΥ,"130264","130264",ΙΣΙΔΩΡΟΥ,ISIDOROY,ΑΓ.ΔΙΟΝΥΣΙΟΥ,"728, 752"
130265: ΦΙΛΕΛΛΗΝΩΝ,"130265","130265",ΦΙΛΕΛΛΗΝΩΝ,FILELLHNON,ΑΓ.ΔΙΟΝΥΣΙΟΥ,"752"
130266: ΔΕΗ,"130266","130266",ΔΕΗ,DEH,ΠΑΡΝΗΘΟΣ,"721, 728, Β10"
130267: ΜΙΛΤΙΑΔΟΥ,"130267","130267",ΜΙΛΤΙΑΔΟΥ,MILTIADOY,ΜΕΓ.ΒΑΣΙΛΕΙΟΥ,"733"
130268: ΑΛΚΑΜΕΝΟΥΣ,"130268","130268",ΑΛΚΑΜΕΝΟΥΣ,ALKAMENOYS,ΜΕΓ.ΒΑΣΙΛΕΙΟΥ,"733"
130269: ΑΦΡΟΔΙΤΗΣ,"130269","130269",ΑΦΡΟΔΙΤΗΣ,AFRODITHS,ΑΝΕΞΑΡΤΗΣΙΑΣ,"733"
130270: ΠΑΛΙΓΓΕΝΕΣΙΑΣ,"130270","130270",ΠΑΛΙΓΓΕΝΕΣΙΑΣ,PALIGGENESIAS,ΑΝΕΞΑΡΤΗΣΙΑΣ,"733"
130271: ΛΑΤΤΑ,"130271","130271",ΛΑΤΤΑ,LATTA,ΑΝΕΞΑΡΤΗΣΙΑΣ,"733"
130272: ΛΑΤΤΑ,"130272","130272",ΛΑΤΤΑ,LATTA,ΑΝΕΞΑΡΤΗΣΙΑΣ,"733"
130273: ΠΑΛΙΓΓΕΝΕΣΙΑΣ,"130273","130273",ΠΑΛΙΓΓΕΝΕΣΙΑΣ,PALIGGENESIAS,ΑΝΕΞΑΡΤΗΣΙΑΣ,"712, 733, 735, 878, 879"
130274: ΑΦΡΟΔΙΤΗΣ,"130274","130274",ΑΦΡΟΔΙΤΗΣ,AFRODITHS,ΑΝΕΞΑΡΤΗΣΙΑΣ,"733, 735, 878, 879"
130275: ΙΟΛΗΣ,"130275","130275",ΙΟΛΗΣ,IOLHS,ΠΕΡΙΦ.ΟΔΟ ΘΡΑΚΟΜΑΚΕΔΟΝΩΝ,"504, 537"
130276: ΜΙΛΤΙΑΔΟΥ,"130276","130276",ΜΙΛΤΙΑΔΟΥ,MILTIADOY,ΜΕΓ.ΒΑΣΙΛΕΙΟΥ,"733, 735, 878, 879"
130277: ΣΚΙΑΘΟΥ,"130277","130277",ΣΚΙΑΘΟΥ,SKIATHOY,ΛΑΘΕΑΣ,"740, 755, 755Β"
130279: ΓΕΦΥΡΑΚΙ,"130279","130279",ΓΕΦΥΡΑΚΙ,GEFYRAKI,ΚΗΦΙΣΙΑΣ,"721, 734"
130280: ΓΥΜΝΑΣΤΗΡΙΟ,"130280","130280",ΓΥΜΝΑΣΤΗΡΙΟ,GYMNASTHRIO,ΑΡΙΣΤΟΤΕΛΟΥΣ,"537, 728, 734, 735"
130281: ΤΑΤΟΙΟΥ,"130281","130281",ΤΑΤΟΙΟΥ,TATOIOY,ΤΑΤΟΙΟΥ,"724"
130282: ΕΡΓΑΤΙΚΕΣ ΠΟΛΥΚΑΤΟΙΚΙΕΣ,"130282","130282",ΕΡΓΑΤΙΚΕΣ ΠΟΛΥΚΑΤΟΙΚΙΕΣ,ERGATIKES POLYKATOIKIES,ΑΧΑΡΝΩΝ(ΥΠΑΡΧΟΝ ΠΛΑΤΩΜΑ),"735, 878, 879"
130283: ΓΙΑΝΝΑΚΟΥ,"130283","130283",ΓΙΑΝΝΑΚΟΥ,GIANNAKOY,ΛΑΘΕΑΣ,"740, 755, 755Β"
130284: 1η ΚΑΡΑΜΑΝΛΗ,"130284","130284",1η ΚΑΡΑΜΑΝΛΗ,1st KARAMANLH,ΛΕΩΦ.ΚΩΝ.ΚΑΡΑΜΑΝΛΗ,"724"
130285: ΠΛΗΘΩΝΟΣ ΓΕΜΙΣΤΟΥ,"130285","130285",ΠΛΗΘΩΝΟΣ ΓΕΜΙΣΤΟΥ,PLHTHONOS GEMISTOY,ΛΑΘΕΑΣ,"740"
130286: 4η ΟΛΥΜΠΙΑΚΟΥ ΧΩΡΙΟΥ,"130286","130286",4η ΟΛΥΜΠΙΑΚΟΥ ΧΩΡΙΟΥ,4th OLYMPIAKOY XORIOY,ΣΠΥΡΟΥ ΛΟΥΗ,"504, 537, 727, 740"
130287: 2η ΑΓ. ΠΑΡΑΣΚΕΥΗΣ,"130287","130287",2η ΑΓ. ΠΑΡΑΣΚΕΥΗΣ,2nd AG. PARASKEYHS,ΑΕΤΟΠΕΤΡΑΣ,"752"
130288: ΜΟΝΑΣΤΗΡΙ,"130288","130288",ΜΟΝΑΣΤΗΡΙ,MONASTHRI,ΑΓ.ΠΑΡΑΣΚΕΥΗΣ,"752"
130289: 4η ΑΓ. ΠΑΡΑΣΚΕΥΗΣ,"130289","130289",4η ΑΓ. ΠΑΡΑΣΚΕΥΗΣ,4th AG. PARASKEYHS,ΑΓ.ΠΑΡΑΣΚΕΥΗΣ,"752"
130291: 6η ΑΓ. ΠΑΡΑΣΚΕΥΗΣ,"130291","130291",6η ΑΓ. ΠΑΡΑΣΚΕΥΗΣ,6th AG. PARASKEYHS,ΑΓ.ΠΑΡΑΣΚΕΥΗΣ,"752"
130292: ΣΟΛΩΜΟΥ,"130292","130292",ΣΟΛΩΜΟΥ,SOLOMOY,ΛΕΩΦ.ΚΩΝ.ΚΑΡΑΜΑΝΛΗ,"724"
130293: ΣΟΛΩΜΟΥ,"130293","130293",ΣΟΛΩΜΟΥ,SOLOMOY,ΛΕΩΦ.ΚΩΝ.ΚΑΡΑΜΑΝΛΗ,"724"
130294: ΥΓΕΙΑΣ,"130294","130294",ΥΓΕΙΑΣ,YGEIAS,ΞΕΝΟΔΟΧΟΥΠΑΛΛΗΛΩΝ,"727"
130297: ΗΡΩΩΝ ΠΟΛΥΤΕΧΝΕΙΟΥ,"130297","130297",ΗΡΩΩΝ ΠΟΛΥΤΕΧΝΕΙΟΥ,HROON POLYTEXNEIOY,ΑΡΙΣΤΟΤΕΛΟΥΣ,"740, Β10"
130298: 5η ΑΓ. ΠΑΡΑΣΚΕΥΗΣ,"130298","130298",5η ΑΓ. ΠΑΡΑΣΚΕΥΗΣ,5th AG. PARASKEYHS,ΑΓ.ΠΑΡΑΣΚΕΥΗΣ,"752"
130299: 8η ΠΑΡΝΗΘΟΣ,"130299","130299",8η ΠΑΡΝΗΘΟΣ,8th PARNHTHOS,ΠΑΡΝΗΘΟΣ,"752, Β10"
130300: ΠΑΛΑΙΟ ΤΕΡΜΑ,"130300","130300",ΠΑΛΑΙΟ ΤΕΡΜΑ,PALAIO TERMA,ΑΓ.ΠΕΤΡΟΥ,"728"
130301: 8η ΟΛΥΜΠΙΑΚΟΥ ΧΩΡΙΟΥ,"130301","130301",8η ΟΛΥΜΠΙΑΚΟΥ ΧΩΡΙΟΥ,8th OLYMPIAKOY XORIOY,ΝΙΚ.ΚΑΚΛΑΜΑΝΑΚΗ,"504, 740"
130302: ΜΟΝΟΜΑΤΙ,"130302","130302",ΜΟΝΟΜΑΤΙ,MONOMATI,ΔΕΚΕΛΕΙΑΣ,"721, 734"
130303: ΑΓ. ΛΕΩΝΙΔΑΣ,"130303","130303",ΑΓ. ΛΕΩΝΙΔΑΣ,AG. LEONIDAS,ΔΕΚΕΛΕΙΑΣ,"537, 721, 734"
130304: ΛΥΡΑ,"130304","130304",ΛΥΡΑ,LYRA,ΔΕΚΕΛΕΙΑΣ,"537, 721, 734"
130305: ΠΛΑΤΕΙΑ,"130305","130305",ΠΛΑΤΕΙΑ,PLATEIA,ΑΓ.ΚΩΝΣΤΑΝΤΙΝΟΥ,"537, 721, 734, 755"
130306: ΡΟΥΜΕΛΗΣ,"130306","130306",ΡΟΥΜΕΛΗΣ,ROYMELHS,ΡΟΥΜΕΛΗΣ,"727"
130307: ΘΡΑΚΟΜΑΚΕΔΟΝΩΝ,"130307","130307",ΘΡΑΚΟΜΑΚΕΔΟΝΩΝ,THRAKOMAKEDONON,ΘΡΑΚΟΜΑΚΕΔΟΝΩΝ,"725, 726"
130308: ΔΕΚΕΛΕΙΑΣ,"130308","130308",ΔΕΚΕΛΕΙΑΣ,DEKELEIAS,ΛΕΩΦ.ΚΩΝ.ΚΑΡΑΜΑΝΛΗ,"724"
130309: 1η ΚΑΡΑΜΑΝΛΗ,"130309","130309",1η ΚΑΡΑΜΑΝΛΗ,1st KARAMANLH,ΛΕΩΦ.ΚΩΝ.ΚΑΡΑΜΑΝΛΗ,"724"
130310: 9η ΟΛΥΜΠΙΑΚΟΥ ΧΩΡΙΟΥ,"130310","130310",9η ΟΛΥΜΠΙΑΚΟΥ ΧΩΡΙΟΥ,9th OLYMPIAKOY XORIOY,ΝΙΚ.ΚΑΚΛΑΜΑΝΑΚΗ,"504, 740"
130311: ΕΡΙΒΑΣ,"130311","130311",ΕΡΙΒΑΣ,ERIBAS,ΛΕΩΦ.ΚΩΝ.ΚΑΡΑΜΑΝΛΗ,"724, 727"
130314: ΑΛΚΙΜΟΥ,"130314","130314",ΑΛΚΙΜΟΥ,ALKIMOY,ΠΑΝΑΓ.ΝΤΑΡΔΙΖΑΣ,"752"
130316: 2η ΘΡΑΚΟΜΑΚΕΔΟΝΩΝ,"130316","130316",2η ΘΡΑΚΟΜΑΚΕΔΟΝΩΝ,2nd THRAKOMAKEDONON,ΘΡΑΚΟΜΑΚΕΔΟΝΩΝ,"755, 755Β, Α10"
130317: 3η ΘΡΑΚΟΜΑΚΕΔΟΝΩΝ,"130317","130317",3η ΘΡΑΚΟΜΑΚΕΔΟΝΩΝ,3rd THRAKOMAKEDONON,ΘΡΑΚΟΜΑΚΕΔΟΝΩΝ,"755, 755Β, Α10"
130318: ΕΥΑΓΓΕΛΙΣΤΡΙΑΣ,"130318","130318",ΕΥΑΓΓΕΛΙΣΤΡΙΑΣ,EYAGGELISTRIAS,ΕΘΝΙΚΗΣ ΑΝΤΙΣΤΑΣΕΩΣ,"712, 752"
130319: 2η ΑΓ. ΔΙΟΝΥΣΙΟΥ,"130319","130319",2η ΑΓ. ΔΙΟΝΥΣΙΟΥ,2nd AG. DIONYSIOY,ΠΑΝΑΓ.ΝΤΑΡΔΙΖΑΣ,"728"
130320: 3η ΑΓ. ΔΙΟΝΥΣΙΟΥ,"130320","130320",3η ΑΓ. ΔΙΟΝΥΣΙΟΥ,3rd AG. DIONYSIOY,ΠΑΝΑΓ.ΝΤΑΡΔΙΖΑΣ,"752"
130321: 10η ΟΛΥΜΠΙΑΚΟΥ ΧΩΡΙΟΥ,"130321","130321",10η ΟΛΥΜΠΙΑΚΟΥ ΧΩΡΙΟΥ,10th OLYMPIAKOY XORIOY,ΝΙΚ.ΚΑΚΛΑΜΑΝΑΚΗ,"504, 740"
130322: ΤΕΡΜΑ - ΑΠΟΒΙΒΑΣΗ,"130322","130322",ΤΕΡΜΑ - ΑΠΟΒΙΒΑΣΗ,TERMA - APOBIBASH,ΜΕΣΟΝΥΧΙΟΥ,"724, 725, 726, 727, 755"
130323: Ε. ΓΚΕΛΑ,"130323","130323",Ε. ΓΚΕΛΑ,E. GKELA,ΑΡΙΣΤΟΤΕΛΟΥΣ,"537, 721, 734, 755, 755Β"
130324: ΔΕΔΕ,"130324","130324",ΔΕΔΕ,DEDE,ΑΡΙΣΤΟΤΕΛΟΥΣ,"755, 755Β"
130325: ΠΙΝΔΟΥ,"130325","130325",ΠΙΝΔΟΥ,PINDOY,ΑΡΙΣΤΟΤΕΛΟΥΣ,"755, 755Β"
130326: 11η ΟΛΥΜΠΙΑΚΟΥ ΧΩΡΙΟΥ,"130326","130326",11η ΟΛΥΜΠΙΑΚΟΥ ΧΩΡΙΟΥ,11th OLYMPIAKOY XORIOY,ΝΙΚ.ΚΑΚΛΑΜΑΝΑΚΗ,"740"
130327: ΣΤΡΙΦΤΟΥ,"130327","130327",ΣΤΡΙΦΤΟΥ,STRIFTOY,ΑΡΙΣΤΟΤΕΛΟΥΣ,"755, 755Β"
130328: 12η ΟΛΥΜΠΙΑΚΟΥ ΧΩΡΙΟΥ,"130328","130328",12η ΟΛΥΜΠΙΑΚΟΥ ΧΩΡΙΟΥ,12th OLYMPIAKOY XORIOY,ΝΙΚ.ΚΑΚΛΑΜΑΝΑΚΗ,"740"
130330: ΝΕΟΣ ΟΙΚΙΣΜΟΣ,"130330","130330",ΝΕΟΣ ΟΙΚΙΣΜΟΣ,NEOS OIKISMOS,ΣΤΡ\ΓΟΥ ΚΑΛΛΑΡΗ,"728"
130331: ΚΑΡΑΜΑΝΛΗ,"130331","130331",ΚΑΡΑΜΑΝΛΗ,KARAMANLH,ΛΕΩΦ.ΚΩΝ.ΚΑΡΑΜΑΝΛΗ,"724, 727"
130332: ΑΧΑΡΝΑΙΩΝ ΙΠΠΕΩΝ,"130332","130332",ΑΧΑΡΝΑΙΩΝ ΙΠΠΕΩΝ,AXARNAION IPPEON,ΑΝΕΞΑΡΤΗΣΙΑΣ,"733"
130333: ΑΧΑΡΝΑΙΩΝ ΙΠΠΕΩΝ,"130333","130333",ΑΧΑΡΝΑΙΩΝ ΙΠΠΕΩΝ,AXARNAION IPPEON,ΑΝΕΞΑΡΤΗΣΙΑΣ,"733"
130335: ΑΓ. ΓΕΩΡΓΙΟΣ,"130335","130335",ΑΓ. ΓΕΩΡΓΙΟΣ,AG. GEORGIOS,ΝΕΑΣ ΔΙΑΝΟΙΧΘΕΙΣΑΣ ΟΔΟΥ,"504, 537"
130336: ΙΒΙΣΚΟΥ,"130336","130336",ΙΒΙΣΚΟΥ,IBISKOY,ΙΒΙΣΚΟΥ,"740"
130337: ΑΓ. ΠΕΤΡΟΥ,"130337","130337",ΑΓ. ΠΕΤΡΟΥ,AG. PETROY,ΑΓ.ΔΙΟΝΥΣΙΟΥ,"752"
130338: ΑΓ. ΠΕΤΡΟΥ,"130338","130338",ΑΓ. ΠΕΤΡΟΥ,AG. PETROY,ΑΓ.ΔΙΟΝΥΣΙΟΥ,"728"
130339: ΙΒΙΣΚΟΥ,"130339","130339",ΙΒΙΣΚΟΥ,IBISKOY,ΙΒΙΣΚΟΥ,"740"
130340: 10η ΟΛΥΜΠΙΑΚΟΥ ΧΩΡΙΟΥ,"130340","130340",10η ΟΛΥΜΠΙΑΚΟΥ ΧΩΡΙΟΥ,10th OLYMPIAKOY XORIOY,ΝΙΚ.ΚΑΚΛΑΜΑΝΑΚΗ,"504, 740"
130341: 9η ΟΛΥΜΠΙΑΚΟΥ ΧΩΡΙΟΥ,"130341","130341",9η ΟΛΥΜΠΙΑΚΟΥ ΧΩΡΙΟΥ,9th OLYMPIAKOY XORIOY,ΝΙΚ.ΚΑΚΛΑΜΑΝΑΚΗ,"504, 740"
130342: ΧΑΛΕΠΑ ΓΙΑΝΝΟΥΛΗ,"130342","130342",ΧΑΛΕΠΑ ΓΙΑΝΝΟΥΛΗ,XALEPA GIANNOYLH,ΛΑΘΕΑΣ,"740, 755, 755Β"
130343: ΜΟΝΕΜΒΑΣΙΑΣ,"130343","130343",ΜΟΝΕΜΒΑΣΙΑΣ,MONEMBASIAS,ΛΑΘΕΑΣ,"740, 755, 755Β"
130344: ΚΕΝΤΡΟ ΑΙΜΟΔΟΣΙΑΣ,"130344","130344",ΚΕΝΤΡΟ ΑΙΜΟΔΟΣΙΑΣ,KENTRO AIMODOSIAS,ΝΕΑ ΠΕΡΙΦ.ΘΡΑΚΟΜΑΚΕΔΟΝΩΝ,"504, 537"
130345: ΣΚΟΠΑ,"130345","130345",ΣΚΟΠΑ,SKOPA,ΛΑΘΕΑΣ,"740"
130346: ΑΓ. ΤΡΙΑΔΑ,"130346","130346",ΑΓ. ΤΡΙΑΔΑ,AG. TRIADA,ΛΕΩΦ.ΚΑΡΑΜΑΝΛΗ,"724, 727"
130348: ΓΕΦΥΡΑ ΚΥΜΗΣ,"130348","130348",ΓΕΦΥΡΑ ΚΥΜΗΣ,GEFYRA KYMHS,ΤΑΤΟΙΟΥ ΕΝ.ΑΡ.ΤΡ.ΟΓ.ΕΝΝΕΑ,"537"
130349: ΓΕΦΥΡΑ ΚΥΜΗΣ,"130349","130349",ΓΕΦΥΡΑ ΚΥΜΗΣ,GEFYRA KYMHS,ΤΑΤΟΙΟΥ,"537"
130350: 6η ΟΛΥΜΠΙΑΚΟΥ ΧΩΡΙΟΥ,"130350","11127",6η ΟΛΥΜΠΙΑΚΟΥ ΧΩΡΙΟΥ,6th OLYMPIAKOY XORIOY,ΠΥΡΡΟΥ ΔΗΜΑ,"537, 740"
130351: 5η ΟΛΥΜΠΙΑΚΟΥ ΧΩΡΙΟΥ,"130351","11128",5η ΟΛΥΜΠΙΑΚΟΥ ΧΩΡΙΟΥ,5th OLYMPIAKOY XORIOY,ΠΥΡΡΟΥ ΔΗΜΑ,"537, 740"
130352: 5η ΟΛΥΜΠΙΑΚΟΥ ΧΩΡΙΟΥ,"130352","11129",5η ΟΛΥΜΠΙΑΚΟΥ ΧΩΡΙΟΥ,5th OLYMPIAKOY XORIOY,ΠΥΡΡΟΥ ΔΗΜΑ,"537, 727, 740"
130353: 6η ΟΛΥΜΠΙΑΚΟΥ ΧΩΡΙΟΥ,"130353","11130",6η ΟΛΥΜΠΙΑΚΟΥ ΧΩΡΙΟΥ,6th OLYMPIAKOY XORIOY,ΠΥΡΡΟΥ ΔΗΜΑ,"537, 727, 740"
130354: 7η ΟΛΥΜΠΙΑΚΟΥ ΧΩΡΙΟΥ,"130354","11131",7η ΟΛΥΜΠΙΑΚΟΥ ΧΩΡΙΟΥ,7th OLYMPIAKOY XORIOY,ΠΥΡΡΟΥ ΔΗΜΑ,"537, 727, 740"
130430: 13η ΟΛΥΜΠΙΑΚΟΥ ΧΩΡΙΟΥ,"130430","130430",13η ΟΛΥΜΠΙΑΚΟΥ ΧΩΡΙΟΥ,13th OLYMPIAKOY XORIOY,ΟΔΟΥ ΜΗΔΕΝ ΔΕΚΑΤΡΙΑ,"504"
130431: ΑΧΑΡΝΕΩΝ ΙΠΠΕΩΝ,"130431","130431",ΑΧΑΡΝΕΩΝ ΙΠΠΕΩΝ,AXARNEON IPPEON,ΠΑΛΙΓΓΕΝΕΣΙΑΣ,"712, 735, 878, 879"
130433: ΓΑΛΗΝΗ,"130433","130433",ΓΑΛΗΝΗ,GALHNH,ΘΡΑΚΟΜΑΚΕΔΟΝΩΝ,"725, 726"
130434: ΑΛΚΑΜΕΝΟΥΣ,"130434","130434",ΑΛΚΑΜΕΝΟΥΣ,ALKAMENOYS,ΜΕΓ.ΒΑΣΙΛΕΙΟΥ,"733, 735, 878, 879"
130436: ΚΥΜΗΣ,"130436","130436",ΚΥΜΗΣ,KYMHS,ΠΑΡΑΔΡΟΜΟΥ ΟΔΟΥ ΚΥΜΗΣ,"504, 537, 740"
130437: ΚΥΜΗΣ,"130437","130437",ΚΥΜΗΣ,KYMHS,ΠΑΡΑΔΡΟΜΟΥ ΟΔΟΥ ΚΥΜΗΣ,"504, 537, 740"
130438: ΟΡΤΑΝΣΙΑΣ,"130438","11673",ΟΡΤΑΝΣΙΑΣ,ORTANSIAS,ΠΑΡΑΔΡΟΜΟΥ ΟΔΟΥ ΚΥΜΗΣ,"504, 537"
130440: ΑΣΦΟΔΕΛΟΥ,"130440","10532",ΑΣΦΟΔΕΛΟΥ,ASFODELOY,ΠΑΡΑΔΡΟΜΟΣ ΚΥΜΗΣ,"504, 537"
130441: 15η ΟΛΥΜΠΙΑΚΟΥ ΧΩΡΙΟΥ,"130441","130441",15η ΟΛΥΜΠΙΑΚΟΥ ΧΩΡΙΟΥ,15th OLYMPIAKOY XORIOY,ΚΑΧΙ ΚΑΚΙΑΣΒΙΛΙ,"504, 740"
130442: 14η ΟΛΥΜΠΙΑΚΟΥ ΧΩΡΙΟΥ,"130442","130442",14η ΟΛΥΜΠΙΑΚΟΥ ΧΩΡΙΟΥ,14th OLYMPIAKOY XORIOY,ΦΑΝΗΣ ΧΑΛΚΙΑ,"504"
130443: 3η ΟΛΥΜΠΙΑΚΟΥ ΧΩΡΙΟΥ ΙΓΜΕ,"130443","130443",3η ΟΛΥΜΠΙΑΚΟΥ ΧΩΡΙΟΥ ΙΓΜΕ,3rd OLYMPIAKOY XORIOY IGME,ΣΠΥΡΟΥ ΛΟΥΗ,"504, 537, 740"
130444: ΠΟΛΥΚΛΙΝΙΚΗ,"130444","130444",ΠΟΛΥΚΛΙΝΙΚΗ,POLYKLINIKH,ΠΥΡΡΟΥ ΔΗΜΑ,"504"
130446: 13η ΟΛΥΜΠΙΑΚΟΥ ΧΩΡΙΟΥ,"130446","130446",13η ΟΛΥΜΠΙΑΚΟΥ ΧΩΡΙΟΥ,13th OLYMPIAKOY XORIOY,ΦΑΝΗΣ ΧΑΛΚΙΑ,"504"
130447: ΠΟΛΥΚΛΙΝΙΚΗ,"130447","130447",ΠΟΛΥΚΛΙΝΙΚΗ,POLYKLINIKH,ΠΥΡΡΟΥ ΔΗΜΑ,"504"
130450: 12η ΜΕΝΙΔΙΟΥ,"130450","130450",12η ΜΕΝΙΔΙΟΥ,12th MENIDIOY,ΛΕΩΦ.ΔΗΜΟΚΡΑΤΙΑΣ,"740"
130451: ΑΤΛΑΝΤΟΣ,"130451","130451",ΑΤΛΑΝΤΟΣ,ATLANTOS,ΑΓ.ΠΑΡΑΣΚΕΥΗΣ,"727"
130452: ΑΓ. ΑΝΝΑΣ,"130452","130452",ΑΓ. ΑΝΝΑΣ,AG. ANNAS,ΑΓ.ΑΝΝΑΣ,"740"
130453: Ν. ΚΑΚΛΑΜΑΝΑΚΗ,"130453","130453",Ν. ΚΑΚΛΑΜΑΝΑΚΗ,N. KAKLAMANAKH,Ν.ΚΑΚΛΑΜΑΝΑΚΗ (Ο4),"504, 740"
130455: ΠΛΑΤΕΙΑ,"130455","130455",ΠΛΑΤΕΙΑ,PLATEIA,ΑΓ.ΑΝΝΑΣ,"740"
130456: ΣΤΡΑΤΟΠΕΔΟ,"130456","130456",ΣΤΡΑΤΟΠΕΔΟ,STRATOPEDO,Λ.ΦΙΛΑΔΕΛΦΕΙΑΣ,"740, 755"
130457: ΚΑΖΑΝΤΖΑΚΗ,"130457","130457",ΚΑΖΑΝΤΖΑΚΗ,KAZANTZAKH,ΚΑΖΑΝΤΖΑΚΗ,"740"
130458: ΤΖΑΒΕΛΛΑ,"130458","130458",ΤΖΑΒΕΛΛΑ,TZABELLA,ΜΠΟΣΚΙΖΑΣ,Α10
130459: ΠΑΡΑΣΚΕΥΟΠΟΥΛΟΥ,"130459","130459",ΠΑΡΑΣΚΕΥΟΠΟΥΛΟΥ,PARASKEYOPOYLOY,ΠΑΡΑΣΚΕΥΟΠΟΥΛΟΥ,"740"
130460: ΙΚΑ,"130460","130460",ΙΚΑ,IKA,ΠΑΓΚΑΛΟΥ,"721, Α10"
130461: ΣΑΜΟΥ,"130461","130461",ΣΑΜΟΥ,SAMOY,ΣΑΜΟΥ,"740"
130462: ΣΚΑ - ΑΧΑΡΝΑΙ,"130462","130462",ΣΚΑ - ΑΧΑΡΝΑΙ,SKA - AXARNAI,ΦΙΛΑΔΕΛΦΕΙΑΣ,"755, 755Β"
130463: 2ο ΚΕΠ,"130463","130463",2ο ΚΕΠ,2ο KEP,ΑΓ.ΔΙΟΝΥΣΙΟΥ,"752"
130464: ΒΟΡΕΙΟΣ ΠΑΡΑΔΡΟΜΟΣ,"130464","130464",ΒΟΡΕΙΟΣ ΠΑΡΑΔΡΟΜΟΣ,BOREIOS PAPADROMOS,ΒΟΡΕΙΟ ΠΑΡ. ΑΤΤΙΚΗΣ ΟΔΟΥ,"740"
130465: ΣΚΑ - ΑΧΑΡΝΑΙ,"130465","130465",ΣΚΑ - ΑΧΑΡΝΑΙ,SKA - AXARNAI,ΦΙΛΑΔΕΛΦΕΙΑΣ,"755, 755Β"
130466: ΠΛΑΤΕΙΑ,"130466","130466",ΠΛΑΤΕΙΑ,PLATEIA,ΑΓ.ΚΩΝ/ΝΟΥ,"740"
130467: 3η ΟΛΥΜΠΙΑΚΟΥ ΧΩΡΙΟΥ ΙΓΜΕ,"130467","130467",3η ΟΛΥΜΠΙΑΚΟΥ ΧΩΡΙΟΥ ΙΓΜΕ,3rd OLYMPIAKOY XORIOY IGME,ΣΠΥΡΟΥ ΛΟΥΗ,"504, 537, 727, 740"
130468: ΓΕΦΥΡΑ,"130468","130468",ΓΕΦΥΡΑ,GEFYRA,ΑΓ. ΠΑΡΑΣΚΕΥΗΣ,"740"
130469: ΧΑΛΚΙΔΙΚΗΣ,"130469","130469",ΧΑΛΚΙΔΙΚΗΣ,XALKIDIKHS,ΧΑΛΚΙΔΙΚΗΣ,"740"
130470: ΝΑΥΠΑΚΤΟΥ,"130470","130470",ΝΑΥΠΑΚΤΟΥ,NAYPAKTOY,ΚΑΖΑΝΤΖΑΚΗ,"740"
130471: ΑΓ. ΠΑΡΑΣΚΕΥΗ,"130471","130471",ΑΓ. ΠΑΡΑΣΚΕΥΗ,AG. PARASKEYH,ΑΓ.ΠΑΡΑΣΚΕΥΗΣ,"740"
130476: ΣΤΟΥΝΤΙΟ,"130476","11482",ΣΤΟΥΝΤΙΟ,STOYNTIO,ΕΛ. ΒΕΝΙΖΕΛΟΥ,"752"
130477: 2η ΕΡΓΑΤΙΚΕΣ ΠΟΛΥΚΑΤΟΙΚΙΕΣ,"130477","11563",2η ΕΡΓΑΤΙΚΕΣ ΠΟΛΥΚΑΤΟΙΚΙΕΣ,2nd ERGATIKES POLYKATOIKIES,ΛΙΟΣΙΩΝ,"735"
130478: 2η ΑΛΚΑΜΕΝΟΥΣ,"130478","11564",2η ΑΛΚΑΜΕΝΟΥΣ,2nd ALKAMENOYS,ΑΧΑΡΝΕΩΝ ΙΠΠΕΩΝ,"735, 878, 879"
130479: 2η ΜΙΛΤΙΑΔΟΥ,"130479","11565",2η ΜΙΛΤΙΑΔΟΥ,2nd MILTIADOY,ΜΕΓΑΛΟΥ ΒΑΣΙΛΕΙΟΥ,"735"
130480: 7Η ΑΓΙΟΥ ΚΩΝΣΤΑΝΤΙΝΟΥ,"130480","11689",7Η ΑΓΙΟΥ ΚΩΝΣΤΑΝΤΙΝΟΥ,MOLAS,ΜΟΛΑΣ,"727"
130481: 6Η ΑΓΙΟΥ ΚΩΝΣΤΑΝΤΙΝΟΥ,"130481","11690",6Η ΑΓΙΟΥ ΚΩΝΣΤΑΝΤΙΝΟΥ,6th AGIOY KONSTANTINOY,ΜΟΛΑΣ,"727"
130482: ΕΡΕΣΣΟΥ,"130482","11691",ΕΡΕΣΣΟΥ,ERESSOY,ΜΟΛΑΣ,"727"
130483: 5η ΑΓ. ΚΩΝΣΤΑΝΤΙΝΟΥ,"130483","11692",5η ΑΓ. ΚΩΝΣΤΑΝΤΙΝΟΥ,5th AGIOY KONSTANTINOY,ΜΟΛΑΣ,"727"
130484: 4η ΑΓ. ΚΩΝΣΤΑΝΤΙΝΟΥ,"130484","11693",4η ΑΓ. ΚΩΝΣΤΑΝΤΙΝΟΥ,4th AGIOY KONSTANTINOY,ΜΟΛΑΣ,"727"
130485: 3η ΑΓΙΟΥ ΚΩΝΣΤΑΝΤΙΝΟΥ,"130485","11694",3η ΑΓΙΟΥ ΚΩΝΣΤΑΝΤΙΝΟΥ,3rd AGIOY KONSTANTINOY,ΜΟΛΑΣ,"727"
130486: ΣΥΝΟΙΚΙΣΜΟΣ,"130486","11695",ΣΥΝΟΙΚΙΣΜΟΣ,SYNOIKISMOS,ΜΟΛΑΣ,"727"
130487: 2η ΑΓ. ΚΩΝΣΤΑΝΤΙΝΟΥ,"130487","11696",2η ΑΓ. ΚΩΝΣΤΑΝΤΙΝΟΥ,2nd AGIOY KONSTANTINOY,ΜΟΛΑΣ,"727"
130488: 1η ΑΓ. ΚΩΝΣΤΑΝΤΙΝΟΥ,"130488","11697",1η ΑΓ. ΚΩΝΣΤΑΝΤΙΝΟΥ,1st AGIOY KONSTANTINOY,ΜΟΛΑΣ,"727"
130489: ΜΟΛΑΣ,"130489","11698",ΜΟΛΑΣ,MOLAS,ΜΟΛΑΣ,"727"
130490: ΡΟΥΜΕΛΗΣ,"130490","11701",ΡΟΥΜΕΛΗΣ,ROYMELHS,ΡΟΥΜΕΛΗΣ,"727"
130491: ΑΓΩΝΙΣΤΩΝ,"130491","11702",ΑΓΩΝΙΣΤΩΝ,AGONISTON,ΡΟΥΜΕΛΗΣ,"727"
130492: ΝΑΟΥΣΗΣ,"130492","11704",ΝΑΟΥΣΗΣ,NAOYSHS,ΡΟΥΜΕΛΗΣ,"727"
130493: ΜΠΙΖΑΝΙΟΥ,"130493","11703",ΜΠΙΖΑΝΙΟΥ,MPIZANIOY,ΞΕΝΟΔΟΧΟΥΠΑΛΛΗΛΩΝ,"727"
130494: ΑΦΟΠΛΙΣΜΟΥ,"130494","11706",ΑΦΟΠΛΙΣΜΟΥ,AFOPLISMOY,ΞΕΝΟΔΟΧΟΥΠΑΛΛΗΛΩΝ,"727"
130495: ΕΣΤΙΑΣ,"130495","11705",ΕΣΤΙΑΣ,ESTIAS,ΞΕΝΟΔΟΧΟΥΠΑΛΛΗΛΩΝ,"727"
130496: ΥΓΕΙΑΣ,"130496","11708",ΥΓΕΙΑΣ,YGEIAS,ΞΕΝΟΔΟΧΟΥΠΑΛΛΗΛΩΝ,"727"
130497: ΣΠΟΡΑΔΩΝ,"130497","11709",ΣΠΟΡΑΔΩΝ,SPORADON,ΞΕΝΟΔΟΧΟΥΠΑΛΛΗΛΩΝ,"727"
130498: ΑΜΑΞΟΣΤΑΣΙΟ,"130498","11710",ΑΜΑΞΟΣΤΑΣΙΟ,amaxostasio,ΞΕΝΟΔΟΧΟΥΠΑΛΛΗΛΩΝ,"727"
130499: ΚΑΤΕΒΑΣΙΑΣ,"130499","11711",ΚΑΤΕΒΑΣΙΑΣ,KATEBASIAS,ΞΕΝΟΔΟΧΟΥΠΑΛΛΗΛΩΝ,"727"
130500: ΜΗΛΙΑΣ,"130500","11712",ΜΗΛΙΑΣ,MHLIAS,ΞΕΝΟΔΟΧΟΥΠΑΛΛΗΛΩΝ,"727"
130501: ΚΑΡΒΑΛΗΣ,"130501","11713",ΚΑΡΒΑΛΗΣ,KARBALHS,ΞΕΝΟΔΟΧΟΥΠΑΛΛΗΛΩΝ,"727"
130502: ΔΕΚΕΛΕΙΑΣ,"130502","11739",ΔΕΚΕΛΕΙΑΣ,DEKELEIAS,ΑΡΙΣΤΟΤΕΛΟΥΣ,755Β
130503: ΦΡΑΝΤΖΗ,"130503","11740",ΦΡΑΝΤΖΗ,FRANTZH,ΑΓΙΩΝ ΤΑΞΙΑΡΧΩΝ,755Β
130504: ΜΠΟΥΜΠΟΥΛΙΝΑΣ,"130504","11741",ΜΠΟΥΜΠΟΥΛΙΝΑΣ,MPOYMPOYLINAS,ΚΥΠΡΟΥ,755Β
130505: ΤΡΙΩΝ ΝΑΥΑΡΧΩΝ,"130505","11742",ΤΡΙΩΝ ΝΑΥΑΡΧΩΝ,TRION NAYARXON,ΙΩΝΙΑΣ,755Β
130506: ΘΗΣΕΩΣ,"130506","11743",ΘΗΣΕΩΣ,THISEOS,ΙΩΝΙΑΣ,755Β
130507: ΨΑΡΙΟΥ,"130507","11744",ΨΑΡΙΟΥ,PSARIOY,ΚΥΠΡΟΥ,755Β
130508: ΚΡΗΤΗΣ,"130508","11745",ΚΡΗΤΗΣ,KRHTHS,ΚΥΠΡΟΥ,755Β
130509: ΚΙΟΥΡΚΑΤΙΩΤΟΥ,"130509","11760",ΚΙΟΥΡΚΑΤΙΩΤΟΥ,KIOYRKATIOTOY,ΚΥΠΡΟΥ,755Β
130510: ΠΡΑΞΙΤΕΛΟΥΣ,"130510","11761",ΠΡΑΞΙΤΕΛΟΥΣ,PRAXITELOYS,ΙΩΝΙΑΣ,755Β
130511: ΠΛΑΤΕΙΑ,"130511","11762",ΠΛΑΤΕΙΑ,PLATEIA,ΙΩΝΙΑΣ,755Β
130512: ΟΡΦΕΩΣ,"130512","11763",ΟΡΦΕΩΣ,ORFEOS,ΘΩΜΑ ΠΑΛΑΙΟΛΟΓΟΥ,755Β
130513: ΖΑΙΜΗ,"130513","11764",ΖΑΙΜΗ,ZAIMH,ΘΩΜΑ ΠΑΛΑΙΟΛΟΓΟΥ,755Β
130514: ΟΡΤΑΝΣΙΑΣ,"130514","11783",ΟΡΤΑΝΣΙΑΣ,ORTANSIAS,ΠΑΡΑΔΡΟΜΟΣ Λ. ΚΥΜΗΣ,"504, 537"
130515: ΔΕΚΕΛΕΙΑΣ,"130515","11784",ΔΕΚΕΛΕΙΑΣ,DEKELEIAS,ΠΑΡΑΔΡΟΜΟΣ Λ. ΚΥΜΗΣ,"504"
130516: ΜΟΝΟΜΑΤΙΟΥ,"130516","11785",ΜΟΝΟΜΑΤΙΟΥ,MONOMATIOY,ΠΑΡΑΔΡΟΜΟΣ Λ. ΚΥΜΗΣ,"504"
130517: 2η ΑΝΘΑΓΟΡΑΣ,"130517","11855",2η ΑΝΘΑΓΟΡΑΣ,2nd ANTHAGORAS,ΓΑΛΗΝΗΣ,"725"
130518: 1η ΑΝΘΑΓΟΡΑΣ,"130518","11854",1η ΑΝΘΑΓΟΡΑΣ,1st ANTHAGORAS,ΓΑΛΗΝΗΣ,"725"
130519: 1η ΛΑΜΠΕΡΟΥ,"130519","11856",1η ΛΑΜΠΕΡΟΥ,1st LAMPEROY,ΓΑΛΗΝΗΣ,"725"
130520: 2η ΛΑΜΠΕΡΟΥ,"130520","11857",2η ΛΑΜΠΕΡΟΥ,2nd LAMPEROY,ΓΑΛΗΝΗΣ,"725"
130521: 1η ΟΛΥΜΠΙΑΔΟΣ,"130521","11858",1η ΟΛΥΜΠΙΑΔΟΣ,1st OLYMPIADOS,ΓΑΛΗΝΗΣ,"725"
130522: 2η ΟΛΥΜΠΙΑΔΟΣ,"130522","11859",2η ΟΛΥΜΠΙΑΔΟΣ,2nd OLYMPIADOS,ΓΑΛΗΝΗΣ,"725"
130523: ΝΕΟ ΚΟΙΜΗΤΗΡΙΟ,"130523","11932",ΝΕΟ ΚΟΙΜΗΤΗΡΙΟ,NEO KOIMHTHRIO,ΑΝΑΠΑΥΣΕΩΣ,"752"
130524: ΑΦΕΤΗΡΙΑ ΑΠΟΒΙΒΑΣΗ,"130524","11959",ΑΦΕΤΗΡΙΑ ΑΠΟΒΙΒΑΣΗ,AFETHRIA APOBIBASH,ΛΑΖΑΡΗ,"712, 728, 733, 735, 752, 878, 879"
13: ΠΡΟΥΣΣΗΣ,"13","10166",ΠΡΟΥΣΣΗΣ,PROUSSHS,,"813"
140001: ΓΕΦΥΡΑ,"140001","140001",ΓΕΦΥΡΑ,GEFYRA,ΦΡΥΝΗΣ,"11, 140, 203, 204, 204Β, 209, 211"
140002: ΔΗΜΑΡΧΕΙΟ,"140002","140002",ΔΗΜΑΡΧΕΙΟ,DHMARXEIO,ΛΕΩΦ.ΚΥΠΡΟΥ,"11, 203, 204, 204Β"
140003: ΑΓΟΡΑ ΒΥΡΩΝΑ,"140003","140003",ΑΓΟΡΑ ΒΥΡΩΝΑ,AGORA BYRONA,ΛΕΩΦ.ΚΥΠΡΟΥ,"11, 203, 204, 204Β"
140004: ΜΑΝΩΛΗ,"140004","140004",ΜΑΝΩΛΗ,MANOLH,ΝΕΑΣ ΕΛΒΕΤΙΑΣ,"11, 203, 204, 204Β, 212"
140005: ΠΑΛ.ΤΕΡΜΑ ΝΕΑΣ ΕΛΒΕΤΙΑΣ,"140005","140005",ΠΑΛ.ΤΕΡΜΑ ΝΕΑΣ ΕΛΒΕΤΙΑΣ,PAL.TERMA NEAS ELBETIAS,ΝΕΑΣ ΕΛΒΕΤΙΑΣ,"203, 204, 204Β, 212"
140006: ΙΚΑ,"140006","140006",ΙΚΑ,IKA,ΚΑΡΑΟΛΗ ΚΑΙ ΔΗΜΗΤΡΙΟΥ,"203, 204, 204Β, 212"
140007: ΣΙΝΕ ΑΡΚΑΔΙΑ,"140007","140007",ΣΙΝΕ ΑΡΚΑΔΙΑ,CINE ARKADIA,ΚΑΡΑΟΛΗ ΚΑΙ ΔΗΜΗΤΡΙΟΥ,"203, 204, 204Β, 212"
140008: 1η ΑΝΑΠΗΡΙΚΑ,"140008","140008",1η ΑΝΑΠΗΡΙΚΑ,1st ANAPHRIKA,ΛΕΩΦ.ΑΓ.ΙΩΑΝΝΟΥ ΚΑΡΕΑ,"203, 212"
140009: 2η ΑΝΑΠΗΡΙΚΑ,"140009","140009",2η ΑΝΑΠΗΡΙΚΑ,2nd ANAPHRIKA,ΛΕΩΦ.ΑΓ.ΙΩΑΝΝΟΥ ΚΑΡΕΑ,"203, 212"
140014: 1η ΚΑΡΕΑ,"140014","140014",1η ΚΑΡΕΑ,1st KAREA,ΛΕΩΦ.ΑΓ.ΙΩΑΝΝΟΥ ΚΑΡΕΑ,"203, 212"
140015: 2η ΚΑΡΕΑ,"140015","140015",2η ΚΑΡΕΑ,2nd ΚΑΡΕΑ,ΛΕΩΦ.ΑΓ.ΙΩΑΝΝΟΥ ΚΑΡΕΑ,"203, 212"
140016: 7η ΚΑΡΕΑ,"140016","140016",7η ΚΑΡΕΑ,7th ΚΑRΕΑ,28ς ΟΚΤΩΒΡΙΟΥ,"203, 212"
140017: 8η ΚΑΡΕΑ,"140017","140017",8η ΚΑΡΕΑ,8th KAREA,ΘΥΜΑΤΩΝ ΠΟΛΕΜΟΥ,"203"
140018: ΝΕΚΡΟΤΑΦΕΙΟ,"140018","140018",ΝΕΚΡΟΤΑΦΕΙΟ,NEKROTAFEIO,ΑΡΧ.ΑΘΗΝΩΝ ΧΡΥΣΟΣΤΟΜΟΥ,"204, 204Β"
140019: ΠΕΡΙΠΤΕΡΟ,"140019","140019",ΠΕΡΙΠΤΕΡΟ,PERIPTERO,ΚΑΡΑΟΛΗ ΚΑΙ ΔΗΜΗΤΡΙΟΥ,"203, 204, 204Β, 212"
140020: ΙΚΑ,"140020","140020",ΙΚΑ,IKA,ΚΑΡΑΟΛΗ ΚΑΙ ΔΗΜΗΤΡΙΟΥ,"203, 204, 204Β, 212"
140021: ΠΑΛ. ΤΕΡΜΑ ΝΕΑΣ ΕΛΒΕΤΙΑΣ,"140021","140021",ΠΑΛ. ΤΕΡΜΑ ΝΕΑΣ ΕΛΒΕΤΙΑΣ,PAL.TERMA NEAS ELBETIAS,ΚΑΙΣΑΡΕΙΑΣ,"11, 203, 204, 204Β"
140022: ΜΑΝΩΛΗ,"140022","140022",ΜΑΝΩΛΗ,MANOLH,ΚΑΙΣΑΡΕΙΑΣ,"11, 203, 204, 204Β"
140024: ΚΑΜΠΟΥΡΗ,"140024","140024",ΚΑΜΠΟΥΡΗ,KAMPOYRH,ΛΕΩΦ.ΧΡ.ΣΜΥΡΝΗΣ,"11, 140, 203, 204, 204Β, 209, 211"
140025: ΔΗΜΑΡΧΕΙΟ,"140025","140025",ΔΗΜΑΡΧΕΙΟ,DHMARXEIO,ΛΕΩΦ.ΧΡ.ΣΜΥΡΝΗΣ,"11, 140, 203, 204, 204Β, 209, 211"
140026: ΝΕΟ ΠΑΓΚΡΑΤΙ,"140026","140026",ΝΕΟ ΠΑΓΚΡΑΤΙ,NEO PAGRATI,ΝΙΚ.ΝΙΚΗΦΟΡΙΔΗ,"11"
140030: ΦΟΥΡΝΟΣ,"140030","140030",ΦΟΥΡΝΟΣ,FOYRNOS,ΚΟΛΟΚΟΤΡΩΝΗ,"140, 209, 211"
140031: ΣΧΟΛΕΙΟ,"140031","140031",ΣΧΟΛΕΙΟ,SXOLEIO,ΚΟΛΟΚΟΤΡΩΝΗ,"140, 209, 211"
140032: ΑΓΟΡΑ,"140032","140032",ΑΓΟΡΑ,AGORA,ΚΟΛΟΚΟΤΡΩΝΗ,"209, 211"
140033: ΜΕΤΑΜΟΡΦΩΣΗ,"140033","140033",ΜΕΤΑΜΟΡΦΩΣΗ,METAMORFOSH,ΑΓ.ΣΟΦΙΑΣ,"209, 211, 212"
140034: ΤΣΙΡΑΚΟΠΟΥΛΟΥ,"140034","140034",ΤΣΙΡΑΚΟΠΟΥΛΟΥ,TSIRAKOPOYLOY,ΑΓ.ΣΟΦΙΑΣ,"209, 211, 212"
140035: ΠΑΛΑΙΟ ΤΕΡΜΑ,"140035","140035",ΠΑΛΑΙΟ ΤΕΡΜΑ,PALAIO TERMA,ΑΓ.ΣΟΦΙΑΣ,"209, 211, 212"
140036: ΠΑΛΑΙΟ ΤΕΡΜΑ,"140036","140036",ΠΑΛΑΙΟ ΤΕΡΜΑ,PALAIO TERMA,ΑΓ.ΣΟΦΙΑΣ,"209, 211"
140037: ΤΣΙΡΑΚΟΠΟΥΛΟΥ,"140037","140037",ΤΣΙΡΑΚΟΠΟΥΛΟΥ,TSIRAKOPOYLOY,ΑΓ.ΣΟΦΙΑΣ,"140, 209, 211, 212"
140038: ΜΕΤΑΜΟΡΦΩΣΗ,"140038","140038",ΜΕΤΑΜΟΡΦΩΣΗ,METAMORFOSH,ΑΓ.ΣΟΦΙΑΣ,"140, 209, 211, 212"
140039: ΑΓΟΡΑ,"140039","140039",ΑΓΟΡΑ,AGORA,ΑΓ.ΣΟΦΙΑΣ,"140, 209, 211, 212"
140040: 8η ΦΟΡΜΙΩΝΟΣ,"140040","140040",8η ΦΟΡΜΙΩΝΟΣ,8th FORMIONOS,ΦΟΡΜΙΩΝΟΣ,"214"
140041: 9η ΦΟΡΜΙΩΝΟΣ,"140041","140041",9η ΦΟΡΜΙΩΝΟΣ,9th FORMIONOS,ΦΟΡΜΙΩΝΟΣ,"214"
140042: 10η ΦΟΡΜΙΩΝΟΣ,"140042","140042",10η ΦΟΡΜΙΩΝΟΣ,10th FORMIONOS,ΦΟΡΜΙΩΝΟΣ,"214"
140043: 11η ΦΟΡΜΙΩΝΟΣ,"140043","140043",11η ΦΟΡΜΙΩΝΟΣ,11th FORMIONOS,ΦΟΡΜΙΩΝΟΣ,"214"
140044: 12η ΦΟΡΜΙΩΝΟΣ,"140044","140044",12η ΦΟΡΜΙΩΝΟΣ,12th FORMIONOS,ΦΟΡΜΙΩΝΟΣ,"214"
140045: 13η ΦΟΡΜΙΩΝΟΣ,"140045","140045",13η ΦΟΡΜΙΩΝΟΣ,13th FORMIONOS,ΦΟΡΜΙΩΝΟΣ,"214"
140046: ΒΟΥΤΖΑ,"140046","140046",ΒΟΥΤΖΑ,BOYTZA,ΝΕΑΣ ΕΛΒΕΤΙΑΣ,"11, 203, 204, 204Β, 212"
140047: ΠΑΛΑΙΟ ΤΕΡΜΑ,"140047","140047",ΠΑΛΑΙΟ ΤΕΡΜΑ,PALAIO TERMA,ΤΜΩΛΟΥ,"214"
140048: 14η ΦΟΡΜΙΩΝΟΣ,"140048","140048",14η ΦΟΡΜΙΩΝΟΣ,14th FORMIONOS,ΦΟΡΜΙΩΝΟΣ,"214"
140049: 13η ΦΟΡΜΙΩΝΟΣ,"140049","140049",13η ΦΟΡΜΙΩΝΟΣ,13th FORMIONOS,ΦΟΡΜΙΩΝΟΣ,"214"
140050: 12η ΦΟΡΜΙΩΝΟΣ,"140050","140050",12η ΦΟΡΜΙΩΝΟΣ,12th FORMIONOS,ΦΟΡΜΙΩΝΟΣ,"214"
140051: 11η ΦΟΡΜΙΩΝΟΣ,"140051","140051",11η ΦΟΡΜΙΩΝΟΣ,11th FORMIONOS,ΦΟΡΜΙΩΝΟΣ,"214"
140052: 10η ΦΟΡΜΙΩΝΟΣ,"140052","140052",10η ΦΟΡΜΙΩΝΟΣ,10th FORMIONOS,ΦΟΡΜΙΩΝΟΣ,"214"
140055: ΑΝΑΠΗΡΩΝ ΠΟΛΕΜΟΥ,"140055","140055",ΑΝΑΠΗΡΩΝ ΠΟΛΕΜΟΥ,ANAPHRON POLEMOY,28ης ΟΚΤΩΒΡΙΟΥ,"203, 212"
140056: 4η ΚΑΡΕΑ,"140056","140056",4η ΚΑΡΕΑ,4th KAREA,ΛΕΩΦ.ΑΓ.ΙΩΑΝΝΟΥ ΚΑΡΕΑ,"203, 212"
140057: 3η ΚΑΡΕΑ,"140057","140057",3η ΚΑΡΕΑ,3rd KAREA,ΛΕΩΦ.ΑΓ.ΙΩΑΝΝΟΥ ΚΑΡΕΑ,"203, 212"
140058: 2η ΚΑΡΕΑ,"140058","140058",2η ΚΑΡΕΑ,2nd KAREA,ΛΕΩΦ.ΑΓ.ΙΩΑΝΝΟΥ ΚΑΡΕΑ,"203, 212"
140059: 1η ΚΑΡΕΑ,"140059","140059",1η ΚΑΡΕΑ,1st KAREA,ΛΕΩΦ.ΑΓ.ΙΩΑΝΝΟΥ ΚΑΡΕΑ,"203, 212"
140060: 2η ΑΝΑΠΗΡΙΚΑ,"140060","140060",2η ΑΝΑΠΗΡΙΚΑ,2nd ANAPHRIKA,ΛΕΩΦ.ΑΓ.ΙΩΑΝΝΟΥ ΚΑΡΕΑ,"203, 212"
140061: 1η ΑΝΑΠΗΡΙΚΑ,"140061","140061",1η ΑΝΑΠΗΡΙΚΑ,1st ANAPHRIKA,ΛΕΩΦ.ΑΓ.ΙΩΑΝΝΟΥ ΚΑΡΕΑ,"203, 212"
140062: ΔΙΑΣΤΑΥΡΩΣΗ,"140062","140062",ΔΙΑΣΤΑΥΡΩΣΗ,DIASTAYROSH,ΑΡΧ.ΑΘΗΝΩΝ ΧΡΥΣΟΣΤΟΜΟΥ,"203, 204, 204Β"
140063: ΝΕΚΡΟΤΑΦΕΙΟ,"140063","140063",ΝΕΚΡΟΤΑΦΕΙΟ,NEKROTAFEIO,ΑΡΧ.ΑΘΗΝΩΝ ΧΡΥΣΟΣΤΟΜΟΥ,"203, 204, 204Β"
140064: ΑΕΡΟΠΟΡΙΑ,"140064","140064",ΑΕΡΟΠΟΡΙΑ,AEROPORIA,ΑΡΧ.ΑΘΗΝΩΝ ΧΡΥΣΟΣΤΟΜΟΥ,"204"
140065: ΗΡΩΩΝ,"140065","140065",ΗΡΩΩΝ,HROON,ΜΑΓΝΗΣΙΑΣ,"214"
140067: ΑΕΡΟΠΟΡΙΑ,"140067","140067",ΑΕΡΟΠΟΡΙΑ,AEROPORIA,ΑΡΧ.ΑΘΗΝΩΝ ΧΡΥΣΟΣΤΟΜΟΥ,"203, 204, 204Β"
140068: ΒΟΥΤΖΑ,"140068","140068",ΒΟΥΤΖΑ,BOYTZA,ΒΟΥΤΖΑ,"11, 203, 204, 204Β"
140069: ΔΙΑΣΤΑΥΡΩΣΗ,"140069","140069",ΔΙΑΣΤΑΥΡΩΣΗ,DIASTAYROSH,ΑΡΧ.ΑΘΗΝΩΝ ΧΡΥΣΟΣΤΟΜΟΥ,"204, 204Β"
140071: ΠΛ. ΣΜΥΡΝΗΣ,"140071","140071",ΠΛ. ΣΜΥΡΝΗΣ,PL. SMYRNHS,ΠΛ.ΣΜΥΡΝΗΣ,"11"
140072: ΠΑΛ. ΤΕΡΜΑ ΝΕΑΣ ΕΛΒΕΤΙΑΣ,"140072","140072",ΠΑΛ. ΤΕΡΜΑ ΝΕΑΣ ΕΛΒΕΤΙΑΣ,PAL. TERMA NEAS ELBETIAS,ΝΕΑΣ ΕΛΒΕΤΙΑΣ,"11"
140077: 14η ΦΟΡΜΙΩΝΟΣ,"140077","140077",14η ΦΟΡΜΙΩΝΟΣ,14th FORMIONOS,ΦΟΡΜΙΩΝΟΣ,"214"
140079: ΜΑΚΑΡΙΟΥ,"140079","140079",ΜΑΚΑΡΙΟΥ,MAKARIOY,ΕΘΝΑΡΧΟΥ ΜΑΚΑΡΙΟΥ,"214"
140080: ΠΑΛ. ΠΑΤΡΩΝ ΓΕΡΜΑΝΟΥ,"140080","140080",ΠΑΛ. ΠΑΤΡΩΝ ΓΕΡΜΑΝΟΥ,PAL. PATRON GERMANOY,ΕΘΝΑΡΧΟΥ ΜΑΚΑΡΙΟΥ,"214"
140081: ΓΡΑΝΙΚΟΥ,"140081","140081",ΓΡΑΝΙΚΟΥ,GRANIKOY,ΓΡΑΝΙΚΟΥ,"214"
140082: ΔΙΑΜΑΝΤΗ,"140082","140082",ΔΙΑΜΑΝΤΗ,DIAMANTH,ΩΛΕΝΗΣ,"214"
140083: ΣΧΟΛΕΙΑ,"140083","140083",ΣΧΟΛΕΙΑ,SXOLEIA,ΤΜΩΛΟΥ,"214"
140085: ΑΕΡΟΠΟΡΙΑ,"140085","10992",ΑΕΡΟΠΟΡΙΑ,AEROPORIA,,"203, 204Β"
140086: ΑΠΟΒΙΒΑΣΗ ΕΠΙΒΑΤΩΝ,"140086","10991",ΑΠΟΒΙΒΑΣΗ ΕΠΙΒΑΤΩΝ,APOBIBASH EPIBATON,,"203, 204Β"
140087: ΑΓ. ΣΟΦΙΑ,"140087","140087",ΑΓ. ΣΟΦΙΑ,AG. SOFIA,ΚΕΡΚΥΡΑΣ,"140, 212"
140095: ΚΑΡΕΑ,"140095","140095",ΚΑΡΕΑ,KAREA,28ης ΟΚΤΩΒΡΙΟΥ,"203, 212"
140096: ΕΛΛΗΣΠΟΝΤΟΥ,"140096","140096",ΕΛΛΗΣΠΟΝΤΟΥ,ELLHSPONTOY,ΕΛΛΗΣΠΟΝΤΟΥ,"140"
140097: 2η ΝΕΚΡΟΤΑΦΕΙΟΥ,"140097","140097",2η ΝΕΚΡΟΤΑΦΕΙΟΥ,2nd NEKROTAFEIOY,ΑΡΧ.ΑΘΗΝΩΝ ΧΡΥΣΟΣΤΟΜΟΥ,"203, 204, 204Β"
140098: 2η ΝΕΚΡΟΤΑΦΕΙΟΥ,"140098","140098",2η ΝΕΚΡΟΤΑΦΕΙΟΥ,2nd NEKROTAFEIOY,ΑΡΧ.ΑΘΗΝΩΝ ΧΡΥΣΟΣΤΟΜΟΥ,"204, 204Β"
141105: 3η ΚΑΡΕΑ,"141105","141105",3η ΚΑΡΕΑ,3rd KAREA,ΛΕΩΦ.ΑΓ.ΙΩΑΝΝΟΥ ΚΑΡΕΑ,"203, 212"
141106: 4η ΚΑΡΕΑ,"141106","141106",4η ΚΑΡΕΑ,4th KAREA,ΛΕΩΦ.ΑΓ.ΙΩΑΝΝΟΥ ΚΑΡΕΑ,"203, 212"
141107: 5η ΚΑΡΕΑ,"141107","141107",5η ΚΑΡΕΑ,5th KAREA,ΕΛ.ΠΑΤΡΙΩΤΩΝ,"203, 212"
141108: 6η ΚΑΡΕΑ,"141108","141108",6η ΚΑΡΕΑ,6th KAREA,ΑΝΑΠΗΡΩΝ ΠΟΛΕΜΟΥ,"203, 212"
141109: ΣΤΡΟΦΗ,"141109","141109",ΣΤΡΟΦΗ,STROFH,ΚΩΝΣΤΑΝΤΙΝΟΥΠΟΛΕΩΣ,"212"
141110: ΒΥΖΑΝΤΙΟΥ,"141110","141110",ΒΥΖΑΝΤΙΟΥ,BYZANTIOY,ΚΩΝΣΤΑΝΤΙΝΟΥΠΟΛΕΩΣ,"212"
141112: ΠΛ. ΒΙΑΝΟΥ,"141112","141112",ΠΛ. ΒΙΑΝΟΥ,PL. BIANOY,28ης ΟΚΤΩΒΡΙΟΥ,"212"
141113: ΠΛ. ΒΙΑΝΟΥ,"141113","141113",ΠΛ. ΒΙΑΝΟΥ,PL. BIANOY,ΠΛ.ΒΙΑΝΟΥ,"212"
14: ΜΑΝΔΡΑ,"14","10167",ΜΑΝΔΡΑ,MANDRA,,"817, 863, 865, 876"
150001: ΛΙΝΑΡΑ,"150001","150001",ΛΙΝΑΡΑ,LINARA,ΛΕΩΦ.ΓΑΛΑΤΣΙΟΥ,"444, 608"
150002: ΣΥΚΙΑ,"150002","150002",ΣΥΚΙΑ,SYKIA,ΛΕΩΦ.ΓΑΛΑΤΣΙΟΥ,"444, 608"
150003: ΠΑΛΑΙΟ ΤΕΡΜΑ,"150003","150003",ΠΑΛΑΙΟ ΤΕΡΜΑ,PALAIO TERMA,ΛΕΩΦ.ΟΜΟΡΦΟΚΚΛΗΣΙΑΣ,"444, 608"
150004: ΑΘ. ΔΙΑΚΟΥ,"150004","150004",ΑΘ. ΔΙΑΚΟΥ,ATH. DIAKOY,ΛΕΩΦ.ΟΜΟΡΦΟΚΚΛΗΣΙΑΣ,"444, 608"
150005: ΗΡΟΔΟΤΟΥ,"150005","150005",ΗΡΟΔΟΤΟΥ,HRODOTOY,ΛΕΩΦ.ΟΜΟΡΦΟΚΚΛΗΣΙΑΣ,"444, 608"
150007: ΕΣΠΕΡΙΔΩΝ,"150007","150007",ΕΣΠΕΡΙΔΩΝ,ESPERIDON,ΛΕΩΦ.ΟΜΟΡΦΟΚΚΛΗΣΙΑΣ,"444, 608"
150008: ΜΑΥΡΟΓΕΝΟΥΣ,"150008","150008",ΜΑΥΡΟΓΕΝΟΥΣ,MAYROGENOYS,ΛΕΩΦ.ΟΜΟΡΦΟΚΚΛΗΣΙΑΣ,"444, 608"
150009: ΠΑΛ. ΤΕΡΜΑ,"150009","150009",ΠΑΛ. ΤΕΡΜΑ,PAL. TERMA,ΛΕΩΦ.ΓΑΛΑΤΣΙΟΥ,"444, 608"
150010: ΣΥΚΙΑ,"150010","150010",ΣΥΚΙΑ,SYKIA,ΛΕΩΦ.ΓΑΛΑΤΣΙΟΥ,"444, 608"
150011: ΛΙΝΑΡΑ,"150011","150011",ΛΙΝΑΡΑ,LINARA,ΛΕΩΦ.ΓΑΛΑΤΣΙΟΥ,"444, 608"
150016: 2η ΑΓ. ΓΛΥΚΕΡΙΑΣ,"150016","150016",2η ΑΓ. ΓΛΥΚΕΡΙΑΣ,2nd AG. GLYKERIAS,ΑΓ.ΓΛΥΚΕΡΙΑΣ,"036, 622"
150017: 1η ΑΓ. ΓΛΥΚΕΡΙΑΣ,"150017","150017",1η ΑΓ. ΓΛΥΚΕΡΙΑΣ,1st AG. GLYKERIAS,ΑΓ.ΓΛΥΚΕΡΙΑΣ,"036, 622"
150018: ΣΧΟΛΕΙΑ,"150018","150018",ΣΧΟΛΕΙΑ,SXOLEIA,ΑΓ.ΓΛΥΚΕΡΙΑΣ,"036, 622"
150019: 1η ΑΓ. ΓΛΥΚΕΡΙΑΣ,"150019","150019",1η ΑΓ. ΓΛΥΚΕΡΙΑΣ,1st AG. GLYKERIAS,ΑΓ.ΓΛΥΚΕΡΙΑΣ,"036, 622"
150020: 2η ΑΓ. ΓΛΥΚΕΡΙΑΣ,"150020","150020",2η ΑΓ. ΓΛΥΚΕΡΙΑΣ,2nd AG. GLYKERIAS,ΑΓ.ΓΛΥΚΕΡΙΑΣ,"036, 622"
150022: ΑΓ. ΓΛΥΚΕΡΙΑ,"150022","150022",ΑΓ. ΓΛΥΚΕΡΙΑ,AG. GLYKERIA,ΑΓ.ΓΛΥΚΕΡΙΑΣ,"036, 622"
150023: ΦΟΥΡΝΟΣ,"150023","150023",ΦΟΥΡΝΟΣ,FOYRNOS,ΠΑΠΑΦΛΕΣΣΑ,"14 , 5, 5*"
150024: ΠΛΑΤΕΙΑ,"150024","150024",ΠΛΑΤΕΙΑ,PLATEIA,Ι.ΦΩΚΑ,"14 , 5, 5*"
150025: ΑΙΓΟΣΘΕΝΩΝ,"150025","150025",ΑΙΓΟΣΘΕΝΩΝ,AIGOSTHENON,ΝΑΡΚΙΣΣΟΥ,"14 , 5, 5*"
150026: ΧΡΙΣΤΙΑΝΟΥΠΟΛΕΩΣ,"150026","150026",ΧΡΙΣΤΙΑΝΟΥΠΟΛΕΩΣ,XRISTIANOYPOLEOS,ΝΑΡΚΙΣΣΟΥ,"14 , 5, 5*"
150029: ΦΑΡΩΝ,"150029","150029",ΦΑΡΩΝ,FARON,ΛΕΩΦ.ΟΜΟΡΦΟΚΚΛΗΣΙΑΣ,"444, 608"
150032: ΤΗΝΟΥ,"150032","150032",ΤΗΝΟΥ,THNOY,ΠΡΩΤΟΠΑΠΑΔΑΚΗ,"036, 622"
150033: ΥΔΡΑΣ,"150033","150033",ΥΔΡΑΣ,YDRAS,ΠΡΩΤΟΠΑΠΑΔΑΚΗ,"036, 622"
150034: ΑΛΣΟΣ,"150034","150034",ΑΛΣΟΣ,ALSOS,ΛΕΩΦ.ΟΜΟΡΦΟΚΚΛΗΣΙΑΣ,"608"
150035: ΥΔΡΑΣ,"150035","150035",ΥΔΡΑΣ,YDRAS,ΠΡΩΤΟΠΑΠΑΔΑΚΗ,"036, 622"
150036: ΗΠΕΙΡΟΥ,"150036","150036",ΗΠΕΙΡΟΥ,HPEIROY,ΠΑΡΝΗΘΟΣ,"622"
150038: ΧΡΙΣΤΙΑΝΟΥΠΟΛΕΩΣ,"150038","150038",ΧΡΙΣΤΙΑΝΟΥΠΟΛΕΩΣ,XRISTIANOYPOLEOS,ΛΕΩΦ.ΟΜΟΡΦΟΚΚΛΗΣΙΑΣ,"444, 608"
150039: ΑΘΛΗΤΙΚΟ ΚΕΝΤΡΟ,"150039","150039",ΑΘΛΗΤΙΚΟ ΚΕΝΤΡΟ,ATHLHTIKO KENTRO,ΛΕΩΦ.ΟΜΟΡΦΟΚΚΛΗΣΙΑΣ,"444, 608"
150048: ΑΓΟΡΑ,"150048","150048",ΑΓΟΡΑ,AGORA,ΕΛ.ΒΕΝΙΖΕΛΟΥ,"036, 622"
150052: ΙΚΑ,"150052","150052",ΙΚΑ,IKA,ΠΡΩΤΟΠΑΠΑΔΑΚΗ,"036, 622"
150079: ΕΒΡΟΥ,"150079","150079",ΕΒΡΟΥ,EBROY,ΕΒΡΟΥ,"036"
150080: ΕΒΡΟΥ,"150080","150080",ΕΒΡΟΥ,EBROY,ΕΒΡΟΥ,"036"
150081: ΟΛΥΜ/ΚΟ ΓΥΜ/ΡΙΟ ΓΑΛΑΤΣΙΟΥ,"150081","150081",ΟΛΥΜ/ΚΟ ΓΥΜ/ΡΙΟ ΓΑΛΑΤΣΙΟΥ,OLYMP GYMN. GALATSIOY,ΑΝΑΓΕΝΝΗΣΕΩΣ,"444"
150082: ΟΛΥΜ/ΚΟ ΓΥΜ/ΡΙΟ ΓΑΛΑΤΣΙΟΥ,"150082","150082",ΟΛΥΜ/ΚΟ ΓΥΜ/ΡΙΟ ΓΑΛΑΤΣΙΟΥ,OLYMP. GYMN GALATSIOY,ΑΝΑΓΕΝΝΗΣΕΩΣ,"444"
150112: ΦΟΥΡΝΟΣ,"150112","150112",ΦΟΥΡΝΟΣ,FOYRNOS,ΝΑΡΚΙΣΣΟΥ,"14 , 5, 5*"
150113: ΠΑΝΟΡΑΜΑ,"150113","11392",ΠΑΝΟΡΑΜΑ,PANORAMA,ΕΒΡΟΥ,"036"
1515: ΟΜΟΝΟΙΑ-ΡΕΞ,"1515","11395",ΟΜΟΝΟΙΑ-ΡΕΞ,OMONOIA - REX,,"15, 730, 806, 837"
15: ΟΜΟΝΟΙΑ ΖΗΝΩΝΟΣ,"15","10171",ΟΜΟΝΟΙΑ ΖΗΝΩΝΟΣ,OMONOIA ZHNONOS,ΖΗΝΩΝΟΣ,Α13
160002: ΤΡΑΠΕΖΑ,"160002","160002",ΤΡΑΠΕΖΑ,TRAPEZA,ΓΡ.ΛΑΜΠΡΑΚΗ,Α3
160003: ΑΓ. ΤΡΥΦΩΝΑΣ,"160003","160003",ΑΓ. ΤΡΥΦΩΝΑΣ,AG. TRYFONAS,ΠΡΟΥΣΣΗΣ,Β1
160004: ΕΠΙΔΑΥΡΟΥ,"160004","160004",ΕΠΙΔΑΥΡΟΥ,EPIDAYROY,ΑΝ.ΠΑΠΑΝΔΡΕΟΥ,"128"
160005: ΙΘΑΚΗΣ,"160005","160005",ΙΘΑΚΗΣ,ITHAKHS,Δ.ΓΟΥΝΑΡΗ,"154"
160006: ΚΥΡΗΝΕΙΑ,"160006","160006",ΚΥΡΗΝΕΙΑ,KYRHNEIA,ΒΑΣ.ΟΛΓΑΣ,"124"
160007: ΧΑΛΚΗΣ,"160007","160007",ΧΑΛΚΗΣ,XALKHS,ΒΑΣ.ΟΛΓΑΣ,"124"
160008: ΑΘΩΝΟΣ,"160008","160008",ΑΘΩΝΟΣ,ATHONOS,ΛΕΩΦ.ΚΩΝ.ΑΘΑΝΑΤΟΥ,"124, 164, Β1"
160009: ΜΕΤΕΩΡΩΝ,"160009","160009",ΜΕΤΕΩΡΩΝ,METEORON,ΛΕΩΦ.ΚΩΝ.ΑΘΑΝΑΤΟΥ,"124, 164, Β1"
160010: ΤΡΙΠΟΛΕΩΣ,"160010","160010",ΤΡΙΠΟΛΕΩΣ,TRIPOLEOS,Δ.ΓΟΥΝΑΡΗ,"154"
160011: ΑΓ. ΠΑΥΛΟΣ,"160011","160011",ΑΓ. ΠΑΥΛΟΣ,AG. PAYLOS,ΜΥΣΤΡΑ,"124"
160012: ΑΡΒΑΝΙΤΑΚΗ,"160012","160012",ΑΡΒΑΝΙΤΑΚΗ,ARBANITAKH,ΜΥΣΤΡΑ,"124"
160013: ΣΚΡΕΚΗ,"160013","160013",ΣΚΡΕΚΗ,SKREKH,ΜΥΣΤΡΑ,"124"
160014: ΕΥΑΓΓΕΛΙΣΤΡΙΑΣ,"160014","160014",ΕΥΑΓΓΕΛΙΣΤΡΙΑΣ,EYAGGELISTRIAS,ΑΓ.ΝΙΚΟΛΑΟΥ,"128"
160015: ΝΕΚΡΟΤΑΦΕΙΟ,"160015","160015",ΝΕΚΡΟΤΑΦΕΙΟ,NEKROTAFEIO,ΑΝ.ΠΑΠΑΝΔΡΕΟΥ,"128"
160016: ΑΙΓΑΙΟΥ,"160016","160016",ΑΙΓΑΙΟΥ,AIGAIOY,ΒΑΣ.ΟΛΓΑΣ,"124"
160017: ΠΡΟΜΗΘΕΩΣ,"160017","160017",ΠΡΟΜΗΘΕΩΣ,PROMHTHEOS,ΛΑΣΙΘΙΟΥ,"124"
160018: 2η ΝΑΞΟΥ,"160018","160018",2η ΝΑΞΟΥ,2nd NAXOY,ΝΑΞΟΥ,"124"
160019: 1η ΝΑΞΟΥ,"160019","160019",1η ΝΑΞΟΥ,1st NAXOY,ΛΑΣΙΘΙΟΥ,"124"
160020: ΘΕΡΜΟΠΥΛΩΝ,"160020","160020",ΘΕΡΜΟΠΥΛΩΝ,THERMOPYLON,ΑΡΓΥΡΟΚΑΣΤΡΟΥ,"124"
160021: ΦΟΥΡΝΟΣ,"160021","160021",ΦΟΥΡΝΟΣ,FOYRNOS,Γ.ΓΕΝΝΗΜΑΤΑ,"164"
160022: ΓΕΦΥΡΑΚΙ,"160022","160022",ΓΕΦΥΡΑΚΙ,GEFYRAKI,Γ.ΓΕΝΝΗΜΑΤΑ,"164, Β1"
160023: ΞΑΝΘΟΥ,"160023","160023",ΞΑΝΘΟΥ,XANTHOY,ΖΑΜΑΝΟΥ,"128"
160024: ΠΕΛΛΗΣ,"160024","160024",ΠΕΛΛΗΣ,PELLHS,ΑΝΔΡ.ΠΑΠΑΝΔΡΕΟΥ,"128"
160025: ΝΕΚΡΟΤΑΦΕΙΟ,"160025","160025",ΝΕΚΡΟΤΑΦΕΙΟ,NEKROTAFEIO,ΑΝΔΡ.ΠΑΠΑΝΔΡΕΟΥ,"128"
160026: ΔΕΗ,"160026","160026",ΔΕΗ,DEH,ΑΝΔΡ.ΠΑΠΑΝΔΡΕΟΥ,"128"
160028: ΕΠΑΜΕΙΝΩΝΔΑ,"160028","10565",ΕΠΑΜΕΙΝΩΝΔΑ,EPAMEINONDA,ΑΝΘΕΩΝ,"128"
160029: ΠΕΛΛΗΣ,"160029","160029",ΠΕΛΛΗΣ,PELLHS,ΑΝ.ΠΑΠΑΝΔΡΕΟΥ,"128"
160030: ΑΓΑΜΕΜΝΟΝΟΣ,"160030","160030",ΑΓΑΜΕΜΝΟΝΟΣ,AGAMEMNONOS,ΑΓΑΜΕΜΝΟΝΟΣ,"124"
160031: ΙΛΙΟΥ,"160031","160031",ΙΛΙΟΥ,ILIOY,ΙΛΙΟΥ,"124"
160032: ΣΟΦΙΑΣ ΒΕΜΠΟ,"160032","160032",ΣΟΦΙΑΣ ΒΕΜΠΟ,SOFIAS BEMPO,ΛΕΩΦ.ΒΟΥΛΙΑΓΜΕΝΗΣ,"122, 171"
160033: ΜΕΤΣΟΒΟΥ,"160033","160033",ΜΕΤΣΟΒΟΥ,METSOΒOY,ΜΕΤΣΟΒΟΥ,"124"
160034: ΑΓ. ΤΡΙΑΔΑ,"160034","160034",ΑΓ. ΤΡΙΑΔΑ,AG. TRIADA,ΑΓ.ΤΡΙΑΔΟΣ,"124"
160035: 7η ΠΥΡΝΑΡΙ,"160035","160035",7η ΠΥΡΝΑΡΙ,7th PYRNARI,ΝΑΥΠΛΙΟΥ,"124"
160036: 6η ΠΥΡΝΑΡΙ,"160036","160036",6η ΠΥΡΝΑΡΙ,6th PYRNARI,ΣΟΥΛΙΟΥ,"124"
160037: ΦΟΥΡΝΟΣ,"160037","160037",ΦΟΥΡΝΟΣ,FOYRNOS,ΛΑΣΙΘΙΟΥ,"124"
160038: ΕΠΑΜΕΙΝΩΝΔΑ,"160038","160038",ΕΠΑΜΕΙΝΩΝΔΑ,EPAMEINONDA,ΑΓ.ΤΡΙΑΔΟΣ,"124"
160039: ΟΛΓΑΣ,"160039","160039",ΟΛΓΑΣ,OLGAS,ΒΑΣ.ΟΛΓΑΣ,"124"
160042: ΜΟΥΣΩΝ,"160042","160042",ΜΟΥΣΩΝ,MOYSON,ΙΘΑΚΗΣ,"124"
160043: ΜΕΤΕΩΡΩΝ,"160043","160043",ΜΕΤΕΩΡΩΝ,METEORON,ΛΕΩΦ.ΚΩΝ.ΑΘΑΝΑΤΟΥ,"124, 164, Β1"
160044: ΑΘΩΝΟΣ,"160044","160044",ΑΘΩΝΟΣ,ATHONOS,ΛΕΩΦ.ΚΩΝ.ΑΘΑΝΑΤΟΥ,"124, 164, Β1"
160046: ΚΩΝ. ΑΘΑΝΑΤΟΥ,"160046","160046",ΚΩΝ. ΑΘΑΝΑΤΟΥ,KON. ATHANATOY,Γ.ΓΕΝΝΗΜΑΤΑ,"164"
160047: 1η ΤΕΡΨΙΘΕΑΣ,"160047","160047",1η ΤΕΡΨΙΘΕΑΣ,1st TERPSITHEAS,ΒΟΡ.ΗΠΕΙΡΟΥ,"205, Β1"
160048: 2η ΤΕΡΨΙΘΕΑΣ,"160048","160048",2η ΤΕΡΨΙΘΕΑΣ,2nd TERPSITHEAS,ΒΟΡ.ΗΠΕΙΡΟΥ,"205, Β1"
160049: 3η ΤΕΡΨΙΘΕΑΣ,"160049","160049",3η ΤΕΡΨΙΘΕΑΣ,3rd TERPSITHEAS,ΒΟΡ.ΗΠΕΙΡΟΥ,"205, Β1"
160050: 4η ΤΕΡΨΙΘΕΑΣ,"160050","160050",4η ΤΕΡΨΙΘΕΑΣ,4th TERPSITHEAS,ΛΕΥΚΩΣΙΑΣ,"205, Β1"
160051: ΚΡΙΤΩΝΟΣ,"160051","160051",ΚΡΙΤΩΝΟΣ,KRITONOS,ΛΕΩΦ.ΒΟΥΛΙΑΓΜΕΝΗΣ,"120, 171"
160052: 6η ΤΕΡΨΙΘΕΑΣ,"160052","160052",6η ΤΕΡΨΙΘΕΑΣ,6th TERPSITHEAS,ΕΛΕΥΘ.ΑΝΘΡΩΠΟΥ,"205, Β1"
160053: 7η ΤΕΡΨΙΘΕΑΣ,"160053","160053",7η ΤΕΡΨΙΘΕΑΣ,7th TERPSITHEAS,ΕΛΕΥΘ.ΑΝΘΡΩΠΟΥ,"205, Β1"
160054: 8η ΤΕΡΨΙΘΕΑΣ,"160054","160054",8η ΤΕΡΨΙΘΕΑΣ,8th TERPSITHEAS,ΕΛΕΥΘ.ΑΝΘΡΩΠΟΥ,"205, Β1"
160055: ΑΝΔ. ΠΑΠΑΝΔΡΕΟΥ,"160055","160055",ΑΝΔ. ΠΑΠΑΝΔΡΕΟΥ,AND. PAPANDREOY,ΛΕΩΦ.ΒΟΥΛΙΑΓΜΕΝΗΣ,"171, Α3"
160057: ΠΑΛΑΙΟ ΤΕΡΜΑ,"160057","160057",ΠΑΛΑΙΟ ΤΕΡΜΑ,PALAIO TERMA,ΚΩΝ.ΑΘΑΝΑΤΟΥ,"124, 128, Β1"
160058: ΤΑΧΥΔΡΟΜΕΙΟ,"160058","160058",ΤΑΧΥΔΡΟΜΕΙΟ,TAXYDROMEIO,ΚΩΝ.ΑΘΑΝΑΤΟΥ,"124, 128, 205"
160059: ΤΑΧΥΔΡΟΜΕΙΟ,"160059","160059",ΤΑΧΥΔΡΟΜΕΙΟ,TAXYDROMEIO,ΚΩΝ.ΑΘΑΝΑΤΟΥ,"124, 128, Β1"
160070: ΓΟΥΝΑΡΗ,"160070","160070",ΓΟΥΝΑΡΗ,GOYNARH,Δ.ΓΟΥΝΑΡΗ,"101, 128, 154"
160071: ΙΣΜΗΝΗΣ,"160071","160071",ΙΣΜΗΝΗΣ,ISMHNHS,ΛΕΩΦ.ΒΟΥΛΙΑΓΜΕΝΗΣ,"122, 171, 205, 790, Α3"
160072: ΡΟΔΟΠΗΣ,"160072","160072",ΡΟΔΟΠΗΣ,RODOPHS,ΛΕΩΦ.ΣΟΦΙΑΣ ΒΕΜΠΟ,Α3
160073: ΚΑΡΑΠΑΝΟΥ,"160073","160073",ΚΑΡΑΠΑΝΟΥ,KARAPANOY,ΛΕΩΦ.ΣΟΦΙΑΣ ΒΕΜΠΟ,Α3
160074: ΚΑΡΑΧΑΛΙΟΥ,"160074","160074",ΚΑΡΑΧΑΛΙΟΥ,KARAXALIOY,ΛΕΩΦ.ΣΟΦΙΑΣ ΒΕΜΠΟ,Α3
160075: ΠΑΠΑΔΟΠΟΥΛΟΥ,"160075","160075",ΠΑΠΑΔΟΠΟΥΛΟΥ,PAPADOPOYLOY,ΑΝΔΡ.ΠΑΠΑΝΔΡΕΟΥ,"128, Α3"
160077: ΟΜΗΡΟΥ,"160077","160077",ΟΜΗΡΟΥ,OMHROY,ΓΡ.ΛΑΜΠΡΑΚΗ,"120, 124, Α3"
160078: ΠΑΝΔΡΟΣΟΥ,"160078","160078",ΠΑΝΔΡΟΣΟΥ,PANDROSOY,ΓΡ.ΛΑΜΠΡΑΚΗ,"120, 124, 128, Α3"
160080: ΣΕΜΕΛΗΣ,"160080","160080",ΣΕΜΕΛΗΣ,SEMELHS,ΖΑΜΑΝΟΥ,"128"
160081: ΠΛ. ΓΛΥΦΑΔΑΣ,"160081","160081",ΠΛ. ΓΛΥΦΑΔΑΣ,PL. GLYFADAS,ΠΑΡΑΔΡΟΜΟ ΛΕΩΦ.ΠΟΣΕΙΔΩΝΟΣ,"115, 116, 117, 120, 124, 128, Χ96"
160082: ΓΟΡΤΥΝΙΑΣ,"160082","160082",ΓΟΡΤΥΝΙΑΣ,GORTYNIAS,Δ.ΓΟΥΝΑΡΗ,"154"
160094: ΙΘΑΚΗΣ,"160094","160094",ΙΘΑΚΗΣ,ITHAKHS,Δ.ΓΟΥΝΑΡΗ,"154"
160095: ΑΓΗΣΙΛΑΟΥ,"160095","160095",ΑΓΗΣΙΛΑΟΥ,AGHSILAOY,Δ.ΓΟΥΝΑΡΗ,"154"
160096: ΒΕΝΕΖΟΥΕΛΑΣ,"160096","160096",ΒΕΝΕΖΟΥΕΛΑΣ,BENEZOYELAS,Δ.ΓΟΥΝΑΡΗ,"154"
160097: ΔΗΜΟΚΡΑΤΙΑΣ,"160097","160097",ΔΗΜΟΚΡΑΤΙΑΣ,DHMOKRATIAS,ΡΟΔΟΠΗΣ,"205"
160098: ΗΟΥΣ,"160098","160098",ΗΟΥΣ,HOYS,ΚΥΠΡΟΥ,Α3
160099: ΩΔΕΙΟ,"160099","160099",ΩΔΕΙΟ,ODEIO,ΚΥΠΡΟΥ,Α3
160101: ΜΥΚΗΝΩΝ,"160101","160101",ΜΥΚΗΝΩΝ,MYKHNON,Δ.ΓΟΥΝΑΡΗ,"128, 154"
160102: ΕΛΕΥΘΕΡΙΑΣ,"160102","160102",ΕΛΕΥΘΕΡΙΑΣ,ELEYTHERIAS,ΖΑΜΑΝΟΥ,"128"
160103: 1η ΠΡΙΓΚ. ΠΕΤΡΟΥ,"160103","160103",1η ΠΡΙΓΚ. ΠΕΤΡΟΥ,1st PRIGK. PETROY,ΠΡΙΓΚ.ΠΕΤΡΟΥ,"128"
160104: ΦΟΙΒΗΣ,"160104","160104",ΦΟΙΒΗΣ,FOIBHS,ΖΑΜΑΝΟΥ,"128"
160105: ΘΕΜΙΣΤΟΚΛΕΟΥΣ,"160105","160105",ΘΕΜΙΣΤΟΚΛΕΟΥΣ,THEMISTOKLEOYS,ΘΕΜΙΣΤΟΚΛΕΟΥΣ,"128"
160106: ΑΡΤΗΣ,"160106","160106",ΑΡΤΗΣ,ARTHS,Δ.ΓΟΥΝΑΡΗ,"128, 154"
160107: ΧΡ. ΝΕΖΕΡ,"160107","160107",ΧΡ. ΝΕΖΕΡ,XR. NEZER,ΖΑΜΑΝΟΥ,"128"
160114: ΣΕΡΡΩΝ,"160114","160114",ΣΕΡΡΩΝ,SERRON,Δ.ΓΟΥΝΑΡΗ,"128, 154"
160115: ΣΠΕΤΣΩΝ,"160115","160115",ΣΠΕΤΣΩΝ,SPETSON,ΑΓ.ΝΙΚΟΛΑΟΥ,"128"
160116: ΕΥΑΓΓΕΛΙΣΤΡΙΑΣ,"160116","160116",ΕΥΑΓΓΕΛΙΣΤΡΙΑΣ,EYAGGELISTRIAS,ΑΓ.ΝΙΚΟΛΑΟΥ,"128"
160117: ΑΝΘΕΩΝ,"160117","160117",ΑΝΘΕΩΝ,ANTHEON,ΛΕΩΦ.ΒΟΥΛΙΑΓΜΕΝΗΣ,"171, Α3, Χ97"
160118: ΑΝΘΕΩΝ,"160118","160118",ΑΝΘΕΩΝ,ANTHEON,ΛΕΩΦ.ΒΟΥΛΙΑΓΜΕΝΗΣ,"128, 171, Α3, Χ97"
160119: ΓΥΜΝΑΣΙΟ,"160119","160119",ΓΥΜΝΑΣΙΟ,GYMNASIO,Δ.ΓΟΥΝΑΡΗ,"128, 154"
160120: ΚΑΡΑΧΑΛΙΟΥ,"160120","160120",ΚΑΡΑΧΑΛΙΟΥ,KARAXALIOY,ΛΕΩΦ.ΣΟΦΙΑΣ ΒΕΜΠΟ,Α3
160121: ΚΑΡΑΠΑΝΟΥ,"160121","160121",ΚΑΡΑΠΑΝΟΥ,KARAPANOY,ΛΕΩΦ.ΣΟΦΙΑΣ ΒΕΜΠΟ,Α3
160122: ΡΟΔΟΠΗΣ,"160122","160122",ΡΟΔΟΠΗΣ,RODOPHS,ΛΕΩΦ.ΣΟΦΙΑΣ ΒΕΜΠΟ,Α3
160123: ΙΣΜΗΝΗΣ,"160123","160123",ΙΣΜΗΝΗΣ,ISMHNHS,ΛΕΩΦ.ΒΟΥΛΙΑΓΜΕΝΗΣ,"122, 171, 790, Α3"
160124: 2η ΣΑΚΗ ΚΑΡΑΓΙΩΡΓΑ,"160124","160124",2η ΣΑΚΗ ΚΑΡΑΓΙΩΡΓΑ,2nd SAKH KARAGIORGA,ΣΑΚΗ ΚΑΡΑΓΙΩΡΓΑ,"122, 205, 790"
160125: 3η ΣΑΚΗ ΚΑΡΑΓΙΩΡΓΑ,"160125","160125",3η ΣΑΚΗ ΚΑΡΑΓΙΩΡΓΑ,3rd SAKH KARAGIORGA,ΣΑΚΗ ΚΑΡΑΓΙΩΡΓΑ,"122, 205, 790"
160126: 4η ΣΑΚΗ ΚΑΡΑΓΙΩΡΓΑ,"160126","160126",4η ΣΑΚΗ ΚΑΡΑΓΙΩΡΓΑ,4th SAKH KARAGIORGA,ΣΑΚΗ ΚΑΡΑΓΙΩΡΓΑ,"122, 205, 790"
160127: 5η ΣΑΚΗ ΚΑΡΑΓΙΩΡΓΑ,"160127","160127",5η ΣΑΚΗ ΚΑΡΑΓΙΩΡΓΑ,5th SAKH KARAGIORGA,ΣΑΚΗ ΚΑΡΑΓΙΩΡΓΑ,"122, 205, 790"
160128: 6η ΣΑΚΗ ΚΑΡΑΓΙΩΡΓΑ,"160128","160128",6η ΣΑΚΗ ΚΑΡΑΓΙΩΡΓΑ,6th SAKH KARAGIORGA,ΣΑΚΗ ΚΑΡΑΓΙΩΡΓΑ,"122, 205, 790"
160129: ΑΓ. ΚΩΝΣΤΑΝΤΙΝΟΣ,"160129","160129",ΑΓ. ΚΩΝΣΤΑΝΤΙΝΟΣ,AG. KONSTANTINOS,ΣΑΚΗ ΚΑΡΑΓΙΩΡΓΑ,"122, 205, 790, Α3"
160130: ΙΛΙΟΥ,"160130","160130",ΙΛΙΟΥ,ILIOY,Δ.ΓΟΥΝΑΡΗ,"128, 154"
160131: ΜΥΚΗΝΩΝ,"160131","160131",ΜΥΚΗΝΩΝ,MYKHNON,Δ.ΓΟΥΝΑΡΗ,"128, 154"
160132: ΒΕΝΕΖΟΥΕΛΑΣ,"160132","160132",ΒΕΝΕΖΟΥΕΛΑΣ,BENEZOYELAS,Δ.ΓΟΥΝΑΡΗ,"154"
160133: ΑΓΗΣΙΛΑΟΥ,"160133","160133",ΑΓΗΣΙΛΑΟΥ,AGHSILAOY,Δ.ΓΟΥΝΑΡΗ,"154"
160134: ΑΓ. ΤΡΥΦΩΝ,"160134","160134",ΑΓ. ΤΡΥΦΩΝ,AG. TRYFON,ΚΩΝ.ΑΘΑΝΑΤΟΥ,"124, 128, 205"
160135: ΚΥΠΡΟΥ,"160135","160135",ΚΥΠΡΟΥ,KYPROY,Ν.ΖΕΡΒΑ,"120, 122, 124, 128, 205, 790"
160136: ΓΥΜΝΑΣΙΟ,"160136","160136",ΓΥΜΝΑΣΙΟ,GYMNASIO,Ν.ΖΕΡΒΑ,"120, 122, 124, 128, 205, 790"
160137: ΔΑΣΚΑΡΟΛΗ,"160137","160137",ΔΑΣΚΑΡΟΛΗ,DASKAROLH,ΖΕΠΠΟΥ,"122, 205, 790"
160138: ΡΙΟ,"160138","160138",ΡΙΟ,RIO,ΖΕΠΠΟΥ,"122, 205, 790"
160141: ΜΙΑΟΥΛΗ,"160141","160141",ΜΙΑΟΥΛΗ,MIAOYLH,ΛΕΩΦ.ΒΟΥΛΙΑΓΜΕΝΗΣ,"122, 171, 790"
160142: ΤΡΟΧΑΙΑ,"160142","160142",ΤΡΟΧΑΙΑ,TROXAIA,ΛΕΩΦ.ΒΟΥΛΙΑΓΜΕΝΗΣ,"122, 171, 790, Χ97"
160143: ΚΑΡΑΓΙΩΡΓΑ,"160143","160143",ΚΑΡΑΓΙΩΡΓΑ,KARAGIORGA,ΛΕΩΦ.ΒΟΥΛΙΑΓΜΕΝΗΣ,"122, 171, 790"
160144: ΠΑΝΔΡΟΣΟΥ,"160144","160144",ΠΑΝΔΡΟΣΟΥ,PANDROSOY,ΓΡ.ΛΑΜΠΡΑΚΗ,"120, 124, Α3"
160148: ΑΧΙΛΛΕΩΣ,"160148","160148",ΑΧΙΛΛΕΩΣ,AXILLEOS,ΛΕΩΦ.ΒΟΥΛΙΑΓΜΕΝΗΣ,"171"
160149: 2η ΜΕΤΣΟΒΟΥ,"160149","160149",2η ΜΕΤΣΟΒΟΥ,2nd METSOBOY,ΜΕΤΣΟΒΟΥ,"124"
160150: ΙΛΙΟΥ,"160150","160150",ΙΛΙΟΥ,ILIOY,Δ.ΓΟΥΝΑΡΗ,"128, 154"
160151: ΓΥΜΝΑΣΙΟ,"160151","160151",ΓΥΜΝΑΣΙΟ,GYMNASIO,Δ.ΓΟΥΝΑΡΗ,"128, 154"
160152: ΠΟΣΕΙΔΩΝΟΣ,"160152","160152",ΠΟΣΕΙΔΩΝΟΣ,POSEIDONOS,Δ.ΓΟΥΝΑΡΗ,"128, 154"
160153: ΣΟΛΩΜΟΥ,"160153","160153",ΣΟΛΩΜΟΥ,SOLOMOY,Δ.ΓΟΥΝΑΡΗ,"128, 154"
160154: ΙΛΙΟΥ,"160154","160154",ΙΛΙΟΥ,ILIOY,ΛΕΩΦ.ΒΟΥΛΙΑΓΜΕΝΗΣ,"171"
160155: ΑΧΙΛΛΕΩΣ,"160155","160155",ΑΧΙΛΛΕΩΣ,AXILLEOS,ΛΕΩΦ.ΒΟΥΛΙΑΓΜΕΝΗΣ,"122, 171, 790"
160156: ΤΡΟΧΑΙΑ,"160156","160156",ΤΡΟΧΑΙΑ,TROXAIA,ΛΕΩΦ.ΒΟΥΛΙΑΓΜΕΝΗΣ,"122, 171, 790, Χ97"
160157: 2η ΠΡΙΓΚ. ΠΕΤΡΟΥ,"160157","160157",2η ΠΡΙΓΚ. ΠΕΤΡΟΥ,2nd PRIGK. PETROY,ΠΡΙΓΚ.ΠΕΤΡΟΥ,"128"
160159: ΔΙΚΗΓΟΡΙΚΑ,"160159","160159",ΔΙΚΗΓΟΡΙΚΑ,DIKHGORIKA,ΛΕΩΦ.ΠΟΣΕΙΔΩΝΟΣ,"140, Α1, Α2, Χ96"
160160: 2η ΓΛΥΦΑΔΑΣ,"160160","160160",2η ΓΛΥΦΑΔΑΣ,2nd GLYFADAS,ΛΕΩΦ.ΠΟΣΕΙΔΩΝΟΣ,"Α1, Α2, Χ96"
160161: 3η ΓΛΥΦΑΔΑΣ,"160161","160161",3η ΓΛΥΦΑΔΑΣ,3rd GLYFADAS,ΛΕΩΦ.ΠΟΣΕΙΔΩΝΟΣ,"Α1, Α2, Χ96"
160163: 5η ΓΛΥΦΑΔΑΣ,"160163","160163",5η ΓΛΥΦΑΔΑΣ,5th GLYFADAS,ΛΕΩΦ.ΠΟΣΕΙΔΩΝΟΣ,"Α1, Α2, Χ96"
160165: ΠΛ.ΓΛΥΦΑΔΑΣ,"160165","160165",ΠΛ.ΓΛΥΦΑΔΑΣ,PL. GLYFADAS,ΛΕΩΦ.ΠΟΣΕΙΔΩΝΟΣ,"115, 116, 117, 122, Α1, Α2, Α3, Χ96"
160166: ΑΝΤΩΝΟΠΟΥΛΟΥ,"160166","160166",ΑΝΤΩΝΟΠΟΥΛΟΥ,ANTONOPOYLOY,ΛΕΩΦ.ΠΟΣΕΙΔΩΝΟΣ,"115, 116, 117, 122, Α1, Α2, Χ96"
160168: ΑΣΤΕΡΙΑ,"160168","160168",ΑΣΤΕΡΙΑ,ASTERIA,ΛΕΩΦ.ΠΟΣΕΙΔΩΝΟΣ,"115, 116, 117, 122, Α1, Α2, Χ96"
160169: ΑΣΤΕΡΙΑ,"160169","160169",ΑΣΤΕΡΙΑ,ASTERIA,ΛΕΩΦ.ΠΟΣΕΙΔΩΝΟΣ,"115, 116, 117, 122, Α1, Α2, Χ96"
160170: ΑΓ. ΝΙΚΟΛΑΟΣ,"160170","160170",ΑΓ. ΝΙΚΟΛΑΟΣ,AG. NIKOLAOS,ΛΕΩΦ.ΠΟΣΕΙΔΩΝΟΣ,"115, 116, 117, 122, Α1, Α2"
160171: ΑΝΤΩΝΟΠΟΥΛΟΥ,"160171","160171",ΑΝΤΩΝΟΠΟΥΛΟΥ,ANTONOPOYLOY,ΛΕΩΦ.ΠΟΣΕΙΔΩΝΟΣ,"115, 116, 117, 120, 122, 124, 128, Α1, Α2, Χ96"
160174: 5η ΓΛΥΦΑΔΑΣ,"160174","160174",5η ΓΛΥΦΑΔΑΣ,5th GLYFADAS,ΛΕΩΦ.ΠΟΣΕΙΔΩΝΟΣ,"115, 140, Α1, Α2, Α3, Χ96"
160175: 4η ΓΛΥΦΑΔΑΣ,"160175","160175",4η ΓΛΥΦΑΔΑΣ,4th GLYFADAS,ΛΕΩΦ.ΠΟΣΕΙΔΩΝΟΣ,"115, 140, Α1, Α2, Α3, Χ96"
160176: 3η ΓΛΥΦΑΔΑΣ,"160176","160176",3η ΓΛΥΦΑΔΑΣ,3rd GLYFADAS,ΛΕΩΦ.ΠΟΣΕΙΔΩΝΟΣ,"115, 140, Α1, Α2, Α3, Χ96"
160177: 2η ΓΛΥΦΑΔΑΣ,"160177","160177",2η ΓΛΥΦΑΔΑΣ,2nd GLYFADAS,ΛΕΩΦ.ΠΟΣΕΙΔΩΝΟΣ,"115, 140, Α1, Α2, Χ96"
160178: ΔΙΚΗΓΟΡΙΚΑ,"160178","160178",ΔΙΚΗΓΟΡΙΚΑ,DIKHGORIKA,ΛΕΩΦ.ΠΟΣΕΙΔΩΝΟΣ,"115, 140, Α1, Α2, Χ96"
160179: ΠΑΠΑΔΟΠΟΥΛΟΥ,"160179","160179",ΠΑΠΑΔΟΠΟΥΛΟΥ,PAPADOPOYLOY,ΑΝΔΡ.ΠΑΠΑΝΔΡΕΟΥ,"128, Α3"
160180: ΟΜΗΡΟΥ,"160180","160180",ΟΜΗΡΟΥ,OMHROY,ΓΡ.ΛΑΜΠΡΑΚΗ,"120, 124, Α3"
160182: 7η ΠΥΡΝΑΡΙ,"160182","160182",7η ΠΥΡΝΑΡΙ,7th PYRNARI,ΝΑΥΠΛΙΟΥ,"124"
160184: 1η ΝΑΞΟΥ,"160184","160184",1η ΝΑΞΟΥ,1st NAXOY,ΝΑΞΟΥ,"124"
160185: 2η ΝΑΞΟΥ,"160185","160185",2η ΝΑΞΟΥ,2nd NAXOY,ΝΑΞΟΥ,"124"
160190: 3η ΝΑΞΟΥ,"160190","160190",3η ΝΑΞΟΥ,3rd NAXOY,ΝΑΞΟΥ,"124"
160200: ΔΙΑΣΤΑΥΡΩΣΗ,"160200","160200",ΔΙΑΣΤΑΥΡΩΣΗ,DIASTAYROSH,Δ.ΓΟΥΝΑΡΗ,"128, 154"
160204: Π. ΔΕΞΑΜΕΝΗ,"160204","160204",Π. ΔΕΞΑΜΕΝΗ,P. DEXAMENH,ΛΕΩΦ.ΚΩΝ.ΑΘΑΝΑΤΟΥ,"124, 164, Β1"
160205: ΑΓ. ΝΕΚΤΑΡΙΟΣ,"160205","160205",ΑΓ. ΝΕΚΤΑΡΙΟΣ,AG. NEKTARIOS,ΑΓ.ΝΕΚΤΑΡΙΟΥ,"124, 164, Β1"
160206: ΣΤΡΟΦΗ,"160206","160206",ΣΤΡΟΦΗ,STROFH,Γ.ΓΕΝΝΗΜΑΤΑ,"124, 164, Β1"
160207: ΧΟΝΔΡΟΔΟΥΚΑ,"160207","160207",ΧΟΝΔΡΟΔΟΥΚΑ,XONDRODOYKA,Γ.ΓΕΝΝΗΜΑΤΑ,"124, 164, Β1"
160208: ΗΒΗΣ,"160208","160208",ΗΒΗΣ,HBHS,ΛΕΩΦ.ΚΩΝ.ΑΘΑΝΑΤΟΥ,"124, 164, Β1"
160209: ΑΓ. ΝΕΚΤΑΡΙΟΣ,"160209","160209",ΑΓ. ΝΕΚΤΑΡΙΟΣ,AG. NEKTARIOS,ΑΓ.ΝΕΚΤΑΡΙΟΥ,"124, 164, Β1"
160210: ΑΓ. ΚΩΝΣΤΑΝΤΙΝΟΣ,"160210","160210",ΑΓ. ΚΩΝΣΤΑΝΤΙΝΟΣ,AG. KONSTANTINOS,ΑΛ.ΠΑΝΑΓΟΥΛΗ,"115, 116, 117, 120, 124, 128, 140, 205, Α3"
160211: ΔΙΑΔΟΧΟΥ ΠΑΥΛΟΥ,"160211","160211",ΔΙΑΔΟΧΟΥ ΠΑΥΛΟΥ,DIADOXOY PAYLOY,ΔΙΑΔΟΧΟΥ ΠΑΥΛΟΥ,"120, 124, 128, 205"
160216: ΤΡΟΧΑΙΑ,"160216","160216",ΤΡΟΧΑΙΑ,TROXAIA,ΠΑΡΑΔΡ.ΛΕΩΦ.ΒΟΥΛΙΑΓΜΕΝΗΣ,"205"
160217: ΡΟΔΟΠΗΣ,"160217","160217",ΡΟΔΟΠΗΣ,RODOPHS,ΡΟΔΟΠΗΣ,"205"
160218: ΧΑΡ. ΤΡΙΚΟΥΠΗ,"160218","160218",ΧΑΡ. ΤΡΙΚΟΥΠΗ,XAR. TRIKOYPH,ΧΑΡ.ΤΡΙΚΟΥΠΗ,"205"
160219: ΙΣΜΗΝΗΣ,"160219","160219",ΙΣΜΗΝΗΣ,ISMHNHS,ΕΛ.ΒΕΝΙΖΕΛΟΥ,"205"
160220: ΡΟΔΟΠΗΣ,"160220","160220",ΡΟΔΟΠΗΣ,RODOPHS,ΠΑΡΑΔΡ.ΛΕΩΦ.ΒΟΥΛΙΑΓΜΕΝΗΣ,"205"
160224: ΚΑΡΑΓΙΩΡΓΑ,"160224","160224",ΚΑΡΑΓΙΩΡΓΑ,KARAGIORGA,ΠΑΡΑΔΡ.ΛΕΩΦ.ΒΟΥΛΙΑΓΜΕΝΗΣ,"205"
160229: ΠΕΡΓΑΜΟΥ,"160229","160229",ΠΕΡΓΑΜΟΥ,PERGAMOY,ΡΟΔΟΠΗΣ,"205"
160230: ΝΑΥΣΙΚΑ,"160230","160230",ΝΑΥΣΙΚΑ,NAYSIKA,ΑΛ.ΠΑΝΑΓΟΥΛΗ,"205, Α3"
160231: ΕΦΟΡΙΑ,"160231","160231",ΕΦΟΡΙΑ,EFORIA,ΓΡ.ΛΑΜΠΡΑΚΗ,"120, 124, 128"
160234: 3η ΠΡΙΓΚ. ΠΕΤΡΟΥ,"160234","160234",3η ΠΡΙΓΚ. ΠΕΤΡΟΥ,3rd PRIGK. PETROY,ΠΡΙΓΚ.ΠΕΤΡΟΥ,"128"
160236: ΑΡΤΕΜΙΔΟΣ,"160236","160236",ΑΡΤΕΜΙΔΟΣ,ARTEMIDOS,ΛΕΩΦ.ΒΟΥΛΙΑΓΜΕΝΗΣ,"120, 171"
160237: ΑΡΤΕΜΙΔΟΣ,"160237","160237",ΑΡΤΕΜΙΔΟΣ,ARTEMIDOS,ΛΕΩΦ.ΒΟΥΛΙΑΓΜΕΝΗΣ,"120, 171"
160242: ΣΧΟΛΕΙΟ,"160242","160242",ΣΧΟΛΕΙΟ,SXOLEIO,ΑΓ.ΝΕΚΤΑΡΙΟΥ,"124, 164, Β1"
160243: ΣΧΟΛΕΙΟ,"160243","160243",ΣΧΟΛΕΙΟ,SXOLEIO,ΑΓ.ΝΕΚΤΑΡΙΟΥ,"124, 164, Β1"
160259: 2η ΓΟΥΝΑΡΗ,"160259","160259",2η ΓΟΥΝΑΡΗ,2nd GOYNARH,Δ.ΓΟΥΝΑΡΗ,"128, 154"
160260: 1η ΓΟΥΝΑΡΗ,"160260","160260",1η ΓΟΥΝΑΡΗ,1st GOYNARH,Δ.ΓΟΥΝΑΡΗ,"128, 154"
160277: 2η ΡΗΓΑ ΦΕΡΑΙΟΥ,"160277","160277",2η ΡΗΓΑ ΦΕΡΑΙΟΥ,2nd RHGA FERAIOY,ΡΗΓΑ ΦΕΡΑΙΟΥ,"128"
160282: ΠΡΟΥΣΣΗΣ,"160282","160282",ΠΡΟΥΣΣΗΣ,PROYSSHS,ΛΕΩΦ.ΚΩΝ.ΑΘΑΝΑΤΟΥ,"124, 164, Β1"
160283: ΗΛΕΙΑΣ,"160283","160283",ΗΛΕΙΑΣ,HLEIAS,ΕΛ.ΒΕΝΙΖΕΛΟΥ,"205"
160284: ΡΕΘΥΜΝΟΥ,"160284","160284",ΡΕΘΥΜΝΟΥ,RETHYMNOY,ΡΟΔΟΠΗΣ,"205"
160285: ΕΜΜ. ΔΗΜΕΛΑ,"160285","160285",ΕΜΜ. ΔΗΜΕΛΑ,EMM. DHMELA,ΑΝΘΕΩΝ,"124, 128"
160287: ΑΓ. ΝΙΚΟΛΑΟΣ,"160287","160287",ΑΓ. ΝΙΚΟΛΑΟΣ,AG. NIKOLAOS,ΑΓ.ΝΙΚΟΛΑΟΥ,"120, 124, 128"
160291: ΠΛ. ΓΛΥΦΑΔΑΣ,"160291","160291",ΠΛ. ΓΛΥΦΑΔΑΣ,PL. GLYFADAS,ΠΑΡΑΔΡΟΜΟ ΛΕΩΦ.ΠΟΣΕΙΔΩΝΟΣ,"115, 122, 140, Α1, Α2, Α3"
160293: ΘΡΑΚΗΣ,"160293","160293",ΘΡΑΚΗΣ,THRAKHS,ΘΡΑΚΗΣ,"101"
160295: ΘΡΑΚΗΣ,"160295","160295",ΘΡΑΚΗΣ,THRAKHS,ΘΡΑΚΗΣ,"101"
160296: ΠΛΑΠΟΥΤΑ,"160296","160296",ΠΛΑΠΟΥΤΑ,PLAPOYTA,ΠΛΑΠΟΥΤΑ,"101"
160297: ΜΙΑΟΥΛΗ,"160297","160297",ΜΙΑΟΥΛΗ,MIAOYLH,ΠΑΡΑΔΡ.ΛΕΩΦ.ΒΟΥΛΙΑΓΜΕΝΗΣ,"205"
160300: ΔΟΥΣΗ,"160300","160300",ΔΟΥΣΗ,DOYSH,ΜΥΣΤΡΑ,"124"
160301: ΚΑΡΑΧΑΛΙΟΥ,"160301","160301",ΚΑΡΑΧΑΛΙΟΥ,KARAXALIOY,ΜΥΣΤΡΑ,"124"
160302: ΑΡΙΣΤΟΤΕΛΟΥΣ,"160302","160302",ΑΡΙΣΤΟΤΕΛΟΥΣ,ARISTOTELOYS,ΒΑΣ.ΟΛΓΑΣ,"124"
160305: ΑΙΔΙΝΙΟΥ,"160305","160305",ΑΙΔΙΝΙΟΥ,AIDINIOY,ΕΛ.ΒΕΝΙΖΕΛΟΥ,"205"
160306: ΔΑΡΔΑΝΕΛΛΙΩΝ,"160306","160306",ΔΑΡΔΑΝΕΛΛΙΩΝ,DARDANELLION,ΕΛΕΥΘ.ΑΝΘΡΩΠΟΥ,"128, Β1"
160307: ΜΕΤΕΩΡΩΝ,"160307","160307",ΜΕΤΕΩΡΩΝ,METEORON,ΕΛΕΥΘ.ΑΝΘΡΩΠΟΥ,"128, Β1"
160308: ΨΗΛΟΡΕΙΤΗΣ,"160308","160308",ΨΗΛΟΡΕΙΤΗΣ,PSHLOREITHS,ΕΛΕΥΘ.ΑΝΘΡΩΠΟΥ,"128, Β1"
160309: ΗΒΗΣ,"160309","160309",ΗΒΗΣ,HBHS,ΗΒΗΣ,"128, Β1"
160310: ΛΕΥΚΩΣΙΑΣ,"160310","160310",ΛΕΥΚΩΣΙΑΣ,LEYKOSIAS,ΛΕΥΚΩΣΙΑΣ,"128, Β1"
160311: 1η ΜΙΚΡΑΣ ΑΣΙΑΣ,"160311","160311",1η ΜΙΚΡΑΣ ΑΣΙΑΣ,1st MIKRAS ASIAS,ΜΙΚΡΑΣ ΑΣΙΑΣ,"128, Β1"
160312: 2η ΜΙΚΡΑΣ ΑΣΙΑΣ,"160312","160312",2η ΜΙΚΡΑΣ ΑΣΙΑΣ,2nd MIKRAS ASIAS,ΜΙΚΡΑΣ ΑΣΙΑΣ,"128, Β1"
160313: 3η ΜΙΚΡΑΣ ΑΣΙΑΣ,"160313","160313",3η ΜΙΚΡΑΣ ΑΣΙΑΣ,3rd MIKRAS ASIAS,ΜΙΚΡΑΣ ΑΣΙΑΣ,"128, Β1"
160314: ΣΜΥΡΝΗΣ,"160314","160314",ΣΜΥΡΝΗΣ,SMYRNHS,Γ.ΓΕΝΝΗΜΑΤΑ,"128, 164"
160315: ΣΩΚΡΑΤΟΥΣ,"160315","160315",ΣΩΚΡΑΤΟΥΣ,SOKRATOYS,ΕΜΜ.ΔΗΜΕΛΑ,"128"
160318: ΓΕΦΥΡΑΚΙ,"160318","160318",ΓΕΦΥΡΑΚΙ,GEFYRAKI,Γ.ΓΕΝΝΗΜΑΤΑ,"164"
160319: ΚΩΝ. ΑΘΑΝΑΤΟΥ,"160319","160319",ΚΩΝ. ΑΘΑΝΑΤΟΥ,KON. ATHANATOY,Γ.ΓΕΝΝΗΜΑΤΑ,"128, 164"
160320: ΜΥΚΑΛΗΣ,"160320","160320",ΜΥΚΑΛΗΣ,MYKALHS,ΜΥΚΑΛΗΣ,"205, Β1"
160321: ΤΑΤΑΚΗ,"160321","160321",ΤΑΤΑΚΗ,TATAKH,ΓΡ.ΛΑΜΠΡΑΚΗ,Α3
160322: ΑΧΙΛΛΕΩΣ,"160322","160322",ΑΧΙΛΛΕΩΣ,AXILLEOS,ΠΑΡΑΔΡ.ΛΕΩΦ.ΒΟΥΛΙΑΓΜΕΝΗΣ,"205"
160323: ΠΕΛΛΗΣ,"160323","160323",ΠΕΛΛΗΣ,PELLHS,Δ.ΓΟΥΝΑΡΗ,"154"
160324: ΣΠΕΤΣΩΝ,"160324","160324",ΣΠΕΤΣΩΝ,SPETSON,ΛΕΩΦ.ΒΟΥΛΙΑΓΜΕΝΗΣ,"120, 171"
160325: ΣΑΚΗ ΚΑΡΑΓΙΩΡΓΑ,"160325","160325",ΣΑΚΗ ΚΑΡΑΓΙΩΡΓΑ,SAKH KARAGIORGA,ΠΑΡΑΔΡ.ΛΕΩΦ.ΒΟΥΛΙΑΓΜΕΝΗΣ,"205"
160326: ΤΡΟΧΑΙΑ,"160326","160326",ΤΡΟΧΑΙΑ,TROXAIA,ΠΑΡΑΔΡ.ΛΕΩΦ.ΒΟΥΛΙΑΓΜΕΝΗΣ,"205"
160327: Γ. ΓΕΝΝΗΜΑΤΑ,"160327","160327",Γ. ΓΕΝΝΗΜΑΤΑ,G. GENNHMATA,ΙΘΑΚΗΣ,"124"
160328: ΥΜΗΤΤΟΥ,"160328","160328",ΥΜΗΤΤΟΥ,YMHTTOY,ΕΜΜ.ΔΗΜΕΛΑ,"124"
160329: ΚΡΙΜΑΙΑΣ,"160329","160329",ΚΡΙΜΑΙΑΣ,KRIMAIAS,ΚΡΙΜΑΙΑΣ,"205, Β1"
160330: ΠΛ. ΓΛΥΦΑΔΑΣ,"160330","160330",ΠΛ. ΓΛΥΦΑΔΑΣ,PL. GLYFADAS,ΝΑΠ.ΖΕΡΒΑ,"120, 124, 128, 205"
160331: ΔΕΡΒΕΝΑΚΙΩΝ,"160331","160331",ΔΕΡΒΕΝΑΚΙΩΝ,DERBENAKION,ΔΕΡΒΕΝΑΚΙΩΝ,"154"
160334: ΣΟΦΟΚΛΕΟΥΣ,"160334","160334",ΣΟΦΟΚΛΕΟΥΣ,SOFOKLEOYS,ΕΜΜ.ΔΗΜΕΛΑ,"128"
160335: 3η ΓΟΥΝΑΡΗ,"160335","160335",3η ΓΟΥΝΑΡΗ,3rd GOYNARH,Δ.ΓΟΥΝΑΡΗ,"128, 154"
160336: ΦΟΙΒΗΣ,"160336","160336",ΦΟΙΒΗΣ,FOIBHS,ΖΑΜΑΝΟΥ,"128"
160337: ΚΑΡΠΑΘΟΥ,"160337","160337",ΚΑΡΠΑΘΟΥ,KARPATHOY,Δ.ΓΟΥΝΑΡΗ,"154"
160338: ΠΟΡΟΥ,"160338","160338",ΠΟΡΟΥ,POROY,Δ.ΓΟΥΝΑΡΗ,"154"
160339: ΚΑΛΑΒΡΥΤΩΝ,"160339","160339",ΚΑΛΑΒΡΥΤΩΝ,KALABRYTON,ΓΟΥΝΑΡΗ,"128, 154"
160346: 6η ΓΛΥΦΑΔΑΣ,"160346","160346",6η ΓΛΥΦΑΔΑΣ,6th GLYFADAS,ΛΕΩΦ.ΠΟΣΕΙΔΩΝΟΣ,Χ96
160347: ΠΛ. ΦΛΕΜΙΝΓΚ,"160347","160347",ΠΛ. ΦΛΕΜΙΝΓΚ,PL. FLEMING,ΠΛ.ΦΛΕΜΙΝΓΚ,"140"
160348: ΑΛ. ΠΑΝΑΓΟΥΛΗ,"160348","160348",ΑΛ. ΠΑΝΑΓΟΥΛΗ,AL. PANAGOYLH,ΑΛ.ΠΑΝΑΓΟΥΛΗ,"140"
160349: ΝΑΥΣΙΚΑ,"160349","160349",ΝΑΥΣΙΚΑ,NAYSIKA,ΑΛ.ΠΑΝΑΓΟΥΛΗ,"115, 116, 117, 120, 124, 128, 140, 205, Α3"
160351: ΑΡΙΣΤΙΠΠΟΥ,"160351","160351",ΑΡΙΣΤΙΠΠΟΥ,ARISTIPPOY,ΛΕΩΦ.ΒΟΥΛΙΑΓΜΕΝΗΣ,"128, 171, Α3"
160355: ΣΩΚΡΑΤΟΥΣ,"160355","160355",ΣΩΚΡΑΤΟΥΣ,SOKRATOYS,ΛΕΩΦ.ΒΟΥΛΙΑΓΜΕΝΗΣ,"120, 171"
160356: ΣΩΚΡΑΤΟΥΣ,"160356","160356",ΣΩΚΡΑΤΟΥΣ,SOKRATOYS,ΛΕΩΦ.ΒΟΥΛΙΑΓΜΕΝΗΣ,"120, 171"
160360: ΚΑΡΑΓΙΩΡΓΑ,"160360","160360",ΚΑΡΑΓΙΩΡΓΑ,KARAGIORGA,ΛΕΩΦ.ΒΟΥΛΙΑΓΜΕΝΗΣ,"122, 171"
160361: ΓΡ. ΛΑΜΠΡΑΚΗ,"160361","160361",ΓΡ. ΛΑΜΠΡΑΚΗ,GR. LAMPRAKH,ΛΕΩΦ.ΒΟΥΛΙΑΓΜΕΝΗΣ,"120, 171"
160363: ΠΡΙΓΚΙΠΟΝΝΗΣΩΝ,"160363","160363",ΠΡΙΓΚΙΠΟΝΝΗΣΩΝ,PRIGKIPONNHSON,ΑΓ.ΝΕΚΤΑΡΙΟΥ,"124"
160364: ΠΡΙΓΚΙΠΟΝΝΗΣΩΝ,"160364","160364",ΠΡΙΓΚΙΠΟΝΝΗΣΩΝ,PRIGKIPONNHSON,ΑΓ.ΝΕΚΤΑΡΙΟΥ,"124"
160365: ΠΑΛΑΙΟ ΤΕΡΜΑ,"160365","10865",ΠΑΛΑΙΟ ΤΕΡΜΑ,PALAIO TERMA,,"128, 154"
160366: ΜΕΤΣΟΒΟΥ,"160366","10954",ΜΕΤΣΟΒΟΥ,METSOΒOY,ΜΕΤΣΟΒΟΥ,"124"
160367: ΗΒΗΣ,"160367","11718",ΗΒΗΣ,HBHS,Γ. ΓΕΝΝΗΜΑΤΑ,"124, 164, Β1"
160368: ΑΘΩΝΟΣ,"160368","11719",ΑΘΩΝΟΣ,ATHONOS,Γ. ΓΕΝΝΗΜΑΤΑ,"124, 164, Β1"
160369: ΤΡΙΠΟΛΕΩΣ,"160369","11720",ΤΡΙΠΟΛΕΩΣ,TRIPOLEOS,Γ. ΓΕΝΝΗΜΑΤΑ,"124, 164, Β1"
16: ΡΟΥΠΑΚΙ,"16","10172",ΡΟΥΠΑΚΙ,ROYPAKI,,"881"
170001: ΓΑΡΔΕΝΙΑ,"170001","170001",ΓΑΡΔΕΝΙΑ,GARDENIA,ΛΕΩΦ.ΒΟΥΛΙΑΓΜΕΝΗΣ,"790, Α3"
170014: ΓΡΑΒΙΑΣ,"170014","170014",ΓΡΑΒΙΑΣ,GRABIAS,ΕΘΝ.ΜΑΚΑΡΙΟΥ,"218"
170015: ΑΒΕΡΩΦ,"170015","170015",ΑΒΕΡΩΦ,ABEROF,ΓΡΑΒΙΑΣ,"218"
170016: ΓΥΜΝΑΣΤΗΡΙΟ,"170016","170016",ΓΥΜΝΑΣΤΗΡΙΟ,GYMNASTHRIO,ΛΕΩΦ.ΠΑΠΑΝΑΣΤΑΣΙΟΥ,"131, 217, 218, 229"
170017: ΝΑΝΑ,"170017","170017",ΝΑΝΑ,NANA,ΛΕΩΦ.ΒΟΥΛΙΑΓΜΕΝΗΣ,"218, 790, Α3"
170019: ΚΑΛΟΓΗΡΩΝ,"170019","170019",ΚΑΛΟΓΗΡΩΝ,KALOGHRON,ΛΕΩΦ.ΒΟΥΛΙΑΓΜΕΝΗΣ,"218, 790, Α3"
170020: ΓΥΜΝΑΣΤΙΚΗ ΑΚΑΔΗΜΙΑ,"170020","170020",ΓΥΜΝΑΣΤΙΚΗ ΑΚΑΔΗΜΙΑ,GYMNASTIKH AKADHMIA,ΛΕΩΦ.ΕΘΝ.ΑΝΤΙΣΤΑΣΕΩΣ,"112, 164, 790, Α3"
170021: ΝΑΝΑ,"170021","170021",ΝΑΝΑ,NANA,ΗΛΙΟΥΠΟΛΕΩΣ,"112, 164, 206, 237, 790, Α3"
170022: ΑΚΡΟΠΟΛΕΩΣ,"170022","170022",ΑΚΡΟΠΟΛΕΩΣ,AKROPOLEOS,ΛΕΩΦ.ΠΑΠΑΝΑΣΤΑΣΙΟΥ,"131, 217, 229"
170026: ΠΡΟΣΚΟΠΩΝ,"170026","170026",ΠΡΟΣΚΟΠΩΝ,PROSKOPON,ΑΚΡΟΠΟΛΕΩΣ,"137"
170027: ΠΛ. ΕΘΝ. ΑΝΤΙΣΤΑΣΕΩΣ,"170027","170027",ΠΛ. ΕΘΝ. ΑΝΤΙΣΤΑΣΕΩΣ,PL. ETHN. ANTISTASEOS,ΝΕΣΤΟΡΟΣ,"137, 218"
170028: ΠΡΟΣΚΟΠΩΝ,"170028","170028",ΠΡΟΣΚΟΠΩΝ,PROSKOPON,ΑΚΡΟΠΟΛΕΩΣ,"137, 218"
170029: ΣΧΟΛΕΙΑ,"170029","170029",ΣΧΟΛΕΙΑ,SXOLEIA,ΑΚΡΟΠΟΛΕΩΣ,"137"
170030: ΣΧΟΛΕΙΑ,"170030","170030",ΣΧΟΛΕΙΑ,SXOLEIA,ΜΠΟΥΜΠΟΥΛΙΝΑΣ,"218"
170031: ΜΠΟΥΜΠΟΥΛΙΝΑΣ,"170031","170031",ΜΠΟΥΜΠΟΥΛΙΝΑΣ,MPOYMPOYLINAS,ΜΠΟΥΜΠΟΥΛΙΝΑΣ,"218"
170039: 1η ΚΥΠΡΟΥ,"170039","170039",1η ΚΥΠΡΟΥ,1st KYPROY,ΛΕΩΦ.ΚΥΠΡΟΥ,"856"
170040: 2η ΚΥΠΡΟΥ,"170040","170040",2η ΚΥΠΡΟΥ,2nd KYPROY,ΛΕΩΦ.ΚΥΠΡΟΥ,"856"
170042: ΣΧΟΛΕΙΟ,"170042","170042",ΣΧΟΛΕΙΟ,SXOLEIO,ΠΡΟΥΣΗΣ,"856"
170049: ΣΤ. ΔΑΦΝΗ - ΤΕΡΜΑ,"170049","170049",ΣΤ. ΔΑΦΝΗ - ΤΕΡΜΑ,ST. DAFNH - TERMA,ΧΩΡΟΣ ΜΕΤΕΠΙΒ.ΣΤ.ΔΑΦΝΗΣ,"112, 131, 206, 237"
170051: ΠΑΠΑΝΑΣΤΑΣΙΟΥ,"170051","170051",ΠΑΠΑΝΑΣΤΑΣΙΟΥ,PAPANASTASIOY,ΛΕΩΦ.ΠΑΠΑΝΑΣΤΑΣΙΟΥ,"131, 141, 217, 218, 229"
170091: ΦΙΛΩΝΟΣ,"170091","11568",ΦΙΛΩΝΟΣ,FILONOS,ΦΙΛΩΝΟΣ,"856"
170092: ΑΚΡΟΠΟΛΕΩΣ,"170092","12275",ΑΚΡΟΠΟΛΕΩΣ,AKROPOLEOS,ΑΚΡΟΠΟΛΕΩΣ,"218"
180009: ΨΥΓΕΙΑ,"180009","180009",ΨΥΓΕΙΑ,PSYGEIA,ΑΡΙΣΤΟΤΕΛΟΥΣ,"20, 20*"
180011: ΑΜΕΡΙΚΑΝΟΥ,"180011","180011",ΑΜΕΡΙΚΑΝΟΥ,AMERIKANOY,ΕΘΝ.ΑΝΤΙΣΤΑΣΕΩΣ,"848"
180012: ΕΦΡΑΙΜΙΔΗ,"180012","180012",ΕΦΡΑΙΜΙΔΗ,EFRAIMIDH,ΕΘΝ.ΑΝΤΙΣΤΑΣΕΩΣ,"848"
180013: ΚΑΛΟΚΑΙΡΙΝΟΥ,"180013","180013",ΚΑΛΟΚΑΙΡΙΝΟΥ,KALOKAIRINOY,ΑΡΙΣΤΟΤΕΛΟΥΣ,"20, 20*"
180014: ΟΥΛΟΦ ΠΑΛΜΕ,"180014","180014",ΟΥΛΟΦ ΠΑΛΜΕ,OYLOF PALME,ΑΡΙΣΤΟΤΕΛΟΥΣ,"20, 20*"
180015: ΓΕΦΥΡΑ,"180015","180015",ΓΕΦΥΡΑ,GEFYRA,ΕΘΝ.ΑΝΤΙΣΤΑΣΕΩΣ,"20, 20*, 833, 843"
180016: ΠΟΛΥΚΑΤΟΙΚΙΕΣ,"180016","180016",ΠΟΛΥΚΑΤΟΙΚΙΕΣ,POLYKATOIKIES,ΑΡΙΣΤΟΤΕΛΟΥΣ,"20, 20*"
180018: ΑΝΑΛΗΨΕΩΣ,"180018","180018",ΑΝΑΛΗΨΕΩΣ,ANALHPSEOS,ΕΛ.ΒΕΝΙΖΕΛΟΥ,"832"
180019: ΚΑΛΟΚΑΙΡΙΝΟΥ,"180019","180019",ΚΑΛΟΚΑΙΡΙΝΟΥ,KALOKAIRINOY,ΣΩΚΡΑΤΟΥΣ,"832"
180020: ΑΣΤΥΝΟΜΙΑ,"180020","180020",ΑΣΤΥΝΟΜΙΑ,ASTYNOMIA,ΣΩΚΡΑΤΟΥΣ,"832"
180021: ΠΡΟΣΦΥΓΙΚΕΣ ΚΑΤΟΙΚΙΕΣ,"180021","180021",ΠΡΟΣΦΥΓΙΚΕΣ ΚΑΤΟΙΚΙΕΣ,PROSFYGIKES KATOIKIES,ΣΩΚΡΑΤΟΥΣ,"832"
180022: 25ης ΜΑΡΤΙΟΥ,"180022","180022",25ης ΜΑΡΤΙΟΥ,25th MARTIOY,ΑΡΙΣΤΟΤΕΛΟΥΣ,"20, 20*"
180023: ΤΣΙΜΕΝΤΑ,"180023","180023",ΤΣΙΜΕΝΤΑ,TSIMENTA,ΜΙΧΑΛΗΝΟΥ,"20, 20*, 820, 832, 859"
180024: ΣΩΚΡΑΤΟΥΣ,"180024","180024",ΣΩΚΡΑΤΟΥΣ,SOKRATOYS,ΨΑΡΩΝ,"20, 20*, 843"
180026: ΝΕΟΙ ΟΙΚΙΣΜΟΙ,"180026","180026",ΝΕΟΙ ΟΙΚΙΣΜΟΙ,NEOI OIKISMOI,ΑΓΩΝ.ΠΟΛΥΤΕΧΝΕΙΟΥ,"859"
180027: ΔΗΜΑΡΧΕΙΟ,"180027","180027",ΔΗΜΑΡΧΕΙΟ,DHMARXEIO,ΑΓΩΝ.ΠΟΛΥΤΕΧΝΕΙΟΥ,"859"
180028: ΑΓ. ΦΑΝΟΥΡΙΟΣ,"180028","180028",ΑΓ. ΦΑΝΟΥΡΙΟΣ,AG. FANOYRIOS,ΑΓΩΝ.ΠΟΛΥΤΕΧΝΕΙΟΥ,"859"
180029: ΑΓ. ΠΑΝΤΕΛΕΗΜΩΝ,"180029","180029",ΑΓ. ΠΑΝΤΕΛΕΗΜΩΝ,AG. PANTELEHMON,ΑΓ.ΠΑΝΤΕΛΕΗΜΟΝΟΣ,"859"
180030: ΚΑΖΑΝΤΖΑΚΗ,"180030","180030",ΚΑΖΑΝΤΖΑΚΗ,KAZANTZAKH,ΚΑΖΑΝΤΖΑΚΗ,"859"
180031: ΤΕΡΜΑ,"180031","180031",ΤΕΡΜΑ,TERMA,ΚΩΣΤΗ ΠΑΛΑΜΑ,"859"
180032: ΑΝΑΛΗΨΕΩΣ,"180032","180032",ΑΝΑΛΗΨΕΩΣ,ANALHPSEOS,ΚΩΣΤΗ ΠΑΛΑΜΑ,"859"
180033: ΑΝΑΛΗΨΕΩΣ,"180033","180033",ΑΝΑΛΗΨΕΩΣ,ANALHPSEOS,ΚΑΖΑΝΤΖΑΚΗ,"859"
180034: ΑΓ. ΠΑΝΤΕΛΕΗΜΩΝ,"180034","180034",ΑΓ. ΠΑΝΤΕΛΕΗΜΩΝ,AG. PANTELEHMON,ΑΓ.ΠΑΝΤΕΛΕΗΜΟΝΟΣ,"859"
180035: ΑΓ. ΦΑΝΟΥΡΙΟΣ,"180035","180035",ΑΓ. ΦΑΝΟΥΡΙΟΣ,AG. FANOYRIOS,ΑΓ.ΦΑΝΟΥΡΙΟΥ,"859"
180036: ΔΗΜΑΡΧΕΙΟ,"180036","180036",ΔΗΜΑΡΧΕΙΟ,DHMARXEIO,ΑΓΩΝ.ΠΟΛΥΤΕΧΝΕΙΟΥ,"859"
180037: ΠΟΛΥΚΑΤΟΙΚΙΕΣ,"180037","180037",ΠΟΛΥΚΑΤΟΙΚΙΕΣ,POLYKATOIKIES,ΑΓΩΝ.ΠΟΛΥΤΕΧΝΕΙΟΥ,"859"
180039: ΠΑΡΑΛΙΑ,"180039","180039",ΠΑΡΑΛΙΑ,PARALIA,ΠΑΛΑΙΟΛΟΓΟΥ,"832, 833"
180042: ΤΕΡΜΑ,"180042","180042",ΤΕΡΜΑ,TERMA,ΠΑΡΑΛΙΑΚΟΣ ΔΡΟΜΟΣ,"859"
180045: ΔΡΑΠΕΤΣΩΝΑ,"180045","180045",ΔΡΑΠΕΤΣΩΝΑ,DRAPETSONA,ΓΡ.ΛΑΜΠΡΑΚΗ,"20, 20*"
180046: ΤΕΛ,"180046","180046",ΤΕΛ,TEL,ΜΙΑΟΥΛΗ,"832, 833"
180047: ΗΡΩΩΝ,"180047","180047",ΗΡΩΩΝ,HROON,ΑΓ.ΠΑΝΤΕΛΕΗΜΟΝΟΣ,"859"
180048: ΦΑΡΜΑΚΕΙΟ,"180048","180048",ΦΑΡΜΑΚΕΙΟ,FARMAKEIO,ΡΗΓΑ ΦΕΡΑΙΟΥ,"859"
180049: ΚΑΖΑΝΤΖΑΚΗ,"180049","180049",ΚΑΖΑΝΤΖΑΚΗ,KAZANTZAKH,ΓΡ. ΛΑΜΠΡΑΚΗ,"20, 20*"
180053: ΙΚΑ,"180053","180053",ΙΚΑ,IKA,ΕΘΝ.ΑΝΤΙΣΤΑΣΕΩΣ,"20, 20*, 820, 832, 833, 859"
180054: ΣΩΚΡΑΤΟΥΣ,"180054","180054",ΣΩΚΡΑΤΟΥΣ,SOKRATOYS,25ης ΜΑΡΤΙΟΥ,"848"
180055: ΣΩΚΡΑΤΟΥΣ,"180055","180055",ΣΩΚΡΑΤΟΥΣ,SOKRATOYS,25ης ΜΑΡΤΙΟΥ,"820, 832, 833"
180056: ΙΚΑ,"180056","180056",ΙΚΑ,IKA,25ης ΜΑΡΤΙΟΥ,"848"
180057: ΑΜΕΡΙΚΑΝΟΥ,"180057","180057",ΑΜΕΡΙΚΑΝΟΥ,AMERIKANOY,ΕΘΝ.ΑΝΤΙΣΤΑΣΕΩΣ,"20, 20*"
180058: ΕΥΡΑΙΜΙΔΗ,"180058","180058",ΕΥΡΑΙΜΙΔΗ,EYRAIMIDH,ΕΘΝ.ΑΝΤΙΣΤΑΣΕΩΣ,"20, 20*"
180059: ΠΕΡΙΠΤΕΡΟ,"180059","180059",ΠΕΡΙΠΤΕΡΟ,PERIPTERO,ΕΘΝ.ΑΝΤΙΣΤΑΣΕΩΣ,"20, 20*"
180060: ΑΣΤΥΝΟΜΙΑ,"180060","180060",ΑΣΤΥΝΟΜΙΑ,ASTYNOMIA,ΕΘΝ.ΑΝΤΙΣΤΑΣΕΩΣ,"20, 20*, 833"
180061: ΛΙΜΑΝΑΚΙ,"180061","180061",ΛΙΜΑΝΑΚΙ,LIMANAKI,ΑΒΡ.ΚΟΝΤΟΠΟΥΛΟΥ,"832, 833"
180062: ΕΥΔΑΠ,"180062","180062",ΕΥΔΑΠ,EYDAP,ΑΝΩΝ. ΟΔΟ ΤΕΛΩΝΕΙΟΥ,"859"
180063: ΓΗΠΕΔΟ,"180063","180063",ΓΗΠΕΔΟ,GHPEDO,ΜΙΧΑΛΙΝΟΥ,"832, 833, 859"
180066: ΒΕΝΙΖΕΛΟΥ,"180066","11038",ΒΕΝΙΖΕΛΟΥ,BENIZELOY,ΣΩΚΡΑΤΟΥΣ,"832"
180068: ΑΡΙΣΤΟΤΕΛΟΥΣ,"180068","11033",ΑΡΙΣΤΟΤΕΛΟΥΣ,ARISTOTELOYS,25ΗΣ ΜΑΡΤΙΟΥ,"820, 832"
182: ΟΜΟΝΟΙΑ,"182","10397",ΟΜΟΝΟΙΑ,OMONOIA,,"841, 842"
186: ΣΤ. ΑΓ. ΑΝΤΩΝΙΟΣ,"186","10401",ΣΤ. ΑΓ. ΑΝΤΩΝΙΟΣ,ST. AG. ANTONIOS,,"706, 822, 823"
18: ΠΛ. ΚΑΝΙΓΓΟΣ,"18","10175",ΠΛ. ΚΑΝΙΓΓΟΣ,PL. KANNIGOS,,"021"
190001: ΑΓΓΕΛΟΠΟΥΛΟΥ,"190001","190001",ΑΓΓΕΛΟΠΟΥΛΟΥ,AGGELOPOYLOY,Ν.Ε.Ο.Α.Κ.,"845, 865, 868, 871, 871Τ, 876, 878, 881"
190002: ΣΟΦΟΚΛΕΟΥΣ,"190002","190002",ΣΟΦΟΚΛΕΟΥΣ,SOFOKLEOYS,ΑΛΚΙΒΙΑΔΟΥ,"862"
190004: ΛΕΥΚΕΣ,"190004","190004",ΛΕΥΚΕΣ,LEYKES,ΙΕΡΑΣ ΟΔΟΥ,"845, 865, 871, 871Τ, 876, 878, 881"
190005: 2η ΑΕΡΟΔΡΟΜΙΟΥ,"190005","190005",2η ΑΕΡΟΔΡΟΜΙΟΥ,2nd AERODROMIOY,ΙΕΡΑΣ ΟΔΟΥ,"845, 865, 871, 871Τ, 876, 878, 881"
190007: 1η ΜΟΥΡΙΚΗ,"190007","190007",1η ΜΟΥΡΙΚΗ,1st MOYRIKH,ΜΟΥΡΙΚΗ,"845, 861, 861Β, 862, 863, 864, 871, 871Τ, 876, 878, 879, 881"
190008: 2η ΜΟΥΡΙΚΗ,"190008","190008",2η ΜΟΥΡΙΚΗ,2nd MOYRIKH,ΜΟΥΡΙΚΗ,"845, 861, 861Β, 862, 863, 864, 871, 871Τ, 876, 878, 879, 881"
190010: ΑΓ. ΓΕΩΡΓΙΟΣ,"190010","190010",ΑΓ. ΓΕΩΡΓΙΟΣ,AG. GEORGIOS,ΠΑΓΚΑΛΟΥ,"817, 845, 861, 861Β, 862, 863, 864, 871, 871Τ, 876, 878, 879, 881"
190011: ΠΛ. ΕΛΕΥΣΙΝΑΣ,"190011","190011",ΠΛ. ΕΛΕΥΣΙΝΑΣ,PL. ELEYSINAS,ΠΑΓΚΑΛΟΥ,"817, 861, 861Β, 862, 863, 864, 879"
190013: ΠΛ. ΕΛΕΥΣΙΝΑΣ,"190013","190013",ΠΛ. ΕΛΕΥΣΙΝΑΣ,PL. ELEYSINAS,ΠΑΓΚΑΛΟΥ,"845, 871, 871Τ, 876, 878, 881"
190014: ΟΤΕ,"190014","190014",ΟΤΕ,OTE,ΗΡΩΩΝ ΠΟΛΥΤΕΧΝΕΙΟΥ,"817, 861, 861Β, 862, 863, 864, 865, 871Τ, 879"
190015: ΣΤΡΟΦΗ ΜΑΓΟΥΛΑΣ,"190015","190015",ΣΤΡΟΦΗ ΜΑΓΟΥΛΑΣ,STROFH MAGOYLAS,ΕΛ.ΒΕΝΙΖΕΛΟΥ,"861, 861Β, 862, 863, 864, 865, 879"
190016: ΕΘΝ. ΑΝΤΙΣΤΑΣΕΩΣ,"190016","190016",ΕΘΝ. ΑΝΤΙΣΤΑΣΕΩΣ,ETHN. ANTISTASEOS,ΕΛ.ΒΕΝΙΖΕΛΟΥ,"861, 861Β, 862, 863, 864, 865, 879"
190017: ΠΛ. ΑΝΩ ΕΛΕΥΣΙΝΑΣ,"190017","190017",ΠΛ. ΑΝΩ ΕΛΕΥΣΙΝΑΣ,PL. ANO ELEYSINAS,ΕΛ.ΒΕΝΙΖΕΛΟΥ,"861, 861Β, 862, 863, 864, 865, 879"
190018: ΤΡΟΧΑΙΑ,"190018","190018",ΤΡΟΧΑΙΑ,TROXAIA,ΕΛ.ΒΕΝΙΖΕΛΟΥ,"861, 861Β, 863, 864, 865, 879"
190019: ΠΑΡΑΔΕΙΣΟΣ,"190019","190019",ΠΑΡΑΔΕΙΣΟΣ,PARADEISOS,ΑΔΕΛΦΩΝ ΚΥΠΡΑΙΟΥ,"861, 861Β, 863, 864, 865, 868, 879"
190020: ΑΓΓΕΛΟΥ,"190020","190020",ΑΓΓΕΛΟΥ,AGGELOY,ΑΔΕΛΦΩΝ ΚΥΠΡΑΙΟΥ,"861, 861Β, 863, 864, 865, 868, 879"
190021: ΠΕΠΠΑ,"190021","190021",ΠΕΠΠΑ,PEPPA,ΑΔΕΛΦΩΝ ΚΥΠΡΑΙΟΥ,"861, 861Β, 863, 864, 865, 868, 879"
190022: ΠΕΠΠΑ,"190022","190022",ΠΕΠΠΑ,PEPPA,ΑΔΕΛΦΩΝ ΚΥΠΡΑΙΟΥ,"861, 861Β, 863, 864, 868, 876, 879"
190023: ΑΓΓΕΛΟΥ,"190023","190023",ΑΓΓΕΛΟΥ,AGGELOY,ΑΔΕΛΦΩΝ ΚΥΠΡΑΙΟΥ,"861, 861Β, 862, 863, 864, 868, 876, 879"
190024: ΠΑΡΑΔΕΙΣΟΣ,"190024","190024",ΠΑΡΑΔΕΙΣΟΣ,PARADEISOS,ΑΔΕΛΦΩΝ ΚΥΠΡΑΙΟΥ,"861, 861Β, 862, 863, 864, 868, 876, 879"
190025: ΤΡΟΧΑΙΑ,"190025","190025",ΤΡΟΧΑΙΑ,TROXAIA,ΕΛ.ΒΕΝΙΖΕΛΟΥ,"861, 861Β, 862, 863, 864, 876, 879"
190026: ΑΓ. ΑΠΟΣΤΟΛΩΝ,"190026","190026",ΑΓ. ΑΠΟΣΤΟΛΩΝ,AG. APOSTOLON,ΕΛ.ΒΕΝΙΖΕΛΟΥ,"861, 861Β, 862, 863, 864, 876, 879"
190027: ΕΘΝ. ΑΝΤΙΣΤΑΣΕΩΣ,"190027","190027",ΕΘΝ. ΑΝΤΙΣΤΑΣΕΩΣ,ETHN. ANTISTASEOS,ΕΛ.ΒΕΝΙΖΕΛΟΥ,"861, 861Β, 862, 863, 864, 876, 879"
190028: ΣΤΡΟΦΗ ΜΑΓΟΥΛΑΣ,"190028","190028",ΣΤΡΟΦΗ ΜΑΓΟΥΛΑΣ,STROFH MAGOYLAS,ΕΛ.ΒΕΝΙΖΕΛΟΥ,"861, 861Β, 862, 863, 864, 876, 879"
190029: ΣΤΡΟΦΗ ΜΑΓΟΥΛΑΣ,"190029","190029",ΣΤΡΟΦΗ ΜΑΓΟΥΛΑΣ,STROFH MAGOYLAS,ΗΡΩΩΝ ΠΟΛΥΤΕΧΝΕΙΟΥ,"817, 871Τ"
190030: ΓΗΠΕΔΟ,"190030","190030",ΓΗΠΕΔΟ,GHPEDO,ΗΡΩΩΝ ΠΟΛΥΤΕΧΝΕΙΟΥ,"817, 871Τ"
190031: ΠΟΛΕΟΔΟΜΙΑ,"190031","190031",ΠΟΛΕΟΔΟΜΙΑ,POLEODOMIA,ΗΡΩΩΝ ΠΟΛΥΤΕΧΝΕΙΟΥ,"817, 871Τ"
190032: ΚΟΡΔΑΤΟΥ,"190032","190032",ΚΟΡΔΑΤΟΥ,KORDATOY,ΗΡΩΩΝ ΠΟΛΥΤΕΧΝΕΙΟΥ,"817, 871Τ"
190033: ΓΗΠΕΔΟ,"190033","190033",ΓΗΠΕΔΟ,GHPEDO,ΗΡΩΩΝ ΠΟΛΥΤΕΧΝΕΙΟΥ,"817, 871Τ"
190034: ΣΤΡΟΦΗ ΜΑΓΟΥΛΑΣ,"190034","190034",ΣΤΡΟΦΗ ΜΑΓΟΥΛΑΣ,STROFH MAGOYLAS,ΗΡΩΩΝ ΠΟΛΥΤΕΧΝΕΙΟΥ,"817, 871Τ"
190035: ΟΤΕ,"190035","190035",ΟΤΕ,OTE,ΗΡΩΩΝ ΠΟΛΥΤΕΧΝΕΙΟΥ,"817, 861, 861Β, 862, 863, 864, 871Τ, 876, 879"
190036: ΡΕΞ,"190036","190036",ΡΕΞ,REX,ΙΕΡΑΣ ΟΔΟΥ,"817, 845, 871, 871Τ, 876, 878, 881"
190037: ΑΕΡΟΔΡΟΜΙΟΥ,"190037","190037",ΑΕΡΟΔΡΟΜΙΟΥ,AERODROMIOY,ΙΕΡΑΣ ΟΔΟΥ,"845, 871, 871Τ, 876, 878, 881"
190038: ΛΕΥΚΕΣ,"190038","190038",ΛΕΥΚΕΣ,LEYKES,ΙΕΡΑΣ ΟΔΟΥ,"845, 871, 871Τ, 876, 878, 881"
190039: ΖΑΦΕΙΡΗ ΚΑΛΑΘΑ,"190039","190039",ΖΑΦΕΙΡΗ ΚΑΛΑΘΑ,ZAFEIRH KALATHA,ΘΡΙΑΣΙΟΥ,"862"
190041: ΧΑΛΥΒΟΥΡΓΙΚΗ,"190041","190041",ΧΑΛΥΒΟΥΡΓΙΚΗ,XALYBOYRGIKH,Ν.Ε.Ο.Α.Κ.,"845, 868, 871, 871Τ, 876, 878, 881"
190042: ΚΥΠΡΟΥ,"190042","11435",ΚΥΠΡΟΥ,KYPROY,ΩΚΕΑΝΙΔΩΝ,"817"
190043: ΚΕΝΤΡΟ ΥΓΕΙΑΣ,"190043","11436",ΚΕΝΤΡΟ ΥΓΕΙΑΣ,KENTRO YGEIAS,ΩΚΕΑΝΙΔΩΝ,"817"
190048: ΓΥΜΝΑΣΤΗΡΙΟ,"190048","190048",ΓΥΜΝΑΣΤΗΡΙΟ,GYMNASTHRIO,ΗΡΩΩΝ ΠΟΛΥΤΕΧΝΕΙΟΥ,"817"
190050: ΠΟΛΥΚΑΤΟΙΚΙΕΣ,"190050","190050",ΠΟΛΥΚΑΤΟΙΚΙΕΣ,POLYKATOIKIES,ΑΔΕΛΦΩΝ ΚΥΠΡΑΙΟΥ,"861, 861Β, 863, 864, 865, 868, 879"
190051: ΠΟΛΥΚΑΤΟΙΚΙΕΣ,"190051","190051",ΠΟΛΥΚΑΤΟΙΚΙΕΣ,POLYKATOIKIES,ΑΔΕΛΦΩΝ ΚΥΠΡΑΙΟΥ,"861, 861Β, 863, 864, 868, 876, 879"
190052: ΠΑΛΑΙΟ ΤΕΡΜΑ,"190052","190052",ΠΑΛΑΙΟ ΤΕΡΜΑ,PALAIO TERMA,ΑΡΚΑΔΙΟΥ,"862"
190053: 3η ΜΟΥΡΙΚΗ,"190053","190053",3η ΜΟΥΡΙΚΗ,3rd MOYRIKH,ΜΟΥΡΙΚΗ,"845, 861, 861Β, 862, 863, 864, 871, 871Τ, 876, 878, 879, 881"
190055: ΛΙΜΑΝΑΚΙ,"190055","190055",ΛΙΜΑΝΑΚΙ,LIMANAKI,ΚΑΝΕΛΛΟΠΟΥΛΟΥ,"817, 845, 861, 861Β, 862, 863, 864, 871, 871Τ, 876, 878, 879, 881"
190056: ΠΑΡΑΛΙΑ,"190056","190056",ΠΑΡΑΛΙΑ,PARALIA,ΚΑΝΕΛΛΟΠΟΥΛΟΥ,"817, 845, 861, 861Β, 862, 863, 864, 871, 871Τ, 876, 878, 879, 881"
190057: ΗΡΩΩΝ ΠΟΛΥΤΕΧΝΕΙΟΥ,"190057","190057",ΗΡΩΩΝ ΠΟΛΥΤΕΧΝΕΙΟΥ,HROON POLYTEXNEIOY,ΘΕΙΡΩΝ,"862"
190058: ΝΕΚΡΟΤΑΦΕΙΟ,"190058","190058",ΝΕΚΡΟΤΑΦΕΙΟ,NEKROTAFEIO,ΑΡΚΑΔΙΟΥ,"862"
190059: ΓΕΦΥΡΑ,"190059","190059",ΓΕΦΥΡΑ,GEFYRA,ΛΕΩΦ.ΕΘΝΙΚΗΣ ΑΝΤΙΣΤΑΣΕΩΣ,"862"
190060: ΡΕΜΑ,"190060","190060",ΡΕΜΑ,REMA,ΛΕΩΦ.ΕΘΝΙΚΗΣ ΑΝΤΙΣΤΑΣΕΩΣ,"862"
190061: ΤΕΡΜΑ - ΑΠΟΒΙΒΑΣΗ,"190061","11918",ΤΕΡΜΑ - ΑΠΟΒΙΒΑΣΗ,TERMA - APOBIBASH,ΚΑΝΕΛΛΟΠΟΥΛΟΥ,"817, 845, 861, 861Β, 862, 863, 864, 871, 871Τ, 876, 878, 879, 881"
190062: ΣΧΟΛΕΙΟ ΠΑΡΑΔΕΙΣΟΥ,"190062","190062",ΣΧΟΛΕΙΟ ΠΑΡΑΔΕΙΣΟΥ,SXOLEIO PARADEISOY,ΑΔΕΛΦΩΝ ΚΥΠΡΑΙΟΥ,"861, 861Β, 863, 864, 868, 876, 879"
190068: ΤΕΛΩΝΕΙΟ,"190068","190068",ΤΕΛΩΝΕΙΟ,TELONEIO,ΚΑΝΕΛΛΟΠΟΥΛΟΥ,"817, 845, 861, 861Β, 862, 863, 864, 871, 871Τ, 876, 878, 879, 881"
19: ΠΛ. ΓΚΥΖΗ,"19","10176",ΠΛ. ΓΚΥΖΗ,PL. GYZH,,"021"
200001: ΕΥΔΑΠ,"200001","200001",ΕΥΔΑΠ,EYDAP,ΙΛΙΣΙΩΝ,"032, 235, 608, 622, 815"
200003: ΠΛ. ΕΛΕΥΘΕΡΙΑΣ,"200003","200003",ΠΛ. ΕΛΕΥΘΕΡΙΑΣ,PL. ELEYTHERIAS,ΠΛ.ΕΛΕΥΘΕΡΙΑΣ,"140, 230"
200004: ΑΝΟΙΞΗ,"200004","200004",ΑΝΟΙΞΗ,ANOIXH,ΛΕΩΦ.ΣΤΡ\ΧΟΥ ΠΑΠΑΓΟΥ,"235, 608"
200005: ΚΟΤΟΠΟΥΛΗ,"200005","200005",ΚΟΤΟΠΟΥΛΗ,KOTOPOYLH,ΛΕΩΦ.ΣΤΡ\ΧΟΥ ΠΑΠΑΓΟΥ,"230, 235, 608"
200006: ΤΣΙΤΟΥΡΑ,"200006","200006",ΤΣΙΤΟΥΡΑ,TSITOYRA,ΛΕΩΦ.ΣΤΡ\ΧΟΥ ΠΑΠΑΓΟΥ,"230, 235, 608"
200007: 6η ΖΩΓΡΑΦΟΥ,"200007","200007",6η ΖΩΓΡΑΦΟΥ,6th ZOGRAFOY,ΛΕΩΦ.ΣΤΡ\ΧΟΥ ΠΑΠΑΓΟΥ,"230, 608"
200008: 7η ΖΩΓΡΑΦΟΥ,"200008","200008",7η ΖΩΓΡΑΦΟΥ,7th ZOGRAFOY,ΛΕΩΦ.ΣΤΡ\ΧΟΥ ΠΑΠΑΓΟΥ,"230, 608"
200009: 8η ΖΩΓΡΑΦΟΥ,"200009","200009",8η ΖΩΓΡΑΦΟΥ,8th ZOGRAFOY,ΚΟΥΣΙΔΟΥ,"230, 608"
200010: 9η ΖΩΓΡΑΦΟΥ,"200010","200010",9η ΖΩΓΡΑΦΟΥ,9th ZOGRAFOY,ΚΟΥΣΙΔΟΥ,"230, 608"
200011: 10η ΖΩΓΡΑΦΟΥ,"200011","200011",10η ΖΩΓΡΑΦΟΥ,10th ZOGRAFOY,ΚΟΥΣΙΔΟΥ,"230, 608"
200013: 10η ΖΩΓΡΑΦΟΥ,"200013","200013",10η ΖΩΓΡΑΦΟΥ,10th ZOGRAFOY,ΗΡΩΩΝ ΠΟΛΥΤΕΧΝΕΙΟΥ,"230, 608"
200014: 9η ΖΩΓΡΑΦΟΥ,"200014","200014",9η ΖΩΓΡΑΦΟΥ,9th ZOGRAFOY,ΗΡΩΩΝ ΠΟΛΥΤΕΧΝΕΙΟΥ,"230, 608"
200015: 8η ΖΩΓΡΑΦΟΥ,"200015","200015",8η ΖΩΓΡΑΦΟΥ,8th ZOGRAFOY,ΛΕΩΦ.ΣΤΡ\ΧΟΥ ΠΑΠΑΓΟΥ,"230, 608"
200016: 7η ΖΩΓΡΑΦΟΥ,"200016","200016",7η ΖΩΓΡΑΦΟΥ,7th ZOGRAFOY,ΛΕΩΦ.ΣΤΡ\ΧΟΥ ΠΑΠΑΓΟΥ,"230, 608"
200017: 6η ΖΩΓΡΑΦΟΥ,"200017","200017",6η ΖΩΓΡΑΦΟΥ,6th ZOGRAFOY,ΛΕΩΦ.ΣΤΡ\ΧΟΥ ΠΑΠΑΓΟΥ,"230, 608"
200018: ΤΣΙΤΟΥΡΑ,"200018","200018",ΤΣΙΤΟΥΡΑ,TSITOYRA,ΛΕΩΦ.ΣΤΡ\ΧΟΥ ΠΑΠΑΓΟΥ,"230, 235, 608"
200019: ΚΟΤΟΠΟΥΛΗ,"200019","200019",ΚΟΤΟΠΟΥΛΗ,KOTOPOYLH,ΛΕΩΦ.ΣΤΡ\ΧΟΥ ΠΑΠΑΓΟΥ,"230, 235, 608"
200020: ΙΚΑ,"200020","200020",ΙΚΑ,IKA,ΛΕΩΦ.ΣΤΡ\ΧΟΥ ΠΑΠΑΓΟΥ,"235, 608"
200021: ΙΑΤΡΕΙΟ,"200021","200021",ΙΑΤΡΕΙΟ,IATREIO,ΕΝΤΟΣ ΠΟΛΥΤΕΧΝΕΙΟΥΠΟΛΗΣ,"242"
200022: 6η ΖΩΓΡΑΦΟΥ,"200022","200022",6η ΖΩΓΡΑΦΟΥ,6th ZOGRAFOY,ΓΕΩΡ.ΖΩΓΡΑΦΟΥ,"235"
200023: 7η ΖΩΓΡΑΦΟΥ,"200023","200023",7η ΖΩΓΡΑΦΟΥ,7th ZOGRAFOY,ΓΕΩΡ.ΖΩΓΡΑΦΟΥ,"235"
200024: 8η ΖΩΓΡΑΦΟΥ,"200024","200024",8η ΖΩΓΡΑΦΟΥ,8th ZOGRAFOY,ΓΕΩΡ.ΖΩΓΡΑΦΟΥ,"235"
200025: 9η ΖΩΓΡΑΦΟΥ,"200025","200025",9η ΖΩΓΡΑΦΟΥ,9th ZOGRAFOY,ΓΕΩΡ.ΖΩΓΡΑΦΟΥ,"235"
200026: 8η ΖΩΓΡΑΦΟΥ,"200026","200026",8η ΖΩΓΡΑΦΟΥ,8th ZOGRAFOY,ΓΕΩΡ.ΖΩΓΡΑΦΟΥ,"235"
200027: 7η ΖΩΓΡΑΦΟΥ,"200027","200027",7η ΖΩΓΡΑΦΟΥ,7th ZOGRAFOY,ΓΕΩΡ.ΖΩΓΡΑΦΟΥ,"235"
200028: ΠΛ. ΠΑΙΔΩΝ,"200028","200028",ΠΛ. ΠΑΙΔΩΝ,PL. PAIDON,ΛΟΧΑΓΟΥ ΣΠΗΛΙΩΤΟΠΟΥΛΟΥ,"230"
200029: ΙΚΑ,"200029","200029",ΙΚΑ,IKA,ΠΑΠΑΔΙΑΜΑΝΤΟΠΟΥΛΟΥ,"032, 622, 815"
200030: ΓΙΑΝΝΟΠΟΥΛΟΥ,"200030","200030",ΓΙΑΝΝΟΠΟΥΛΟΥ,GIANNOPOYLOY,ΠΑΠΑΔΙΑΜΑΝΤΟΠΟΥΛΟΥ,"032, 622, 815"
200031: ΑΓ. ΘΩΜΑΣ,"200031","200031",ΑΓ. ΘΩΜΑΣ,AG. THOMAS,ΠΑΠΑΔΙΑΜΑΝΤΟΠΟΥΛΟΥ,"032, 622, 815"
200032: ΝΟΣ. ΠΑΙΔΩΝ,"200032","200032",ΝΟΣ. ΠΑΙΔΩΝ,NOS. PAIDON,ΠΑΠΑΔΙΑΜΑΝΤΟΠΟΥΛΟΥ,"032, 622, 815"
200033: ΠΛ. ΕΛΕΥΘΕΡΙΑΣ,"200033","200033",ΠΛ. ΕΛΕΥΘΕΡΙΑΣ,PL. ELEYTHERIAS,ΑΓΗΝΟΡΟΣ,"032, 230, 622, 815"
200034: ΑΡΙΣΤΟΜΕΝΟΥΣ,"200034","200034",ΑΡΙΣΤΟΜΕΝΟΥΣ,ARISTOMENOYS,ΓΚΑΝΟΓΙΑΝΝΗ,"032, 622, 815"
200036: ΠΑΛ. ΤΕΡΜΑ,"200036","200036",ΠΑΛ. ΤΕΡΜΑ,PAL. TERMA,ΚΟΝΙΤΣΗΣ,"032, 622, 815"
200038: 2η ΙΛΙΣΙΩΝ,"200038","200038",2η ΙΛΙΣΙΩΝ,2nd ILISION,ΛΕΩΦ.ΓΡΗΓ.ΑΥΞΕΝΤΙΟΥ,"140, 220"
200039: ΦΟΙΤ. ΕΣΤ. ΠΟΛΥΤΕΧΝEΙΟΥΠΟΛΗΣ,"200039","200039",ΦΟΙΤ. ΕΣΤ. ΠΟΛΥΤΕΧΝEΙΟΥΠΟΛΗΣ,FOIT. EST. POLYTEXNEIOYPOLHS,ΚΟΚΚΙΝΟΠΟΥΛΟΥ,"140"
200040: 4η ΙΛΙΣΙΩΝ,"200040","200040",4η ΙΛΙΣΙΩΝ,4th ILISION,ΛΕΩΦ.ΓΡΗΓ.ΑΥΞΕΝΤΙΟΥ,"220, 221"
200041: 5η ΙΛΙΣΙΩΝ,"200041","200041",5η ΙΛΙΣΙΩΝ,5th ILISION,ΜΟΥΣΚΟΥ,"220, 221"
200042: 6η ΙΛΙΣΙΩΝ,"200042","200042",6η ΙΛΙΣΙΩΝ,6th ILISION,ΜΟΥΣΚΟΥ,"220, 221"
200043: 7η ΙΛΙΣΙΩΝ,"200043","200043",7η ΙΛΙΣΙΩΝ,7th ILISION,ΕΘΝ.ΑΝΤΙΣΤΑΣΕΩΣ,"220, 221"
200044: ΠΑΛΑΙΟ ΤΕΡΜΑ,"200044","200044",ΠΑΛΑΙΟ ΤΕΡΜΑ,PALAIO TERMA,ΕΘΝ.ΑΝΤΙΣΤΑΣΕΩΣ,"220, 221"
200045: 7η ΙΛΙΣΙΩΝ,"200045","200045",7η ΙΛΙΣΙΩΝ,7th ILISION,ΕΘΝ.ΑΝΤΙΣΤΑΣΕΩΣ,"220, 221"
200046: 6η ΙΛΙΣΙΩΝ,"200046","200046",6η ΙΛΙΣΙΩΝ,6th ILISION,ΜΟΥΣΚΟΥ,"220, 221"
200047: 5η ΙΛΙΣΙΩΝ,"200047","200047",5η ΙΛΙΣΙΩΝ,5th ILISION,ΜΟΥΣΚΟΥ,"220, 221"
200048: 4η ΙΛΙΣΙΩΝ,"200048","200048",4η ΙΛΙΣΙΩΝ,4th ILISION,ΛΕΩΦ.ΓΡΗΓ.ΑΥΞΕΝΤΙΟΥ,"220, 221"
200049: ΑΦΕΤΗΡΙΑ - ΤΕΡΜΑ (ΠΥΛΗ),"200049","200049",ΑΦΕΤΗΡΙΑ - ΤΕΡΜΑ (ΠΥΛΗ),AFETHRIA - TERMA (PYLH),ΠΥΛΗ ΠΑΝ/ΠΟΛΗΣ,"221, Ε90"
200050: 2η ΙΛΙΣΙΩΝ,"200050","200050",2η ΙΛΙΣΙΩΝ,2nd ILISION,ΛΕΩΦ.ΓΡΗΓ.ΑΥΞΕΝΤΙΟΥ,"220"
200052: ΑΛΕΞ,"200052","200052",ΑΛΕΞ,ALEX,ΠΑΠΑΔΙΑΜΑΝΤΟΠΟΥΛΟΥ,"235, 608"
200053: ΦΟΙΤΗΤ. ΕΣΤΙΑ,"200053","200053",ΦΟΙΤΗΤ. ΕΣΤΙΑ,FOITHT. ESTIA,ΟΥΛΩΦ ΠΑΛΜΕ,"140, 221"
200054: ΦΟΙΤΗΤ. ΕΣΤΙΑ,"200054","200054",ΦΟΙΤΗΤ. ΕΣΤΙΑ,FOITHT. ESTIA,ΟΥΛΩΦ ΠΑΛΜΕ,"140, 221"
200055: ΦΟΙΤ. ΕΣΤ. ΠΟΛΥΤEXNEIOY,"200055","200055",ΦΟΙΤ. ΕΣΤ. ΠΟΛΥΤEXNEIOY,FOIT. EST. POLYTEXNEIOY,ΚΟΚΚΙΝΟΠΟΥΛΟΥ,"140"
200056: ΕΥΔΑΠ,"200056","11759",ΕΥΔΑΠ,EYDAP,ΣΕΒΑΣΤΕΙΑΣ,"220"
200057: ΚΤΙΡΙΑ ΗΛΕΚ/ΓΩΝ-ΜΕΤΑΛ/ΓΩΝ,"200057","200057",ΚΤΙΡΙΑ ΗΛΕΚ/ΓΩΝ-ΜΕΤΑΛ/ΓΩΝ,KTIRIA HLEK/GON-METAL/GON,ΕΝΤΟΣ ΠΟΛΥΤΕΧΝΕΙΟΥΠΟΛΗΣ,"242"
200058: 3η ΙΛΙΣΙΩΝ,"200058","200058",3η ΙΛΙΣΙΩΝ,3rd ILISION,ΛΕΩΦ.ΓΡΗΓ.ΑΥΞΕΝΤΙΟΥ,"220, 221"
200059: 3η ΙΛΙΣΙΩΝ,"200059","200059",3η ΙΛΙΣΙΩΝ,3rd ILISION,ΛΕΩΦ.ΓΡΗΓ.ΑΥΞΕΝΤΙΟΥ,"220, 221"
200061: ΦΟΙΤΗΤΙΚΗ ΕΣΤΙΑ,"200061","200061",ΦΟΙΤΗΤΙΚΗ ΕΣΤΙΑ,FOITHTIKH ESTIA,ΕΝΤΟΣ ΠΟΛΥΤΕΧΝΕΙΟΥΠΟΛΗΣ,"242"
200062: ΠΑΝΑΓΟΥΛΗ,"200062","200062",ΠΑΝΑΓΟΥΛΗ,PANAGOYLH,ΑΛΕΞ.ΠΑΝΑΓΟΥΛΗ,"230"
200063: 10η ΖΩΓΡΑΦΟΥ,"200063","200063",10η ΖΩΓΡΑΦΟΥ,10th ZOGRAFOY,28ης ΟΚΤΩΒΡΙΟΥ,"235"
200064: 10η ΖΩΓΡΑΦΟΥ,"200064","200064",10η ΖΩΓΡΑΦΟΥ,10th ZOGRAFOY,ΓΡ.ΑΥΞΕΝΤΙΟΥ,"235"
200065: 2η ΖΩΓΡΑΦΟΥ,"200065","200065",2η ΖΩΓΡΑΦΟΥ,2nd ZOGRAFOY,ΛΕΩΦ.ΣΤΡ\ΧΟΥ ΠΑΠΑΓΟΥ,"230, 235, 608"
200066: ΙΚΑ,"200066","200066",ΙΚΑ,IKA,ΛΕΩ. ΓΕΩΡ.ΠΑΠΑΝΔΡΕΟΥ,"235, 608"
200068: 9η ΖΩΓΡΑΦΟΥ,"200068","200068",9η ΖΩΓΡΑΦΟΥ,9th ZOGRAFOY,ΓΕΩΡ.ΖΩΓΡΑΦΟΥ,"235"
200069: 8η ΙΛΙΣΙΩΝ,"200069","200069",8η ΙΛΙΣΙΩΝ,8th ILISION,ΕΘΝ.ΑΝΤΙΣΤΑΣΕΩΣ,"220, 221"
200070: 9η ΙΛΙΣΙΩΝ,"200070","200070",9η ΙΛΙΣΙΩΝ,9th ILISION,ΚΟΛΟΚΟΤΡΩΝΗ,"220, 221"
200072: ΚΟΛΟΚΟΤΡΩΝΗ,"200072","200072",ΚΟΛΟΚΟΤΡΩΝΗ,KOLOKOTRONH,ΚΟΛΟΚΟΤΡΩΝΗ,"220, 221"
200073: ΥΠΕΡΑΓΟΡΑ,"200073","200073",ΥΠΕΡΑΓΟΡΑ,YPERAGORA,ΟΥΛΩΦ ΠΑΛΜΕ,"140"
200074: ΜΕΚΑ,"200074","200074",ΜΕΚΑ,MEKA,ΟΥΛΩΦ ΠΑΛΜΕ,"140"
200076: ΦΟΙΤΗΤΙΚΗ ΕΣΤΙΑ,"200076","12327",ΦΟΙΤΗΤΙΚΗ ΕΣΤΙΑ,,ΕΝΤΟΣ ΠΟΛΥΤΕΧΝΕΙΟΥΠΟΛΗΣ,"242"
200077: ΚΤΙΡΙΟ ΝΑΥΠΗΓΩΝ,"200077","12329",ΚΤΙΡΙΟ ΝΑΥΠΗΓΩΝ,,ΕΝΤΟΣ ΠΟΛΥΤΕΧΝΕΙΟΥΠΟΛΗΣ,"242"
200078: ΠΥΛΗ ΚΑΤΕΧΑΚΗ,"200078","12330",ΠΥΛΗ ΚΑΤΕΧΑΚΗ,,ΕΝΤΟΣ ΠΟΛΥΤΕΧΝΕΙΟΥΠΟΛΗΣ,"242"
200080: ΠΟΛΥΤΕΧΝΕΙΟΥΠΟΛΗ,"200080","200080",ΠΟΛΥΤΕΧΝΕΙΟΥΠΟΛΗ,POLYTEXNEIOYPOLH,ΚΟΚΚΙΝΟΠΟΥΛΟΥ,"140"
200082: ΓΟΥΔΗ,"200082","200082",ΓΟΥΔΗ,GOYDH,ΚΟΚΚΙΝΟΠΟΥΛΟΥ,"140, 230"
200083: ΠΟΛΥΤΕΧΝΕΙΟΥΠΟΛΗ,"200083","200083",ΠΟΛΥΤΕΧΝΕΙΟΥΠΟΛΗ,POLYTEXNEIOYPOLH,ΚΟΚΚΙΝΟΠΟΥΛΟΥ,"140"
200084: ΓΕΦΥΡΑ,"200084","200084",ΓΕΦΥΡΑ,GEFYRA,ΚΟΚΚΙΝΟΠΟΥΛΟΥ,"140"
200085: ΓΕΦΥΡΑ,"200085","200085",ΓΕΦΥΡΑ,GEFYRA,ΚΟΚΚΙΝΟΠΟΥΛΟΥ,"140"
200086: ΛΑΙΚΟ ΝΟΣΟΚΟΜΕΙΟ,"200086","200086",ΛΑΙΚΟ ΝΟΣΟΚΟΜΕΙΟ,LAIKO NOSOKOMEIO,ΛΕΩΦ.ΓΕΩΡ.ΠΑΠΑΝΔΡΕΟΥ,"140, 230"
200087: ΚΤΙΡΙΟ ΝΑΥΠΗΓΩΝ,"200087","200087",ΚΤΙΡΙΟ ΝΑΥΠΗΓΩΝ,KTIRIO NAYPHGON,ΕΝΤΟΣ ΠΟΛΥΤΕΧΝΕΙΟΥΠΟΛΗΣ,"242"
200089: ΓΡΑΜΜΟΥ,"200089","200089",ΓΡΑΜΜΟΥ,GRAMMOY,ΓΡΑΜΜΟΥ,"032, 622, 815"
200090: 7η ΠΑΝΕΠΙΣΤΗΜΙΟΥΠΟΛΗΣ,"200090","10522",7η ΠΑΝΕΠΙΣΤΗΜΙΟΥΠΟΛΗΣ,7th PANEPISTHMIOYPOLHS,ΕΝΤΟΣ ΠΑΝΕΠΙΣΤΗΜΙΟΥΠΟΛΗΣ,"221, 250, Ε90"
200091: ΤΟΠΟΓΡΑΦΩΝ ΜΗΧΑΝΙΚΩΝ,"200091","12321",ΤΟΠΟΓΡΑΦΩΝ ΜΗΧΑΝΙΚΩΝ,,ΕΝΤΟΣ ΠΑΝΕΠΙΣΤΗΜΙΟΥΠΟΛΗΣ,"242"
200093: ΠΥΛΗ,"200093","200093",ΠΥΛΗ,PYLH,ΕΝΤΟΣ ΠΑΝΕΠΙΣΤΗΜΙΟΥΠΟΛΗΣ,"221, 250, Ε90"
200094: 1η ΠΑΝΕΠΙΣΤΗΜΙΟΥΠΟΛΗΣ,"200094","200094",1η ΠΑΝΕΠΙΣΤΗΜΙΟΥΠΟΛΗΣ,1st PANEPISTHMIOYPOLHS,ΕΝΤΟΣ ΠΑΝΕΠΙΣΤΗΜΙΟΥΠΟΛΗΣ,"221, 250, Ε90"
200095: 2η ΠΑΝΕΠΙΣΤΗΜΙΟΥΠΟΛΗΣ,"200095","200095",2η ΠΑΝΕΠΙΣΤΗΜΙΟΥΠΟΛΗΣ,2nd PANEPISTHMIOYPOLHS,ΕΝΤΟΣ ΠΑΝΕΠΙΣΤΗΜΙΟΥΠΟΛΗΣ,"221, 250, Ε90"
200096: 3η ΠΑΝΕΠΙΣΤΗΜΙΟΥΠΟΛΗΣ,"200096","200096",3η ΠΑΝΕΠΙΣΤΗΜΙΟΥΠΟΛΗΣ,3rd PANEPISTHMIOYPOLHS,ΕΝΤΟΣ ΠΑΝΕΠΙΣΤΗΜΙΟΥΠΟΛΗΣ,"221, 250, Ε90"
200097: 4η ΠΑΝΕΠΙΣΤΗΜΙΟΥΠΟΛΗΣ,"200097","200097",4η ΠΑΝΕΠΙΣΤΗΜΙΟΥΠΟΛΗΣ,4th PANEPISTHMIOYPOLHS,ΕΝΤΟΣ ΠΑΝΕΠΙΣΤΗΜΙΟΥΠΟΛΗΣ,"221, 250, Ε90"
200098: 5η ΠΑΝΕΠΙΣΤΗΜΙΟΥΠΟΛΗΣ,"200098","200098",5η ΠΑΝΕΠΙΣΤΗΜΙΟΥΠΟΛΗΣ,5th PANEPISTHMIOYPOLHS,ΕΝΤΟΣ ΠΑΝΕΠΙΣΤΗΜΙΟΥΠΟΛΗΣ,"221, 250, Ε90"
200099: 6η ΠΑΝΕΠΙΣΤΗΜΙΟΥΠΟΛΗΣ,"200099","200099",6η ΠΑΝΕΠΙΣΤΗΜΙΟΥΠΟΛΗΣ,6th PANEPISTHMIOYPOLHS,ΕΝΤΟΣ ΠΑΝΕΠΙΣΤΗΜΙΟΥΠΟΛΗΣ,"221, 250, Ε90"
200100: ΓΕΩΛΟΓΙΑ,"200100","200100",ΓΕΩΛΟΓΙΑ,GEOLOGIA,ΕΝΤΟΣ ΠΑΝΕΠΙΣΤΗΜΙΟΥΠΟΛΗΣ,"221, 250, Ε90"
200101: ΓΡΑΜΜΑΤΕΙΑ,"200101","200101",ΓΡΑΜΜΑΤΕΙΑ,GRAMMATEIA,ΕΝΤΟΣ ΠΑΝΕΠΙΣΤΗΜΙΟΥΠΟΛΗΣ,"221, 250, Ε90"
200102: ΧΗΜΙΚΟ,"200102","200102",ΧΗΜΙΚΟ,XHMIKO,ΕΝΤΟΣ ΠΑΝΕΠΙΣΤΗΜΙΟΥΠΟΛΗΣ,"221, 250, Ε90"
200103: ΦΙΛΟΣΟΦΙΚΗ,"200103","200103",ΦΙΛΟΣΟΦΙΚΗ,FILOSOFIKH,ΕΝΤΟΣ ΠΑΝΕΠΙΣΤΗΜΙΟΥΠΟΛΗΣ,"221, 250, Ε90"
200104: ΘΕΟΛΟΓΙΚΗ,"200104","200104",ΘΕΟΛΟΓΙΚΗ,THEOLOGIKH,ΕΝΤΟΣ ΠΑΝΕΠΙΣΤΗΜΙΟΥΠΟΛΗΣ,"221, 250, Ε90"
200105: ΦΥΣΙΚΟ,"200105","200105",ΦΥΣΙΚΟ,FYSIKO,ΕΝΤΟΣ ΠΑΝΕΠΙΣΤΗΜΙΟΥΠΟΛΗΣ,"221, 250, Ε90"
200106: ΠΥΛΗ ΚΑΤΕΧΑΚΗ,"200106","10496",ΠΥΛΗ ΚΑΤΕΧΑΚΗ,PYLH KATEXAKH,ΕΝΤΟΣ ΠΟΛΥΤΕΧΝΕΙΟΥΠΟΛΗΣ,"242"
200107: ΠΥΛΗ ΚΑΙΣΑΡΙΑΝΗΣ,"200107","10956",ΠΥΛΗ ΚΑΙΣΑΡΙΑΝΗΣ,PYLH KAISARIANHS,,"250, Ε90"
20: ΑΝΩ ΚΥΨΕΛΗ,"20","10177",ΑΝΩ ΚΥΨΕΛΗ,ANO KYPSELH,,"035, 2, 4"
210001: ΓΙΩΡΓΟΥ,"210001","210001",ΓΙΩΡΓΟΥ,GIORGOY,ΔΗΜΟΚΡΑΤΙΑΣ,"206"
210002: ΠΛ. ΑΝΕΞΑΡΤΗΣΙΑΣ,"210002","210002",ΠΛ. ΑΝΕΞΑΡΤΗΣΙΑΣ,PL. ANEXARTHSIAS,ΠΛ.ΑΝΕΞΑΡΤΗΣΙΑΣ,"206"
210003: ΓΕΦΥΡΑΚΙ,"210003","210003",ΓΕΦΥΡΑΚΙ,GEFYRAKI,ΛΕΩΦ.ΔΗΜΟΚΡΑΤΙΑΣ,"206"
210004: ΑΓ. ΜΑΡΙΝΑ,"210004","210004",ΑΓ. ΜΑΡΙΝΑ,AG. MARINA,ΔΙΓΕΝΗ,"206"
210005: ΣΤ. ΣΑΡΑΦΗ,"210005","210005",ΣΤ. ΣΑΡΑΦΗ,ST. SARAFH,ΑΛ.ΠΑΝΑΓΟΥΛΗ,"206"
210006: ΧΑΒΙΑΡΙΔΟΥ,"210006","210006",ΧΑΒΙΑΡΙΔΟΥ,XABIARIDOY,ΑΛ.ΠΑΝΑΓΟΥΛΗ,"206"
210007: ΝΤΑΜΑΡΙΑ,"210007","210007",ΝΤΑΜΑΡΙΑ,NTAMARIA,ΑΝΑΣΤΑΣΕΩΣ,"206"
210008: ΑΡΧΙΜΗΔΟΥΣ,"210008","210008",ΑΡΧΙΜΗΔΟΥΣ,ARXIMHDOYS,ΑΡΧΙΜΗΔΟΥΣ,"206, 212"
210009: ΜΟΝΑΣΤΗΡΙ,"210009","210009",ΜΟΝΑΣΤΗΡΙ,MONASTHRI,ΑΡΧΙΜΗΔΟΥΣ,"206, 212"
210010: ΓΥΜΝΑΣΙΟ,"210010","210010",ΓΥΜΝΑΣΙΟ,GYMNASIO,ΑΛ.ΠΑΝΑΓΟΥΛΗ,"206, 212"
210013: ΑΘΗΝΑ,"210013","210013",ΑΘΗΝΑ,ATHINA,ΝΕΥΤΩΝΟΣ,"206, 212"
210017: ΑΝΑΣΤΑΣΕΩΣ,"210017","210017",ΑΝΑΣΤΑΣΕΩΣ,ANASTASEOS,ΑΝΑΣΤΑΣΕΩΣ,"212"
210018: ΜΟΝΑΣΤΗΡΙ,"210018","210018",ΜΟΝΑΣΤΗΡΙ,MONASTHRI,ΑΡΧΙΜΗΔΟΥΣ,"206, 212"
210019: ΑΡΧΙΜΗΔΟΥΣ,"210019","210019",ΑΡΧΙΜΗΔΟΥΣ,ARXIMHDOYS,ΑΡΧΙΜΗΔΟΥΣ,"206, 212"
210020: ΝΤΑΜΑΡΙΑ,"210020","210020",ΝΤΑΜΑΡΙΑ,NTAMARIA,ΑΝΑΣΤΑΣΕΩΣ,"206"
210021: ΧΑΒΙΑΡΙΔΟΥ,"210021","210021",ΧΑΒΙΑΡΙΔΟΥ,XABIARIDOY,ΑΛ.ΠΑΝΑΓΟΥΛΗ,"206"
210022: ΠΑΠΑΓΟΥ,"210022","210022",ΠΑΠΑΓΟΥ,PAPAGOY,ΑΛ.ΠΑΝΑΓΟΥΛΗ,"206"
210023: ΑΓ. ΜΑΡΙΝΑ,"210023","210023",ΑΓ. ΜΑΡΙΝΑ,AG. MARINA,ΔΙΓΕΝΗ,"206"
210024: ΓΕΦΥΡΑΚΙ,"210024","210024",ΓΕΦΥΡΑΚΙ,GEFYRAKI,ΛΕΩΦ.ΔΗΜΟΚΡΑΤΙΑΣ,"206"
210025: ΠΛ. ΑΝΕΞΑΡΤΗΣΙΑΣ,"210025","210025",ΠΛ. ΑΝΕΞΑΡΤΗΣΙΑΣ,PL. ANEXARTHSIAS,ΠΛ.ΑΝΕΞΑΡΤΗΣΙΑΣ,"206"
210026: ΓΙΩΡΓΟΥ,"210026","210026",ΓΙΩΡΓΟΥ,GIORGOY,ΔΗΜΟΚΡΑΤΙΑΣ,"206"
210027: ΛΥΚΟΥΡΓΟΥ,"210027","210027",ΛΥΚΟΥΡΓΟΥ,LYKOYRGOY,ΛΕΩΦ.ΜΑΡΙΝΟΥ ΑΝΤΥΠΑ,"140, 237"
210028: ΑΓ. ΚΩΝΣΤΑΝΤΙΝΟΣ,"210028","210028",ΑΓ. ΚΩΝΣΤΑΝΤΙΝΟΣ,AG. KONSTANTINOS,ΛΕΩΦ.ΜΑΡΙΝΟΥ ΑΝΤΥΠΑ,"140, 237"
210029: ΠΛ. ΚΑΝΑΡΙΑ,"210029","210029",ΠΛ. ΚΑΝΑΡΙΑ,PL. KANARIA,ΛΕΩΦ.ΜΑΡΙΝΟΥ ΑΝΤΥΠΑ,"140, 237"
210030: ΛΟΤΣΟΥ,"210030","210030",ΛΟΤΣΟΥ,LOTSOY,Α.ΠΑΠΑΝΔΡΕΟΥ,"237"
210031: ΝΗΣΑΚΙ,"210031","210031",ΝΗΣΑΚΙ,NHSAKI,Α.ΠΑΠΑΝΔΡΕΟΥ,"237"
210032: ΑΣΤΥΝΟΜΙΑ,"210032","210032",ΑΣΤΥΝΟΜΙΑ,ASTYNOMIA,ΛΕΩΦ.ΕΙΡΗΝΗΣ,"237"
210033: ΤΑΧΥΔΡΟΜΕΙΟ,"210033","210033",ΤΑΧΥΔΡΟΜΕΙΟ,TAXYDROMEIO,ΛΕΩΦ.ΕΙΡΗΝΗΣ,"237"
210034: ΠΛ. ΕΘΝ. ΑΝΤΙΣΤΑΣΕΩΣ,"210034","210034",ΠΛ. ΕΘΝ. ΑΝΤΙΣΤΑΣΕΩΣ,PL. ETHN. ANTISTASEOS,ΛΕΩΦ.ΕΙΡΗΝΗΣ,"237"
210036: ΠΑΡΑΘΥΡΑ,"210036","210036",ΠΑΡΑΘΥΡΑ,PARATHYRA,ΛΕΩΦ.ΠΡΩΤΟΠΑΠΠΑ,"237"
210037: ΠΛ. ΠΛΑΣΤΗΡΑ,"210037","210037",ΠΛ. ΠΛΑΣΤΗΡΑ,PL. PLASTHRA,ΠΡΩΤΟΠΑΠΠΑΑ,"237"
210039: ΠΑΛ.ΤΕΡΜΑ,"210039","210039",ΠΑΛ.ΤΕΡΜΑ,PAL.TERMA,ΗΡΩΩΝ ΠΟΛΥΤΕΧΝΕΙΟΥ,"201, 237"
210040: ΠΑΙΔΙΚΗ ΧΑΡΑ,"210040","210040",ΠΑΙΔΙΚΗ ΧΑΡΑ,PAIDIKH XARA,ΗΡΩΩΝ ΠΟΛΥΤΕΧΝΕΙΟΥ,"201, 237"
210043: ΜΑΚΕΔΟΝΙΑ,"210043","210043",ΜΑΚΕΔΟΝΙΑ,MAKEDONIA,ΜΑΚΕΔΟΝΙΑΣ,"237"
210044: ΚΕΦΑΛΛΗΝΙΑΣ,"210044","210044",ΚΕΦΑΛΛΗΝΙΑΣ,KEFALLHNIAS,ΚΕΦΑΛΛΗΝΙΑΣ,"237"
210045: 1η ΜΑΚΕΔΟΝΙΑΣ,"210045","210045",1η ΜΑΚΕΔΟΝΙΑΣ,1st MAKEDONIAS,ΜΑΚΕΔΟΝΙΑΣ,"237"
210047: ΠΑΙΔΙΚΗ ΧΑΡΑ,"210047","210047",ΠΑΙΔΙΚΗ ΧΑΡΑ,PAIDIKH XARA,ΗΡΩΩΝ ΠΟΛΥΤΕΧΝΕΙΟΥ,"201, 237"
210048: ΠΑΛ.ΤΕΡΜΑ,"210048","210048",ΠΑΛ.ΤΕΡΜΑ,PAL.TERMA,ΗΡΩΩΝ ΠΟΛΥΤΕΧΝΕΙΟΥ,"201, 237"
210049: ΑΕΡΟΠΟΡΙΑ,"210049","210049",ΑΕΡΟΠΟΡΙΑ,AEROPORIA,ΗΡΩΩΝ ΠΟΛΥΤΕΧΝΕΙΟΥ,"237"
210050: ΠΛΑΣΤΗΡΑ,"210050","210050",ΠΛΑΣΤΗΡΑ,PLASTHRA,ΛΕΩΦ.ΠΡΩΤΟΠΑΠΠΑ,"237"
210051: ΠΑΡΑΘΥΡΑ,"210051","210051",ΠΑΡΑΘΥΡΑ,PARATHYRA,ΛΕΩΦ.ΠΡΩΤΟΠΑΠΠΑ,"237"
210052: ΠΑΝΑΓΙΤΣΑ,"210052","210052",ΠΑΝΑΓΙΤΣΑ,PANAGITSA,ΛΕΩΦ.ΕΙΡΗΝΗΣ,"237"
210053: ΤΑΧΥΔΡΟΜΕΙΟ,"210053","210053",ΤΑΧΥΔΡΟΜΕΙΟ,TAXYDROMEIO,ΛΕΩΦ.ΕΙΡΗΝΗΣ,"237"
210054: ΣΧΟΛΕΙΑ,"210054","210054",ΣΧΟΛΕΙΑ,SXOLEIA,ΛΕΩΦ.ΕΙΡΗΝΗΣ,"237"
210055: ΝΗΣΑΚΙ,"210055","210055",ΝΗΣΑΚΙ,NHSAKI,Α.ΠΑΠΑΝΔΡΕΟΥ,"237"
210056: ΛΟΤΣΟΥ,"210056","210056",ΛΟΤΣΟΥ,LOTSOY,Α.ΠΑΠΑΝΔΡΕΟΥ,"237"
210057: ΠΛ. ΚΑΝΑΡΙΑ,"210057","210057",ΠΛ. ΚΑΝΑΡΙΑ,PL. KANARIA,ΛΕΩΦ.ΜΑΡΙΝΟΥ ΑΝΤΥΠΑ,"140, 237"
210058: ΑΓ. ΚΩΝ/ΝΟΣ,"210058","210058",ΑΓ. ΚΩΝ/ΝΟΣ,AG. KONSTANTINOS,ΛΕΩΦ.ΜΑΡΙΝΟΥ ΑΝΤΥΠΑ,"140, 237"
210059: ΛΥΚΟΥΡΓΟΥ,"210059","210059",ΛΥΚΟΥΡΓΟΥ,LYKOYRGOY,ΛΕΩΦ.ΜΑΡΙΝΟΥ ΑΝΤΥΠΑ,"140, 237"
210064: ΕΒΓΑ,"210064","210064",ΕΒΓΑ,EBGA,ΣΟΦ.ΒΕΝΙΖΕΛΟΥ,"164"
210065: ΠΛ. 25ης ΜΑΡΤΙΟΥ,"210065","210065",ΠΛ. 25ης ΜΑΡΤΙΟΥ,PL. 25th MARTIOY,ΚΥΠΡΙΩΝ ΗΡΩΩΝ,"140, 164"
210066: Ο.Τ.Ε,"210066","210066",Ο.Τ.Ε,O.T.E,ΛΕΩΦ.ΚΥΠΡΙΩΝ ΗΡΩΩΝ,"140, 164"
210067: ΑΓ.  ΠΑΡΑΣΚΕΥΗΣ,"210067","210067",ΑΓ.  ΠΑΡΑΣΚΕΥΗΣ,AG. PARASKEYH,ΛΕΩΦ.ΚΥΠΡΙΩΝ ΗΡΩΩΝ,"140, 164"
210068: ΑΙΝΤΑ,"210068","210068",ΑΙΝΤΑ,AINTA,ΛΕΩΦ.ΚΥΠΡΙΩΝ ΗΡΩΩΝ,"140, 164"
210069: ΑΙΝΤΑ,"210069","210069",ΑΙΝΤΑ,AINTA,ΚΥΠΡΙΩΝ ΗΡΩΩΝ,"140, 164"
210070: ΑΓ. ΠΑΡΑΣΚΕΥΗ,"210070","210070",ΑΓ. ΠΑΡΑΣΚΕΥΗ,AG. PARASKEYH,ΛΕΩΦ.ΚΥΠΡΙΩΝ ΗΡΩΩΝ,"140, 164"
210071: Ο.Τ.Ε,"210071","210071",Ο.Τ.Ε,O.T.E,ΛΕΩΦ.ΚΥΠΡΙΩΝ ΗΡΩΩΝ,"140, 164"
210072: ΠΛ. 25ης ΜΑΡΤΙΟΥ,"210072","210072",ΠΛ. 25ης ΜΑΡΤΙΟΥ,PL. 25th MARTIOY,ΣΟΦ.ΒΕΝΙΖΕΛΟΥ,"164"
210074: ΦΟΥΡΝΟΣ,"210074","210074",ΦΟΥΡΝΟΣ,FOYRNOS,ΣΟΦ.ΒΕΝΙΖΕΛΟΥ,"164, 201"
210075: ΚΟΝΤΟΠΗΓΑΔΟ - ΣΤ. ΑΛΙΜΟΣ,"210075","210075",ΚΟΝΤΟΠΗΓΑΔΟ - ΣΤ. ΑΛΙΜΟΣ,KONTOPIGADO - ST. ALIMOS,ΛΕΩΦ.ΒΟΥΛΙΑΓΜΕΝΗΣ,"101, 790, Α3"
210076: ΑΝΕΜΩΝΑ,"210076","210076",ΑΝΕΜΩΝΑ,ANEMONA,ΛΕΩΦ.ΒΟΥΛΙΑΓΜΕΝΗΣ,"101, 790, Α3"
210077: ΝΟΡΜΑ,"210077","210077",ΝΟΡΜΑ,NORMA,ΛΕΩΦ.ΒΟΥΛΙΑΓΜΕΝΗΣ,"101, 790, Α3"
210078: ΣΤ. ΗΛΙΟΥΠΟΛΗ,"210078","210078",ΣΤ. ΗΛΙΟΥΠΟΛΗ,ST. HLIOYPOLH,ΛΕΩΦ.ΒΟΥΛΙΑΓΜΕΝΗΣ,"790, Α3, Χ97"
210079: ΚΑΡΑΜΑΛΕΓΚΟΥ,"210079","210079",ΚΑΡΑΜΑΛΕΓΚΟΥ,KARAMALEGKOY,ΛΕΩΦ.ΒΟΥΛΙΑΓΜΕΝΗΣ,"109, 164, 201, 790, Α3"
210080: ΑΓ. ΒΑΣΙΛΕΙΟΣ,"210080","210080",ΑΓ. ΒΑΣΙΛΕΙΟΣ,AG. BASILEIOS,ΛΕΩΦ.ΒΟΥΛΙΑΓΜΕΝΗΣ,"109, 164, 201, 790, Α3"
210081: ΑΘΗΝΑΣ,"210081","210081",ΑΘΗΝΑΣ,ATHINAS,ΛΕΩΦ.ΒΟΥΛΙΑΓΜΕΝΗΣ,"109, 164, 201, 790, Α3"
210082: ΕΛΚΑ - ΣΤ. ΑΓ. ΔΗΜΗΤΡΙΟΣ,"210082","210082",ΕΛΚΑ - ΣΤ. ΑΓ. ΔΗΜΗΤΡΙΟΣ,ELKA - ST. AG. DHMHTRIOS,ΛΕΩΦ.ΒΟΥΛΙΑΓΜΕΝΗΣ,"164, 790, Α3, Χ97"
210083: ΒΕΝΙΖΕΛΟΥ,"210083","210083",ΒΕΝΙΖΕΛΟΥ,BENIZELOY,ΗΡΩΩΝ ΠΟΛΥΤΕΧΝΕΙΟΥ,"201"
210084: ΑΕΡΟΠΟΡΙΑ,"210084","210084",ΑΕΡΟΠΟΡΙΑ,AEROPORIA,ΗΡΩΩΝ ΠΟΛΥΤΕΧΝΕΙΟΥ,"201, 237"
210086: ΚΑΡΑΙΣΚΑΚΗ,"210086","210086",ΚΑΡΑΙΣΚΑΚΗ,KARAISKAKH,ΗΡΩΩΝ ΠΟΛΥΤΕΧΝΕΙΟΥ,"201"
210087: ΔΩΔΕΚΑΝΗΣΟΥ,"210087","210087",ΔΩΔΕΚΑΝΗΣΟΥ,DODEKANHSOY,ΘΡΑΚΗΣ,"237"
210090: ΘΕΣΣΑΛΙΑΣ,"210090","210090",ΘΕΣΣΑΛΙΑΣ,THESSALIAS,ΘΡΑΚΗΣ,"237"
210091: ΘΡΑΚΗΣ,"210091","210091",ΘΡΑΚΗΣ,THRAKHS,ΗΠΕΙΡΟΥ,"237"
210093: 2ας ΜΕΡΑΡΧΙΑΣ,"210093","210093",2ας ΜΕΡΑΡΧΙΑΣ,2nd MERARXIAS,2ας ΜΕΡΑΡΧΙΑΣ,"237"
210095: 2η ΜΑΚΕΔΟΝΙΑΣ,"210095","210095",2η ΜΑΚΕΔΟΝΙΑΣ,2nd MAKEDONIAS,ΜΑΚΕΔΟΝΙΑΣ,"237"
210096: 3η ΜΑΚΕΔΟΝΙΑΣ,"210096","210096",3η ΜΑΚΕΔΟΝΙΑΣ,3rd MAKEDONIAS,ΜΑΚΕΔΟΝΙΑΣ,"237"
210097: ΕΥΔΑΠ,"210097","210097",ΕΥΔΑΠ,EYDAP,ΗΡΩΩΝ ΠΟΛΥΤΕΧΝΕΙΟΥ,"201"
210099: ΕΥΔΑΠ,"210099","210099",ΕΥΔΑΠ,EYDAP,ΗΡΩΩΝ ΠΟΛΥΤΕΧΝΕΙΟΥ,"201"
210101: ΠΛ. ΠΑΛ. ΠΑΤΡΩΝ ΓΕΡΜΑΝΟΥ,"210101","210101",ΠΛ. ΠΑΛ. ΠΑΤΡΩΝ ΓΕΡΜΑΝΟΥ,PL. PAL. PATRON GERMANOY,ΠΛ.ΠΑΛ.ΠΑΤΡΩΝ ΓΕΡΜΑΝΟΥ,"140, 201"
210105: ΓΑΒΡΙΗΛΙΔΗ,"210105","210105",ΓΑΒΡΙΗΛΙΔΗ,GABRIHLIDH,ΗΡΩΣ ΚΩΝΣΤΑΝΤΟΠΟΥΛΟΥ,"201"
210106: ΓΥΜΝΑΣΤΗΡΙΟ,"210106","210106",ΓΥΜΝΑΣΤΗΡΙΟ,GYMNASTHRIO,ΗΡΩΣ ΚΩΝΣΤΑΝΤΟΠΟΥΛΟΥ,"201"
210107: ΧΕΥΔΕΝ,"210107","210107",ΧΕΥΔΕΝ,XEYDEN,ΗΡΩΣ ΚΩΝΣΤΑΝΤΟΠΟΥΛΟΥ,"201"
210108: ΠΑΠΑΦΛΕΣΣΑ,"210108","210108",ΠΑΠΑΦΛΕΣΣΑ,PAPAFLESSA,ΣΟΦ.ΒΕΝΙΖΕΛΟΥ,"201"
210109: ΠΑΠΑΦΛΕΣΣΑ,"210109","210109",ΠΑΠΑΦΛΕΣΣΑ,PAPAFLESSA,ΣΟΦ.ΒΕΝΙΖΕΛΟΥ,"201"
210110: ΓΥΜΝΑΣΤΗΡΙΟ,"210110","210110",ΓΥΜΝΑΣΤΗΡΙΟ,GYMNASTHRIO,ΗΡΩΣ ΚΩΝΣΤΑΝΤΟΠΟΥΛΟΥ,"201"
210111: ΒΕΑΚΗ,"210111","210111",ΒΕΑΚΗ,BEAKH,ΗΡΩΣ ΚΩΝΣΤΑΝΤΟΠΟΥΛΟΥ,"201"
210112: ΑΛΕΞΑΝΔΡΕΙΑΣ,"210112","210112",ΑΛΕΞΑΝΔΡΕΙΑΣ,ALEXANDREIAS,ΗΡΩΣ ΚΩΝΣΤΑΝΤΟΠΟΥΛΟΥ,"201"
210114: ΑΣΤΥΝΟΜΙΚΑ,"210114","210114",ΑΣΤΥΝΟΜΙΚΑ,ASTYNOMIKA,ΚΡΙΕΖΗ,"237"
210115: ΦΟΥΡΝΟΣ,"210115","210115",ΦΟΥΡΝΟΣ,FOYRNOS,ΣΟΦ.ΒΕΝΙΖΕΛΟΥ,"164"
210116: ΔΑΜΑΣΚΗΝΟΥ,"210116","210116",ΔΑΜΑΣΚΗΝΟΥ,DAMASKHNOY,ΑΡΧ.ΔΑΜΑΣΚΗΝΟΥ,"237"
210117: ΙΚΑ,"210117","210117",ΙΚΑ,IKA,ΠΛ.ΠΑΛ.ΠΑΤΡΩΝ ΓΕΡΜΑΝΟΥ,"140, 201"
210118: ΑΓ. ΝΙΚΟΛΑΟΣ,"210118","210118",ΑΓ. ΝΙΚΟΛΑΟΣ,AG. NIKOLAOS,ΚΟΤΖΙΑ,"140, 201"
210119: ΑΓ. ΝΙΚΟΛΑΟΣ,"210119","210119",ΑΓ. ΝΙΚΟΛΑΟΣ,AG. NIKOLAOS,ΚΟΤΖΙΑ,"140, 201"
210120: ΠΛ. ΠΟΛΥΤΕΧΝΕΙΟΥ,"210120","210120",ΠΛ. ΠΟΛΥΤΕΧΝΕΙΟΥ,PL. POLYTEXNEIOY,ΠΛ.ΠΟΛΥΤΕΧΝΕΙΟΥ,"237"
210121: ΚΑΡΑΜΟΛΕΓΚΟΥ,"210121","210121",ΚΑΡΑΜΟΛΕΓΚΟΥ,KARAMOLEGKOY,ΠΑΡΑΔΡΟΜΟ Λ.ΒΟΥΛΙΑΓΜΕΝΗΣ,"164, 201"
210122: ΠΛΑΤΩΝΟΣ,"210122","210122",ΠΛΑΤΩΝΟΣ,PLATONOS,ΣΟΦ.ΒΕΝΙΖΕΛΟΥ,"164, 201"
210123: ΑΛΕΞΑΝΔΡΕΙΑΣ,"210123","210123",ΑΛΕΞΑΝΔΡΕΙΑΣ,ALEXANDREIAS,ΗΡΩΣ ΚΩΝΣΤΑΝΤΟΠΟΥΛΟΥ,"201"
210124: ΚΑΛΒΟΥ,"210124","210124",ΚΑΛΒΟΥ,KALBOY,ΗΡΩΣ ΚΩΝΣΤΑΝΤΟΠΟΥΛΟΥ,"201"
210126: ΡΑΓΚΑΒΗ,"210126","210126",ΡΑΓΚΑΒΗ,RAGKABH,ΗΡΩΣ ΚΩΝΣΤΑΝΤΟΠΟΥΛΟΥ,"201"
210127: ΡΟΙΔΗ,"210127","210127",ΡΟΙΔΗ,ROIDH,ΗΡΩΣ ΚΩΝΣΤΑΝΤΟΠΟΥΛΟΥ,"201"
210128: ΠΛ. 25ης ΜΑΡΤΙΟΥ,"210128","210128",ΠΛ. 25ης ΜΑΡΤΙΟΥ,PL. 25th MARTIOY,ΚΟΤΖΙΑ,"140, 201"
210134: ΑΝΑΣΤΑΣΕΩΣ,"210134","210134",ΑΝΑΣΤΑΣΕΩΣ,ANASTASEOS,ΑΝΑΣΤΑΣΕΩΣ,"212"
210135: ΜΑΡ. ΑΝΤΥΠΑ,"210135","210135",ΜΑΡ. ΑΝΤΥΠΑ,MAR. ANTYPA,ΜΑΡ.ΑΝΤΥΠΑ,"201"
210139: ΣΤ. ΗΛΙΟΥΠΟΛΗ,"210139","210139",ΣΤ. ΗΛΙΟΥΠΟΛΗ,ST. HLIOYPOLH,ΠΥΡΩΝΟΣ,"164, 201"
210140: ΚΟΡΑΗ,"210140","11495",ΚΟΡΑΗ,KORAH,,"164"
210141: ΑΡΓΟΝΑΥΤΩΝ,"210141","11529",ΑΡΓΟΝΑΥΤΩΝ,ARGONAYTON,,"140, 201"
21: ΠΕΤΡΑΛΩΝΑ,"21","10178",ΠΕΤΡΑΛΩΝΑ,PETRALONA,,"035"
220002: ΖΕΦΥΡΟΣ,"220002","220002",ΖΕΦΥΡΟΣ,ZEFYROS,ΛΕΩΦ.ΗΡΑΚΛΕΙΟΥ,"500, Α8"
220003: ΑΣΤΕΡΙΑ,"220003","220003",ΑΣΤΕΡΙΑ,ASTERIA,ΛΕΩΦ.ΗΡΑΚΛΕΙΟΥ,"500, Α8"
220005: 7η ΗΡΑΚΛΕΙΟΥ,"220005","220005",7η ΗΡΑΚΛΕΙΟΥ,7th HRAKLEIOY,ΠΟΛΥΤΕΧΝΕΙΟΥ,"640"
220006: 8η ΗΡΑΚΛΕΙΟΥ,"220006","220006",8η ΗΡΑΚΛΕΙΟΥ,8th HRAKLEIOY,ΠΟΛΥΤΕΧΝΕΙΟΥ,"640"
220007: 9η ΗΡΑΚΛΕΙΟΥ,"220007","220007",9η ΗΡΑΚΛΕΙΟΥ,9th HRAKLEIOY,ΠΟΛΥΤΕΧΝΕΙΟΥ,"640"
220008: 10η ΗΡΑΚΛΕΙΟΥ,"220008","220008",10η ΗΡΑΚΛΕΙΟΥ,10th HRAKLEIOY,ΗΛΕΚΤΡΑΣ ΑΠΟΣΤΟΛΟΥ,"640"
220009: 11η ΗΡΑΚΛΕΙΟΥ,"220009","220009",11η ΗΡΑΚΛΕΙΟΥ,11th HRAKLEIOY,ΗΛΕΚΤΡΑΣ ΑΠΟΣΤΟΛΟΥ,"640"
220010: 12η ΗΡΑΚΛΕΙΟΥ,"220010","220010",12η ΗΡΑΚΛΕΙΟΥ,12th HRAKLEIOY,ΑΥΓΗΣ,"640"
220011: ΠΑΛ.ΤΕΡΜΑ,"220011","220011",ΠΑΛ.ΤΕΡΜΑ,PAL.TERMA,ΑΥΓΗΣ,"640"
220012: Σ. ΚΑΡΑΓΙΩΡΓΗ,"220012","220012",Σ. ΚΑΡΑΓΙΩΡΓΗ,S. KARAGIORGH,ΚΑΣΤΑΜΟΝΗΣ,"602"
220013: ΠΑΛ.ΤΕΡΜΑ,"220013","220013",ΠΑΛ.ΤΕΡΜΑ,PAL.TERMA,ΑΝΑΤΟΛΗΣ,"642"
220014: 12η ΗΡΑΚΛΕΙΟΥ,"220014","220014",12η ΗΡΑΚΛΕΙΟΥ,12th HRAKLEIOY,ΑΝΑΤΟΛΗΣ,"642"
220016: 10η ΗΡΑΚΛΕΙΟΥ,"220016","220016",10η ΗΡΑΚΛΕΙΟΥ,10th HRAKLEIOY,ΗΛΕΚΤΡΑΣ ΑΠΟΣΤΟΛΟΥ,"642"
220017: 9η ΗΡΑΚΛΕΙΟΥ,"220017","220017",9η ΗΡΑΚΛΕΙΟΥ,9th HRAKLEIOY,ΗΛΕΚΤΡΑΣ ΑΠΟΣΤΟΛΟΥ,"642"
220018: 8η ΗΡΑΚΛΕΙΟΥ,"220018","220018",8η ΗΡΑΚΛΕΙΟΥ,8th HRAKLEIOY,ΚΟΥΝΤΟΥΡΙΩΤΟΥ,"642"
220019: ΑΣΤΕΡΙΑ,"220019","220019",ΑΣΤΕΡΙΑ,ASTERIA,ΛΕΩΦ.ΗΡΑΚΛΕΙΟΥ,"500, 642, Α8"
220020: ΖΕΦΥΡΟΣ,"220020","220020",ΖΕΦΥΡΟΣ,ZEFYROS,ΛΕΩΦ.ΗΡΑΚΛΕΙΟΥ,"500, 642, Α8"
220021: ΚΑΛΛΙΚΡΑΤΟΥΣ,"220021","220021",ΚΑΛΛΙΚΡΑΤΟΥΣ,KALLIKRATOYS,ΒΑΡΝΑΛΗ,"642"
220024: 3η ΑΓ. ΝΕΚΤΑΡΙΟΥ,"220024","220024",3η ΑΓ. ΝΕΚΤΑΡΙΟΥ,3rd AG. NEKTARIOY,ΑΓ.ΝΕΚΤΑΡΙΟΥ,"642"
220025: 4η ΑΓ. ΝΕΚΤΑΡΙΟΥ,"220025","220025",4η ΑΓ. ΝΕΚΤΑΡΙΟΥ,4th AG. NEKTARIOY,ΔΡΥΑΔΩΝ,"642"
220026: 5η ΑΓ. ΝΕΚΤΑΡΙΟΥ,"220026","220026",5η ΑΓ. ΝΕΚΤΑΡΙΟΥ,5th AG. NEKTARIOY,ΔΡΥΑΔΩΝ,"642"
220027: 6η ΑΓ. ΝΕΚΤΑΡΙΟΥ,"220027","220027",6η ΑΓ. ΝΕΚΤΑΡΙΟΥ,6th AG. NEKTARIOY,ΔΡΥΑΔΩΝ,"642"
220028: 3η ΑΜΑΡΟΥΣΙΟΥ,"220028","220028",3η ΑΜΑΡΟΥΣΙΟΥ,3rd AMAROYSIOY,ΛΕΩΦ.ΗΡΑΚΛΕΙΟΥ,"500, 642, Α8"
220029: 1η ΠΕΥΚΗΣ,"220029","220029",1η ΠΕΥΚΗΣ,1st PEYKHS,ΜΑΡΑΘΩΝΟΣ,"642"
220030: 2η ΠΕΥΚΗΣ,"220030","220030",2η ΠΕΥΚΗΣ,2nd PEYKHS,ΠΕΥΚΩΝ,"642"
220031: 3η ΠΕΥΚΗΣ,"220031","220031",3η ΠΕΥΚΗΣ,3rd PEYKHS,ΠΕΥΚΩΝ,"642"
220032: 4η ΠΕΥΚΗΣ,"220032","220032",4η ΠΕΥΚΗΣ,4th PEYKHS,ΠΕΥΚΩΝ,"642"
220033: 5η ΠΕΥΚΗΣ,"220033","220033",5η ΠΕΥΚΗΣ,5th PEYKHS,ΠΛΑΠΟΥΤΑ,"500, 642"
220034: 6η ΠΕΥΚΗΣ,"220034","220034",6η ΠΕΥΚΗΣ,6th PEYKHS,ΠΛΑΠΟΥΤΑ,"500, 642"
220035: ΠΕΤΡΟΥΛΑ,"220035","220035",ΠΕΤΡΟΥΛΑ,PETROYLA,ΚΑΣΤΑΜΟΝΗΣ,"602"
220036: 8η ΠΕΥΚΗΣ,"220036","220036",8η ΠΕΥΚΗΣ,8th PEYKHS,ΠΛΑΠΟΥΤΑ,"500, 642"
220037: 6η ΠΕΥΚΗΣ,"220037","220037",6η ΠΕΥΚΗΣ,6th PEYKHS,ΠΛΑΠΟΥΤΑ,"500, 640, 642"
220038: 5η ΠΕΥΚΗΣ,"220038","220038",5η ΠΕΥΚΗΣ,5th PEYKHS,ΠΛΑΠΟΥΤΑ,"500, 640"
220039: 4η ΠΕΥΚΗΣ,"220039","220039",4η ΠΕΥΚΗΣ,4th PEYKHS,ΠΕΥΚΩΝ,"500, 640"
220042: ΣΤΡΟΦΗ ΠΕΥΚΗΣ,"220042","220042",ΣΤΡΟΦΗ ΠΕΥΚΗΣ,STROFH PEYKHS,ΛΕΩΦ.ΗΡΑΚΛΕΙΟΥ,"500, 640, Α8"
220043: 3η ΑΜΑΡΟΥΣΙΟΥ,"220043","220043",3η ΑΜΑΡΟΥΣΙΟΥ,3rd AMAROYSIOY,ΛΕΩΦ.ΗΡΑΚΛΕΙΟΥ,"500, 640, Α8"
220044: 6η ΚΑΝΑΠΙΤΣΑΣ,"220044","220044",6η ΚΑΝΑΠΙΤΣΑΣ,6th KANAPITSAS,ΔΡΥΑΔΩΝ,"640"
220045: 5η ΚΑΝΑΠΙΤΣΑΣ,"220045","220045",5η ΚΑΝΑΠΙΤΣΑΣ,5th KANAPITSAS,ΔΡΥΑΔΩΝ,"640"
220046: ΓΕΦΥΡΑ,"220046","220046",ΓΕΦΥΡΑ,GEFYRA,ΠΡΑΣΙΝΟΥ ΛΟΦΟΥ,"642"
220047: ΑΓ.  ΛΑΥΡΑΣ,"220047","220047",ΑΓ.  ΛΑΥΡΑΣ,AG. LAYRAS,ΑΓΙΑΣ ΛΑΥΡΑΣ,"640"
220048: 2η ΑΓ. ΝΕΚΤΑΡΙΟΥ,"220048","220048",2η ΑΓ. ΝΕΚΤΑΡΙΟΥ,2nd AG. NEKTARIOY,ΑΓ.ΝΕΚΤΑΡΙΟΥ,"640"
220049: 1η ΑΓ. ΝΕΚΤΑΡΙΟΥ,"220049","220049",1η ΑΓ. ΝΕΚΤΑΡΙΟΥ,1st AG. NEKTARIOY,ΑΓ.ΝΕΚΤΑΡΙΟΥ,"640"
220050: 4η ΑΜΑΡΟΥΣΙΟΥ,"220050","220050",4η ΑΜΑΡΟΥΣΙΟΥ,4th AMAROYSIOY,ΛΕΩΦ.ΗΡΑΚΛΕΙΟΥ,"500, Α8"
220052: 6η ΑΜΑΡΟΥΣΙΟΥ,"220052","220052",6η ΑΜΑΡΟΥΣΙΟΥ,6th AMAROYSIOY,ΛΕΩΦ.ΗΡΑΚΛΕΙΟΥ,Α8
220053: 7η ΑΜΑΡΟΥΣΙΟΥ,"220053","220053",7η ΑΜΑΡΟΥΣΙΟΥ,7th AMAROYSIOY,ΛΕΩΦ.ΗΡΑΚΛΕΙΟΥ,Α8
220054: 8η ΑΜΑΡΟΥΣΙΟΥ,"220054","220054",8η ΑΜΑΡΟΥΣΙΟΥ,8th AMAROYSIOY,ΛΕΩΦ.ΑΜΑΡΟΥΣΙΟΥ,Α8
220055: 9η ΑΜΑΡΟΥΣΙΟΥ,"220055","220055",9η ΑΜΑΡΟΥΣΙΟΥ,9th AMAROYSIOY,ΛΕΩΦ.ΑΜΑΡΟΥΣΙΟΥ,Α8
220056: 10η ΑΜΑΡΟΥΣΙΟΥ,"220056","220056",10η ΑΜΑΡΟΥΣΙΟΥ,10th AMAROYSIOY,ΛΕΩΦ.ΑΜΑΡΟΥΣΙΟΥ,"541, Α8"
220057: 7η ΑΜΑΡΟΥΣΙΟΥ,"220057","220057",7η ΑΜΑΡΟΥΣΙΟΥ,7th AMAROYSIOY,ΛΕΩΦ.ΗΡΑΚΛΕΙΟΥ,Α8
220058: 6η ΑΜΑΡΟΥΣΙΟΥ,"220058","220058",6η ΑΜΑΡΟΥΣΙΟΥ,6th AMAROYSIOY,ΛΕΩΦ.ΗΡΑΚΛΕΙΟΥ,Α8
220059: ΣΤ. ΠΡΟΑΣΤ. ΗΡΑΚΛΕΙΟ,"220059","220059",ΣΤ. ΠΡΟΑΣΤ. ΗΡΑΚΛΕΙΟ,ST. PROAST. HRAKLEIO,ΛΕΩΦ.ΗΡΑΚΛΕΙΟΥ,"500, 640, Α8"
220060: 2η ΑΜΑΡΟΥΣΙΟΥ,"220060","220060",2η ΑΜΑΡΟΥΣΙΟΥ,2nd AMAROYSIOY,ΛΕΩΦ.ΗΡΑΚΛΕΙΟΥ,"500, Α8"
220061: 2η ΑΜΑΡΟΥΣΙΟΥ,"220061","220061",2η ΑΜΑΡΟΥΣΙΟΥ,2nd AMAROYSIOY,ΛΕΩΦ.ΗΡΑΚΛΕΙΟΥ,"500, Α8"
220063: ΤΡΟΙΑΣ,"220063","220063",ΤΡΟΙΑΣ,TROIAS,ΛΕΩΦ.ΗΡΑΚΛΕΙΟΥ,"500, 640, Α8"
220064: ΣΧΟΛΕΙΑ,"220064","220064",ΣΧΟΛΕΙΑ,SXOLEIA,ΙΦΙΓΕΝΕΙΑΣ,"640"
220065: ΤΕΡΜΑ (ΣΙΔΕΡΑ),"220065","220065",ΤΕΡΜΑ (ΣΙΔΕΡΑ),TERMA (SIDERA),Μ.ΜΕΡΚΟΥΡΗ,"602, 640, 642"
220069: ΒΑΛΤΕΤΣΙΟΥ,"220069","220069",ΒΑΛΤΕΤΣΙΟΥ,BALTETSIOY,ΠΡΑΣΙΝΟΥ ΛΟΦΟΥ,"640"
220070: ΓΕΦΥΡΑ,"220070","220070",ΓΕΦΥΡΑ,GEFYRA,ΠΡΑΣΙΝΟΥ ΛΟΦΟΥ,"640"
220071: 4η ΚΑΝΑΠΙΤΣΑΣ,"220071","220071",4η ΚΑΝΑΠΙΤΣΑΣ,4th KANAPITSAS,ΔΡΥΑΔΩΝ,"640"
220072: 3η ΚΑΝΑΠΙΤΣΑΣ,"220072","220072",3η ΚΑΝΑΠΙΤΣΑΣ,3rd KANAPITSAS,ΑΓ.ΝΕΚΤΑΡΙΟΥ,"640"
220074: ΑΓ. ΘΗΡΕΣΙΑ,"220074","220074",ΑΓ. ΘΗΡΕΣΙΑ,AG. THIRESIA,ΙΦΙΓΕΝΕΙΑΣ,"640"
220076: ΤΡΟΙΑΣ,"220076","220076",ΤΡΟΙΑΣ,TROIAS,ΛΕΩΦ.ΗΡΑΚΛΕΙΟΥ,"500, Α8"
220079: 7η ΠΕΥΚΗΣ,"220079","220079",7η ΠΕΥΚΗΣ,7th PEYKHS,ΠΛΑΠΟΥΤΑ,"500, 642"
220080: ΠΛΑΠΟΥΤΑ,"220080","220080",ΠΛΑΠΟΥΤΑ,PLAPOYTA,ΠΛΑΠΟΥΤΑ,"500, 642"
220081: ΣΧΟΛΕΙΟ,"220081","220081",ΣΧΟΛΕΙΟ,SXOLEIO,ΑΤΤΙΚΗΣ,"642"
220082: ΔΕΞΑΜΕΝΗ,"220082","220082",ΔΕΞΑΜΕΝΗ,DEXAMENH,ΠΡΑΣΙΝΟΥ ΛΟΦΟΥ,"642"
220083: ΖΕΦΥΡΟΥ,"220083","220083",ΖΕΦΥΡΟΥ,ZEFYROY,ΑΤΤΙΚΗΣ,"642"
220085: ΠΗΓΗ,"220085","220085",ΠΗΓΗ,PHGH,ΔΩΔΕΚΑΝΗΣΟΥ,"500"
220086: ΣΤ. ΠΡΟΑΣΤ. ΗΡΑΚΛΕΙΟ,"220086","220086",ΣΤ. ΠΡΟΑΣΤ. ΗΡΑΚΛΕΙΟ,ST. PROAST. HRAKLEIO,ΛΕΩΦ.ΗΡΑΚΛΕΙΟΥ,"500, Α8"
220088: ΙΚΑ,"220088","220088",ΙΚΑ,IKA,ΛΕΩΦ.ΗΡΑΚΛΕΙΟΥ,"642"
220091: ΕΥΤΥΧΙΑΣ,"220091","220091",ΕΥΤΥΧΙΑΣ,EYTYXIAS,ΜΠΙΖΑΝΙΟΥ,"642"
220092: 25ης ΜΑΡΤΙΟΥ,"220092","220092",25ης ΜΑΡΤΙΟΥ,25th MARTIOY,ΛΕΩΦ. ΑΜΑΡΟΥΣΙΟΥ,Α8
22: ΙΠΠΟΚΡΑΤΟΥΣ,"22","10179",ΙΠΠΟΚΡΑΤΟΥΣ,IPPOKRATOYS,,"025, 026"
230002: 9η ΦΟΡΜΙΩΝΟΣ,"230002","230002",9η ΦΟΡΜΙΩΝΟΣ,9th FORMIONOS,ΦΟΡΜΙΩΝΟΣ,"214"
230003: 8η ΦΟΡΜΙΩΝΟΣ,"230003","230003",8η ΦΟΡΜΙΩΝΟΣ,8th FORMIONOS,ΦΟΡΜΙΩΝΟΣ,"214"
230008: ΦΑΡΜΑΚΕΙΟ,"230008","230008",ΦΑΡΜΑΚΕΙΟ,FARMAKEIO,ΕΘΝΙΚΗΣ ΑΝΤΙΣΤΑΣΕΩΣ,"224"
230009: ΠΑΝΑΓΙΤΣΑ,"230009","230009",ΠΑΝΑΓΙΤΣΑ,PANAGITSA,ΕΘΝΙΚΗΣ ΑΝΤΙΣΤΑΣΕΩΣ,"224"
230010: 8η ΚΑΙΣΑΡΙΑΝΗΣ,"230010","230010",8η ΚΑΙΣΑΡΙΑΝΗΣ,8th KAISARIANHS,ΕΘΝΙΚΗΣ ΑΝΤΙΣΤΑΣΗΣ,"224"
230011: 9η ΚΑΙΣΑΡΙΑΝΗΣ,"230011","230011",9η ΚΑΙΣΑΡΙΑΝΗΣ,9th KAISARIANHS,ΕΘΝΙΚΗΣ ΑΝΤΙΣΤΑΣΗΣ,"224"
230012: 10η ΚΑΙΣΑΡΙΑΝΗΣ,"230012","230012",10η ΚΑΙΣΑΡΙΑΝΗΣ,10th KAISARIANHS,ΕΘΝΙΚΗΣ ΑΝΤΙΣΤΑΣΗΣ,"224"
230013: 11η ΚΑΙΣΑΡΙΑΝΗΣ,"230013","230013",11η ΚΑΙΣΑΡΙΑΝΗΣ,11th KAISIARIANHS,ΕΘΝΙΚΗΣ ΑΝΤΙΣΤΑΣΗΣ,"224"
230014: ΠΑΛ.ΤΕΡΜΑ,"230014","230014",ΠΑΛ.ΤΕΡΜΑ,PAL.TERMA,ΕΘΝΙΚΗΣ ΑΝΤΙΣΤΑΣΗΣ,"224"
230016: 11η ΚΑΙΣΑΡΙΑΝΗΣ,"230016","230016",11η ΚΑΙΣΑΡΙΑΝΗΣ,11th KAISARIANHS,ΕΘΝΙΚΗΣ ΑΝΤΙΣΤΑΣΕΩΣ,"224"
230017: 10η ΚΑΙΣΑΡΙΑΝΗΣ,"230017","230017",10η ΚΑΙΣΑΡΙΑΝΗΣ,10th KAISARIANHS,ΕΘΝΙΚΗΣ ΑΝΤΙΣΤΑΣΗΣ,"224"
230018: 9η ΚΑΙΣΑΡΙΑΝΗΣ,"230018","230018",9η ΚΑΙΣΑΡΙΑΝΗΣ,9th KAISARIANHS,ΕΘΝΙΚΗΣ ΑΝΤΙΣΤΑΣΗΣ,"224"
230019: 8η ΚΑΙΣΑΡΙΑΝΗΣ,"230019","230019",8η ΚΑΙΣΑΡΙΑΝΗΣ,8th KAISARIANHS,ΕΘΝΙΚΗΣ ΑΝΤΙΣΤΑΣΗΣ,"224"
230020: ΠΑΝΑΓΙΤΣΑ,"230020","230020",ΠΑΝΑΓΙΤΣΑ,PANAGITSA,ΕΘΝΙΚΗΣ ΑΝΤΙΣΤΑΣΗΣ,"224"
230021: ΦΑΡΜΑΚΕΙΟ,"230021","230021",ΦΑΡΜΑΚΕΙΟ,FARMAKEIO,ΕΘΝΙΚΗΣ ΑΝΤΙΣΤΑΣΗΣ,"224"
230025: 2η ΣΧΟΛΕΙΟ,"230025","230025",2η ΣΧΟΛΕΙΟ,2nd SXOLEIO,ΕΥΦΡΟΝΙΟΥ,"221, 250"
230027: 7η ΦΟΡΜΙΩΝΟΣ,"230027","230027",7η ΦΟΡΜΙΩΝΟΣ,7th FORMIONOS,ΦΟΡΜΙΩΝΟΣ,"214"
230029: ΕΥΦΡΟΝΙΟΥ,"230029","230029",ΕΥΦΡΟΝΙΟΥ,EYFRONIOY,ΕΥΦΡΟΝΙΟΥ,"221, 250"
230030: ΑΓ. ΝΙΚΟΛΑΟΣ,"230030","230030",ΑΓ. ΝΙΚΟΛΑΟΣ,AG. NIKOLAOS,Γ.ΘΕΟΛΟΓΟΥ,"224"
230031: ΔΗΜΑΡΧΕΙΟ,"230031","230031",ΔΗΜΑΡΧΕΙΟ,DHMARXEIO,ΕΘΝΙΚΗΣ ΑΝΤΙΣΤΑΣΗΣ,"224"
230033: ΑΣΤΥΝΟΜΙΑ,"230033","230033",ΑΣΤΥΝΟΜΙΑ,ASTYNOMIA,ΑΝΔΡΕΑ ΔΗΜΗΤΡΙΟΥ,"214, 224"
230035: ΑΓ. ΝΙΚΟΛΑΟΣ,"230035","230035",ΑΓ. ΝΙΚΟΛΑΟΣ,AG. NIKOLAOS,ΥΜΗΤΤΟΥ,"140, 2"
230036: ΠΑΛ. ΤΕΡΜΑ,"230036","230036",ΠΑΛ. ΤΕΡΜΑ,PAL. TERMA,ΕΘΝΙΚΗΣ ΑΝΤΙΣΤΑΣΗΣ,"224"
230037: ΠΑΙΔΙΚΗ ΧΑΡΑ,"230037","230037",ΠΑΙΔΙΚΗ ΧΑΡΑ,PAIDIKH XARA,ΕΘΝΙΚΗΣ ΑΝΤΙΣΤΑΣΕΩΣ,"224"
230038: ΠΑΙΔΙΚΗ ΧΑΡΑ,"230038","230038",ΠΑΙΔΙΚΗ ΧΑΡΑ,PAIDIKH XARA,ΕΘΝΙΚΗΣ ΑΝΤΙΣΤΑΣΗΣ,"224"
230039: ΑΓΙΟΣ ΝΙΚΟΛΑΟΣ,"230039","12180",ΑΓΙΟΣ ΝΙΚΟΛΑΟΣ,AGIOS NIKOLAOS,ΛΕΩΦ. ΕΘΝΙΚΗΣ ΑΝΤΙΣΤΑΣΕΩΣ,"140, 2, 214, 224"
231: ΙΔΟΜΕΝΕΩΣ,"231","12184",ΙΔΟΜΕΝΕΩΣ,IDOMENEO,ΘΗΒΩΝ,"706"
238: ΚΗΦΙΣΙΑΣ (ΔΑΚΤΥΛΙΔΙ)  Α8-Ε14,"238","11020",ΚΗΦΙΣΙΑΣ (ΔΑΚΤΥΛΙΔΙ)  Α8-Ε14,KHFISIAS (DAKTYLIDI) A8-E14,ΛΕΩΦ.ΚΗΦΙΣΙΑΣ,Α8
23: ΠΡΟΦΗΤΗ ΔΑΝΙΗΛ,"23","10180",ΠΡΟΦΗΤΗ ΔΑΝΙΗΛ,PROFHTH DANIHL,,"025"
240001: ΠΑΝΤΕΙΟΣ,"240001","240001",ΠΑΝΤΕΙΟΣ,PANTEIOS,ΛΕΩΦ.ΣΥΓΓΡΟΥ,"040, 10, 10*, 106, 126, 136, 137, 550, Α2, Β2, Ε90"
240002: ΑΓ. ΣΩΣΤΗΣ,"240002","240002",ΑΓ. ΣΩΣΤΗΣ,AG. SOSTHS,ΛΕΩΦ.ΣΥΓΓΡΟΥ,"040, 10, 10*, 106, 126, 136, 137, 550, Α2, Β2"
240003: ΕΦΕΣΟΥ,"240003","240003",ΕΦΕΣΟΥ,EFESOY,ΛΕΩΦ.ΣΥΓΓΡΟΥ,"10, 10*, 106, 126, 136, 137, 550, Α2, Β2"
240004: ΚΥΑΝΟΥΣ ΣΤΑΥΡΟΣ,"240004","240004",ΚΥΑΝΟΥΣ ΣΤΑΥΡΟΣ,KYANOYS STAYROS,ΛΕΩΦ.ΣΥΓΓΡΟΥ,"10, 10*, 106, 126, 550, Α2, Β2"
240005: ΣΤΡΟΦΗ Ν. ΣΜΥΡΝΗΣ,"240005","240005",ΣΤΡΟΦΗ Ν. ΣΜΥΡΝΗΣ,STROFH N. SMYRNHS,ΛΕΩΦ.ΣΥΓΓΡΟΥ,"10, 10*, 106, 126, 550, Α2, Β2, Ε90"
240006: ΣΚΡΑ,"240006","240006",ΣΚΡΑ,SKRA,ΛΕΩΦ.ΣΥΓΓΡΟΥ,"10, 10*, 126, 550, Α2, Β2"
240007: ΧΡΥΣΑΚΗ,"240007","240007",ΧΡΥΣΑΚΗ,XRYSAKH,ΛΕΩΦ.ΣΥΓΓΡΟΥ,"10, 10*, 126, 550, Α2, Β2, Ε90"
240008: ΙΝΤΕΡΑΜΕΡΙΚΑΝ,"240008","240008",ΙΝΤΕΡΑΜΕΡΙΚΑΝ,INTERAMERIKAN,ΛΕΩΦ.ΣΥΓΓΡΟΥ,"126, 550, Α2, Β2"
240009: ΩΝΑΣΕΙΟ,"240009","240009",ΩΝΑΣΕΙΟ,ONASEIO,ΛΕΩΦ.ΣΥΓΓΡΟΥ,"550, Β2, Ε90"
240010: ΑΓΗΣΙΛΑΟΥ,"240010","240010",ΑΓΗΣΙΛΑΟΥ,AGHSILAOY,ΑΓΗΣΙΛΑΟΥ,"5, 5*"
240011: ΤΖΙΤΖΙΦΙΕΣ,"240011","240011",ΤΖΙΤΖΙΦΙΕΣ,TZITZIFIES,ΛΕΩΦ.ΠΟΣΕΙΔΩΝΟΣ,"130, 217, 229, 860, Α1, Β1, Χ96"
240013: ΤΖΙΤΖΙΦΙΕΣ,"240013","240013",ΤΖΙΤΖΙΦΙΕΣ,TZITZIFIES,ΛΕΩΦ.ΠΟΣΕΙΔΩΝΟΣ,"130, 217, 229, 860, Α1, Β1, Χ96"
240015: ΕΠΑΜΕΙΝΩΝΔΑ,"240015","240015",ΕΠΑΜΕΙΝΩΝΔΑ,EPAMEINONDA,ΙΣΜΗΝΗΣ,"10, 10*"
240016: 1η ΚΑΤΣΩΝΗ,"240016","240016",1η ΚΑΤΣΩΝΗ,1st KATSONH,Λ.ΚΑΤΣΩΝΗ,"10, 10*, 229"
240017: 2η ΚΑΤΣΩΝΗ,"240017","240017",2η ΚΑΤΣΩΝΗ,2nd KATSONH,Λ.ΚΑΤΣΩΝΗ,"10, 10*, 229"
240019: 3η ΚΑΤΣΩΝΗ,"240019","240019",3η ΚΑΤΣΩΝΗ,3rd KATSONH,Λ.ΚΑΤΣΩΝΗ,"10, 10*, 229"
240020: 2η ΚΑΤΣΩΝΗ,"240020","240020",2η ΚΑΤΣΩΝΗ,2nd KATSONH,Λ.ΚΑΤΣΩΝΗ,"10, 10*, 229"
240021: 1η ΚΑΤΣΩΝΗ,"240021","240021",1η ΚΑΤΣΩΝΗ,1st KATSONH,Λ.ΚΑΤΣΩΝΗ,"10, 10*, 229, 910"
240022: ΕΠΑΜΕΙΝΩΝΔΑ,"240022","240022",ΕΠΑΜΕΙΝΩΝΔΑ,EPAMEINONDA,ΕΠΑΜΕΙΝΩΝΔΑ,"10, 10*, 910"
240023: ΚΕΝΤΡΟ ΝΕΟΤΗΤΟΣ,"240023","240023",ΚΕΝΤΡΟ ΝΕΟΤΗΤΟΣ,KENTRO NEOTΗTOS,ΤΑΓ.ΠΛΕΣΣΑ,"10, 10*"
240025: 1η ΔΗΜΟΤΙΚΟΥ ΣΤΑΔΙΟΥ,"240025","240025",1η ΔΗΜΟΤΙΚΟΥ ΣΤΑΔΙΟΥ,1st DHMOTIKOY STADIOY,ΓΡ.ΛΑΜΠΡΑΚΗ,"910"
240026: 2η ΔΗΜΟΤΙΚΟΥ ΣΤΑΔΙΟΥ,"240026","240026",2η ΔΗΜΟΤΙΚΟΥ ΣΤΑΔΙΟΥ,2nd DHMOTIKOY STADIOY,ΓΡ.ΛΑΜΠΡΑΚΗ,"910"
240027: ΑΤΘΙΔΩΝ,"240027","240027",ΑΤΘΙΔΩΝ,ATTHIDON,ΔΗΜΟΣΘΕΝΟΥΣ,"910"
240028: ΑΓ. ΠΑΝΤΩΝ,"240028","240028",ΑΓ. ΠΑΝΤΩΝ,AG. PANTON,ΔΗΜΟΣΘΕΝΟΥΣ,"910"
240029: ΔΗΜΗΤΡΑΚΟΠΟΥΛΟΥ,"240029","240029",ΔΗΜΗΤΡΑΚΟΠΟΥΛΟΥ,DHMHTRAKOPOYLOY,ΔΗΜΟΣΘΕΝΟΥΣ,"910"
240030: ΔΑΒΑΚΗ,"240030","240030",ΔΑΒΑΚΗ,DABAKH,ΔΗΜΟΣΘΕΝΟΥΣ,"910"
240031: ΣΚΡΑ,"240031","240031",ΣΚΡΑ,SKRA,ΔΗΜΟΣΘΕΝΟΥΣ,"910"
240032: ΣΠΑΡΤΗ,"240032","240032",ΣΠΑΡΤΗ,SPARTH,ΔΗΜΟΣΘΕΝΟΥΣ,"910, 911, 911Α"
240033: 9η ΚΑΛΛΙΘΕΑΣ,"240033","240033",9η ΚΑΛΛΙΘΕΑΣ,9th KALLITHEAS,ΔΗΜΟΣΘΕΝΟΥΣ,"910, 911, 911Α"
240034: ΔΟΪΡΑΝΗΣ,"240034","240034",ΔΟΪΡΑΝΗΣ,DOIRANHS,ΔΟΙΡΑΝΗΣ,"136, 137"
240036: ΙΣΜΗΝΗΣ,"240036","240036",ΙΣΜΗΝΗΣ,ISMHNHS,ΙΣΜΗΝΗΣ,"10, 10*, 910"
240039: 13η ΚΑΛΛΙΘΕΑΣ,"240039","240039",13η ΚΑΛΛΙΘΕΑΣ,13th KALLITHEAS,ΞΕΝΟΦΩΝΤΟΣ,"910"
240040: 12η ΚΑΛΛΙΘΕΑΣ,"240040","240040",12η ΚΑΛΛΙΘΕΑΣ,12th KALLITHEAS,ΞΕΝΟΦΩΝΤΟΣ,"910"
240042: 10η ΚΑΛΛΙΘΕΑΣ,"240042","240042",10η ΚΑΛΛΙΘΕΑΣ,10th KALLITHEAS,ΔΗΜΟΣΘΕΝΟΥΣ,"910, 911, 911Α"
240043: 9η ΚΑΛΛΙΘΕΑΣ,"240043","240043",9η ΚΑΛΛΙΘΕΑΣ,9th KALLITHEAS,ΔΗΜΟΣΘΕΝΟΥΣ,"910, 911, 911Α"
240044: ΣΠΑΡΤΗΣ,"240044","240044",ΣΠΑΡΤΗΣ,SPARTHS,ΔΗΜΟΣΘΕΝΟΥΣ,"910"
240045: ΣΚΡΑ,"240045","240045",ΣΚΡΑ,SKRA,ΔΗΜΟΣΘΕΝΟΥΣ,"910"
240046: ΔΑΒΑΚΗ,"240046","240046",ΔΑΒΑΚΗ,DABAKH,ΔΗΜΟΣΘΕΝΟΥΣ,"910"
240047: ΔΗΜΗΤΡΑΚΟΠΟΥΛΟΥ,"240047","240047",ΔΗΜΗΤΡΑΚΟΠΟΥΛΟΥ,DHMHTRAKOPOYLOY,ΔΗΜΟΣΘΕΝΟΥΣ,"910"
240048: ΑΓ. ΠΑΝΤΩΝ,"240048","240048",ΑΓ. ΠΑΝΤΩΝ,AG. PANTON,ΔΗΜΟΣΘΕΝΟΥΣ,"910"
240050: ΚΑΡΑΓΙΑΝΝΗ,"240050","240050",ΚΑΡΑΓΙΑΝΝΗ,KARAGIANNH,ΕΛ.ΒΕΝΙΖΕΛΟΥ,"1, 1*, 5, 5*"
240051: ΔΗΜΟΤΙΚΟΥ ΣΤΑΔΙΟΥ,"240051","240051",ΔΗΜΟΤΙΚΟΥ ΣΤΑΔΙΟΥ,DHMOTIKOY STADIOY,ΕΛ.ΒΕΝΙΖΕΛΟΥ,"1, 1*, 5, 5*"
240054: 1η ΧΑΡΟΚΟΠΟΥ,"240054","240054",1η ΧΑΡΟΚΟΠΟΥ,1st XAROKOPOY,ΧΑΡΟΚΟΠΟΥ,"040"
240060: ΗΣΑΠ ΚΑΛΛΙΘΕΑ,"240060","240060",ΗΣΑΠ ΚΑΛΛΙΘΕΑ,HSAP KALLITHEA,ΕΛ.ΒΕΝΙΖΕΛΟΥ(ΓΡΑΜΜΟΥ),"218, 500"
240061: ΠΛ. ΚΥΠΡΟΥ,"240061","240061",ΠΛ. ΚΥΠΡΟΥ,PL. KYPROY,ΣΙΒΙΤΑΝΙΔΟΥ,"218, 219, 500, 816, 911, 911Α"
240062: ΠΛ. ΔΑΒΑΚΗ,"240062","240062",ΠΛ. ΔΑΒΑΚΗ,PL. DABAKH,ΔΑΒΑΚΗ,"218, 219, 816"
240063: ΔΕΗ,"240063","240063",ΔΕΗ,DEH,ΔΑΒΑΚΗ,"218, 219, 816"
240064: ΙΚΑ,"240064","240064",ΙΚΑ,IKA,ΔΑΒΑΚΗ,"218, 219, 816"
240065: ΙΚΑ,"240065","240065",ΙΚΑ,IKA,ΔΑΒΑΚΗ,"218, 219, 816"
240066: Ο.Τ.Ε,"240066","240066",Ο.Τ.Ε,O.T.E,ΔΑΒΑΚΗ,"218, 219, 816"
240067: ΔΕΗ,"240067","240067",ΔΕΗ,DEH,ΔΑΒΑΚΗ,"218, 219, 816"
240068: ΠΛ. ΔΑΒΑΚΗ,"240068","240068",ΠΛ. ΔΑΒΑΚΗ,PL. DABAKH,ΔΑΒΑΚΗ,"218, 219, 816"
240069: ΠΛ. ΚΥΠΡΟΥ,"240069","240069",ΠΛ. ΚΥΠΡΟΥ,PL. KYPROY,ΣΙΒΙΤΑΝΙΔΟΥ,"218, 219, 500, 816, 911, 911Α"
240070: ΗΣΑΠ ΚΑΛΛΙΘΕΑΣ,"240070","240070",ΗΣΑΠ ΚΑΛΛΙΘΕΑΣ,HSAP KALLITHEAS,ΣΙΒΙΤΑΝΙΔΟΥ,"816"
240071: ΗΣΑΠ ΚΑΛΛΙΘΕΑΣ,"240071","240071",ΗΣΑΠ ΚΑΛΛΙΘΕΑΣ,HSAP KALLITHEAS,ΣΙΒΙΤΑΝΙΔΟΥ,"218, 500"
240072: ΑΘΗΝΑΣ,"240072","240072",ΑΘΗΝΑΣ,ATHINAS,ΔΟΙΡΑΝΗΣ,"10, 10*, 910, 911, 911Α"
240073: Ι.Κ.Α,"240073","240073",Ι.Κ.Α,IKA,ΔΟΙΡΑΝΗΣ,"106"
240074: ΦΑΡΟΣ ΤΥΦΛΩΝ,"240074","240074",ΦΑΡΟΣ ΤΥΦΛΩΝ,FAROS TYFLON,ΑΘΗΝΑΣ,"910, 911, 911Α"
240075: ΣΩΚΡΑΤΟΥΣ,"240075","240075",ΣΩΚΡΑΤΟΥΣ,SOKRATOYS,ΣΠΑΡΤΗΣ,"910, 911, 911Α"
240076: ΑΣΛΑΝΟΓΛΟΥ,"240076","240076",ΑΣΛΑΝΟΓΛΟΥ,ASLANOGLOY,ΑΧΙΛΛΕΩΣ,"911, 911Α"
240077: ΑΣΤΥΝΟΜΙΑ,"240077","240077",ΑΣΤΥΝΟΜΙΑ,ASTYNOMIA,ΑΧΙΛΛΕΩΣ,"911, 911Α"
240078: ΔΗΜΟΤΙΚΟΥ ΣΤΑΔΙΟΥ,"240078","240078",ΔΗΜΟΤΙΚΟΥ ΣΤΑΔΙΟΥ,DHMOTIKOY STADIOY,ΕΛ.ΒΕΝΙΖΕΛΟΥ,"1, 1*, 5, 5*"
240079: ΚΑΡΑΓΙΑΝΝΗ,"240079","240079",ΚΑΡΑΓΙΑΝΝΗ,KARAGIANNH,ΕΛ.ΒΕΝΙΖΕΛΟΥ,"1, 1*, 5, 5*, 500"
240080: ΧΑΡΟΚΟΠΟΥ,"240080","240080",ΧΑΡΟΚΟΠΟΥ,XAROKOPOY,ΕΛ.ΒΕΝΙΖΕΛΟΥ,"040, 1, 1*, 5, 5*, 500"
240082: ΔΗΜΗΤΡΑΚΟΠΟΥΛΟΥ,"240082","240082",ΔΗΜΗΤΡΑΚΟΠΟΥΛΟΥ,DHMHTRAKOPOYLOY,ΕΛ.ΒΕΝΙΖΕΛΟΥ,"040, 1, 1*, 5, 5*, 500"
240083: ΚΑΛΛΙΘΕΑ,"240083","240083",ΚΑΛΛΙΘΕΑ,KALLITHEA,ΕΛ.ΒΕΝΙΖΕΛΟΥ,"040, 1, 1*, 5, 5*"
240084: ΠΛ. ΔΑΒΑΚΗ,"240084","240084",ΠΛ. ΔΑΒΑΚΗ,PL. DABAKH,ΕΛ.ΒΕΝΙΖΕΛΟΥ,"040, 1, 1*, 5, 5*, 911, 911Α"
240085: ΣΚΡΑ,"240085","240085",ΣΚΡΑ,SKRA,ΕΛ.ΒΕΝΙΖΕΛΟΥ,"040, 1, 1*, 5, 5*, 911, 911Α"
240086: Κ.Ε.Α.Τ. ΠΡ. ΟΙΚΟΣ ΤΥΦΛΩΝ,"240086","240086",Κ.Ε.Α.Τ. ΠΡ. ΟΙΚΟΣ ΤΥΦΛΩΝ,K.E.A.T. PR. OIKOS TYFLON,ΕΛ.ΒΕΝΙΖΕΛΟΥ,"040, 1, 1*, 5, 5*, 911, 911Α"
240087: ΑΓ. ΕΛΕΟΥΣΑ,"240087","240087",ΑΓ. ΕΛΕΟΥΣΑ,AG. ELEOYSA,ΕΛ.ΒΕΝΙΖΕΛΟΥ,"040, 1, 1*, 5, 5*, 911, 911Α"
240088: ΠΥΡΟΣΒΕΣΤΙΚΗ,"240088","240088",ΠΥΡΟΣΒΕΣΤΙΚΗ,PYROSBESTIKH,ΕΛ.ΒΕΝΙΖΕΛΟΥ,"040, 1, 1*, 5, 5*"
240089: ΙΖΟΛΑ,"240089","240089",ΙΖΟΛΑ,IZOLA,ΕΛ.ΒΕΝΙΖΕΛΟΥ,"040, 1, 1*, 5, 5*"
240090: ΤΖΙΤΖΙΦΙΕΣ,"240090","240090",ΤΖΙΤΖΙΦΙΕΣ,TZITZIFIES,ΕΛ.ΒΕΝΙΖΕΛΟΥ,"040, 1, 1*"
240091: ΠΕΙΣΙΣΤΡΑΤΟΥ,"240091","240091",ΠΕΙΣΙΣΤΡΑΤΟΥ,PEISISTRATOY,ΕΛ.ΒΕΝΙΖΕΛΟΥ,"040, 1, 1*, 910"
240092: ΙΖΟΛΑ,"240092","240092",ΙΖΟΛΑ,IZOLA,ΕΛ.ΒΕΝΙΖΕΛΟΥ,"040, 1, 1*, 5, 5*"
240093: ΠΥΡΟΣΒΕΣΤΙΚΗ,"240093","240093",ΠΥΡΟΣΒΕΣΤΙΚΗ,PYROSBESTIKH,ΕΛ.ΒΕΝΙΖΕΛΟΥ,"040, 1, 1*, 5, 5*"
240094: ΑΓ. ΕΛΕΟΥΣΑ,"240094","240094",ΑΓ. ΕΛΕΟΥΣΑ,AG. ELEOYSA,ΕΛ.ΒΕΝΙΖΕΛΟΥ,"040, 1, 1*, 5, 5*, 911, 911Α"
240095: Κ.Ε.Α.Τ. ΠΡ. ΟΙΚΟΣ ΤΥΦΛΩΝ,"240095","240095",Κ.Ε.Α.Τ. ΠΡ. ΟΙΚΟΣ ΤΥΦΛΩΝ,K.E.A.T PR. OIKOS TYFLON,ΕΛ.ΒΕΝΙΖΕΛΟΥ,"040, 1, 1*, 5, 5*, 911, 911Α"
240096: ΣΚΡΑ,"240096","240096",ΣΚΡΑ,SKRA,ΕΛ.ΒΕΝΙΖΕΛΟΥ,"040, 1, 1*, 5, 5*, 911, 911Α"
240097: ΠΛ. ΔΑΒΑΚΗ,"240097","240097",ΠΛ. ΔΑΒΑΚΗ,PL. DABAKH,ΕΛ.ΒΕΝΙΖΕΛΟΥ,"040, 1, 1*, 5, 5*"
240098: ΚΑΛΛΙΘΕΑ,"240098","240098",ΚΑΛΛΙΘΕΑ,KALLITHEA,ΕΛ.ΒΕΝΙΖΕΛΟΥ,"040, 1, 1*, 5, 5*"
240099: ΑΓ. ΠΑΝΤΕΣ,"240099","240099",ΑΓ. ΠΑΝΤΕΣ,AG. PANTES,ΕΛ.ΒΕΝΙΖΕΛΟΥ,"040, 1, 1*, 5, 5*, 500"
240100: ΧΑΡΟΚΟΠΟΥ,"240100","240100",ΧΑΡΟΚΟΠΟΥ,XAROKOPOY,ΕΛ.ΒΕΝΙΖΕΛΟΥ,"1, 1*, 5, 5*"
240101: ΜΕΤΑΜΟΡΦΩΣΗ,"240101","240101",ΜΕΤΑΜΟΡΦΩΣΗ,METAMORFOSH,ΤΑΓΜΑΤΑΡΧΟΥ ΠΛΕΣΣΑ,"911, 911Α"
240104: 2η ΧΑΡΟΚΟΠΟΥ,"240104","240104",2η ΧΑΡΟΚΟΠΟΥ,2nd XAROKOPOY,ΧΑΡΟΚΟΠΟΥ,"040"
240107: 2η ΔΗΜΟΤΙΚΟΥ ΣΤΑΔΙΟΥ,"240107","240107",2η ΔΗΜΟΤΙΚΟΥ ΣΤΑΔΙΟΥ,2nd DHMOTIKOY STADIOY,ΓΡ.ΛΑΜΠΡΑΚΗ,"910"
240109: ΙΣΜΗΝΗΣ,"240109","240109",ΙΣΜΗΝΗΣ,ISMHNHS,ΕΛ.ΒΕΝΙΖΕΛΟΥ,"1, 1*"
240111: 11η ΚΑΛΛΙΘΕΑΣ,"240111","240111",11η ΚΑΛΛΙΘΕΑΣ,11th KALLITHEAS,ΤΑΓΜΑΤΑΡΧΟΥ ΠΛΕΣΣΑ,"910, 911, 911Α"
240113: ΑΓ. ΠΑΝΤΩΝ,"240113","240113",ΑΓ. ΠΑΝΤΩΝ,AG. PANTON,ΑΓ.ΠΑΝΤΩΝ,"040"
240114: 2η ΑΓ. ΠΑΝΤΩΝ,"240114","240114",2η ΑΓ. ΠΑΝΤΩΝ,2nd AG. PANTON,ΑΓ.ΠΑΝΤΩΝ,"040"
240115: 1η ΧΑΡΟΚΟΠΟΥ,"240115","240115",1η ΧΑΡΟΚΟΠΟΥ,1st XAROKOPOY,ΑΓ.ΠΑΝΤΩΝ,"040"
240116: 1η ΔΗΜΟΤΙΚΟΥ ΣΤΑΔΙΟΥ,"240116","240116",1η ΔΗΜΟΤΙΚΟΥ ΣΤΑΔΙΟΥ,1st DHMOTIKOY STADIOY,ΓΡ.ΛΑΜΠΡΑΚΗ,"910"
240121: ΑΤΘΙΔΩΝ,"240121","240121",ΑΤΘΙΔΩΝ,ATTHIDON,ΔΗΜΟΣΘΕΝΟΥΣ,"910"
240122: 10η ΚΑΛΛΙΘΕΑΣ,"240122","240122",10η ΚΑΛΛΙΘΕΑΣ,10th KALLITHEAS,ΔΗΜΟΣΘΕΝΟΥ,"910"
240128: ΚΕΝΤΡΟ ΠΟΛΙΤΙΣΜΟΥ ΙΔΡΥΜΑ ΣΤ. ΝΙΑΡΧΟΣ,"240128","10851",ΚΕΝΤΡΟ ΠΟΛΙΤΙΣΜΟΥ ΙΔΡΥΜΑ ΣΤ. ΝΙΑΡΧΟΣ,SNFCC,ΕΝΤΟΣ ΚΠΙΣΝ,Χ80
240130: ΠΕΡΙΦΕΡΕΙΑ ΝΟΤΙΟΥ ΤΟΜΕΑ,"240130","11611",ΠΕΡΙΦΕΡΕΙΑ ΝΟΤΙΟΥ ΤΟΜΕΑ,PERIFEREIA NOTIOY TOMEA,,911Α
24: ΒΟΤΑΝΙΚΟΣ,"24","10181",ΒΟΤΑΝΙΚΟΣ,BOTANIKOS,,"026"
250001: ΠΑΡΑΜΥΘΙΑΣ,"250001","250001",ΠΑΡΑΜΥΘΙΑΣ,PARAMYTHIAS,ΚΑΛΠΑΚΙΟΥ,"701, 705"
250002: ΔΕΝΔΡΟΧΩΡΙΟΥ,"250002","250002",ΔΕΝΔΡΟΧΩΡΙΟΥ,DENDROXORIOY,ΝΕΟΧΩΡΙΟΥ,"701, 705"
250006: ΑΡΙΣΤΕΙΔΟΥ,"250006","250006",ΑΡΙΣΤΕΙΔΟΥ,ARISTEIDOY,ΠΙΝΔΟΥ,"701, 705"
250007: ΤΕΠΕΛΕΝΙΟΥ,"250007","250007",ΤΕΠΕΛΕΝΙΟΥ,TEPELENIOY,ΝΕΟΧΩΡΙΟΥ,"701, 705"
250008: ΒΟΡΕΙΟΥ ΗΠΕΙΡΟΥ,"250008","250008",ΒΟΡΕΙΟΥ ΗΠΕΙΡΟΥ,BOREIOY HPEIROY,ΝΕΟΧΩΡΙΟΥ,"701, 705"
250010: ΚΑΝΑΡΗ,"250010","250010",ΚΑΝΑΡΗ,KANARH,28ης ΟΚΤΩΒΡΙΟΥ,"735"
250011: 10η ΦΥΛΗΣ,"250011","250011",10η ΦΥΛΗΣ,10th FYLHS,ΦΥΛΗΣ,"711, Β12"
250012: 11η ΜΑΝΑΡΑ,"250012","250012",11η ΜΑΝΑΡΑ,11th MANARA,ΦΥΛΗΣ,"711, Β12"
250013: 12η ΔΗΜΑΡΧΕΙΟΥ,"250013","250013",12η ΔΗΜΑΡΧΕΙΟΥ,12th DHMARXEIOY,ΦΥΛΗΣ,"711, Β12"
250014: 14η ΝΤΑΜΑΡΙΑ,"250014","250014",14η ΝΤΑΜΑΡΙΑ,14th NTAMARIA,ΦΥΛΗΣ,"711, Β12"
250015: 13η ΑΣΒΕΣΤΟΚΑΜΙΝΟΣ,"250015","250015",13η ΑΣΒΕΣΤΟΚΑΜΙΝΟΣ,13th ASBESTOKAMINOS,ΦΥΛΗΣ,"711, Β12"
250016: ΔΗΜΑΡΧΕΙΟ,"250016","250016",ΔΗΜΑΡΧΕΙΟ,DHMARXEIO,ΦΥΛΗΣ,"711, Β12"
250017: 11η ΜΑΝΑΡΑ,"250017","250017",11η ΜΑΝΑΡΑ,11th MANARA,ΦΥΛΗΣ,"711, Β12"
250018: 10η ΦΥΛΗΣ,"250018","250018",10η ΦΥΛΗΣ,10th FYLHS,ΦΥΛΗΣ,"711, Β12"
250019: 9η ΦΥΛΗΣ,"250019","250019",9η ΦΥΛΗΣ,9th FYLHS,ΦΥΛΗΣ,"711, Β12"
250020: 8η ΑΝΑΠΗΡΩΝ,"250020","250020",8η ΑΝΑΠΗΡΩΝ,8th ANAPHRON,ΦΥΛΗΣ,"711, Β12"
250022: 2η ΚΑΜΑΤΕΡΟΥ,"250022","250022",2η ΚΑΜΑΤΕΡΟΥ,2nd KAMATEROY,ΛΕΩΦ.ΚΑΜΑΤΕΡΟΥ,"704"
250023: ΠΛ. ΚΑΜΑΤΕΡΟΥ,"250023","250023",ΠΛ. ΚΑΜΑΤΕΡΟΥ,PL. KAMATEROY,ΛΕΩΦ.ΚΑΜΑΤΕΡΟΥ,"704"
250024: 1η ΠΑΠΑΓΟΥ,"250024","250024",1η ΠΑΠΑΓΟΥ,1st PAPAGOY,ΠΑΠΑΓΟΥ,"704"
250025: 2η ΠΑΠΑΓΟΥ,"250025","250025",2η ΠΑΠΑΓΟΥ,2nd PAPAGOY,ΠΑΠΑΓΟΥ,"704"
250026: 3η ΠΑΠΑΓΟΥ,"250026","250026",3η ΠΑΠΑΓΟΥ,3rd PAPAGOY,ΠΑΠΑΓΟΥ,"704"
250027: 4η ΠΑΠΑΓΟΥ,"250027","250027",4η ΠΑΠΑΓΟΥ,4th PAPAGOY,ΠΑΠΑΓΟΥ,"704"
250028: ΠΑΠΑΓΟΥ,"250028","250028",ΠΑΠΑΓΟΥ,PAPAGOY,ΣΤΡ.ΠΑΠΑΓΟΥ,"25"
250029: 14η ΑΓ. ΝΙΚΟΛΑΟΥ,"250029","250029",14η ΑΓ. ΝΙΚΟΛΑΟΥ,14th AG. NIKOLAOY,ΑΓ.ΝΙΚΟΛΑΟΥ,"25, Γ12"
250031: ΜΥΚΑΛΗΣ,"250031","250031",ΜΥΚΑΛΗΣ,MYKALHS,ΜΥΚΑΛΗΣ,"701, 705"
250032: 14η ΑΓ. ΝΙΚΟΛΑΟΥ,"250032","250032",14η ΑΓ. ΝΙΚΟΛΑΟΥ,14th AG. NIKOLAOY,ΑΓ.ΝΙΚΟΛΑΟΥ,"25, Γ12"
250033: 3η ΠΑΠΑΓΟΥ,"250033","250033",3η ΠΑΠΑΓΟΥ,3rd PAPAGOY,ΠΑΠΑΓΟΥ,"704"
250034: 2η ΠΑΠΑΓΟΥ,"250034","250034",2η ΠΑΠΑΓΟΥ,2nd PAPAGOY,ΠΑΠΑΓΟΥ,"704"
250035: 5η ΠΑΠΑΓΟΥ,"250035","250035",5η ΠΑΠΑΓΟΥ,5th PAPAGOY,ΠΑΠΑΓΟΥ,"701, 704, 705"
250036: 9η ΦΥΛΗΣ,"250036","250036",9η ΦΥΛΗΣ,9th FYLHS,ΦΥΛΗΣ,"711, Β12"
250037: ΠΛ. ΚΑΜΑΤΕΡΟΥ,"250037","250037",ΠΛ. ΚΑΜΑΤΕΡΟΥ,PL. KAMATEROY,ΛΕΩΦ.ΚΑΜΑΤΕΡΟΥ,"704"
250038: ΑΘΗΝΑΣ,"250038","250038",ΑΘΗΝΑΣ,ATHINAS,Κ.ΠΑΛΑΜΑ,"735"
250039: 1η ΠΑΠΑΓΟΥ,"250039","250039",1η ΠΑΠΑΓΟΥ,1st PAPAGOY,ΠΑΠΑΓΟΥ,"704"
250040: 13η ΑΣΒΕΣΤΟΚΑΜΙΝΟΣ,"250040","250040",13η ΑΣΒΕΣΤΟΚΑΜΙΝΟΣ,13th ASBESTOKAMINOS,ΦΥΛΗΣ,"711, Β12"
250042: 4η ΠΑΠΑΓΟΥ,"250042","250042",4η ΠΑΠΑΓΟΥ,4th PAPAGOY,ΠΑΠΑΓΟΥ,"704"
250043: 5η ΠΑΠΑΓΟΥ,"250043","250043",5η ΠΑΠΑΓΟΥ,5th PAPAGOY,ΠΑΠΑΓΟΥ,"701, 704, 705"
250044: ΑΓ. ΤΡΥΦΩΝΑΣ,"250044","250044",ΑΓ. ΤΡΥΦΩΝΑΣ,AG. TRYFONAS,ΚΩΝΣΤΑΝΤΙΝΟΥΠΟΛΕΩΣ,"704"
250045: ΑΝΑΤΟΛΗΣ,"250045","250045",ΑΝΑΤΟΛΗΣ,ANATOLHS,ΚΩΝΣΤΑΝΤΙΝΟΥΠΟΛΕΩΣ,"704"
250046: ΕΥΑΓΓΕΛΙΣΤΡΙΑΣ,"250046","250046",ΕΥΑΓΓΕΛΙΣΤΡΙΑΣ,EYAGGELISTRIAS,ΜΥΚΑΛΗΣ,"701, 705"
250047: ΕΥΑΓΓΕΛΙΣΤΡΙΑΣ,"250047","250047",ΕΥΑΓΓΕΛΙΣΤΡΙΑΣ,EYAGGELISTRIAS,ΜΥΚΑΛΗΣ,"701, 705"
250048: ΠΑΠΑΦΛΕΣΣΑ,"250048","250048",ΠΑΠΑΦΛΕΣΣΑ,PAPAFLESSA,Κ.ΠΑΛΑΜΑ,"702, 735"
250049: ΝΙΚΗΤΑΡΑ,"250049","250049",ΝΙΚΗΤΑΡΑ,NIKHTARA,Κ.ΠΑΛΑΜΑ,"735"
250050: ΚΩΝΣΤΑΝΤΙΝΟΥΠΟΛΕΩΣ,"250050","250050",ΚΩΝΣΤΑΝΤΙΝΟΥΠΟΛΕΩΣ,KONSTANTINOYPOLEOS,ΚΩΝΣΤΑΝΤΙΝΟΥΠΟΛΕΩΣ,"704"
250051: ΚΩΝΣΤΑΝΤΙΝΟΥΠΟΛΕΩΣ,"250051","250051",ΚΩΝΣΤΑΝΤΙΝΟΥΠΟΛΕΩΣ,KONSTANTINOYPOLEOS,ΚΩΝΣΤΑΝΤΙΝΟΥΠΟΛΕΩΣ,"704"
250052: ΟΛΥΜΠΙΑΣ,"250052","250052",ΟΛΥΜΠΙΑΣ,OLYMPIAS,ΑΓ.ΝΙΚΟΛΑΟΥ,"25, 701, 704, 705, Γ12"
250053: ΠΑΡΑΜΥΘΙΑΣ,"250053","250053",ΠΑΡΑΜΥΘΙΑΣ,PARAMYTHIAS,ΚΩΝΣΤΑΝΤΙΝΟΥΠΟΛΕΩΣ,"704"
250054: ΑΛΕΞΑΝΔΡΑΣ,"250054","250054",ΑΛΕΞΑΝΔΡΑΣ,ALEXANDRAS,ΛΕΩΦ.ΑΛΕΞΑΝΔΡΑΣ,"704"
250055: ΔΗΜΑΡΧΕΙΟ,"250055","250055",ΔΗΜΑΡΧΕΙΟ,DHMARXEIO,ΛΕΩΦ.ΑΛΕΞΑΝΔΡΑΣ,"704"
250056: ΕΥΡΩΤΑ,"250056","250056",ΕΥΡΩΤΑ,EYROTA,ΣΩΚΡΑΤΟΥΣ,"704"
250057: ΗΛΙΔΟΣ,"250057","250057",ΗΛΙΔΟΣ,HLIDOS,ΣΩΚΡΑΤΟΥΣ,"704"
250058: ΠΑΡΑΜΥΘΙΑΣ,"250058","250058",ΠΑΡΑΜΥΘΙΑΣ,PARAMYTHIAS,ΚΩΝΣΤΑΝΤΙΝΟΥΠΟΛΕΩΣ,"704"
250059: ΝΕΑ ΧΑΡΑΥΓΗ,"250059","250059",ΝΕΑ ΧΑΡΑΥΓΗ,NEA XARAYGH,ΛΕΩΦ.ΑΛΕΞΑΝΔΡΑΣ,"704"
250060: ΚΑΛΠΑΚΙΟΥ,"250060","250060",ΚΑΛΠΑΚΙΟΥ,KALPAKIOY,ΕΛΛΗΣΠΟΝΤΟΥ,"701, 705"
250062: ΣΧΟΛΕΙΑ,"250062","250062",ΣΧΟΛΕΙΑ,SXOLEIA,Κ.ΠΑΛΑΜΑ,"735"
250063: ΑΠ. ΠΑΥΛΟΥ,"250063","250063",ΑΠ. ΠΑΥΛΟΥ,AP. PAYLOY,Κ.ΠΑΛΑΜΑ,"735"
250064: 8η ΜΕΝΙΔΙΟΥ,"250064","250064",8η ΜΕΝΙΔΙΟΥ,8th MENIDIOY,ΛΕΩΦ.ΔΗΜΟΚΡΑΤΙΑΣ,"728, 735, Α10, Β10"
250065: 7η ΜΕΝΙΔΙΟΥ,"250065","250065",7η ΜΕΝΙΔΙΟΥ,7th MENIDIOY,ΛΕΩΦ.ΔΗΜΟΚΡΑΤΙΑΣ,"728, 735, Α10, Β10"
250066: Κ. ΠΑΛΑΜΑ,"250066","250066",Κ. ΠΑΛΑΜΑ,K. PALAMA,Κ.ΠΑΛΑΜΑ,"735"
250067: ΣΧΟΛΕΙΑ,"250067","250067",ΣΧΟΛΕΙΑ,SXOLEIA,Κ.ΠΑΛΑΜΑ,"735"
250068: ΝΙΚΗΤΑΡΑ,"250068","250068",ΝΙΚΗΤΑΡΑ,NIKHTARA,Κ.ΠΑΛΑΜΑ,"735"
250069: ΜΕΓ. ΑΛΕΞΑΝΔΡΟΥ,"250069","250069",ΜΕΓ. ΑΛΕΞΑΝΔΡΟΥ,MEG. ALEXANDROY,Κ.ΠΑΛΑΜΑ,"702, 735"
250070: ΠΑΠΑΦΛΕΣΣΑ,"250070","250070",ΠΑΠΑΦΛΕΣΣΑ,PAPAFLESSA,Κ.ΠΑΛΑΜΑ,"735"
250071: ΑΘΗΝΑΣ,"250071","250071",ΑΘΗΝΑΣ,ATHINAS,Κ.ΠΑΛΑΜΑ,"735"
250072: ΚΑΝΑΡΗ,"250072","250072",ΚΑΝΑΡΗ,KANARH,28ης ΟΚΤΩΒΡΙΟΥ,"735"
250073: 7η ΧΑΣΙΑΣ,"250073","250073",7η ΧΑΣΙΑΣ,7th XASIAS,ΧΑΣΙΑΣ,"711, Β12"
250075: ΛΥΚΟΥΡΓΟΥ,"250075","250075",ΛΥΚΟΥΡΓΟΥ,LYKOYRGOY,ΑΓ.ΝΙΚΟΛΑΟΥ,"701, 704, 705, Γ12"
250076: ΠΑΛΑΙΑ  ΑΦΕΤΗΡΙΑ,"250076","250076",ΠΑΛΑΙΑ  ΑΦΕΤΗΡΙΑ,PALAIA  AFETHRIA,ΟΛΥΜΠΙΑΣ,"25"
250083: 13η ΑΓ. ΝΙΚΟΛΑΟΥ,"250083","12216",13η ΑΓ. ΝΙΚΟΛΑΟΥ,13th AG. NIKOLAOY,ΑΓ. ΝΙΚΟΛΑΟΥ,"25, Γ12"
250115: 6η ΠΑΠΑΓΟΥ,"250115","250115",6η ΠΑΠΑΓΟΥ,6th PAPAGOY,ΠΑΠΑΓΟΥ,"701, 704, 705"
250116: ΕΛΕΥΘΕΡΙΟΣ,"250116","250116",ΕΛΕΥΘΕΡΙΟΣ,ELEYTHERIOS,ΠΑΠΑΓΟΥ,"701, 704, 705"
250117: ΑΤΤΑΛΟΥ,"250117","250117",ΑΤΤΑΛΟΥ,ATTALOY,ΜΥΚΑΛΗΣ,"701, 705"
250146: ΜΕΓ. ΑΛΕΞΑΝΔΡΟΥ,"250146","250146",ΜΕΓ. ΑΛΕΞΑΝΔΡΟΥ,MEG. ALEXANDROY,Κ.ΠΑΛΑΜΑ,"702, 735"
250148: ΝΕΩΧΩΡΙΟΥ,"250148","11686",ΝΕΩΧΩΡΙΟΥ,NEOXORIOY,ΑΓ.ΤΡΥΦΩΝΑ,"701, 705"
250149: ΑΓ. ΤΡΥΦΩΝΑ,"250149","11687",ΑΓ. ΤΡΥΦΩΝΑ,AG. TRYFONA,ΑΓ.ΤΡΥΦΩΝΑ,"701, 705"
250150: ΠΙΝΔΟΥ,"250150","11717",ΠΙΝΔΟΥ,PINDOY,ΜΑΒΙΛΗ,"701, 705"
250: ΣΤ. ΕΥΑΓΓΕΛΙΣΜΟΣ,"250","11487",ΣΤ. ΕΥΑΓΓΕΛΙΣΜΟΣ,ST. EYAGELISMOS,ΛΕΩΦ ΒΑΣ ΣΟΦΙΑΣ,"250"
251: ΕΥΑΓΓΕΛΙΣΜΟΣ,"251","11609",ΕΥΑΓΓΕΛΙΣΜΟΣ,EYAGGELISMOS,ΡΙΖΑΡΗ,"250"
252: 1η ΚΡΥΟΝΕΡΙΟΥ,"252","11972",1η ΚΡΥΟΝΕΡΙΟΥ,1st KRYONERIOY,ΚΟΙΜΗΣΕΩΣ ΘΕΟΤΟΚΟΥ,Α7
253: 2η ΚΡΥΟΝΕΡΙΟΥ,"253","11973",2η ΚΡΥΟΝΕΡΙΟΥ,2nd KRYONERIOY,ΚΟΙΜΗΣΕΩΣ ΘΕΟΤΟΚΟΥ,Α7
254: ΑΝΩ ΒΟΥΛΑ,"254","10864",ΑΝΩ ΒΟΥΛΑ,ANO BOYLA,,"154"
25: ΠΕΙΡΑΙΑΣ,"25","10183",ΠΕΙΡΑΙΑΣ,PEIRAIAS,,"040, 049, 130, 217, 229, 826, 828, 831, 843, 859, Α1, Β1"
260001: ΑΓ. ΑΝΤΩΝΙΟΣ,"260001","260001",ΑΓ. ΑΝΤΩΝΙΟΣ,AG. ANTONIOS,ΛΕΩΦ.ΓΡ.ΛΑΜΠΡΑΚΗ,"824, 825, 842, 848, 860"
260002: ΣΧΟΛΕΙΑ,"260002","260002",ΣΧΟΛΕΙΑ,SXOLEIA,ΛΕΩΦ.ΓΡ.ΛΑΜΠΡΑΚΗ,"842, 848, 860"
260003: ΜΑΚΡΥΓΙΑΝΝΗ,"260003","260003",ΜΑΚΡΥΓΙΑΝΝΗ,MAKRYGIANNH,ΛΕΩΦ.ΓΡ.ΛΑΜΠΡΑΚΗ,"842, 848, 860"
260004: ΠΑΙΔΙΚΗ ΣΤΕΓΗ,"260004","260004",ΠΑΙΔΙΚΗ ΣΤΕΓΗ,PAIDIKH STEGH,ΛΕΩΦ.ΓΡ.ΛΑΜΠΡΑΚΗ,"842, 848, 860"
260005: ΣΤΡΟΦΗ ΑΜΦΙΑΛΗΣ,"260005","260005",ΣΤΡΟΦΗ ΑΜΦΙΑΛΗΣ,STROFH AMFIALHS,ΛΕΩΦ.ΓΡ.ΛΑΜΠΡΑΚΗ,"842, 848, 860"
260006: ΑΣΤΡΟ,"260006","260006",ΑΣΤΡΟ,ASTRO,ΛΕΩΦ.ΓΡ.ΛΑΜΠΡΑΚΗ,"842, 848, 860"
260007: 1η ΣΧΙΣΤΟΥ,"260007","260007",1η ΣΧΙΣΤΟΥ,1st SXISTOY,ΛΕΩΦ.ΣΧΙΣΤΟΥ,"860, 871, 871Τ"
260008: 2η ΣΧΙΣΤΟΥ,"260008","260008",2η ΣΧΙΣΤΟΥ,2nd SXISTOY,ΛΕΩΦ.ΣΧΙΣΤΟΥ,"819, 860, 871, 871Τ"
260009: 4η ΣΧΙΣΤΟΥ,"260009","260009",4η ΣΧΙΣΤΟΥ,4th SXISTOY,ΛΕΩΦ.ΣΧΙΣΤΟΥ,"871, 871Τ"
260010: ΔΡΕΛΛΙΑ,"260010","260010",ΔΡΕΛΛΙΑ,DRELLIA,ΔΑΡΔΑΝΕΛΛΙΩΝ,"825"
260011: ΘΕΡΜΟΠΥΛΩΝ,"260011","260011",ΘΕΡΜΟΠΥΛΩΝ,THERMOPYLON,ΚΕΦΑΛΛΗΝΙΑΣ,"825"
260012: 4η ΣΧΙΣΤΟΥ,"260012","260012",4η ΣΧΙΣΤΟΥ,4th SXISTOY,ΛΕΩΦ.ΣΧΙΣΤΟΥ,"819, 860, 871, 871Τ"
260013: 2η ΣΧΙΣΤΟΥ,"260013","260013",2η ΣΧΙΣΤΟΥ,2nd SXISTOY,ΛΕΩΦ.ΣΧΙΣΤΟΥ,"819, 860, 871, 871Τ"
260014: 1η ΣΧΙΣΤΟΥ,"260014","260014",1η ΣΧΙΣΤΟΥ,1st SXISTOY,ΛΕΩΦ.ΣΧΙΣΤΟΥ,"871, 871Τ"
260015: ΣΙΔΕΡΑ,"260015","260015",ΣΙΔΕΡΑ,SIDERA,ΛΕΩΦ.ΓΡ.ΛΑΜΠΡΑΚΗ,"842, 860"
260016: ΥΔΡΑΣ,"260016","260016",ΥΔΡΑΣ,YDRAS,ΛΕΩΦ.ΓΡ.ΛΑΜΠΡΑΚΗ,"842, 848, 860"
260017: ΑΣΤΡΟ,"260017","260017",ΑΣΤΡΟ,ASTRO,ΛΕΩΦ.ΓΡ.ΛΑΜΠΡΑΚΗ,"842, 848, 860"
260018: ΣΤΡΟΦΗ ΑΜΦΙΑΛΗΣ,"260018","260018",ΣΤΡΟΦΗ ΑΜΦΙΑΛΗΣ,STROFH AMFIALHS,ΛΕΩΦ.ΓΡ.ΛΑΜΠΡΑΚΗ,"842, 848, 860"
260019: ΠΑΙΔΙΚΗ ΣΤΕΓΗ,"260019","260019",ΠΑΙΔΙΚΗ ΣΤΕΓΗ,PAIDIKH STEGH,ΛΕΩΦ.ΓΡ.ΛΑΜΠΡΑΚΗ,"842, 848, 860"
260020: ΜΑΚΡΥΓΙΑΝΝΗ,"260020","260020",ΜΑΚΡΥΓΙΑΝΝΗ,MAKRYGIANNH,ΛΕΩΦ.ΓΡ.ΛΑΜΠΡΑΚΗ,"824, 825, 842, 848, 860"
260021: ΣΧΟΛΕΙΑ,"260021","260021",ΣΧΟΛΕΙΑ,SXOLEIA,ΛΕΩΦ.ΓΡ.ΛΑΜΠΡΑΚΗ,"824, 825, 842, 848, 860"
260022: ΑΓ. ΑΝΤΩΝΙΟΣ,"260022","260022",ΑΓ. ΑΝΤΩΝΙΟΣ,AG. ANTONIOS,ΛΕΩΦ.ΓΡ.ΛΑΜΠΡΑΚΗ,"824, 825, 842, 848, 860"
260023: ΣΑΜΟΥ,"260023","260023",ΣΑΜΟΥ,SAMOY,ΛΕΩΦ.ΓΡ.ΛΑΜΠΡΑΚΗ,"824, 825, 842, 848, 860"
260024: ΡΟΜΑΝΤΖΟ,"260024","260024",ΡΟΜΑΝΤΖΟ,ROMANTZO,ΛΕΩΦ.ΣΑΛΑΜΙΝΟΣ,"820, 824, 825, 826, 841, 871, 871Τ"
260026: ΝΕΡΟ,"260026","260026",ΝΕΡΟ,NERO,ΛΕΩΦ.ΣΑΛΑΜΙΝΟΣ,"824, 826, 841, 848, 871, 871Τ"
260027: ΣΤΡΟΦΗ ΑΜΦΙΑΛΗΣ,"260027","260027",ΣΤΡΟΦΗ ΑΜΦΙΑΛΗΣ,STROFH AMFIALHS,ΛΕΩΦ.ΣΑΛΑΜΙΝΟΣ,"826, 841, 848, 871, 871Τ"
260028: ΑΣΤΡΟΝ,"260028","260028",ΑΣΤΡΟΝ,ASTRON,ΛΕΩΦ.ΣΑΛΑΜΙΝΟΣ,"841, 848, 871, 871Τ"
260029: ΕΥΚΛΕΙΔΟΥ,"260029","260029",ΕΥΚΛΕΙΔΟΥ,EYKLEIDOY,ΓΑΛΗΝΟΥ,"826"
260031: ΠΥΡΟΣΒΕΣΤΙΚΗ,"260031","260031",ΠΥΡΟΣΒΕΣΤΙΚΗ,PYROSBESTIKH,ΛΕΩΦ.ΔΗΜΟΚΡΑΤΙΑΣ,"841, 842, 843"
260032: ΣΙΔΕΡΑ,"260032","260032",ΣΙΔΕΡΑ,SIDERA,ΛΕΩΦ.ΣΑΛΑΜΙΝΟΣ,"841"
260033: ΑΣΤΡΟΝ,"260033","260033",ΑΣΤΡΟΝ,ASTRON,ΛΕΩΦ.ΣΑΛΑΜΙΝΟΣ,"826, 841, 848, 871, 871Τ"
260034: ΣΤΡΟΦΗ ΑΜΦΙΑΛΗΣ,"260034","260034",ΣΤΡΟΦΗ ΑΜΦΙΑΛΗΣ,STROFH AMFIALHS,ΛΕΩΦ.ΣΑΛΑΜΙΝΟΣ,"826, 841, 848, 871, 871Τ"
260035: ΝΕΡΟ,"260035","260035",ΝΕΡΟ,NERO,ΛΕΩΦ.ΣΑΛΑΜΙΝΟΣ,"820, 824, 825, 826, 841, 871, 871Τ"
260036: ΡΟΜΑΝΤΖΟ,"260036","260036",ΡΟΜΑΝΤΖΟ,ROMANTZO,ΛΕΩΦ.ΣΑΛΑΜΙΝΟΣ,"820, 824, 825, 826, 841, 871, 871Τ"
260037: ΣΤΡΟΦΗ,"260037","260037",ΣΤΡΟΦΗ,STROFH,ΔΕΜΕΡΤΖΗ,"825"
260038: ΑΓ. ΕΥΘΥΜΙΟΣ,"260038","260038",ΑΓ. ΕΥΘΥΜΙΟΣ,AG. EYTHYMIOS,ΠΡΟΙΚΟΝΗΣΟΥ,"832, 833, 848"
260039: ΜΠΕΝΑΚΗ,"260039","260039",ΜΠΕΝΑΚΗ,MPENAKH,ΓΑΛΗΝΟΥ,"826"
260040: ΣΤΡΟΦΗ ΑΜΦΙΑΛΗΣ,"260040","260040",ΣΤΡΟΦΗ ΑΜΦΙΑΛΗΣ,STROFH AMFIALHS,ΛΕΩΦ.ΠΑΝ.ΤΣΑΛΔΑΡΗ,"824"
260041: ΠΑΛΑΙΟ ΤΕΡΜΑ,"260041","260041",ΠΑΛΑΙΟ ΤΕΡΜΑ,PALAIO TERMA,ΛΕΩΦ.ΠΑΝ.ΤΣΑΛΔΑΡΗ,"824, 825"
260042: ΣΧΟΛΕΙΟ,"260042","260042",ΣΧΟΛΕΙΟ,SXOLEIO,ΛΕΩΦ.ΣΧΙΣΤΟΥ,"860, 871, 871Τ"
260043: ΣΧΟΛΕΙΟ,"260043","260043",ΣΧΟΛΕΙΟ,SXOLEIO,ΛΕΩΦ.ΣΧΙΣΤΟΥ,"860, 871, 871Τ"
260044: ΑΓ. ΠΑΝΤΕΛΕΗΜΩΝ,"260044","260044",ΑΓ. ΠΑΝΤΕΛΕΗΜΩΝ,AG. PANTELEHMON,ΚΩΝΣΤΑΝΤΙΝΟΥΠΟΛΕΩΣ,"820"
260045: ΣΥΡΟΥ,"260045","260045",ΣΥΡΟΥ,SYROY,ΓΑΛΗΝΟΥ,"826"
260046: ΓΙΑΝΝΟΥΡΗ,"260046","260046",ΓΙΑΝΝΟΥΡΗ,GIANNOYRH,ΓΑΛΗΝΟΥ,"826"
260047: ΒΑΦΕΙΑ,"260047","260047",ΒΑΦΕΙΑ,BAFEIA,ΘΗΜΑΤΩΝ ΚΑΤΟΧΗΣ,"824, 825"
260048: ΜΠΑΛΗ,"260048","260048",ΜΠΑΛΗ,MPALH,ΓΑΛΗΝΟΥ,"826"
260049: ΑΜΦΙΑΛΗ,"260049","260049",ΑΜΦΙΑΛΗ,AMFIALH,ΛΕΩΦ.ΠΑΝ.ΤΣΑΛΔΑΡΗ,"824, 825"
260050: ΠΑΛΑΙΟ ΤΕΡΜΑ,"260050","260050",ΠΑΛΑΙΟ ΤΕΡΜΑ,PALAIO TERMA,ΛΕΩΦ.ΠΑΝ.ΤΣΑΛΔΑΡΗ,"824, 825"
260051: ΣΤΡΟΦΗ ΑΜΦΙΑΛΗΣ,"260051","260051",ΣΤΡΟΦΗ ΑΜΦΙΑΛΗΣ,STROFH AMFIALHS,ΛΕΩΦ.ΠΑΝ.ΤΣΑΛΔΑΡΗ,"824, 825"
260052: 1η ΑΓ. ΜΗΝΑ,"260052","260052",1η ΑΓ. ΜΗΝΑ,1st AG. MHNA,Ρ.ΦΕΡΑΙΟΥ,"826"
260053: 2η ΑΓ. ΜΗΝΑ,"260053","260053",2η ΑΓ. ΜΗΝΑ,2nd AG. MHNA,Ρ.ΦΕΡΑΙΟΥ,"826"
260054: 3η ΑΓ. ΜΗΝΑ,"260054","260054",3η ΑΓ. ΜΗΝΑ,3rd AG. MHNA,Ρ.ΦΕΡΑΙΟΥ,"826"
260055: 4η ΑΓ. ΜΗΝΑ,"260055","260055",4η ΑΓ. ΜΗΝΑ,4th AG. MHNA,Ρ.ΦΕΡΑΙΟΥ,"826"
260056: 5η ΑΓ. ΜΗΝΑ,"260056","260056",5η ΑΓ. ΜΗΝΑ,5th AG. MHNA,ΥΨΗΛΑΝΤΟΥ,"826"
260057: ΠΑΡΝΗΘΟΣ,"260057","260057",ΠΑΡΝΗΘΟΣ,PARNHTHOS,ΠΑΡΝΗΘΟΣ,"826"
260058: ΟΛΥΜΠΟΥ ΚΑΡΠΑΘΟΥ,"260058","260058",ΟΛΥΜΠΟΥ ΚΑΡΠΑΘΟΥ,OLYMPOY KARPATHOY,ΓΙΑΝΝΟΥΡΗ,"826"
260059: ΕΠΙΒΙΒΑΣΗ 832-833 (ΘΕΜΙΔΟΣ),"260059","260059",ΕΠΙΒΙΒΑΣΗ 832-833 (ΘΕΜΙΔΟΣ),EPIBIBASH 832-833 (THEMIDOS),ΧΡ.ΣΜΥΡΝΗΣ,"832, 833"
260060: ΚΟΠΗ,"260060","260060",ΚΟΠΗ,KOPH,ΠΛΑΤΩΝΟΣ,"833"
260061: ΝΕΚΡΟΤΑΦΕΙΟ,"260061","260061",ΝΕΚΡΟΤΑΦΕΙΟ,NEKROTAFEIO,ΠΛΑΤΩΝΟΣ,"820, 833"
260062: ΕΥΓΕΝΕΙΑ,"260062","260062",ΕΥΓΕΝΕΙΑ,EYGENEIA,ΠΛΑΤΩΝΟΣ,"832, 833"
260063: 25ης ΜΑΡΤΙΟΥ,"260063","260063",25ης ΜΑΡΤΙΟΥ,25th MARTIOY,25ης ΜΑΡΤΙΟΥ,"820, 832, 833, 848"
260064: ΚΟΥΝΤΟΥΡΙΩΤΟΥ,"260064","260064",ΚΟΥΝΤΟΥΡΙΩΤΟΥ,KOYNTOYRIOTOY,ΧΡ.ΣΜΥΡΝΗΣ,"832, 833"
260065: ΣΧΟΛΕΙΑ,"260065","260065",ΣΧΟΛΕΙΑ,SXOLEIΑ,ΧΡ.ΣΜΥΡΝΗΣ,"832, 833"
260066: ΒΥΡΩΝΟΣ,"260066","260066",ΒΥΡΩΝΟΣ,BYRONOS,ΔΩΔΕΚΑΝΗΣΟΥ,"832, 833, 848"
260067: ΠΛ. ΕΥΓΕΝΕΙΑΣ,"260067","260067",ΠΛ. ΕΥΓΕΝΕΙΑΣ,PL. EYGENEIAS,ΠΡΟΙΚΟΝΗΣΟΥ,"832, 833, 848"
260068: ΜΙΑΟΥΛΗ,"260068","260068",ΜΙΑΟΥΛΗ,MIAOYLH,Κ.ΠΑΛΑΜΑ,"832, 833, 848"
260069: ΚΕΡΑΤΣΑΚΗ,"260069","260069",ΚΕΡΑΤΣΑΚΗ,KERATSAKH,ΑΝΑΠΑΥΣΕΩΣ,"832, 833, 848"
260070: ΑΝΑΣΤΑΣΗΣ,"260070","260070",ΑΝΑΣΤΑΣΗΣ,ANASTASHS,ΑΝΑΠΑΥΣΕΩΣ,"832, 833, 848"
260071: ΠΛΑΤΩΝΟΣ,"260071","260071",ΠΛΑΤΩΝΟΣ,PLATONOS,ΠΛΑΤΩΝΟΣ,"832, 833"
260072: ΕΒΓΑ,"260072","260072",ΕΒΓΑ,EBGA,ΚΟΜΝΗΝΩΝ,"832, 833"
260073: ΡΟΔΟΠΟΛΕΩΣ,"260073","260073",ΡΟΔΟΠΟΛΕΩΣ,RODOPOLEOS,ΔΙΓΕΝΗ ΑΚΡΙΤΑ,"832, 833"
260074: Δ.Ε.Η,"260074","260074",Δ.Ε.Η,D.E.H,ΔΙΓΕΝΗ ΑΚΡΙΤΑ,"832, 833"
260075: ΣΧΟΛΕΙΟ,"260075","260075",ΣΧΟΛΕΙΟ,SXOLEIO,ΠΑΛΑΙΟΛΟΓΟΥ,"832, 833"
260076: ΑΡΙΑΔΝΗΣ,"260076","260076",ΑΡΙΑΔΝΗΣ,ARIADNHS,ΜΑΡΑΘΩΝΟΜΑΧΩΝ,"800"
260077: ΣΧΟΛΕΙΟ,"260077","260077",ΣΧΟΛΕΙΟ,SXOLEIO,ΠΑΛΑΙΟΛΟΓΟΥ,"832, 833"
260078: Δ.Ε.Η,"260078","260078",Δ.Ε.Η,D.E.H,ΔΕΓΕΝΗ ΑΚΡΙΤΑ,"832, 833"
260079: ΠΑΛ.ΤΕΡΜΑ,"260079","260079",ΠΑΛ.ΤΕΡΜΑ,PAL.TERMA,ΜΕΓ.ΑΛΕΞΑΝΔΡΟΥ,"832, 833"
260080: ΒΥΡΩΝΟΣ,"260080","260080",ΒΥΡΩΝΟΣ,BYRONOS,ΜΕΓ.ΑΛΕΞΑΝΔΡΟΥ,"832, 833"
260081: ΛΕΣΒΟΥ,"260081","260081",ΛΕΣΒΟΥ,LESVOY,ΓΑΛΗΝΟΥ,"826"
260082: ΣΙΝΕ ΚΑΤΕΡΙΝΑ,"260082","260082",ΣΙΝΕ ΚΑΤΕΡΙΝΑ,CINE KATERINA,ΒΥΡΩΝΟΣ,"832, 833"
260083: ΑΝΑΣΤΑΣΗ,"260083","260083",ΑΝΑΣΤΑΣΗ,ANASTASH,ΜΕΓ.ΑΛΕΞΑΝΔΡΟΥ,"833"
260085: ΚΟΠΗ,"260085","260085",ΚΟΠΗ,KOPH,ΜΕΓ.ΑΛΕΞΑΝΔΡΟΥ,"833"
260086: ΧΑΙΔΟΥ,"260086","260086",ΧΑΙΔΟΥ,XAIDOY,ΠΑΠΑΝΑΣΤΑΣΙΟΥ,"17, 17*"
260087: ΠΕΡΙΚΛΕΟΥΣ,"260087","260087",ΠΕΡΙΚΛΕΟΥΣ,PERIKLEOYS,ΠΑΠΑΝΑΣΤΑΣΙΟΥ,"17, 17*"
260088: ΣΜΥΡΝΗΣ,"260088","260088",ΣΜΥΡΝΗΣ,SMYRNHS,ΦΙΛΕΛΛΗΝΩΝ,"17, 17*"
260089: ΑΓ. ΠΑΝΤΕΛΕΗΜΩΝ,"260089","260089",ΑΓ. ΠΑΝΤΕΛΕΗΜΩΝ,AG. PANTELEHMON,ΦΙΛΕΛΛΗΝΩΝ,17*
260090: ΚΑΙΣΑΡΕΙΑΣ,"260090","260090",ΚΑΙΣΑΡΕΙΑΣ,KAISAREIAS,ΚΑΙΣΑΡΕΙΑΣ,17*
260091: ΕΒΓΑ,"260091","260091",ΕΒΓΑ,EBGA,ΚΑΙΣΑΡΕΙΑΣ,17*
260092: ΑΓ. ΓΕΩΡΓΙΟΣ,"260092","260092",ΑΓ. ΓΕΩΡΓΙΟΣ,AG. GEORGIOS,ΚΑΙΣΑΡΕΙΑΣ,17*
260093: ΝΕΥΤΩΝΟΣ,"260093","260093",ΝΕΥΤΩΝΟΣ,NEYTONOS,ΚΑΙΣΑΡΕΙΑΣ,17*
260095: ΣΑΧΤΟΥΡΗ,"260095","260095",ΣΑΧΤΟΥΡΗ,SAXTOYRH,ΓΑΛΗΝΟΥ,"826"
260096: ΠΛΑΠΟΥΤΑ,"260096","260096",ΠΛΑΠΟΥΤΑ,PLAPOYTA,ΓΑΛΗΝΟΥ,"826"
260097: ΑΓ. ΠΑΝΤΕΛΕΗΜΩΝ,"260097","260097",ΑΓ. ΠΑΝΤΕΛΕΗΜΩΝ,AG. PANTELEHMON,ΦΙΛΛΕΛΗΝΩΝ,17*
260098: ΑΓ. ΓΕΩΡΓΙΟΣ,"260098","260098",ΑΓ. ΓΕΩΡΓΙΟΣ,AG. GEORGIOS,ΘΗΜΑΤΩΝ ΚΑΤΟΧΗΣ,"824, 825"
260099: ΧΑΡΑΥΓΗ,"260099","260099",ΧΑΡΑΥΓΗ,XARAYGH,ΠΑΛΑΙΟΛΟΓΟΥ,"832, 833"
260100: ΧΑΡΑΥΓΗ,"260100","260100",ΧΑΡΑΥΓΗ,XARAYGH,ΠΑΛΑΙΟΛΟΓΟΥ,"832, 833"
260101: ΘΗΣΕΩΣ,"260101","260101",ΘΗΣΕΩΣ,THISEOS,ΜΑΡΑΘΩΝΟΜΑΧΩΝ,"800"
260111: ΕΒΓΑ,"260111","260111",ΕΒΓΑ,EBGA,ΘΥΜΑΤΩΝ ΚΑΤΟΧΗΣ,"824, 825"
260112: ΓΥΜΝΑΣΙΟ,"260112","260112",ΓΥΜΝΑΣΙΟ,GYMNASIO,ΔΕΜΕΡΤΖΗ,"825"
260113: ΗΛΕΙΑΣ,"260113","260113",ΗΛΕΙΑΣ,HLEIAS,ΑΝΩΝΥΜΟΣ,"819"
260116: ΤΑΜΠΟΥΡΙΑ,"260116","260116",ΤΑΜΠΟΥΡΙΑ,TAMPOYRIA,ΠΑΠΑΝΙΚΟΛΗ,"843"
260117: ΚΑΝΑΚΙΔΗ,"260117","260117",ΚΑΝΑΚΙΔΗ,KANAKIDH,ΔΗΜΟΚΡΑΤΙΑΣ,"843"
260118: ΠΡΟΣΚΟΠΩΝ,"260118","260118",ΠΡΟΣΚΟΠΩΝ,PROSKOPON,ΔΗΜΟΚΡΑΤΙΑΣ,"843"
260119: ΚΑΛΟΣΚΑΜΗ,"260119","260119",ΚΑΛΟΣΚΑΜΗ,KALOSKAMH,ΔΗΜΟΚΡΑΤΙΑΣ,"843"
260120: ΑΓ. ΓΕΩΡΓΙΟΣ,"260120","260120",ΑΓ. ΓΕΩΡΓΙΟΣ,AG. GEORGIOS,ΔΗΜΟΚΡΑΤΙΑΣ,"843"
260122: ΑΓ. ΓΕΩΡΓΙΟΣ,"260122","260122",ΑΓ. ΓΕΩΡΓΙΟΣ,AG. GEORGIOS,ΔΗΜΟΚΡΑΤΙΑΣ,"843"
260123: ΚΑΛΟΣΚΑΜΗ,"260123","260123",ΚΑΛΟΣΚΑΜΗ,KALOSKAMH,ΔΗΜΟΚΡΑΤΙΑΣ,"843"
260124: ΠΡΟΣΚΟΠΩΝ,"260124","260124",ΠΡΟΣΚΟΠΩΝ,PROSKOPON,ΔΗΜΟΚΡΑΤΙΑΣ,"843"
260125: ΚΑΝΑΚΙΔΗ,"260125","260125",ΚΑΝΑΚΙΔΗ,KANAKIDH,ΔΗΜΟΚΡΑΤΙΑΣ,"843"
260126: ΤΑΜΠΟΥΡΙΑ,"260126","260126",ΤΑΜΠΟΥΡΙΑ,TAMPOYRIA,ΔΗΜΟΚΡΑΤΙΑΣ,"843"
260127: ΠΛΑΤΩΝΟΣ,"260127","260127",ΠΛΑΤΩΝΟΣ,PLATONOS,ΜΕΓ.ΑΛΕΞΑΝΔΡΟΥ,"832, 833"
260128: 3η ΣΧΙΣΤΟΥ,"260128","260128",3η ΣΧΙΣΤΟΥ,3rd SXISTOY,ΛΕΩΦ.ΣΧΙΣΤΟΥ,"819, 860, 871, 871Τ"
260129: 3η ΣΧΙΣΤΟΥ,"260129","260129",3η ΣΧΙΣΤΟΥ,3rd SXISTOY,ΛΕΩΦ.ΣΧΙΣΤΟΥ,"819, 860, 871, 871Τ"
260130: ΠΥΡΟΣΒΕΣΤΙΚΗ,"260130","260130",ΠΥΡΟΣΒΕΣΤΙΚΗ,PYROSBESTIKH,ΔΗΜΟΚΡΑΤΙΑΣ,"841, 842, 843"
260132: ΣΤΟΥΡΝΑΡΗ,"260132","260132",ΣΤΟΥΡΝΑΡΗ,STOYRNARH,ΑΚΡΟΠΟΛΕΩΣ,17*
260133: ΚΟΥΝΤΟΥΡΙΩΤΗ,"260133","260133",ΚΟΥΝΤΟΥΡΙΩΤΗ,KOYNTOYRIOTH,ΑΚΡΟΠΟΛΕΩΣ,17*
260134: 25ης ΜΑΡΤΙΟΥ,"260134","260134",25ης ΜΑΡΤΙΟΥ,25th MARTIOY,ΑΚΡΟΠΟΛΕΩΣ,17*
260135: ΠΛ. ΚΥΠΡΟΥ,"260135","260135",ΠΛ. ΚΥΠΡΟΥ,PL. KYPROY,ΕΛ.ΒΕΝΙΖΕΛΟΥ,"17, 17*, 820, 848"
260136: ΑΚΤΗ ΙΩΝΙΑΣ,"260136","260136",ΑΚΤΗ ΙΩΝΙΑΣ,AKTH IONIAS,ΑΚΤΗ ΙΩΝΙΑΣ,17*
260137: ΜΥΚΑΛΗΣ,"260137","260137",ΜΥΚΑΛΗΣ,MYKALHS,ΜΙΑΟΥΛΗ,"832, 833"
260138: ΚΟΜΝΗΝΩΝ,"260138","260138",ΚΟΜΝΗΝΩΝ,KOMNHNON,ΜΙΑΟΥΛΗ,"832, 833"
260140: ΠΡΟΥΣΣΗΣ,"260140","260140",ΠΡΟΥΣΣΗΣ,PROYSSHS,ΔΩΔΕΚΑΝΗΣΟΥ,"832, 833, 848"
260141: ΔΑΓΚΛΗ,"260141","260141",ΔΑΓΚΛΗ,DAGKLH,ΛΕΩΦ.ΣΑΛΑΜΙΝΟΣ,"841, 848, 871, 871Τ"
260142: ΔΑΓΚΛΗ,"260142","260142",ΔΑΓΚΛΗ,DAGKLH,ΛΕΩΦ.ΣΑΛΑΜΙΝΟΣ,"826, 841, 848, 871, 871Τ"
260143: ΜΑΚΡΥΓΙΑΝΝΗ,"260143","260143",ΜΑΚΡΥΓΙΑΝΝΗ,MAKRYGIANNH,ΔΑΡΔΑΝΕΛΛΙΩΝ,"825"
260144: ΒΑΛΤΕΤΣΙΟΥ,"260144","260144",ΒΑΛΤΕΤΣΙΟΥ,BALTETSIOY,ΔΑΡΔΑΝΕΛΛΙΩΝ,"825"
260145: ΑΜΑΖΟΝΩΝ,"260145","260145",ΑΜΑΖΟΝΩΝ,AMAZONON,ΠΕΡΕΒΟΥ,"825"
260146: ΓΡ. ΛΑΜΠΡΑΚΗ,"260146","260146",ΓΡ. ΛΑΜΠΡΑΚΗ,GR. LAMPRAKH,ΠΕΡΡΑΙΒΟΥ,"825"
260147: ΜΟΥΣΩΝ,"260147","260147",ΜΟΥΣΩΝ,MOYSON,Μ.ΜΠΟΤΣΑΡΗ,"825"
260148: ΕΣΠΕΡΙΔΩΝ,"260148","260148",ΕΣΠΕΡΙΔΩΝ,ESPERIDON,Μ.ΜΠΟΤΣΑΡΗ,"825"
260149: ΜΟΝΕΜΒΑΣΙΑΣ,"260149","260149",ΜΟΝΕΜΒΑΣΙΑΣ,MONEMBASIAS,ΜΥΣΤΡΑ,"825"
260150: ΣΧΟΛΕΙΟ,"260150","260150",ΣΧΟΛΕΙΟ,SXOLEIO,ΜΥΣΤΡΑ,"825"
260151: ΤΑΜΠΟΥΡΙΑ,"260151","260151",ΤΑΜΠΟΥΡΙΑ,TAMPOYRIA,ΔΗΜΟΚΡΑΤΙΑΣ,"17, 17*"
260154: ΚΟΜΝΗΝΩΝ,"260154","260154",ΚΟΜΝΗΝΩΝ,KOMNHNON,ΜΙΑΟΥΛΗ,"832, 833"
260155: ΜΥΚΑΛΗΣ,"260155","260155",ΜΥΚΑΛΗΣ,MYKALHS,ΜΙΑΟΥΛΗ,"832, 833"
260163: ΑΓ. ΣΟΦΙΑ,"260163","260163",ΑΓ. ΣΟΦΙΑ,AG. SOFIA,ΔΕΜΕΡΤΖΗ,"825"
260164: ΣΟΛΩΜΟΥ,"260164","260164",ΣΟΛΩΜΟΥ,SOLOMOY,ΛΕΩΦ.ΣΑΛΑΜΙΝΟΣ,"824, 825, 826, 841, 848, 871, 871Τ"
260165: Λ.ΔΗΜΟΚΡΑΤΙΑΣ,"260165","11539",Λ.ΔΗΜΟΚΡΑΤΙΑΣ,L. DHMOKRATIAS,ΚΩΝΣΤ/ΠΟΛΕΩΣ,"820"
260166: ΚΑΡΑΟΛΗ,"260166","11540",ΚΑΡΑΟΛΗ,KARAOLH,ΚΩΝΣΤ/ΠΟΛΕΩΣ,"820"
260167: ΔΗΜΑΡΧΕΙΟ,"260167","11541",ΔΗΜΑΡΧΕΙΟ,DHMARXEIO,ΚΑΡΑΟΛΗ ΔΗΜΗΤΡΙΟΥ,"820"
260168: ΠΛΑΤΩΝΟΣ,"260168","11542",ΠΛΑΤΩΝΟΣ,PLATONOS,25ης ΜΑΡΤΙΟΥ,"820"
260171: ΣΧΟΛΕΙΟ,"260171","260171",ΣΧΟΛΕΙΟ,SXOLEIO,ΚΩΝΣΤΑΝΤΙΝΟΥΠΟΛΕΩΣ,"820, 848"
260173: ΜΑΔΥΤΟΥ,"260173","260173",ΜΑΔΥΤΟΥ,MADYTOY,ΕΛ.ΒΕΝΙΖΕΛΟΥ,"820, 848"
260174: ΙΜΒΡΟΥ,"260174","260174",ΙΜΒΡΟΥ,IMBROY,ΕΛ.ΒΕΝΙΖΕΛΟΥ,"820, 848"
260175: ΧΡΥΣΟΣΤΟΜΟΥ ΣΜΥΡΝΗΣ,"260175","260175",ΧΡΥΣΟΣΤΟΜΟΥ ΣΜΥΡΝΗΣ,XRYSOSTOMOU SMYRNHS,25ης ΜΑΡΤΙΟΥ,"848"
260176: ΔΗΜΑΡΧΕΙΟ,"260176","260176",ΔΗΜΑΡΧΕΙΟ,DHMARXEIO,ΚΩΝΣΤΑΝΤΙΝΟΥΠΟΛΕΩΣ,"848"
260177: ΣΧΟΛΕΙΟ,"260177","260177",ΣΧΟΛΕΙΟ,SXOLEIO,ΚΩΝΣΤΑΝΤΙΝΟΥΠΟΛΕΩΣ,"820, 848"
260180: ΣΙΔΕΡΑ,"260180","260180",ΣΙΔΕΡΑ,SIDERA,ΛΕΩΦ.ΓΡ.ΛΑΜΠΡΑΚΗ,"842"
260181: Δ. ΑΡΕΟΠΑΓΙΤΟΥ,"260181","260181",Δ. ΑΡΕΟΠΑΓΙΤΟΥ,D. ARΕOPAGITOY,ΛΕΩΦ.ΠΑΝ.ΤΣΑΛΔΑΡΗ,"824, 825"
260182: ΕΥΚΛΕΙΔΟΥ,"260182","260182",ΕΥΚΛΕΙΔΟΥ,EYKLEIDOY,ΒΛΑΧΑΒΑ,"826"
260183: ΠΛΑΤΩΝΟΣ,"260183","260183",ΠΛΑΤΩΝΟΣ,PLATONOS,ΒΥΡΩΝΟΣ,"832, 833"
260184: ΑΘ. ΔΙΑΚΟΥ,"260184","260184",ΑΘ. ΔΙΑΚΟΥ,ATH. DIAKOY,ΑΚΡΟΠΟΛΕΩΣ,17*
260186: ΓΡ. ΛΑΜΠΡΑΚΗ,"260186","260186",ΓΡ. ΛΑΜΠΡΑΚΗ,GR.LAMPRAKH,Λ.ΔΗΜΟΚΡΑΤΙΑΣ,"843"
260189: ΒΟΥΓΙΟΥΚΛΑΚΗ ΣΤΑΥΡΟΥΛΑ,"260189","260189",ΒΟΥΓΙΟΥΚΛΑΚΗ ΣΤΑΥΡΟΥΛΑ,BOYGIOYKLAKH STAYROYLA,ΓΑΛΗΝΟΥ,"826"
260191: ΠΑΙΔΙΚΗ ΧΑΡΑ,"260191","11034",ΠΑΙΔΙΚΗ ΧΑΡΑ,PAIDIKH XARA,ΧΡΥΣΟΣΤΟΜΟΥ ΣΜΥΡΝΗΣ,"832, 833"
260192: ΛΥΚΟΥΡΓΟΥ,"260192","11035",ΛΥΚΟΥΡΓΟΥ,LYKOURGOY,ΧΡΥΣΟΣΤΟΜΟΥ ΣΜΥΡΝΗΣ,"832, 833"
260193: ΒΥΤΙΝΙΩΤΟΥ,"260193","11036",ΒΥΤΙΝΙΩΤΟΥ,BYTINIOTOY,ΧΡΥΣΟΣΤΟΜΟΥ ΣΜΥΡΝΗΣ,"832, 833"
260194: ΤΡΑΠΕΖΟΥΝΤΟΣ,"260194","11037",ΤΡΑΠΕΖΟΥΝΤΟΣ,TRAPEZOYNTOS,ΠΡΟΙΚΟΝΗΣΟΥ,"832, 833"
260195: 25ης ΜΑΡΤΙΟΥ,"260195","11039",25ης ΜΑΡΤΙΟΥ,25th MARTIOY,25ΗΣ ΜΑΡΤΙΟΥ,"833"
260900: ΜΙΑΟΥΛΗ,"260900","11040",ΜΙΑΟΥΛΗ,MIAOYLH,ΠΑΛΑΜΑ,"832, 833"
260901: ΚΟΜΝΗΝΩΝ,"260901","11041",ΚΟΜΝΗΝΩΝ,KOMNHNON,ΜΙΑΟΥΛΗ,"832, 833"
260902: ΜΥΚΑΛΗΣ,"260902","11042",ΜΥΚΑΛΗΣ,MYKALHS,ΜΙΑΟΥΛΗ,"832, 833"
264: ΔΑΡΖΕΝΤΑ - ΑΓ.ΔΗΜΗΤΡΙΟΣ,"264","11803",ΔΑΡΖΕΝΤΑ - ΑΓ.ΔΗΜΗΤΡΙΟΣ,DARZENTA - AG.DHMHTRIOS,,"164"
26: ΟΜΟΝΟΙΑΣ,"26","10184",ΟΜΟΝΟΙΑΣ,OMONOIAS,,"049"
270001: ΚΑΤ,"270001","270001",ΚΑΤ,KAT,ΛΕΩΦ.ΚΗΦΙΣΙΑΣ,"500, 550, Α7, Χ14"
270002: ΖΗΡΙΝΕΙΟ,"270002","270002",ΖΗΡΙΝΕΙΟ,ZHRINEIO,ΛΕΩΦ.ΚΗΦΙΣΙΑΣ,"500, 503, 504, 507, 509, 509Β, 535, 535Α, 536, 550, 721, Α7, Χ14"
270003: ΠΛ. ΚΗΦΙΣΙΑΣ,"270003","270003",ΠΛ. ΚΗΦΙΣΙΑΣ,PL. KHFISIAS,ΛΕΩΦ.ΚΗΦΙΣΙΑΣ,"503, 504, 507, 509, 509Β, 522, 523, 524, 526, 535, 535Α, 536, 560, 721, Α7"
270004: ΟΘΩΝΟΣ,"270004","270004",ΟΘΩΝΟΣ,OTHONOS,ΛΕΩΦ.ΚΗΦΙΣΙΑΣ,"503, 504, 507, 509, 509Β, 522, 523, 524, 526, 530, 535, 535Α, 536, 560, 721, Α7"
270005: ΜΑΡΚΕΤΟΥ,"270005","270005",ΜΑΡΚΕΤΟΥ,MARKETOY,ΛΕΩΦ.ΚΗΦΙΣΙΑΣ,"503, 507, 509, 509Β, 523, 524, 526, 530, 535, 535Α, 536, 560, Α7"
270006: ΚΑΝΑΡΗ,"270006","270006",ΚΑΝΑΡΗ,KANARH,ΛΕΩΦ.ΚΗΦΙΣΙΑΣ,"503, 507, 509, 509Β, 523, 535, 535Α, 536, 560, Α7"
270007: ΣΑΡΑΝΤΑΠΟΡΟΥ,"270007","270007",ΣΑΡΑΝΤΑΠΟΡΟΥ,SARANTAPOROY,ΛΕΩΦ.ΚΗΦΙΣΙΑΣ,"503, 507, 509, 509Β, 523, 535, 535Α, 536, 560, Α7"
270008: ΣΑΡΑΝΤΑΠΟΡΟΥ,"270008","270008",ΣΑΡΑΝΤΑΠΟΡΟΥ,SARANTAPOROY,ΛΕΩΦ.ΚΗΦΙΣΙΑΣ,"503, 507, 509, 509Β, 523, 535, 535Α, 536, 560, Α7"
270009: ΚΑΝΑΡΗ,"270009","270009",ΚΑΝΑΡΗ,KANARH,ΛΕΩΦ.ΚΗΦΙΣΙΑΣ,"503, 507, 509, 509Β, 523, 535, 535Α, 536, 560, Α7"
270010: ΜΑΡΚΕΤΟΥ,"270010","270010",ΜΑΡΚΕΤΟΥ,MARKETOY,ΛΕΩΦ.ΚΗΦΙΣΙΑΣ,"503, 507, 509, 509Β, 523, 535, 535Α, 536, 560, Α7"
270011: ΟΘΩΝΟΣ,"270011","270011",ΟΘΩΝΟΣ,OTHONOS,ΛΕΩΦ.ΚΗΦΙΣΙΑΣ,"503, 507, 509, 509Β, 523, 524, 526, 530, 535, 535Α, 536, 560, Α7"
270013: ΠΛ. ΚΗΦΙΣΙΑΣ,"270013","270013",ΠΛ. ΚΗΦΙΣΙΑΣ,PL. KHFISIAS,ΛΕΩΦ.ΚΗΦΙΣΙΑΣ,"503, 507, 509, 509Β, 535, 535Α, 536, Α7"
270014: ΖΗΡΙΝΕΙΟ,"270014","270014",ΖΗΡΙΝΕΙΟ,ZHRINEIO,ΛΕΩΦ.ΚΗΦΙΣΙΑΣ,"500, 550, Α7, Χ14"
270015: ΚΑΤ,"270015","270015",ΚΑΤ,KAT,ΛΕΩΦ.ΚΗΦΙΣΙΑΣ,"500, 550, Α7, Χ14"
270016: ΠΟΛΥΚΑΤΟΙΚΙΕΣ,"270016","270016",ΠΟΛΥΚΑΤΟΙΚΙΕΣ,POLYKATOIKIES,ΑΧΑΡΝΩΝ,"543, 543Α, Β9"
270017: ΜΕΤΑΞΑ,"270017","270017",ΜΕΤΑΞΑ,METAXA,ΑΧΑΡΝΩΝ,"543, 543Α, Β9"
270018: ΔΙΑΚΟΥ,"270018","270018",ΔΙΑΚΟΥ,DIAKOY,ΑΧΑΡΝΩΝ,"543, 543Α, Β9"
270019: Η.Σ.Α.Π,"270019","270019",Η.Σ.Α.Π,H.S.A.P,ΤΑΤΟΙΟΥ,Β9
270020: ΚΑΛΥΦΤΑΚΗ,"270020","270020",ΚΑΛΥΦΤΑΚΗ,KALYFTAKH,Γ.ΛΥΡΑ,"543, 543Α, Β9"
270021: 1η ΟΘΩΝΟΣ,"270021","270021",1η ΟΘΩΝΟΣ,1st OTHONOS,ΟΘΩΝΟΣ,"543, 543Α, Β9"
270022: 2η ΟΘΩΝΟΣ,"270022","270022",2η ΟΘΩΝΟΣ,2nd OTHONOS,ΟΘΩΝΟΣ,"543, 543Α, Β9"
270023: ΠΛ. ΠΛΑΤΑΝΟΥ,"270023","270023",ΠΛ. ΠΛΑΤΑΝΟΥ,PL. PLATANOY,ΑΔΡΙΑΝΟΥ,"523, 524, 526, 530, 560"
270024: ΔΗΜΗΤΡΑΣ,"270024","270024",ΔΗΜΗΤΡΑΣ,DHMHTRAS,ΕΛΑΙΩΝ,"504, 522, 523, 543, 543Α, 721, Β9"
270025: 1η ΛΥΡΑ,"270025","270025",1η ΛΥΡΑ,1st LYRA,Γ.ΛΥΡΑ,"543, 543Α, Β9"
270026: 2η ΛΥΡΑ,"270026","270026",2η ΛΥΡΑ,2nd LYRA,Γ.ΛΥΡΑ,"543, 543Α, Β9"
270030: ΚΗΦΙΣΟΥ,"270030","270030",ΚΗΦΙΣΟΥ,KHFISOY,ΕΛΑΙΩΝ,"504, 522, 523, 543, 543Α, 721, Β9"
270031: ΧΕΛΙΔΟΝΟΥΣ,"270031","270031",ΧΕΛΙΔΟΝΟΥΣ,XELIDONOYS,ΕΛΑΙΩΝ,"504, 522, 523, 543, 543Α, 721, Β9"
270032: 2η ΛΥΡΑ,"270032","270032",2η ΛΥΡΑ,2nd LYRA,Γ.ΛΥΡΑ,"543, 543Α, Β9"
270033: 1η ΛΥΡΑ,"270033","270033",1η ΛΥΡΑ,1st LYRA,Γ.ΛΥΡΑ,"543, 543Α, Β9"
270034: ΠΑΠΑΓΟΥ,"270034","270034",ΠΑΠΑΓΟΥ,PAPAGOY,ΦΡΑΓΚΟΠΟΥΛΟΥ,Β9
270035: ΜΠΟΤΣΑΡΗ,"270035","270035",ΜΠΟΤΣΑΡΗ,MPOTSARH,ΦΡΑΓΚΟΠΟΥΛΟΥ,Β9
270036: ΧΑΜΠΑΚΗ,"270036","270036",ΧΑΜΠΑΚΗ,XAMPAKH,ΦΡΑΓΚΟΠΟΥΛΟΥ,Β9
270037: ΓΕΦΥΡΑ,"270037","270037",ΓΕΦΥΡΑ,GEFYRA,Γ.ΝΙΚΟΛΑΟΥ,Β9
270038: ΗΛΕΚΤΡ. ΣΤΑΘΜΟΣ,"270038","270038",ΗΛΕΚΤΡ. ΣΤΑΘΜΟΣ,HLEKTR. STATHMOS,ΤΑΤΟΙΟΥ,"522, Β9"
270039: 1η ΟΘΩΝΟΣ,"270039","270039",1η ΟΘΩΝΟΣ,1st OTHONOS,ΟΘΩΝΟΣ,Β9
270040: 2η ΟΘΩΝΟΣ,"270040","270040",2η ΟΘΩΝΟΣ,2nd OTHONOS,ΟΘΩΝΟΣ,Β9
270042: ΦΟΥΡΝΟΣ,"270042","270042",ΦΟΥΡΝΟΣ,FOYRNOS,ΕΜ.ΜΠΕΝΑΚΗ,"504, 522, 721"
270043: 3η Ν. ΚΗΦΙΣΙΑΣ,"270043","270043",3η Ν. ΚΗΦΙΣΙΑΣ,3rd N. KHFISIAS,ΕΜ.ΜΠΕΝΑΚΗ,"504, 522, 721"
270044: 4η Ν. ΚΗΦΙΣΙΑΣ,"270044","270044",4η Ν. ΚΗΦΙΣΙΑΣ,4th N. KHFISIAS,ΤΑΤΟΙΟΥ,"504, 522, 721"
270045: 5η Ν. ΚΗΦΙΣΙΑΣ,"270045","270045",5η Ν. ΚΗΦΙΣΙΑΣ,5th N. KHFISIAS,ΤΑΤΟΙΟΥ,"503, 522"
270046: 6η Ν. ΚΗΦΙΣΙΑΣ,"270046","270046",6η Ν. ΚΗΦΙΣΙΑΣ,6th N. KHFISIAS,ΑΔΑΜΩΝ,"522"
270047: 7η Ν. ΚΗΦΙΣΙΑΣ,"270047","270047",7η Ν. ΚΗΦΙΣΙΑΣ,7th N. KHFISIAS,ΑΔΑΜΩΝ,"522"
270049: ΓΕΡΟΝΤΑΚΙ,"270049","270049",ΓΕΡΟΝΤΑΚΙ,GERONTAKI,ΧΕΛΙΔΟΝΟΥΣ,"504, 522"
270050: Π. ΜΕΛΑ,"270050","270050",Π. ΜΕΛΑ,P. MELA,Π.ΜΕΛΑ,"504, 522"
270051: ΑΝΟΙΞΕΩΣ,"270051","270051",ΑΝΟΙΞΕΩΣ,ANOIXEOS,ΧΑΡ.ΤΡΙΚΟΥΠΗ,"504, 523, 721"
270052: ΚΗΦΙΣΟΥ,"270052","270052",ΚΗΦΙΣΟΥ,KHFISOY,ΕΡΥΜΑΝΘΟΥ,"523"
270053: ΧΕΛΙΔΟΝΟΥΣ,"270053","270053",ΧΕΛΙΔΟΝΟΥΣ,XELIDONOYS,ΕΛΑΙΩΝ,"504, 523, 543, 543Α, 721, Β9"
270054: ΠΗΓΑΣΟΥ,"270054","270054",ΠΗΓΑΣΟΥ,PHGASOY,ΕΛΑΙΩΝ,"504, 523, 543, 543Α, 721, Β9"
270058: ΒΕΝΖΙΝΗ,"270058","270058",ΒΕΝΖΙΝΗ,BENZINH,ΤΑΤΟΙΟΥ,"503"
270059: ΣΑΡΑΝΤΑΠΟΡΟΥ,"270059","270059",ΣΑΡΑΝΤΑΠΟΡΟΥ,SARANTAPOROY,ΤΑΤΟΙΟΥ,"721"
270060: Π. ΜΕΛΑ,"270060","270060",Π. ΜΕΛΑ,P. MELA,ΤΑΤΟΙΟΥ,"721"
270061: ΑΓ. ΓΕΩΡΓΙΟΣ,"270061","270061",ΑΓ. ΓΕΩΡΓΙΟΣ,AG. GEORGIOS,ΤΑΤΟΙΟΥ,"504, 522, 721"
270063: ΔΑΦΝΗΣ,"270063","270063",ΔΑΦΝΗΣ,DAFNHS,ΠΛΟΥΤΑΡΧΟΥ,"522"
270064: ΠΟΛΥΚΑΤΟΙΚΙΕΣ,"270064","270064",ΠΟΛΥΚΑΤΟΙΚΙΕΣ,POLYKATOIKIES,ΑΧΑΡΝΩΝ,Β9
270065: ΖΗΡΙΝΕΙΟ,"270065","270065",ΖΗΡΙΝΕΙΟ,ZHRINEIO,ΛΕΩΦ.ΚΗΦΙΣΙΑΣ,"530"
270066: ΚΥΡΙΑΖΗ,"270066","270066",ΚΥΡΙΑΖΗ,KYRIAZH,ΑΓ.ΤΡΥΦΩΝΟΣ,"530"
270067: ΣΥΓΓΡΟΥ,"270067","270067",ΣΥΓΓΡΟΥ,SYGGROY,ΑΓ.ΤΡΥΦΩΝΟΣ,"530"
270068: 4η ΚΗΦΙΣΙΑΣ,"270068","270068",4η ΚΗΦΙΣΙΑΣ,4th KHFISIAS,ΣΟΦ.ΒΕΝΙΖΕΛΟΥ,Β9
270069: ΜΙΑΟΥΛΗ,"270069","270069",ΜΙΑΟΥΛΗ,MIAOYLH,ΜΙΑΟΥΛΗ,"501"
270070: ΝΕΚΡΟΤΑΦΕΙΟ,"270070","270070",ΝΕΚΡΟΤΑΦΕΙΟ,NEKROTAFEIO,ΧΑΡ.ΤΡΙΚΟΥΠΗ,"530"
270071: 4η ΑΝΩ ΚΗΦΙΣΙΑΣ,"270071","270071",4η ΑΝΩ ΚΗΦΙΣΙΑΣ,4th ANO KHFISIAS,ΜΠΑΚΟΓΙΑΝΝΗ,"530"
270072: ΑΓ.  ΝΕΚΤΑΡΙΟΣ,"270072","270072",ΑΓ.  ΝΕΚΤΑΡΙΟΣ,AG. NEKTARIOS,25ης ΜΑΡΤΙΟΥ,"530"
270073: 4η ΑΝΩ ΚΗΦΙΣΙΑΣ,"270073","270073",4η ΑΝΩ ΚΗΦΙΣΙΑΣ,4th ANO KHFISIAS,ΜΠΑΚΟΓΙΑΝΝΗ,"530"
270074: ΝΕΚΡΟΤΑΦΕΙΟ,"270074","270074",ΝΕΚΡΟΤΑΦΕΙΟ,NEKROTAFEIO,ΧΡ.ΤΡΙΚΟΥΠΗ,"530"
270075: 2η ΑΝΩ ΚΗΦΙΣΙΑΣ,"270075","270075",2η ΑΝΩ ΚΗΦΙΣΙΑΣ,2nd ANO KHFISIAS,ΧΑΡ.ΤΡΙΚΟΥΠΗ,"530"
270076: 1η ΑΝΩ ΚΗΦΙΣΙΑΣ,"270076","270076",1η ΑΝΩ ΚΗΦΙΣΙΑΣ,1st ANO KHFISIAS,ΧΑΡ.ΤΡΙΚΟΥΠΗ,"530"
270077: ΚΑΡΠΑΘΟΥ,"270077","270077",ΚΑΡΠΑΘΟΥ,KARPATHOY,ΑΓ.ΤΡΥΦΩΝΟΣ,"530"
270078: 3η ΚΟΚΚΙΝΑΡΑ,"270078","270078",3η ΚΟΚΚΙΝΑΡΑ,3rd KOKKINARA,ΚΟΚΚΙΝΑΡΑ,"524"
270079: 4η ΚΟΚΚΙΝΑΡΑ,"270079","270079",4η ΚΟΚΚΙΝΑΡΑ,4th KOKKINARA,ΚΟΚΚΙΝΑΡΑ,"524"
270080: 5η ΚΟΚΚΙΝΑΡΑ,"270080","270080",5η ΚΟΚΚΙΝΑΡΑ,5th KOKKINARA,ΚΟΚΚΙΝΑΡΑ,"524"
270086: ΠΛ. ΚΕΦΑΛΑΡΙΟΥ,"270086","270086",ΠΛ. ΚΕΦΑΛΑΡΙΟΥ,PL. KEFALARIOY,ΔΗΛΗΓΙΑΝΝΗ,"524, 526, 530"
270087: ΓΕΩΡΓΑΝΤΑ,"270087","270087",ΓΕΩΡΓΑΝΤΑ,GEORGANTA,ΔΗΛΗΓΙΑΝΝΗ,"524, 526, 530"
270088: ΔΗΛΟΥ,"270088","270088",ΔΗΛΟΥ,DHLOY,ΚΥΨΕΛΗΣ,"530"
270089: 4η ΒΑΡΥΜΠΟΜΠΗΣ,"270089","270089",4η ΒΑΡΥΜΠΟΜΠΗΣ,4th BARYMPOMPHS,ΤΑΤΟΙΟΥ,"503"
270090: 2η ΒΑΡΥΜΠΟΜΠΗΣ,"270090","270090",2η ΒΑΡΥΜΠΟΜΠΗΣ,2nd BARYMPOMPHS,ΤΑΤΟΙΟΥ,"503"
270091: ΧΑΡ. ΤΡΙΚΟΥΠΗ,"270091","270091",ΧΑΡ. ΤΡΙΚΟΥΠΗ,XAR. TRIKOYPH,ΚΟΚΚΙΝΑΡΑ,"524, 526, 530"
270092: ΘΕΡΜΟΠΥΛΩΝ,"270092","270092",ΘΕΡΜΟΠΥΛΩΝ,THERMOPYLON,ΑΡΕΩΣ,"501"
270093: ΑΓ. ΠΑΡΑΣΚΕΥΗ,"270093","270093",ΑΓ. ΠΑΡΑΣΚΕΥΗ,AG. PARASKEYH,ΠΕΛΛΗΣ,"501"
270094: ΑΓ. ΚΥΡΙΑΚΗ,"270094","270094",ΑΓ. ΚΥΡΙΑΚΗ,AG. KYRIAKH,ΑΓ.ΠΑΡΑΣΚΕΥΗΣ,"501"
270095: ΑΝΑΡΡΩΤΗΡΙΟ,"270095","270095",ΑΝΑΡΡΩΤΗΡΙΟ,ANARROTHRIO,ΑΡΓΥΡΟΚΑΣΤΡΟΥ,"501"
270096: ΑΓ. ΚΥΡΙΑΚΗ,"270096","270096",ΑΓ. ΚΥΡΙΑΚΗ,AG. KYRIAKH,ΑΓ.ΠΑΡΑΣΚΕΥΗΣ,"501"
270097: ΕΠΙΔΑΥΡΟΥ,"270097","270097",ΕΠΙΔΑΥΡΟΥ,EPIDAYROY,ΠΕΛΛΗΣ,"501"
270098: ΕΘΝΙΚΗ ΟΔΟΣ,"270098","270098",ΕΘΝΙΚΗ ΟΔΟΣ,ETHNIKH ODOS,ΚΗΦΙΣΙΑΣ,"721, 734"
270100: 3η ΑΔΑΜΩΝ,"270100","270100",3η ΑΔΑΜΩΝ,3rd ADAMON,ΕΡΜΙΟΝΗΣ,"523"
270101: 4η ΑΔΑΜΩΝ,"270101","270101",4η ΑΔΑΜΩΝ,4th ADAMON,ΔΗΜΗΤΣΑΝΑΣ,"523"
270102: ΜΕΣΣΗΝΙΑΣ,"270102","270102",ΜΕΣΣΗΝΙΑΣ,MESSHNIAS,ΜΕΣΣΗΝΙΑΣ,"523"
270104: ΠΛ.ΕΛΑΙΩΝ,"270104","270104",ΠΛ.ΕΛΑΙΩΝ,PL. ELAION,ΕΛΑΙΩΝ,"504, 523, 543, 543Α, 721"
270106: 1η ΑΔΑΜΩΝ,"270106","270106",1η ΑΔΑΜΩΝ,1st ADAMON,ΙΛΙΣΙΩΝ,"504, 543, 543Α, 721"
270107: ΓΕΦΥΡΑΚΙ,"270107","270107",ΓΕΦΥΡΑΚΙ,GEFYRAKI,25ης ΜΑΡΤΙΟΥ,"530"
270108: ΓΕΦΥΡΑΚΙ,"270108","270108",ΓΕΦΥΡΑΚΙ,GEFYRAKI,25ης ΜΑΡΤΙΟΥ,"530"
270109: ΑΓ.  ΝΕΚΤΑΡΙΟΣ,"270109","270109",ΑΓ.  ΝΕΚΤΑΡΙΟΣ,AG. NEKTARIOS,25ης ΜΑΡΤΙΟΥ,"530"
270110: ΜΕΤΑΞΑ,"270110","270110",ΜΕΤΑΞΑ,METAXA,ΑΧΑΡΝΩΝ,Β9
270111: ΠΑΛ. ΤΕΡΜΑ,"270111","270111",ΠΑΛ. ΤΕΡΜΑ,PAL. TERMA,ΦΡΑΓΚΟΠΟΥΛΟΥ,Β9
270113: ΠΛ. ΕΛΑΙΩΝ,"270113","270113",ΠΛ. ΕΛΑΙΩΝ,PL. ELAION,ΕΛΑΙΩΝ,"522, Β9"
270114: 1η ΟΔΟΣ ΕΛΕΥΘΕΡΙΑΣ,"270114","270114",1η ΟΔΟΣ ΕΛΕΥΘΕΡΙΑΣ,1st ODOS ELEYTHERIAS,ΕΛΕΥΘΕΡΙΑΣ,"543, 543Α, 604, 734"
270115: ΠΛ. ΕΘΝ. ΜΑΚΑΡΙΟΥ,"270115","270115",ΠΛ. ΕΘΝ. ΜΑΚΑΡΙΟΥ,PL. ETHN. MAKARIOY,ΑΓ.ΑΝΑΡΓΥΡΩΝ,"543, 543Α, 604, 734"
270116: 2η ΑΓ. ΑΝΑΡΓΥΡΩΝ,"270116","270116",2η ΑΓ. ΑΝΑΡΓΥΡΩΝ,2nd AG. ANARGYRON,ΑΓ.ΑΝΑΡΓΥΡΩΝ,"543, 543Α, 604, 734"
270117: 2η ΑΓ. ΑΝΑΡΓΥΡΩΝ,"270117","270117",2η ΑΓ. ΑΝΑΡΓΥΡΩΝ,2nd AG. ANARGYRON,ΑΓ.ΑΝΑΡΓΥΡΩΝ,"543, 543Α, 604, 734"
270118: ΕΘΝΑΡΧΟΥ ΜΑΚΑΡΙΟΥ,"270118","270118",ΕΘΝΑΡΧΟΥ ΜΑΚΑΡΙΟΥ,ETHNARXOY MAKARIOY,ΔΗΜΟΚΡΑΤΙΑΣ,"543, 543Α, 604, 734"
270119: ΤΑΒΕΡΝΑ ΤΖΑΚΙΑ,"270119","270119",ΤΑΒΕΡΝΑ ΤΖΑΚΙΑ,TABERNA TZAKIA,ΕΛΕΥΘΕΡΙΑΣ,"543, 543Α, 604, 734"
270120: ΚΥΜΗΣ,"270120","11514",ΚΥΜΗΣ,KYMHS,ΛΕΩΦ.ΚΥΜΗΣ,"734"
270121: ΜΕΝΕΞΕΔΩΝ,"270121","12200",ΜΕΝΕΞΕΔΩΝ,MENEXEDWN,ΠΑΡΑΔΡΟΜΟΣ Ε.Ο.Α.Θ.,"543, 543Α, 734"
270122: ΣΩΚΡΑΤΟΥΣ,"270122","270122",ΣΩΚΡΑΤΟΥΣ,SOKRATOYS,Γ.ΝΙΚΟΛΑΟΥ,Β9
270127: ΘΗΒΑΪΔΟΣ,"270127","270127",ΘΗΒΑΪΔΟΣ,THIBAIDOS,ΠΑΡΑΔΡΟΜΟΣ Ε.Ο.Α.Θ.,"504, 543, 543Α, 734"
270128: ΜΕΓΑΡΑ,"270128","270128",ΜΕΓΑΡΑ,MEGARA,ΠΑΡΑΔΡΟΜΟΥ Ε.Ο.Α.Θ.,"543, 543Α, 604, 734"
270129: ΧΡΥΣΑΠΠΟΥ,"270129","270129",ΧΡΥΣΑΠΠΟΥ,XRYSAPPOY,ΠΑΡ.ΣΥΝ.ΟΛΥΜΠΙΑΚΟΥ ΧΩΡΙΟΥ,"543, 543Α, 734"
270131: Ο.Α.Ε.Δ,"270131","270131",Ο.Α.Ε.Δ,O.A.E.D,Γ.ΛΥΡΑ,"523"
270132: ΑΥΓΗΣ,"270132","270132",ΑΥΓΗΣ,AYGHS,ΠΛΟΥΤΑΡΧΟΥ,"523"
270133: 1η ΧΑΡ. ΤΡΙΚΟΥΠΗ,"270133","270133",1η ΧΑΡ. ΤΡΙΚΟΥΠΗ,1st XAR. TRIKOYPH,ΧΑΡ.ΤΡΙΚΟΥΠΗ,"503, 523"
270134: 2η ΧΑΡ. ΤΡΙΚΟΥΠΗ,"270134","270134",2η ΧΑΡ. ΤΡΙΚΟΥΠΗ,2nd XAR.TRIKOYPH,ΧΑΡ.ΤΡΙΚΟΥΠΗ,"503, 523"
270135: 3η ΧΑΡ. ΤΡΙΚΟΥΠΗ,"270135","270135",3η ΧΑΡ. ΤΡΙΚΟΥΠΗ,3rd XAR. TRIKOYPH,ΧΑΡ.ΤΡΙΚΟΥΠΗ,"503, 523"
270136: ΑΝΟΙΞΕΩΣ,"270136","270136",ΑΝΟΙΞΕΩΣ,ANOIXEOS,ΧΑΡ.ΤΡΙΚΟΥΠΗ,"523, 721"
270137: ΖΗΡΙΝΕΙΟ - ΑΠΟΒΙΒΑΣΗ,"270137","270137",ΖΗΡΙΝΕΙΟ - ΑΠΟΒΙΒΑΣΗ,ZHRINEIO - APOBIBASH,ΓΡ.ΛΑΜΠΡΑΚΗ,"503, 507, 509, 509Β, 535, 535Α, 536"
270138: AXAΙΑΣ,"270138","270138",AXAΙΑΣ,AXAIAS,ΑΧΑΙΑΣ,"522, 523"
270142: ΠΕΥΚΟ,"270142","270142",ΠΕΥΚΟ,PEYKO,ΕΡΜΙΟΝΗΣ,"522"
270143: ΚΑΛΥΦΤΑΚΗ,"270143","270143",ΚΑΛΥΦΤΑΚΗ,KALYFTAKH,ΠΑΡΑΔΡΟΜΟΥ Ε.Ο.Α.Θ.,"504, 543, 543Α, 721"
270144: ΠΑΝΑΓΙΑΣ ΕΛΕΥΘΕΡΩΤΡΙΑΣ,"270144","270144",ΠΑΝΑΓΙΑΣ ΕΛΕΥΘΕΡΩΤΡΙΑΣ,PANAGIAS ELEYTHEROTRIAS,ΠΑΝΑΓΙΑΣ ΕΛΕΥΘΕΡΩΤΡΙΑΣ,"524"
270145: 3η ΟΘΩΝΟΣ,"270145","270145",3η ΟΘΩΝΟΣ,3rd OTHONOS,ΟΘΩΝΟΣ,"543, 543Α, Β9"
270146: ΠΛΕΙΑΔΩΝ,"270146","270146",ΠΛΕΙΑΔΩΝ,PLEIADON,ΧΑΡ.ΤΡΙΚΟΥΠΗ,"523, 721"
270147: ΕΘΝΙΚΗ ΟΔΟΣ,"270147","270147",ΕΘΝΙΚΗ ΟΔΟΣ,ETHNIKH ODOS,ΠΑΡΑΔΡΟΜΟΥ Ε.Ο.Α.Θ.,"504, 543, 543Α, 721"
270148: 1η ΤΑΤΟΙΟΥ,"270148","270148",1η ΤΑΤΟΙΟΥ,1st TATOIOY,ΕΜ.ΜΠΕΝΑΚΗ,"504, 522, 721"
270149: ΓΑΛΗΝΗ,"270149","270149",ΓΑΛΗΝΗ,GALHNH,ΧΑΡ.ΤΡΙΚΟΥΠΗ,"504, 523, 721"
270150: ΠΛΕΙΑΔΩΝ,"270150","270150",ΠΛΕΙΑΔΩΝ,PLEIADON,ΧΑΡ.ΤΡΙΚΟΥΠΗ,"504, 523, 721"
270151: ΝΗΛΕΩΣ,"270151","270151",ΝΗΛΕΩΣ,NHLEOS,ΠΛΟΥΤΑΡΧΟΥ,"522"
270152: Ο.Α.Ε.Δ.,"270152","270152",Ο.Α.Ε.Δ.,O.A.E.D,Γ.ΛΥΡΑ,"522"
270154: ΠΕΛΟΠΟΝΝΗΣΟΥ,"270154","270154",ΠΕΛΟΠΟΝΝΗΣΟΥ,PELOPONNHSOY,ΠΕΛΟΠΟΝΝΗΣΟΥ,"523"
270155: ΑΡΓΟΛΙΔΟΣ,"270155","270155",ΑΡΓΟΛΙΔΟΣ,ARGOLIDOS,ΤΡΟΙΖΗΝΙΑΣ,"523"
270156: ΓΑΛΗΝΗ,"270156","270156",ΓΑΛΗΝΗ,GALHNH,ΧΑΡ.ΤΡΙΚΟΥΠΗ,"523, 721"
270157: 3η ΧΑΡ. ΤΡΙΚΟΥΠΗ,"270157","270157",3η ΧΑΡ. ΤΡΙΚΟΥΠΗ,3rd XAR. TRIKOYPH,ΧΑΡ.ΤΡΙΚΟΥΠΗ,"503, 523"
270158: 2η ΧΑΡ. ΤΡΙΚΟΥΠΗ,"270158","270158",2η ΧΑΡ. ΤΡΙΚΟΥΠΗ,2nd XAR.TRIKOYPH,ΧΑΡ.ΤΡΙΚΟΥΠΗ,"503, 523"
270159: 1η ΧΑΡ. ΤΡΙΚΟΥΠΗ,"270159","270159",1η ΧΑΡ. ΤΡΙΚΟΥΠΗ,1st XAR. TRIKOYPH,ΧΑΡ.ΤΡΙΚΟΥΠΗ,"503, 523"
270160: 3η ΒΑΡΥΜΠΟΜΠΗΣ,"270160","270160",3η ΒΑΡΥΜΠΟΜΠΗΣ,3rd BARYMPOMPHS,ΤΑΤΟΙΟΥ,"503"
270161: ΑΓ. ΦΑΝΟΥΡΙΟΣ,"270161","270161",ΑΓ. ΦΑΝΟΥΡΙΟΣ,AG. FANOYRIOS,Γ.ΛΥΡΑ,"543, 543Α, Β9"
270163: ΕΛΑΤΗΣ,"270163","270163",ΕΛΑΤΗΣ,ELATHS,ΤΑΤΟΙΟΥ,"503"
270165: ΛΑΚΩΝΙΑΣ,"270165","270165",ΛΑΚΩΝΙΑΣ,LAKONIAS,ΕΡΜΙΟΝΗΣ,"522"
270172: ΠΛ. ΕΛΑΙΩΝ,"270172","270172",ΠΛ. ΕΛΑΙΩΝ,PL. ELAION,ΙΛΙΣΙΩΝ,Β9
270175: ΕΡΜΙΟΝΗ,"270175","270175",ΕΡΜΙΟΝΗ,ERMIONH,ΕΡΜΙΟΝΗΣ,"504, 543, 543Α, 721"
270177: ΗΛΕΚΤΡΙΚΟΣ ΣΤΑΘΜΟΣ,"270177","270177",ΗΛΕΚΤΡΙΚΟΣ ΣΤΑΘΜΟΣ,HLEKTRIKOS STATHMOS,ΔΡΑΓΟΥΜΗ,"504, 721"
270178: Δ.Ε.Η.,"270178","270178",Δ.Ε.Η.,D.E.H,ΓΡ.ΛΑΜΠΡΑΚΗ,"504, 530, 721"
270179: ΛΕΒΙΔΟΥ,"270179","270179",ΛΕΒΙΔΟΥ,LEBIDOY,ΚΟΚΚΙΝΑΡΑ,"524, 526, 530"
270180: ΔΗΜΑΡΧΕΙΟ,"270180","270180",ΔΗΜΑΡΧΕΙΟ,DHMARXEIO,ΜΟΥΣΩΝ,"524, 526, 530"
270181: ΠΟΤΑΜΟΥ,"270181","270181",ΠΟΤΑΜΟΥ,POTAMOY,ΠΟΤΑΜΟΥ,"522"
270182: ΑΗΔΟΝΟΣ,"270182","270182",ΑΗΔΟΝΟΣ,AHDONOS,ΠΑΡ.ΕΘΝ.ΑΘΗΝΩΝ-ΛΑΜΙΑΣ,"522"
270183: ΕΡΥΜΑΝΘΟΥ,"270183","270183",ΕΡΥΜΑΝΘΟΥ,ERYMANTHOY,ΚΗΦΙΣΟΥ,"522"
270188: ΕΘΝΙΚΗ ΟΔΟΣ,"270188","270188",ΕΘΝΙΚΗ ΟΔΟΣ,ETHNIKH ODOS,ΠΑΡΑΔΡΟΜΟΥ Ε.Ο.Α.Θ.,Β9
270190: ΠΛ. Κ. ΚΑΡΑΜΑΝΛΗ,"270190","270190",ΠΛ. Κ. ΚΑΡΑΜΑΝΛΗ,PL. K. KARAMANLH,Λ. ΚΑΡΑΜΑΝΛΗ,"524"
270191: ΠΛΑΤΩΝΟΣ,"270191","270191",ΠΛΑΤΩΝΟΣ,PLATONOS,ΕΛΕΥΘΕΡΩΤΡΙΑΣ,"524"
270192: ΕΥΡΥΑΛΗΣ,"270192","270192",ΕΥΡΥΑΛΗΣ,EYRYALHS,ΠΑΝ.ΕΛΕΥΘΕΡΩΤΡΙΑΣ,"524"
270193: ΘΕΤΙΔΟΣ,"270193","270193",ΘΕΤΙΔΟΣ,THETIDOS,ΠΑΝ.ΕΛΕΥΘΕΡΩΤΡΙΑΣ,"524"
270194: ΔΗΛΙΓΙΑΝΝΗ,"270194","270194",ΔΗΛΙΓΙΑΝΝΗ,DHLIGIANNH,ΔΗΛIΓΙΑΝΝΗ,"524"
270195: ΑΥΡΑΣ,"270195","270195",ΑΥΡΑΣ,AYRAS,ΔΗΛΗΓΙΑΝΝΗ,"524"
270197: ΑΙΓΙΟΥ,"270197","270197",ΑΙΓΙΟΥ,AIGIOY,ΑΙΓΙΟΥ,"522"
270198: ΤΡΙΠΟΛΕΩΣ,"270198","270198",ΤΡΙΠΟΛΕΩΣ,TRIPOLEOS,ΑΙΓΙΟΥ,"522"
270199: ΠΟΤΑΜΟΥ,"270199","270199",ΠΟΤΑΜΟΥ,POTAMOY,ΠΟΤΑΜΟΥ,"522"
270200: ΜΑΝΙΑΚΙΟΥ,"270200","270200",ΜΑΝΙΑΚΙΟΥ,MANIAKIOY,ΕΡΜΙΟΝΗΣ,"522"
270201: ΑΡΓΟΥΣ,"270201","270201",ΑΡΓΟΥΣ,ARGOYS,ΑΡΓΟΥΣ,"523"
270202: ΠΕΛΟΠΟΝΝΗΣΟΥ,"270202","270202",ΠΕΛΟΠΟΝΝΗΣΟΥ,PELOPONNHSOY,ΠΕΛΟΠΟΝΝΗΣΟΥ,"522"
270203: ΠΛ. ΓΡΑΜΜΟΥ,"270203","11945",ΠΛ. ΓΡΑΜΜΟΥ,PL. GRAMMOU,ΓΡΑΜΜΟΥ,"522"
270204: ΚΑΛΑΜΑΤΑΣ,"270204","270204",ΚΑΛΑΜΑΤΑΣ,KALAMATAS,ΑΧΑΙΑΣ,"522, 523"
270205: ΣΕΣΙΛ,"270205","270205",ΣΕΣΙΛ,SESIL,ΧΑΡ.ΤΡΙΚΟΥΠΗ,"530"
270206: ΑΥΡΑΣ,"270206","270206",ΑΥΡΑΣ,AYRAS,ΞΕΝΙΑΣ,"526"
270207: ΠΕΥΚΩΝ,"270207","270207",ΠΕΥΚΩΝ,PEYKON,ΞΕΝΙΑΣ,"526"
270208: ΘΕΤΙΔΟΣ,"270208","270208",ΘΕΤΙΔΟΣ,THETIDOS,ΠΑΝ.ΕΛΕΥΘΕΡΩΤΡΙΑΣ,"526"
270209: ΕΥΡΥΑΛΗΣ,"270209","270209",ΕΥΡΥΑΛΗΣ,EYRYALHS,ΠΑΝ.ΕΛΕΥΘΕΡΩΤΡΙΑΣ,"526"
270210: ΠΑΝ. ΕΛΕΥΘΕΡΩΤΡΙΑΣ,"270210","270210",ΠΑΝ. ΕΛΕΥΘΕΡΩΤΡΙΑΣ,PAN. ELEYTHEROTRIAS,ΠΑΝ.ΕΛΕΥΘΕΡΩΤΡΙΑΣ,"526"
270211: ΠΛΑΤΩΝΟΣ,"270211","270211",ΠΛΑΤΩΝΟΣ,PLATONOS,ΠΑΝ.ΕΛΕΥΘΕΡΩΤΡΙΑΣ,"526"
270212:  ΠΛ. ΠΟΛΙΤΕΙΑΣ,"270212","270212",ΠΛ. ΠΟΛΙΤΕΙΑΣ,PL. POLITEIAS,ΠΛ.ΠΟΛΙΤΕΙΑΣ,"526"
270213: 5η ΚΟΚΚΙΝΑΡΑ,"270213","270213",5η ΚΟΚΚΙΝΑΡΑ,5th KOKKINARA,ΚΟΚΚΙΝΑΡΑ,"526"
270214: 4η ΚΟΚΚΙΝΑΡΑ,"270214","270214",4η ΚΟΚΚΙΝΑΡΑ,4th KOKKINARA,ΚΟΚΚΙΝΑΡΑ,"526"
270215: 3η ΚΟΚΚΙΝΑΡΑ,"270215","270215",3η ΚΟΚΚΙΝΑΡΑ,3rd KOKKINARA,ΚΟΚΚΙΝΑΡΑ,"526"
270216: ΣΕΣΙΛ,"270216","270216",ΣΕΣΙΛ,SESIL,ΧΑΡ.ΤΡΙΚΟΥΠΗ,"526"
270217: ΤΟΣΙΤΣΑ,"270217","270217",ΤΟΣΙΤΣΑ,TOSITSA,ΤΟΣΙΤΣΑ,"543, 543Α"
270218: 4η ΟΘΩΝΟΣ,"270218","270218",4η ΟΘΩΝΟΣ,4th OTHONOS,ΟΘΩΝΟΣ,"543, 543Α, Β9"
270221: JUMBO,"270221","270221",JUMBO,JUMBO,ΑΗΔΟΝΟΣ,"522, 523"
270222: ΤΡΟΙΖΗΝΙΑΣ,"270222","270222",ΤΡΟΙΖΗΝΙΑΣ,TROIZHNIAS,ΠΑΡΑΔΡ.ΕΘΝ.ΟΔΟΥ,"522"
270225: ΑΝΟΙΞΕΩΣ,"270225","270225",ΑΝΟΙΞΕΩΣ,ANOIXEOS,ΠΛ.ΗΡΩΩΝ ΠΟΛΥΤΕΧΝΕΙΟΥ,"523"
270228: ΠΥΛΟΥ,"270228","270228",ΠΥΛΟΥ,PYLOY,ΠΥΛΟΥ,"523"
270229: FARAN,"270229","270229",FARAN,FARAN,ΑΧΑΙΑΣ,"523"
270230: ΠΛ. ΕΛΑΙΩΝ,"270230","270230",ΠΛ. ΕΛΑΙΩΝ,PL. ELAION,ΙΛΙΣΙΩΝ,"523"
270231: ΑΝΘΟΠΩΛΕΙΑ,"270231","270231",ΑΝΘΟΠΩΛΕΙΑ,ANTHOPOLEIA,ΕΡΥΘΡΑΙΑΣ,"560"
270232: ΓΕΦΥΡΑ ΒΑΡΥΜΠΟΜΠΗΣ,"270232","270232",ΓΕΦΥΡΑ ΒΑΡΥΜΠΟΜΠΗΣ,GEFYRA BARYMPOMPHS,ΕΡΥΘΡΑΙΑΣ,"560"
270234: ΝΟΣΟΚΟΜΕΙΟ,"270234","270234",ΝΟΣΟΚΟΜΕΙΟ,NOSOKOMEIO,ΤΙΜΙΟΥ ΣΤΑΥΡΟΥ,"543, 543Α, 734"
270238: ΠΗΓΩΝ,"270238","11104",ΠΗΓΩΝ,PHGON,,"522"
270239: ΑΓΡΑΥΛΗΣ,"270239","11105",ΑΓΡΑΥΛΗΣ,AGRAYLHS,ΑΓΡΑΥΛΗΣ,"523"
270240: ΚΡΕΟΝΤΟΣ,"270240","11391",ΚΡΕΟΝΤΟΣ,KREONTOS,ΛΑΪΟΥ,543Α
270241: ΠΕΡΟΙΒΙΑΣ,"270241","11389",ΠΕΡΟΙΒΙΑΣ,PEROIBIAS,ΠΕΡΟΙΒΙΑΣ,543Α
270242: ΛΑΪΟΥ,"270242","11390",ΛΑΪΟΥ,LAIOY,ΛΑΪΟΥ,543Α
27: Ν. ΚΥΨΕΛΗ,"27","10186",Ν. ΚΥΨΕΛΗ,N. KYPSELH,,"022"
280001: ΠΕΛΟΠΟΝΝΗΣΟΥ,"280001","280001",ΠΕΛΟΠΟΝΝΗΣΟΥ,PELOPONNHSOY,ΤΑΞΙΑΡΧΩΝ,"400, 750, 810, 830, 831"
280002: ΑΓ. ΑΡΤΕΜΙΟΣ,"280002","280002",ΑΓ. ΑΡΤΕΜΙΟΣ,AG. ARTEMIOS,ΤΑΞΙΑΡΧΩΝ,"400, 810, 831"
280003: ΣΤ. ΚΟΡΥΔΑΛΛΟΣ,"280003","280003",ΣΤ. ΚΟΡΥΔΑΛΛΟΣ,ST. KORYDALLOS,ΤΑΞΙΑΡΧΩΝ,"400, 810, 831"
280005: ΣΟΛΩΜΟΥ,"280005","280005",ΣΟΛΩΜΟΥ,SOLOMOY,ΛΕΩΦ.ΓΡ.ΛΑΜΠΡΑΚΗ,"750, 810, 842, 860"
280006: ΔΗΜΑΡΧΕΙΟ,"280006","280006",ΔΗΜΑΡΧΕΙΟ,DHMARXEIO,ΛΕΩΦ.ΓΡ.ΛΑΜΠΡΑΚΗ,"750, 810, 842, 860"
280007: ΡΙΟ,"280007","280007",ΡΙΟ,RIO,ΛΕΩΦ.ΓΡ.ΛΑΜΠΡΑΚΗ,"750, 810, 842, 860"
280008: 1η ΜΠΟΥΜΠΟΥΛΙΝΑΣ,"280008","280008",1η ΜΠΟΥΜΠΟΥΛΙΝΑΣ,1st MPOYMPOYLINAS,ΜΠΟΥΜΠΟΥΛΙΝΑΣ,"814"
280009: ΦΑΡΜΑΚΕΙΟ,"280009","280009",ΦΑΡΜΑΚΕΙΟ,FARMAKEIO,ΜΠΟΥΜΠΟΥΛΙΝΑΣ,"814"
280010: ΓΚΑΡΑΖ ΔΗΜΟΥ,"280010","280010",ΓΚΑΡΑΖ ΔΗΜΟΥ,GARAZ DHMOY,ΠΟΤΑΜΟΥ,"806, 807, 809, 810, 814"
280011: ΟΔYΣΣΕΩΣ,"280011","280011",ΟΔYΣΣΕΩΣ,ODYSSEOS,ΠΟΤΑΜΟΥ,"806, 807, 809, 810, 814"
280012: ΣΧΟΛΕΙΟ,"280012","280012",ΣΧΟΛΕΙΟ,SXOLEIO,ΔΕΡΒΕΝΑΚΙΩΝ,"806, 807, 809, 810, 814"
280013: ΠΑΛ.ΤΕΡΜΑ,"280013","280013",ΠΑΛ.ΤΕΡΜΑ,PAL.TERMA,ΠΛ.25ης ΜΑΡΤΙΟΥ,"806, 807, 809, 810, 814"
280014: Μ. ΑΣΙΑΣ,"280014","280014",Μ. ΑΣΙΑΣ,M. ASIAS,ΗΠΕΙΡΟΥ,"806, 809"
280015: ΜΕΝΕΛΑΟΥ,"280015","280015",ΜΕΝΕΛΑΟΥ,MENELAOY,ΠΟΤΑΜΟΥ,"806, 807, 809, 810, 814"
280016: ΓΚΑΡΑΖ ΔΗΜΟΥ,"280016","280016",ΓΚΑΡΑΖ ΔΗΜΟΥ,GARAZ DHMOY,ΠΟΤΑΜΟΥ,"806, 807, 809, 810, 814"
280017: ΑΙΓΑΙΟΥ,"280017","280017",ΑΙΓΑΙΟΥ,AIGAIOY,ΗΠΕΙΡΟΥ,"806, 807, 809"
280018: ΙΩΑΝΝΙΝΩΝ,"280018","280018",ΙΩΑΝΝΙΝΩΝ,IOANNINON,ΜΠΟΥΜΠΟΥΛΙΝΑΣ,"806, 807, 814"
280019: 1η ΜΠΟΥΜΠΟΥΛΙΝΑΣ,"280019","280019",1η ΜΠΟΥΜΠΟΥΛΙΝΑΣ,1st MPOYMPOYLINAS,ΜΠΟΥΜΠΟΥΛΙΝΑΣ,"807, 814"
280020: ΡΙΟ,"280020","280020",ΡΙΟ,RIO,ΛΕΩΦ.ΓΡ.ΛΑΜΠΡΑΚΗ,"750, 806, 842, 860"
280021: ΔΗΜΑΡΧΕΙΟ,"280021","280021",ΔΗΜΑΡΧΕΙΟ,DHMARXEIO,ΛΕΩΦ.ΓΡ.ΛΑΜΠΡΑΚΗ,"860"
280022: ΠΝΕΥΜΑΤΙΚΟ ΚΕΝΤΡΟ,"280022","280022",ΠΝΕΥΜΑΤΙΚΟ ΚΕΝΤΡΟ,PNEYMATIKO KENTRO,ΛΕΩΦ.ΓΡ.ΛΑΜΠΡΑΚΗ,"860"
280023: ΕΡΕΧΘΕΙΟΥ,"280023","280023",ΕΡΕΧΘΕΙΟΥ,EREXTHEIOY,ΛΕΩΦ.ΓΡ.ΛΑΜΠΡΑΚΗ,"827, 842, 860"
280024: ΕΡΕΧΘΕΙΟΥ,"280024","280024",ΕΡΕΧΘΕΙΟΥ,EREXTHEIOY,ΛΕΩΦ.ΓΡ.ΛΑΜΠΡΑΚΗ,"831, 842, 860"
280025: ΠΝΕΥΜΑΤΙΚΟ ΚΕΝΤΡΟ,"280025","280025",ΠΝΕΥΜΑΤΙΚΟ ΚΕΝΤΡΟ,PNEYMATIKO KENTRO,ΛΕΩΦ.ΓΡ.ΛΑΜΠΡΑΚΗ,"750, 830, 842, 860"
280026: ΠΑΠΑΔΙΑΜΑΝΤΗ,"280026","280026",ΠΑΠΑΔΙΑΜΑΝΤΗ,PAPADIAMANTH,ΠΑΠΑΔΙΑΜΑΝΤΗ,"806, 807, 809"
280027: ΦΟΥΡΝΟΣ,"280027","280027",ΦΟΥΡΝΟΣ,FOYRNOS,ΠΑΠΑΔΙΑΜΑΝΤΗ,"806, 807, 809"
280029: ΦΥΛΑΚΕΣ,"280029","280029",ΦΥΛΑΚΕΣ,FYLAKES,ΧΕΙΜΑΡΑΣ,"806, 807, 809, 810"
280030: ΚΑΝΑΡΙΑ,"280030","280030",ΚΑΝΑΡΙΑ,KANARIA,ΜΙΚΡΑΣ ΑΣΙΑΣ,"806, 807, 809, 810"
280031: ΗΠΕΙΡΟΥ,"280031","280031",ΗΠΕΙΡΟΥ,HPEIROY,ΣΑΜΟΥ,"807, 810"
280032: ΟΡΙΩΝ,"280032","280032",ΟΡΙΩΝ,ORION,ΣΑΜΟΥ,"807, 810"
280033: ΕΠΑΜΕΙΝΩΝΔΑ,"280033","280033",ΕΠΑΜΕΙΝΩΝΔΑ,EPAMEINONDA,ΔΕΡΒΕΝΑΚΙΩΝ,"806, 807, 809, 810, 814"
280034: ΗΠΕΙΡΟΥ,"280034","280034",ΗΠΕΙΡΟΥ,HPEIROY,ΗΠΕΙΡΟΥ,"806, 807, 809"
280035: ΚΑΝΑΡΙΑ,"280035","280035",ΚΑΝΑΡΙΑ,KANARIA,Μ.ΑΣΙΑΣ,"807"
280036: ΕΠΑΜΕΙΝΩΝΔΑ,"280036","280036",ΕΠΑΜΕΙΝΩΝΔΑ,EPAMEINONDA,ΔΕΡΒΕΝΑΚΙΩΝ,"806, 807, 809, 810, 814"
280037: ΤΑΞΙΑΡΧΩΝ,"280037","280037",ΤΑΞΙΑΡΧΩΝ,TAXIARXON,ΤΑΞΙΑΡΧΩΝ,"400, 750, 810, 830, 831"
280039: ΣΤΕΡΓΙΟΠΟΥΛΟΥ,"280039","280039",ΣΤΕΡΓΙΟΠΟΥΛΟΥ,STERGIOPOYLOY,ΑΘΗΝΑΣ,"400, 809, 830, 842"
280040: ΠΑΛ.ΤΕΡΜΑ,"280040","280040",ΠΑΛ.ΤΕΡΜΑ,PAL.TERMA,ΑΘΗΝΑΣ,"400, 809, 830, 842"
280041: ΑΚΡΟΠΟΛ,"280041","280041",ΑΚΡΟΠΟΛ,AKROPOL,ΔΗΜΗΤΡΑΚΟΠΟΥΛΟΥ,"400, 750, 806, 809, 830, 842"
280042: ΑΓ. ΑΡΤΕΜΙΟΣ,"280042","280042",ΑΓ. ΑΡΤΕΜΙΟΣ,AG. ARTEMIOS,ΔΗΜΗΤΡΑΚΟΠΟΥΛΟΥ,"400, 750, 806, 809, 830, 842"
280043: ΤΑΞΙΑΡΧΗΣ,"280043","280043",ΤΑΞΙΑΡΧΗΣ,TAXIARXHS,ΔΗΜΗΤΡΑΚΟΠΟΥΛΟΥ,"400, 750, 806, 809, 830, 831"
280045: ΧΑΡ. ΤΡΙΚΟΥΠΗ,"280045","280045",ΧΑΡ. ΤΡΙΚΟΥΠΗ,XAR. TRIKOYPH,ΣΟΥΡΗ,"810"
280046: ΤΖΟΥΜΑΓΙΑΣ,"280046","280046",ΤΖΟΥΜΑΓΙΑΣ,TZOYMAGIAS,ΣΟΥΡΗ,"810"
280047: ΠΛ. ΕΛ.ΒΕΝΙΖΕΛΟΥ,"280047","280047",ΠΛ. ΕΛ.ΒΕΝΙΖΕΛΟΥ,PL. EL.BENIZELOY,ΥΨΗΛΑΝΤΟΥ,"810"
280048: Μ. ΑΣΙΑΣ,"280048","280048",Μ. ΑΣΙΑΣ,M. ASIAS,ΗΠΕΙΡΟΥ,"806, 809"
280049: ΛΕΥΚΩΣΙΑΣ,"280049","280049",ΛΕΥΚΩΣΙΑΣ,LEYKOSIAS,ΑΠΟΣΤΟΛΟΥ ΗΛΕΚΤΡΑΣ,"806, 809"
280050: ΘΗΡΑΣ,"280050","280050",ΘΗΡΑΣ,THIRAS,ΠΑΠΑΔΙΑΜΑΝΤΗ,"806, 809"
280051: ΑΓ. ΣΤΥΛΙΑΝΟΣ,"280051","280051",ΑΓ. ΣΤΥΛΙΑΝΟΣ,AG. STYLIANOS,ΠΑΠΑΔΙΑΜΑΝΤΗ,"806, 809"
280052: 1η ΑΡΙΣΤΑΡΧΟΥ,"280052","12061",1η ΑΡΙΣΤΑΡΧΟΥ,1st ARISTARXOY,ΑΡΙΣΤΑΡΧΟΥ,"806, 807, 809, 810"
280053: 2η ΑΡΙΣΤΑΡΧΟΥ,"280053","12062",2η ΑΡΙΣΤΑΡΧΟΥ,2nd ARISTARXOY,ΑΡΙΣΤΑΡΧΟΥ,"806, 807, 809, 810"
280054: ΠΛ. ΕΛΕΥΘΕΡΙΑΣ,"280054","280054",ΠΛ. ΕΛΕΥΘΕΡΙΑΣ,PL. ELEYTHERIAS,ΠΛ.ΕΛΕΥΘΕΡΙΑΣ,"400, 750, 806, 810, 830, 831, 842"
280055: ΠΑΛ. ΤΕΡΜΑ,"280055","280055",ΠΑΛ. ΤΕΡΜΑ,PAL. TERMA,ΑΘΗΝΑΣ,"400, 810, 830, 831"
280056: ΣΤΕΡΓΙΟΠΟΥΛΟΥ,"280056","280056",ΣΤΕΡΓΙΟΠΟΥΛΟΥ,STERGIOPOYLOY,ΑΘΗΝΑΣ,"400, 810, 830, 831"
280058: ΚΥΠΡΟΥ,"280058","280058",ΚΥΠΡΟΥ,KYPROY,ΚΥΠΡΟΥ,"827"
280060: ΠΕΛΟΠΟΣ,"280060","280060",ΠΕΛΟΠΟΣ,PELOPOS,ΧΕΙΜΑΡΑΣ,"807"
280064: ΒΑΡΝΑΛΗ,"280064","280064",ΒΑΡΝΑΛΗ,BARNALH,ΒΑΡΝΑΛΗ,"806, 807, 814"
280065: ΗΛΕΙΑΣ,"280065","280065",ΗΛΕΙΑΣ,HLEIAS,ΚΑΡΑΟΛΗ ΚΑΙ ΔΗΜΗΤΡΙΟΥ,"807, 810"
280066: ΓΑΖΙΑΣ,"280066","280066",ΓΑΖΙΑΣ,GAZIAS,ΚΑΡΑΒΑ,"806, 807, 814"
280067: ΛΕΝΟΡΜΑΝ,"280067","280067",ΛΕΝΟΡΜΑΝ,LENORMAN,ΒΑΡΝΑΛΗ,"806, 807, 814"
280068: ΣΤΡΟΦΗ,"280068","280068",ΣΤΡΟΦΗ,STROFH,ΓΑΖΙΑΣ,"806, 807, 814"
280069: ΣΤΡΟΦΗ,"280069","280069",ΣΤΡΟΦΗ,STROFH,ΚΑΡΑΟΛΗ ΚΑΙ ΔΗΜΗΤΡΙΟΥ,"806, 809, 810"
280070: ΔΑΦΝΗΣ,"280070","280070",ΔΑΦΝΗΣ,DAFNHS,ΠΟΤΑΜΟΥ,"806, 809, 810"
280072: ΑΓ. ΝΙΚΟΛΑΟΣ,"280072","280072",ΑΓ. ΝΙΚΟΛΑΟΣ,AG. NIKOLAOS,ΔΗΜΗΤΡΑΚΟΠΟΥΛΟΥ,"400, 750, 806, 809, 830, 831"
280073: ΟΡΙΩΝ,"280073","280073",ΟΡΙΩΝ,ORION,ΤΑΞΙΑΡΧΩΝ,"400, 750, 830, 831"
280074: ΠΑΠΑΚΥΡΙΑΖΗ,"280074","280074",ΠΑΠΑΚΥΡΙΑΖΗ,PAPAKYRIAZH,ΑΘΗΝΑΣ,"750, 806, 830, 842"
280075: ΤΣΑΛΔΑΡΗ,"280075","280075",ΤΣΑΛΔΑΡΗ,TSALDARH,ΑΘΗΝΑΣ,"750, 806, 830, 842"
280076: ΤΑΞΙΑΡΧΩΝ,"280076","280076",ΤΑΞΙΑΡΧΩΝ,TAXIARXON,ΛΕΩΦ.ΓΡ.ΛΑΜΠΡΑΚΗ,"860"
280078: ΣΤ. ΚΟΡΥΔΑΛΛΟΣ,"280078","11530",ΣΤ. ΚΟΡΥΔΑΛΛΟΣ,ST. KORYDALLOS,ΔΙΑΜΑΝΤΙΔΗ,"400, 750, 806, 809, 830, 842"
280079: ΜΠΟΤΣΑΡΗ,"280079","280079",ΜΠΟΤΣΑΡΗ,MPOTSARH,ΑΘ.ΔΙΑΚΟΥ,"806, 807, 809, 810, 814"
280081: ΜΠΟΤΣΑΡΗ,"280081","280081",ΜΠΟΤΣΑΡΗ,MPOTSARH,ΑΘ.ΔΙΑΚΟΥ,"806, 807, 809, 810, 814"
280082: ΠΥΘΑΓΟΡΑ,"280082","280082",ΠΥΘΑΓΟΡΑ,PYTHAGORA,ΖΩΟΔΟΧΟΥ ΠΗΓΗΣ,"810"
280084: ΛΕΥΚΩΣΙΑΣ,"280084","280084",ΛΕΥΚΩΣΙΑΣ,LEYKOSIAS,ΑΠΟΣΤΟΛΟΥ ΗΛΕΚΤΡΑΣ,"806, 809"
280085: ΘΗΡΑΣ,"280085","280085",ΘΗΡΑΣ,THIRAS,ΠΑΠΑΔΙΑΜΑΝΤΗ,"806, 809"
280086: ΒΑΡΝΑΛΗ,"280086","280086",ΒΑΡΝΑΛΗ,BARNALH,ΠΑΠΑΔΙΑΜΑΝΤΗ,"806, 807, 809"
280087: ΡΕΘΥΜΝΗΣ,"280087","280087",ΡΕΘΥΜΝΗΣ,RETHYMNHS,ΒΑΛΑΩΡΙΤΟΥ,"806, 807, 809, 810"
280088: ΑΓ. ΣΤΥΛΙΑΝΟΣ,"280088","280088",ΑΓ. ΣΤΥΛΙΑΝΟΣ,AG. STYLIANOS,ΠΑΠΑΔΙΑΜΑΝΤΗ,"806, 809"
280094: ΚΑΠΗ,"280094","280094",ΚΑΠΗ,KAPH,ΗΠΕΙΡΟΥ,"806, 807, 809"
280095: ΠΑΡΟΥ,"280095","280095",ΠΑΡΟΥ,PAROY,ΠΟΤΑΜΟΥ,"807"
280097: ΑΓ. ΝΙΚΟΛΑΟΣ,"280097","280097",ΑΓ. ΝΙΚΟΛΑΟΣ,AG. NIKOLAOS,ΑΘ.ΔΙΑΚΟΥ,"806, 807, 809, 810, 814"
280098: ΤΑΒΕΡΝΑ,"280098","280098",ΤΑΒΕΡΝΑ,TABERNA,ΑΘ.ΔΙΑΚΟΥ,"806, 807, 809, 810, 814"
280099: ΔΕΗ,"280099","280099",ΔΕΗ,DEH,ΑΘ.ΔΙΑΚΟΥ,"806, 807, 809, 810, 814"
280100: ΔΕΗ,"280100","280100",ΔΕΗ,DEH,ΑΘ.ΔΙΑΚΟΥ,"806, 807, 809, 810, 814"
280101: ΤΑΒΕΡΝΑ,"280101","280101",ΤΑΒΕΡΝΑ,TABERNA,ΑΘ.ΔΙΑΚΟΥ,"806, 807, 809, 810, 814"
280102: ΑΓ. ΝΙΚΟΛΑΟΣ,"280102","280102",ΑΓ. ΝΙΚΟΛΑΟΣ,AG. NIKOLAOS,ΑΘ.ΔΙΑΚΟΥ,"806, 807, 809, 810, 814"
280118: ΚΡΑΝΙΩΤΑΚΗ,"280118","280118",ΚΡΑΝΙΩΤΑΚΗ,KRANIOTAKH,ΠΟΤΑΜΟΥ,"806, 809, 810"
280119: 25ης ΜΑΡΤΙΟΥ,"280119","280119",25ης ΜΑΡΤΙΟΥ,25th MARTIOY,ΔΕΡΒΕΝΑΚΙΩΝ,"806, 807, 809, 810, 814"
280120: ΣΧΟΛΕΙΑ,"280120","280120",ΣΧΟΛΕΙΑ,SXOLEIA,ΔΕΡΒΕΝΑΚΙΩΝ,"806, 807, 809, 810, 814"
280121: ΒΑΡΝΑΛΗ,"280121","280121",ΒΑΡΝΑΛΗ,BARNALH,ΠΟΤΑΜΟΥ,"807"
280123: ΣΤΡΟΦΗ,"280123","280123",ΣΤΡΟΦΗ,STROFH,ΑΘ.ΔΙΑΚΟΥ,"806, 807, 809, 810, 814"
280124: ΤΑΞΙΑΡΧΩΝ,"280124","280124",ΤΑΞΙΑΡΧΩΝ,TAXIARXON,ΛΕΩΦ. ΓΡ.ΛΑΜΠΡΑΚΗ,"842, 860"
282018: ΙΩΑΝΝΙΝΩΝ (ΠΡΟΣ ΣΧΙΣΤΟ ΚΟΡΥΔΑΛΛΟΥ),"282018","11547",ΙΩΑΝΝΙΝΩΝ (ΠΡΟΣ ΣΧΙΣΤΟ ΚΟΡΥΔΑΛΛΟΥ),IOANNINON (TO SXISTO),ΜΠΟΥΜΠΟΥΛΙΝΑΣ,"806"
282052: 1η ΑΡΙΣΤΑΡΧΟΥ (ΠΡΟΣ ΣΧΙΣΤΟ ΚΟΡΥΔΑΛΛΟΥ),"282052","12122",1η ΑΡΙΣΤΑΡΧΟΥ (ΠΡΟΣ ΣΧΙΣΤΟ ΚΟΡΥΔΑΛΛΟΥ),1th ARISTARXOY (TO SXISTO),ΑΡΙΣΤΑΡΧΟΥ,"810"
282064: ΒΑΡΝΑΛΗ (ΠΡΟΣ ΣΧΙΣΤΟ ΚΟΡΥΔΑΛΛΟΥ),"282064","10591",ΒΑΡΝΑΛΗ (ΠΡΟΣ ΣΧΙΣΤΟ ΚΟΡΥΔΑΛΛΟΥ),BARNALH (TO SXISTO KORYDALLOY),,"806, 814"
282066: ΓΑΖΙΑΣ (ΠΡΟΣ ΣΧΙΣΤΟ ΚΟΡΥΔΑΛΛΟΥ),"282066","10604",ΓΑΖΙΑΣ (ΠΡΟΣ ΣΧΙΣΤΟ ΚΟΡΥΔΑΛΛΟΥ),GAZIAS (TO SXISTO),,"806, 814"
282067: ΛΕΝΟΡΜΑΝ (ΠΡΟΣ ΣΧΙΣΤΟ ΚΟΡΥΔΑΛΛΟΥ),"282067","10603",ΛΕΝΟΡΜΑΝ (ΠΡΟΣ ΣΧΙΣΤΟ ΚΟΡΥΔΑΛΛΟΥ),LERNOMAN (TO SXISTO),,"806, 814"
282068: ΣΤΡΟΦΗ (ΠΡΟΣ ΣΧΙΣΤΟ ΚΟΡΥΔΑΛΛΟΥ),"282068","10605",ΣΤΡΟΦΗ (ΠΡΟΣ ΣΧΙΣΤΟ ΚΟΡΥΔΑΛΛΟΥ),STROFH (TO SXISTO KORYDALLOY),,"806, 814"
282087: ΡΕΘΥΜΝΗΣ (ΠΡΟΣ ΣΧΙΣΤΟ ΚΟΡΥΔΑΛΛΟΥ),"282087","11937",ΡΕΘΥΜΝΗΣ (ΠΡΟΣ ΣΧΙΣΤΟ ΚΟΡΥΔΑΛΛΟΥ),RETHYMNHS (TO SXISTO KORYDALLOY),ΒΑΛΑΩΡΙΤΟΥ,"810"
290001: 1η ΚΑΡΕΛΑ,"290001","290001",1η ΚΑΡΕΛΑ,1st KARELA,ΛΕΩΦ.ΛΑΥΡΙΟΥ,"308"
290002: 2η ΚΑΡΕΛΑ,"290002","290002",2η ΚΑΡΕΛΑ,2nd KARELA,ΛΕΩΦ.ΛΑΥΡΙΟΥ,"308"
290003: 3η ΒΙΣΩΠ - ΚΑΡΕΛΑ,"290003","290003",3η ΒΙΣΩΠ - ΚΑΡΕΛΑ,3rd BISOP - KARELA,ΛΕΩΦ.ΛΑΥΡΙΟΥ,"308"
290004: 4η ΑΚΡΥΛΕΞ,"290004","290004",4η ΑΚΡΥΛΕΞ,4th AKRYLEX,ΛΕΩΦ.ΛΑΥΡΙΟΥ,"308"
290005: 5η ΦΟΥΣΑ,"290005","290005",5η ΦΟΥΣΑ,5th FOYSA,ΛΕΩΦ.ΛΑΥΡΙΟΥ,"308"
290007: ΑΓ. ΔΗΜΗΤΡΙΟΣ,"290007","290007",ΑΓ. ΔΗΜΗΤΡΙΟΣ,AG. DHMHTRIOS,ΑΓ.ΔΗΜΗΤΡΙΟΥ,"330"
290008: ΛΕΚΚΑ - ΚΕΝΤΡΟ ΥΓΕΙΑΣ,"290008","290008",ΛΕΚΚΑ - ΚΕΝΤΡΟ ΥΓΕΙΑΣ,LEKKA - KENTRO YGEIAS,ΒΑΣ.ΚΩΝΣΤΑΝΤΙΝΟΥ,"308"
290009: ΠΑΡΑΚΡΑΤΗΜΑ,"290009","290009",ΠΑΡΑΚΡΑΤΗΜΑ,PARAKRATHMA,ΒΑΣ.ΚΩΝΣΤΑΝΤΙΝΟΥ,"120, 308, 309, 330"
290010: ΔΗΜΑΡΧΕΙΟ,"290010","290010",ΔΗΜΑΡΧΕΙΟ,DHMARXEIO,ΒΑΣ.ΚΩΝΣΤΑΝΤΙΝΟΥ,"120, 309, 330"
290011: ΑΔΡΙΑΝΟΥ,"290011","290011",ΑΔΡΙΑΝΟΥ,ADRIANOY,ΒΑΣ.ΚΩΝΣΤΑΝΤΙΝΟΥ,"120, 309, 330"
290012: ΦΡΑΤΤΙ,"290012","10585",ΦΡΑΤΤΙ,FRATTI,ΛΕΩΦ. ΛΑΥΡΙΟΥ,"308"
290013: ΦΡΑΤΤΙ,"290013","10586",ΦΡΑΤΤΙ,FRATTI,ΛΕΩΦ. ΛΑΥΡΙΟΥ,"308"
290014: ΑΝΑΛΗΨΗΣ,"290014","290014",ΑΝΑΛΗΨΗΣ,ANALHPSHS,ΒΑΣ.ΚΩΝΣΤΑΝΤΙΝΟΥ,"120, 309, 330"
290015: ΠΑΛ. ΤΕΡΜΑ,"290015","290015",ΠΑΛ. ΤΕΡΜΑ,PAL. TERMA,ΒΑΣ.ΚΩΝΣΤΑΝΤΙΝΟΥ,"120, 309, 330"
290016: 1η ΝΕΟ ΤΕΡΜΑ,"290016","290016",1η ΝΕΟ ΤΕΡΜΑ,1st NEO TERMA,ΒΑΣ.ΚΩΝΣΤΑΝΤΙΝΟΥ,"120, 309, 330"
290018: ΑΓΝΟ,"290018","290018",ΑΓΝΟ,AGNO,ΛΕΩΦ.ΒΑΡΗΣ-ΚΟΡΩΠΙΟΥ,"330"
290019: ΒΙΟΚΕΦ,"290019","290019",ΒΙΟΚΕΦ,BIOKEF,ΛΕΩΦ.ΒΑΡΗΣ-ΚΟΡΩΠΙΟΥ,"120, 330"
290020: ΕΚΚΛΗΣΙΑ,"290020","290020",ΕΚΚΛΗΣΙΑ,EKKLHSIA,ΛΕΩΦ.ΒΑΡΗΣ-ΚΟΡΩΠΙΟΥ,"120"
290021: ΨΗΛΟΚΟΡΥΦΗ,"290021","290021",ΨΗΛΟΚΟΡΥΦΗ,PSHLOKORYFH,ΛΕΩΦ.ΒΑΡΗΣ-ΚΟΡΩΠΙΟΥ,"115, 116, 120, Χ96, Χ97"
290022: ΓΑΛΗΝΗ,"290022","290022",ΓΑΛΗΝΗ,GALHNH,ΛΕΩΦ.ΒΑΡΗΣ-ΚΟΡΩΠΙΟΥ,"115, 116, 120"
290023: ΑΙΓΙΝΗΣ,"290023","290023",ΑΙΓΙΝΗΣ,AIGINHS,ΛΕΩΦ.ΒΑΡΗΣ-ΚΟΡΩΠΙΟΥ,"115, 116, 120"
290024: ΗΡΑΚΛΕΙΔΩΝ,"290024","290024",ΗΡΑΚΛΕΙΔΩΝ,HRAKLEIDON,ΛΕΩΦ.ΒΑΡΗΣ-ΚΟΡΩΠΙΟΥ,"115, 116, 120"
290025: ΗΡΑΚΛΕΙΔΩΝ,"290025","290025",ΗΡΑΚΛΕΙΔΩΝ,HRAKLEIDON,ΛΕΩΦ.ΒΑΡΗΣ-ΚΟΡΩΠΙΟΥ,"115, 116, 120"
290026: ΑΙΓΙΝΗΣ,"290026","290026",ΑΙΓΙΝΗΣ,AIGINHS,ΛΕΩΦ.ΒΑΡΗΣ-ΚΟΡΩΠΙΟΥ,"120"
290027: ΓΑΛΗΝΗ,"290027","290027",ΓΑΛΗΝΗ,GALHNH,ΛΕΩΦ.ΒΑΡΗΣ-ΚΟΡΩΠΙΟΥ,"120"
290028: ΨΗΛΟΚΟΡΥΦΗ,"290028","290028",ΨΗΛΟΚΟΡΥΦΗ,PSHLOKORYFH,ΛΕΩΦ.ΒΑΡΗΣ-ΚΟΡΩΠΙΟΥ,"120, Χ96, Χ97"
290029: ΕΚΚΛΗΣΙΑ,"290029","290029",ΕΚΚΛΗΣΙΑ,EKKLHSIA,ΛΕΩΦ.ΒΑΡΗΣ-ΚΟΡΩΠΙΟΥ,"120"
290030: ΖΗΝΩΝΟΣ,"290030","290030",ΖΗΝΩΝΟΣ,ZHNONOS,ΛΕΩΦ.ΒΑΡΗΣ-ΚΟΡΩΠΙΟΥ,"330, Χ96, Χ97"
290031: ΗΦΑΙΣΤΟΥ,"290031","290031",ΗΦΑΙΣΤΟΥ,HFAISTOY,ΛΕΩΦ.ΒΑΡΗΣ-ΚΟΡΩΠΙΟΥ,"120, 330"
290039: ΔΗΜΑΡΧΕΙΟ,"290039","290039",ΔΗΜΑΡΧΕΙΟ,DHMARXEIO,ΒΑΣ.ΚΩΝΣΤΑΝΤΙΝΟΥ,"120, 309, 330"
290040: ΠΑΡΑΚΡΑΤΗΜΑ,"290040","290040",ΠΑΡΑΚΡΑΤΗΜΑ,PARAKRATHMA,ΒΑΣ.ΚΩΝΣΤΑΝΤΙΝΟΥ,"120, 308, 309, 330"
290041: Κ. ΥΓΕΙΑΣ,"290041","290041",Κ. ΥΓΕΙΑΣ,K. YGEIAS,ΒΑΣ.ΚΩΝΣΤΑΝΤΙΝΟΥ,"308"
290043: ΤΑΒΕΡΝΑ ΜΕΡΚΟΥΡΗ,"290043","290043",ΤΑΒΕΡΝΑ ΜΕΡΚΟΥΡΗ,TABERNA MERKOYRH,ΒΑΣ.ΚΩΝΣΤΑΝΤΙΝΟΥ,"308"
290044: ΦΟΥΣΑ,"290044","290044",ΦΟΥΣΑ,FOYSA,ΛΕΩΦ.ΛΑΥΡΙΟΥ,"308"
290045: ΑΚΡΥΛΕΖ,"290045","290045",ΑΚΡΥΛΕΖ,AKRYLEZ,ΛΕΩΦ.ΛΑΥΡΙΟΥ,"308"
290046: ΒΙΣΩΠ,"290046","290046",ΒΙΣΩΠ,BISOP,ΛΕΩΦ.ΛΑΥΡΙΟΥ,"308"
290047: 2η ΚΑΡΕΛΑ,"290047","290047",2η ΚΑΡΕΛΑ,2nd KARELA,ΛΕΩΦ.ΛΑΥΡΙΟΥ,"308"
290048: 1η ΚΑΡΕΛΑ,"290048","290048",1η ΚΑΡΕΛΑ,1st KARELA,ΛΕΩΦ.ΛΑΥΡΙΟΥ,"308"
290049: 2η ΔΙΑΣΤ. ΑΓ. ΜΑΡΙΝΑΣ,"290049","290049",2η ΔΙΑΣΤ. ΑΓ. ΜΑΡΙΝΑΣ,2nd DIAST. AG. MARINAS,ΛΕΩΦ.ΒΑΡΗΣ-ΚΟΡΩΠΙΟΥ,"120"
290050: 2η ΔΙΑΣΤ. ΑΓ. ΜΑΡΙΝΑΣ,"290050","290050",2η ΔΙΑΣΤ. ΑΓ. ΜΑΡΙΝΑΣ,2nd DIAST. AG. MARINAS,ΛΕΩΦ.ΒΑΡΗΣ-ΚΟΡΩΠΙΟΥ,"120"
290051: ΘΕΡΜΟΠΥΛΩΝ,"290051","290051",ΘΕΡΜΟΠΥΛΩΝ,THERMOPYLON,ΛΕΩΦ.ΒΑΡΗΣ-ΚΟΡΩΠΙΟΥ,"120"
290052: ΘΕΡΜΟΠΥΛΩΝ,"290052","290052",ΘΕΡΜΟΠΥΛΩΝ,THERMOPYLON,ΛΕΩΦ.ΒΑΡΗΣ-ΚΟΡΩΠΙΟΥ,"120"
290053: ΙΑΤΡΕΙΟ,"290053","290053",ΙΑΤΡΕΙΟ,IATREIO,ΛΕΩΦ.ΛΑΥΡΙΟΥ,"308"
290054: 1η ΚΙΤΣΙ,"290054","290054",1η ΚΙΤΣΙ,1st KITSI,ΚΙΤΣΙ,"115, 116"
290055: 2η ΚΙΤΣΙ,"290055","290055",2η ΚΙΤΣΙ,2nd KITSI,ΚΙΤΣΙ,"115, 116"
290056: ΤΕΡΜΑ,"290056","290056",ΤΕΡΜΑ,TERMA,ΠΑΠΑΓΙΑΝΝΟΠΟΥΛΟΥ,"330"
290057: 1η ΗΡΑΚΛΕΟΥΣ,"290057","290057",1η ΗΡΑΚΛΕΟΥΣ,1st HRAKLEOYS,ΗΡΑΚΛΕΟΥΣ,"115, 116"
290058: 2η ΗΡΑΚΛΕΟΥΣ,"290058","290058",2η ΗΡΑΚΛΕΟΥΣ,2nd HRAKLEOYS,ΗΡΑΚΛΕΟΥΣ,"115, 116"
290059: ΕΛΛΗΣ,"290059","290059",ΕΛΛΗΣ,ELLHS,ΑΝΔΡΟΥ,"115, 116"
290060: 1η ΑΝΔΡΟΥ,"290060","290060",1η ΑΝΔΡΟΥ,1st ANDROY,ΑΝΔΡΟΥ,"115, 116"
290061: 2η ΑΝΔΡΟΥ,"290061","290061",2η ΑΝΔΡΟΥ,2nd ANDROY,ΑΝΔΡΟΥ,"115, 116"
290062: ΑΛΚΥΟΝΙΔΩΝ,"290062","290062",ΑΛΚΥΟΝΙΔΩΝ,ALKYONIDON,ΛΕΩΦ.ΑΘΗΝΩΝ-ΣΟΥΝΙΟΥ,"122, 330"
290063: ΑΓ. ΠΑΡΑΣΚΕΥΗ,"290063","290063",ΑΓ. ΠΑΡΑΣΚΕΥΗ,AG. PARASKEYH,ΑΤΤΙΚΗΣ ΟΔΟΥ,"120, 308, 309, 330"
290064: ΔΗΜΑ,"290064","290064",ΔΗΜΑ,DHMA,ΤΑΞΙΑΡΧΩΝ,"330"
290065: ΗΦΑΙΣΤΟΥ,"290065","290065",ΗΦΑΙΣΤΟΥ,HFAISTOY,ΛΕΩΦ.ΒΑΡΗΣ-ΚΟΡΩΠΙΟΥ,"120, 330"
290066: ΖΗΝΩΝΟΣ,"290066","290066",ΖΗΝΩΝΟΣ,ZHNONOS,ΛΕΩΦ.ΒΑΡΗΣ-ΚΟΡΩΠΙΟΥ,"330, Χ96, Χ97"
290067: 1η ΑΓ. ΜΑΡΙΝΑΣ,"290067","290067",1η ΑΓ. ΜΑΡΙΝΑΣ,1st AG. MARINAS,ΛΕΩΦ.ΚΟΡΩΠΙΟΥ-ΑΓ.ΜΑΡΙΝΑΣ,"120, 330"
290068: 2η ΑΓ. ΜΑΡΙΝΑΣ,"290068","290068",2η ΑΓ. ΜΑΡΙΝΑΣ,2nd AG. MARINAS,ΛΕΩΦ.ΚΟΡΩΠΙΟΥ-ΑΓ.ΜΑΡΙΝΑΣ,"120, 330"
290069: 3η ΑΓ. ΜΑΡΙΝΑΣ,"290069","290069",3η ΑΓ. ΜΑΡΙΝΑΣ,3rd AG. MARINAS,ΛΕΩΦ.ΚΟΡΩΠΙΟΥ-ΑΓ.ΜΑΡΙΝΑΣ,"120, 330"
290070: 4η ΞΕΡΕΑΣ,"290070","290070",4η ΞΕΡΕΑΣ,4th XEREAS,ΛΕΩΦ.ΚΟΡΩΠΙΟΥ-ΑΓ.ΜΑΡΙΝΑΣ,"330"
290071: 5η ΑΓ. ΜΑΡΙΝΑΣ,"290071","290071",5η ΑΓ. ΜΑΡΙΝΑΣ,5th AG. MARINAS,ΛΕΩΦ.ΚΟΡΩΠΙΟΥ-ΑΓ.ΜΑΡΙΝΑΣ,"330"
290072: 6η ΠΑΡΑΔΕΙΣΟΥ,"290072","290072",6η ΠΑΡΑΔΕΙΣΟΥ,6th PARADEISOY,ΛΕΩΦ.ΚΟΡΩΠΙΟΥ-ΑΓ.ΜΑΡΙΝΑΣ,"330"
290073: 7η ΑΓ. ΜΑΡΙΝΑΣ,"290073","290073",7η ΑΓ. ΜΑΡΙΝΑΣ,7th AG. MARINAS,ΛΕΩΦ.ΚΟΡΩΠΙΟΥ-ΑΓ.ΜΑΡΙΝΑΣ,"330"
290074: 8η ΑΓ. ΓΕΩΡΓΙΟΥ,"290074","290074",8η ΑΓ. ΓΕΩΡΓΙΟΥ,8th AG. GEORGIOY,ΛΕΩΦ.ΚΟΡΩΠΙΟΥ-ΑΓ.ΜΑΡΙΝΑΣ,"330"
290075: 12η ΠΑΤΣΑΣ,"290075","290075",12η ΠΑΤΣΑΣ,12th PATSAS,ΛΕΩΦ.ΚΟΡΩΠΙΟΥ-ΑΓ.ΜΑΡΙΝΑΣ,"330"
290076: 13η ΚΑΡΑΚΟΛΙΘΙ,"290076","290076",13η ΚΑΡΑΚΟΛΙΘΙ,13th KARAKOLITHI,ΛΕΩΦ.ΚΟΡΩΠΙΟΥ-ΑΓ.ΜΑΡΙΝΑΣ,"330"
290077: ΦΙΛΙΑ,"290077","290077",ΦΙΛΙΑ,FILIA,ΛΕΩΦ.ΑΘΗΝΩΝ-ΣΟΥΝΙΟΥ,"122, 330"
290078: ΜΑΡΜΑΡΑ,"290078","290078",ΜΑΡΜΑΡΑ,MARMARA,ΛΕΩΦ.ΑΘΗΝΩΝ-ΣΟΥΝΙΟΥ,"122"
290079: ΤΕΡΜΑ,"290079","290079",ΤΕΡΜΑ,TERMA,ΛΕΩΦ.ΑΘΗΝΩΝ-ΣΟΥΝΙΟΥ,"122"
290081: ΦΥΣΤΙΚΙΕΣ,"290081","290081",ΦΥΣΤΙΚΙΕΣ,FYSTIKIES,ΤΑΞΙΑΡΧΩΝ,"330"
290082: 17η ΑΓ. ΜΑΡΙΝΑΣ,"290082","290082",17η ΑΓ. ΜΑΡΙΝΑΣ,17th AG. MARINAS,ΛΕΩΦ.ΚΟΡΩΠΙΟΥ-ΑΓ.ΜΑΡΙΝΑΣ,"330"
290083: 16η ΑΓ. ΜΑΡΙΝΑΣ,"290083","290083",16η ΑΓ. ΜΑΡΙΝΑΣ,16th AG. MARINAS,ΛΕΩΦ.ΚΟΡΩΠΙΟΥ-ΑΓ.ΜΑΡΙΝΑΣ,"330"
290084: 14η ΑΓ. ΜΑΡΙΝΑΣ,"290084","290084",14η ΑΓ. ΜΑΡΙΝΑΣ,14th AG. MARINAS,ΛΕΩΦ.ΚΟΡΩΠΙΟΥ-ΑΓ.ΜΑΡΙΝΑΣ,"330"
290085: 13η ΚΑΡΑΚΟΛΙΘΙ,"290085","290085",13η ΚΑΡΑΚΟΛΙΘΙ,13th KARAKOLITHI,ΛΕΩΦ.ΚΟΡΩΠΙΟΥ-ΑΓ.ΜΑΡΙΝΑΣ,"330"
290086: 12η ΠΑΤΣΑΣ,"290086","290086",12η ΠΑΤΣΑΣ,12th PATSAS,ΛΕΩΦ.ΚΟΡΩΠΙΟΥ-ΑΓ.ΜΑΡΙΝΑΣ,"330"
290087: 10η ΑΜΠΕΛΩΝΑ,"290087","290087",10η ΑΜΠΕΛΩΝΑ,10th AMPELONA,ΛΕΩΦ.ΚΟΡΩΠΙΟΥ-ΑΓ.ΜΑΡΙΝΑΣ,"330"
290088: 8η ΑΓ. ΜΑΡΙΝΑΣ,"290088","290088",8η ΑΓ. ΜΑΡΙΝΑΣ,8th AG. MARINAS,ΛΕΩΦ.ΚΟΡΩΠΙΟΥ-ΑΓ.ΜΑΡΙΝΑΣ,"330"
290089: ΛΟΜΒΑΡΔΑ,"290089","290089",ΛΟΜΒΑΡΔΑ,LOMBARDA,ΛΕΩΦ.ΑΘΗΝΩΝ-ΣΟΥΝΙΟΥ,"122"
290090: 6η ΑΓ. ΜΑΡΙΝΑΣ,"290090","290090",6η ΑΓ. ΜΑΡΙΝΑΣ,6th AG. MARINAS,ΛΕΩΦ.ΚΟΡΩΠΙΟΥ-ΑΓ.ΜΑΡΙΝΑΣ,"330"
290091: ΑΓ. ΜΑΡΙΝΑ,"290091","290091",ΑΓ. ΜΑΡΙΝΑ,AG. MARINA,ΛΕΩΦ.ΑΘΗΝΩΝ-ΛΟΥΝΙΟΥ,"122"
290092: ΑΛΚΥΟΝΙΔΩΝ,"290092","290092",ΑΛΚΥΟΝΙΔΩΝ,ALKYONIDON,ΛΕΩΦ.ΑΘΗΝΩΝ-ΣΟΥΝΙΟΥ,"122"
290093: ΚΕΚΡΟΠΟΣ,"290093","290093",ΚΕΚΡΟΠΟΣ,KEKROPOS,ΛΕΩΦ.ΑΘΗΝΩΝ-ΣΟΥΝΙΟΥ,"122"
290094: ΙΡΙΔΟΣ,"290094","290094",ΙΡΙΔΟΣ,IRIDOS,ΛΕΩΦ.ΑΘΗΝΩΝ-ΣΟΥΝΙΟΥ,"122"
290095: ΑΓ. ΙΩΑΝΝΗΣ,"290095","290095",ΑΓ. ΙΩΑΝΝΗΣ,AG. IOANNHS,ΛΕΩΦ.ΚΟΡΩΠΙΟΥ-ΑΓ.ΜΑΡΙΝΑΣ,"330"
290096: ΒΙΟΚΕΦ,"290096","290096",ΒΙΟΚΕΦ,BIOKEF,ΛΕΩΦ.ΒΑΡΗΣ-ΚΟΡΩΠΙΟΥ,"120, 330"
290097: ΑΓ. ΙΩΑΝΝΗΣ,"290097","290097",ΑΓ. ΙΩΑΝΝΗΣ,AG. IOANNHS,ΛΕΩΦ.ΚΟΡΩΠΙΟΥ-ΑΓ.ΜΑΡΙΝΑΣ,"330"
290098: 5η ΑΓ. ΜΑΡΙΝΑΣ,"290098","290098",5η ΑΓ. ΜΑΡΙΝΑΣ,5th AG. MARINAS,ΛΕΩΦ.ΚΟΡΩΠΙΟΥ-ΑΓ.ΜΑΡΙΝΑΣ,"330"
290099: ΑΓΝΟ,"290099","290099",ΑΓΝΟ,AGNO,ΛΕΩΦ.ΒΑΡΗΣ-ΚΟΡΩΠΙΟΥ,"330"
290100: ΘΗΡΑΣ,"290100","290100",ΘΗΡΑΣ,THIRAS,ΤΑΞΙΑΡΧΩΝ,"330"
290101: ΑΓ. ΔΗΜΗΤΡΙΟΣ,"290101","290101",ΑΓ. ΔΗΜΗΤΡΙΟΣ,AG. DHMHTRIOS,ΛΕΩΦ.ΑΘΗΝΩΝ-ΣΟΥΝΙΟΥ,"122"
290102: ΨΗΛΟΡΕΙΤΗΣ,"290102","290102",ΨΗΛΟΡΕΙΤΗΣ,PSHLOREITHS,ΤΑΞΙΑΡΧΩΝ,"330"
290103: ΘΗΒΩΝ,"290103","290103",ΘΗΒΩΝ,THIBON,ΤΑΞΙΑΡΧΩΝ,"330"
290104: ΧΙΟΥ,"290104","290104",ΧΙΟΥ,XIOY,ΚΙΤΣΙ,"330"
290105: ΠΟΛΕΜΙΣΤΩΝ,"290105","290105",ΠΟΛΕΜΙΣΤΩΝ,POLEMISTON,ΚΙΤΣΙ,"330"
290106: ΧΙΟΥ,"290106","290106",ΧΙΟΥ,XIOY,ΚΙΤΣΙ,"330"
290111: 1η ΔΙΑΣΤ. ΑΓ. ΜΑΡΙΝΑΣ,"290111","290111",1η ΔΙΑΣΤ. ΑΓ. ΜΑΡΙΝΑΣ,1st DIAST. AG. MARINAS,ΛΕΩΦ.ΒΑΡΗΣ-ΚΟΡΩΠΙΟΥ,"330"
290112: 9η ΑΓ ΜΑΡΙΝΑΣ,"290112","290112",9η ΑΓ ΜΑΡΙΝΑΣ,9th AG. MARINAS,ΛΕΩΦ.ΚΟΡΩΠΙΟΥ-ΑΓ.ΜΑΡΙΝΑΣ,"330"
290113: 11η ΠΕΡΙΠΤΕΡΟ,"290113","290113",11η ΠΕΡΙΠΤΕΡΟ,11th PERIPTERO,ΛΕΩΦ.ΚΟΡΩΠΙΟΥ-ΑΓ.ΜΑΡΙΝΑΣ,"330"
290114: 1η ΑΤΤΙΚΗΣ,"290114","290114",1η ΑΤΤΙΚΗΣ,1st ATTIKHS,ΑΤΤΙΚΗΣ ΟΔΟΥ,"120, 308, 309, 330"
290115: 2η ΑΤΤΙΚΗΣ,"290115","290115",2η ΑΤΤΙΚΗΣ,2nd ATTIKHS,ΑΤΤΚΗΣ ΟΔΟΣ,"120, 308, 309, 330"
290116: 11η ΠΕΡΙΠΤΕΡΟ,"290116","290116",11η ΠΕΡΙΠΤΕΡΟ,11th PERIPTERO,ΛΕΩΦ.ΚΟΡΩΠΙΟΥ-ΑΓ.ΜΑΡΙΝΑΣ,"330"
290117: 9η ΑΓ. ΜΑΡΙΝΑΣ,"290117","290117",9η ΑΓ. ΜΑΡΙΝΑΣ,9th AG. MARINAS,ΛΕΩΦ.ΚΟΡΩΠΙΟΥ-ΑΓ.ΜΑΡΙΝΑΣ,"330"
290118: 4η ΑΓ. ΜΑΡΙΝΑΣ,"290118","290118",4η ΑΓ. ΜΑΡΙΝΑΣ,4th AG. MARINAS,ΛΕΩΦ.ΚΟΡΩΠΙΟΥ-ΑΓ.ΜΑΡΙΝΑΣ,"330"
290119: 3η ΑΓ. ΜΑΡΙΝΑΣ,"290119","290119",3η ΑΓ. ΜΑΡΙΝΑΣ,3rd AG. MARINAS,ΛΕΩΦ.ΚΟΡΩΠΙΟΥ-ΑΓ.ΜΑΡΙΝΑΣ,"120, 330"
290120: 1η ΔΙΑΣΤ. ΑΓ. ΜΑΡΙΝΑΣ,"290120","290120",1η ΔΙΑΣΤ. ΑΓ. ΜΑΡΙΝΑΣ,1st DIAST. AG. MARINAS,ΛΕΩΦ.ΒΑΡΗΣ-ΚΟΡΩΠΙΟΥ,"330"
290121: 10η ΑΜΠΕΛΩΝΑ,"290121","290121",10η ΑΜΠΕΛΩΝΑ,10th AMPELONA,ΛΕΩΦ.ΚΟΡΩΠΙΟΥ-ΑΓ.ΜΑΡΙΝΑΣ,"330"
290122: ΠΡΟΑΣΤΙΑΚΟΣ 1,"290122","290122",ΠΡΟΑΣΤΙΑΚΟΣ 1,PROASTIAKOS 1,ΕΜ.ΕΙΣ.ΕΞ.ΣΤ.ΚΟΡΩΠΙ ΠΡ.ΑΕ,"120, 308, 309"
290124: 15η ΚΟΜΩΤΗΡΙΟ,"290124","290124",15η ΚΟΜΩΤΗΡΙΟ,15th KOMOTHRIO,ΛΕΩΦ.ΚΟΡΩΠΙΟΥ-ΑΓ.ΜΑΡΙΝΑΣ,"330"
290125: ΠΗΓΑΔΙ,"290125","290125",ΠΗΓΑΔΙ,PHGADI,ΤΑΞΙΑΡΧΩΝ,"330"
290126: ΠΟΛΕΜΙΣΤΩΝ,"290126","290126",ΠΟΛΕΜΙΣΤΩΝ,POLEMISTON,ΚΙΤΣΙ,"330"
290128: 2η ΑΤΤΙΚΗΣ,"290128","290128",2η ΑΤΤΙΚΗΣ,2nd ATTIKHS,ΑΤΤΙΚΗΣ ΟΔΟΥ,"120, 308, 309, 330"
290129: 7η ΑΓ. ΜΑΡΙΝΑΣ,"290129","290129",7η ΑΓ. ΜΑΡΙΝΑΣ,7th AG. MARINAS,ΛΕΩΦ.ΚΟΡΩΠΙΟΥ-ΑΓ.ΜΑΡΙΝΑΣ,"330"
290130: 1η ΑΓ. ΜΑΡΙΝΑΣ,"290130","290130",1η ΑΓ. ΜΑΡΙΝΑΣ,1st AG. MARINAS,ΛΕΩΦ.ΚΟΡΩΠΙΟΥ-ΑΓ.ΜΑΡΙΝΑΣ,"120, 330"
290131: ΚΟΛΟΚΟΤΡΩΝΗ,"290131","290131",ΚΟΛΟΚΟΤΡΩΝΗ,KOLOKOTRONH,ΑΓ.ΔΗΜΗΤΡΙΟΥ,"330"
290132: ΑΝΘΕΩΝ,"290132","290132",ΑΝΘΕΩΝ,ANTHEON,ΑΓ.ΔΗΜΗΤΡΙΟΥ,"330"
290133: ΑΛΚΥΟΝΗΣ,"290133","290133",ΑΛΚΥΟΝΗΣ,ALKYONHS,ΑΓ.ΔΗΜΗΤΡΙΟΥ,"330"
290134: ΕΙΡΗΝΗΣ,"290134","290134",ΕΙΡΗΝΗΣ,EIRHNHS,ΑΓ.ΔΗΜΗΤΡΙΟΥ,"330"
290135: ΑΓ. ΔΗΜΗΤΡΙΟΣ,"290135","290135",ΑΓ. ΔΗΜΗΤΡΙΟΣ,AG. DHMHTRIOS,ΑΓ.ΔΗΜΗΤΡΙΟΥ,"330"
290136: ΙΡΙΔΟΣ,"290136","290136",ΙΡΙΔΟΣ,IRIDOS,ΛΕΩΦ.ΑΘΗΝΩΝ-ΣΟΥΝΙΟΥ,"122, 330"
290137: ΚΕΚΡΟΠΟΣ,"290137","290137",ΚΕΚΡΟΠΟΣ,KEKROPOS,ΛΕΩΦ.ΑΘΗΝΩΝ-ΣΟΥΝΙΟΥ,"122, 330"
290138: ΑΓ. ΜΑΡΙΝΑ,"290138","290138",ΑΓ. ΜΑΡΙΝΑ,AG. MARINA,ΛΕΩΦ.ΑΘΗΝΩΝ-ΣΟΥΝΙΟΥ,"122, 330"
290139: ΚΑΠΕΤΑΝΙΣΣΑ,"290139","290139",ΚΑΠΕΤΑΝΙΣΣΑ,KAPETANISSA,ΛΕΩΦ.ΚΟΡΩΠΙΟΥ-ΑΓ.ΜΑΡΙΝΑΣ,"330"
290140: ΚΑΠΕΤΑΝΙΣΣΑ,"290140","290140",ΚΑΠΕΤΑΝΙΣΣΑ,KAPETANISSA,ΛΕΩΦ.ΚΟΡΩΠΙΟΥ-ΑΓ.ΜΑΡΙΝΑΣ,"330"
290141: 1η ΑΤΤΙΚΗΣ,"290141","290141",1η ΑΤΤΙΚΗΣ,1st ATTIKHS,ΑΤΤΙΚΗΣ ΟΔΟΥ,"120, 308, 309, 330"
290142: ΑΝΑΠΑΥΣΕΩΣ,"290142","290142",ΑΝΑΠΑΥΣΕΩΣ,ANAPAYSEOS,ΑΝΑΠΑΥΣΕΩΣ,"309"
290143: ΒΑΛΤΕΤΣΙΟΥ,"290143","290143",ΒΑΛΤΕΤΣΙΟΥ,BALTETSIOY,ΑΝΑΠΑΥΣΕΩΣ,"309"
290149: ΑΜΦΙΤΡΙΤΗΣ,"290149","290149",ΑΜΦΙΤΡΙΤΗΣ,AMFITRITHS,ΛΕΩΦ.ΒΑΡΗΣ-ΚΟΡΩΠΙΟΥ,"120"
290150: ΔΙΑΣΤΑΥΡΩΣΗ ΚΟΡΩΠΙΟΥ,"290150","290150",ΔΙΑΣΤΑΥΡΩΣΗ ΚΟΡΩΠΙΟΥ,DIASTAYROSH KOROPIOY,ΛΕΩΦ.ΚΟΡΩΠΙΟΥ-ΑΕΡΟΔ.ΣΠΑΤ.,"Χ96, Χ97"
290151: ΔΙΑΣΤΑΥΡΩΣΗ ΚΟΡΩΠΙΟΥ,"290151","290151",ΔΙΑΣΤΑΥΡΩΣΗ ΚΟΡΩΠΙΟΥ,DIASTAYROSH KOROPIOY,ΛΕΩΦ.ΚΟΡΩΠΙΟΥ-ΑΕΡΟΔ.ΣΠΑΤ.,"Χ96, Χ97"
290154: ΑΓ. ΡΑΦΑΗΛ,"290154","290154",ΑΓ. ΡΑΦΑΗΛ,AG. RAFAHL,ΣΠΥΡΟΥ ΔΑΒΑΡΗ,"120, 308, 309, 330"
290155: ΑΓ. ΡΑΦΑΗΛ,"290155","290155",ΑΓ. ΡΑΦΑΗΛ,AG. RAFAHL,ΣΠΥΡΟΥ ΔΑΒΑΡΗ,"120, 308, 309, 330"
290156: ΑΓ. ΔΗΜΗΤΡΙΟΣ,"290156","290156",ΑΓ. ΔΗΜΗΤΡΙΟΣ,AG. DHMHTRIOS,ΛΕΩΦ.ΑΘΗΝΩΝ-ΣΟΥΝΙΟΥ,"122"
290157: ΛΟΜΒΑΡΔΑ,"290157","290157",ΛΟΜΒΑΡΔΑ,LOMBARDA,ΛΕΩΦ.ΑΘΗΝΩΝ-ΣΟΥΝΙΟΥ,"122"
290158: ΡΙΜΠΑΣ,"290158","290158",ΡΙΜΠΑΣ,RIMPAS,ΛΕΩΦ.ΑΘΗΝΩΝ-ΣΟΥΝΙΟΥ,"122"
290159: ΡΙΜΠΑΣ,"290159","290159",ΡΙΜΠΑΣ,RIMPAS,ΛΕΩΦ.ΑΘΗΝΩΝ-ΣΟΥΝΙΟΥ,"122"
290162: ΔΕΗ,"290162","290162",ΔΕΗ,DEH,ΑΤΤΙΚΗΣ ΟΔΟΥ,"120, 308, 309, 330"
290163: 3η Λ. ΜΑΡΚΟΠΟΥΛΟΥ,"290163","290163",3η Λ. ΜΑΡΚΟΠΟΥΛΟΥ,3rd L. MARKOPOYLOY,ΛΕΩΦ.ΜΑΡΚΟΠΟΥΛΟΥ,"307"
290164: 4η Λ. ΜΑΡΚΟΠΟΥΛΟΥ,"290164","290164",4η Λ. ΜΑΡΚΟΠΟΥΛΟΥ,4th L. MARKOPOYLOY,ΛΕΩΦ.ΜΑΡΚΟΠΟΥΛΟΥ,"307"
290165: 5η Λ. ΜΑΡΚΟΠΟΥΛΟΥ,"290165","290165",5η Λ. ΜΑΡΚΟΠΟΥΛΟΥ,5th L. MARKOPOYLOY,ΛΕΩΦ.ΜΑΡΚΟΠΟΥΛΟΥ,"307"
290166: 6η Λ. ΜΑΡΚΟΠΟΥΛΟΥ,"290166","290166",6η Λ. ΜΑΡΚΟΠΟΥΛΟΥ,6th L. MARKOPOYLOY,ΛΕΩΦ.ΜΑΡΚΟΠΟΥΛΟΥ,"307"
290167: 6η Λ. ΜΑΡΚΟΠΟΥΛΟΥ,"290167","290167",6η Λ. ΜΑΡΚΟΠΟΥΛΟΥ,6th L. MARKOPOYLOY,ΛΕΩΦ.ΜΑΡΚΟΠΟΥΛΟΥ,"307"
290168: 5η Λ. ΜΑΡΚΟΠΟΥΛΟΥ,"290168","290168",5η Λ. ΜΑΡΚΟΠΟΥΛΟΥ,5th L. MARKOPOYLOY,ΛΕΩΦ.ΜΑΡΚΟΠΟΥΛΟΥ,"307"
290169: 4η Λ. ΜΑΡΚΟΠΟΥΛΟΥ,"290169","290169",4η Λ. ΜΑΡΚΟΠΟΥΛΟΥ,4th L. MARKOPOYLOY,ΛΕΩΦ.ΜΑΡΚΟΠΟΥΛΟΥ,"307"
290170: 1η ΗΦΑΙΣΤΟΥ,"290170","290170",1η ΗΦΑΙΣΤΟΥ,1st HFAISTOY,ΗΦΑΙΣΤΟΥ,"120"
290171: 2η ΗΦΑΙΣΤΟΥ,"290171","290171",2η ΗΦΑΙΣΤΟΥ,2nd HFAISTOY,ΗΦΑΙΣΤΟΥ,"120"
290172: 3η ΗΦΑΙΣΤΟΥ,"290172","290172",3η ΗΦΑΙΣΤΟΥ,3rd HFAISTOY,ΗΦΑΙΣΤΟΥ,"120"
290173: 4η ΗΦΑΙΣΤΟΥ,"290173","290173",4η ΗΦΑΙΣΤΟΥ,4th HFAISTOY,ΗΦΑΙΣΤΟΥ,"120"
290174: 5η ΗΦΑΙΣΤΟΥ,"290174","290174",5η ΗΦΑΙΣΤΟΥ,5th HFAISTOY,ΗΦΑΙΣΤΟΥ,"120"
290175: 5η ΗΦΑΙΣΤΟΥ,"290175","290175",5η ΗΦΑΙΣΤΟΥ,5th HFAISTOY,ΗΦΑΙΣΤΟΥ,"120"
290176: 4η ΗΦΑΙΣΤΟΥ,"290176","290176",4η ΗΦΑΙΣΤΟΥ,4th HFAISTOY,ΗΦΑΙΣΤΟΥ,"120"
290177: 3η ΗΦΑΙΣΤΟΥ,"290177","290177",3η ΗΦΑΙΣΤΟΥ,3rd HFAISTOY,ΗΦΑΙΣΤΟΥ,"120"
290178: 2η ΗΦΑΙΣΤΟΥ,"290178","290178",2η ΗΦΑΙΣΤΟΥ,2nd HFAISTOY,ΗΦΑΙΣΤΟΥ,"120"
290201: ΧΡ. ΖΩΙΤΣΑ,"290201","290201",ΧΡ. ΖΩΙΤΣΑ,XR. ZOITSA,ΧΡ.ΖΩΙΤΣΑ,"309"
290202: Ν. ΚΩΝΣΤΑ,"290202","290202",Ν. ΚΩΝΣΤΑ,N. KONSTA,Ν.ΚΩΝΣΤΑ,"309"
290203: ΣΟΥΡΛΑΝΤΖΗ,"290203","290203",ΣΟΥΡΛΑΝΤΖΗ,SOYRLANTZH,ΜΩΡΑΙΤΗ,"309"
290204: ΑΝΑΓΝΩΣΤΟΥ,"290204","290204",ΑΝΑΓΝΩΣΤΟΥ,ANAGNOSTOY,ΜΩΡΑΙΤΗ ΙΣΙΔΩΡΟΥ,"309"
290206: ΑΛΑΓΙΑΝΝΗ,"290206","290206",ΑΛΑΓΙΑΝΝΗ,ALAGIANNH,ΑΛΑΓΙΑΝΝΗ,"309"
290207: ΓΥΜΝΑΣΤΗΡΙΟΥ,"290207","290207",ΓΥΜΝΑΣΤΗΡΙΟΥ,GYMNASTHRIOY,ΝΙΚ.ΚΟΥΛΟΧΕΡΙ,"309"
290208: ΧΡ. ΠΑΥΛΟΥ,"290208","290208",ΧΡ. ΠΑΥΛΟΥ,XR. PAYLOY,ΧΡ.ΠΑΥΛΟΥ,"308"
290209: Χ. ΝΤΟΥΝΗ,"290209","290209",Χ. ΝΤΟΥΝΗ,X. NTOYNH,ΑΤΤΙΚΗΣ ΟΔΟΥ,"120, 308, 309, 330"
290210: ΘΑΣΟΥ,"290210","290210",ΘΑΣΟΥ,THASOY,ΘΑΣΟΥ,"309"
290211: ΑΒΕΡΩΦ,"290211","290211",ΑΒΕΡΩΦ,ABEROF,ΑΒΕΡΩΦ,"309"
290212: ΒΑΣ. ΑΔΑΜ,"290212","290212",ΒΑΣ. ΑΔΑΜ,BAS. ADAM,ΒΑΣ.ΑΔΑΜ,"309"
290213: ΓΡΑΜΜΟΥ,"290213","290213",ΓΡΑΜΜΟΥ,GRAMMOY,ΗΡΑΚΛΕΟΥΣ,"309"
290219: ΑΝΤ. ΚΙΟΥΣΗ,"290219","290219",ΑΝΤ. ΚΙΟΥΣΗ,ANT. KIOYSH,ΣΠΥΡΟΥ ΔΑΒΑΡΗ,"120, 308, 309, 330"
290220: ΚΕΝΤΡΟ ΥΓΕΙΑΣ,"290220","290220",ΚΕΝΤΡΟ ΥΓΕΙΑΣ,KENTRO YGEIAS,ΑΤΤΙΚΗΣ,"120, 309, 330"
290221: ΚΕΝΤΡΟ ΥΓΕΙΑΣ,"290221","290221",ΚΕΝΤΡΟ ΥΓΕΙΑΣ,KENTRO YGEIAS,ΑΤΤΙΚΗΣ,"120, 309, 330"
290222: Π. ΤΕΡΜΑ,"290222","290222",Π. ΤΕΡΜΑ,P. TERMA,ΑΓ.ΔΗΜΗΤΡΙΟΥ,"330"
290224: ΑΓΑΛΜΑ,"290224","290224",ΑΓΑΛΜΑ,AGALMA,ΒΑΣ.ΚΩΝΣΤΑΝΤΙΝΟΥ,"120, 330"
290225: ΠΛ. ΚΟΡΩΠΙΟΥ,"290225","290225",ΠΛ. ΚΟΡΩΠΙΟΥ,PL. KOROPIOY,ΒΑΣ.ΚΩΝΣΤΑΝΤΙΝΟΥ,"120, 330"
290226: ΠΛ. 9ης ΟΚΤΩΒΡΙΟΥ,"290226","290226",ΠΛ. 9ης ΟΚΤΩΒΡΙΟΥ,PL. 9th OKTOBRIOY,ΒΑΣ.ΚΩΝΣΤΑΝΤΙΝΟΥ,"120, 330"
290227: 1η Ν. ΤΕΡΜΑΤΟΣ,"290227","290227",1η Ν. ΤΕΡΜΑΤΟΣ,1st N. TERMATOS,ΒΑΣ.ΚΩΝΣΤΑΝΤΙΝΟΥ,"120, 330"
290228: ΠΑΛ. ΤΕΡΜΑ,"290228","290228",ΠΑΛ. ΤΕΡΜΑ,PAL. TERMA,ΒΑΣ.ΚΩΝΣΤΑΝΤΙΝΟΥ,"120, 330"
290229: ΑΝΑΛΗΨΗ,"290229","290229",ΑΝΑΛΗΨΗ,ANALHPSH,ΒΑΣ.ΚΩΝΣΤΑΝΤΙΝΟΥ,"120, 330"
290230: ΠΛΑΤΕΙΑ,"290230","290230",ΠΛΑΤΕΙΑ,PLATEIA,ΒΑΣ.ΚΩΝΣΤΑΝΤΙΝΟΥ,"120, 330"
290231: ΑΓΑΛΜΑ,"290231","290231",ΑΓΑΛΜΑ,AGALMA,ΒΑΣ.ΚΩΝΣΤΝΤΙΝΟΥ,"120, 330"
290232: ΑΔΡΙΑΝΟΥ,"290232","290232",ΑΔΡΙΑΝΟΥ,ADRIANOY,ΒΑΣ.ΚΩΝΣΤΑΝΥΙΝΟΥ,"120, 330"
290233: ΠΛ. 9ης ΟΚΤΩΒΡΙΟΥ,"290233","290233",ΠΛ. 9ης ΟΚΤΩΒΡΙΟΥ,PL. 9th OKTOBRIOY,ΒΑΣ.ΚΩΝΣΤΑΝΤΙΝΟΥ,"120, 330"
290234: ΑΓΡ. ΣΥΝ/ΣΜΟΣ ΚΟΡΩΠΙΟΥ,"290234","290234",ΑΓΡ. ΣΥΝ/ΣΜΟΣ ΚΟΡΩΠΙΟΥ,AGR. SYN/SMOS KOROPIOY,ΑΤΤΙΚΗΣ,"120, 309, 330"
290235: ΑΓΡ. ΣΥΝ/ΣΜΟΣ ΚΟΡΩΠΙΟΥ,"290235","290235",ΑΓΡ. ΣΥΝ/ΣΜΟΣ ΚΟΡΩΠΙΟΥ,AGR. SYN/SMOS KOROPIOY,ΑΤΤΙΚΗΣ,"120, 309, 330"
290236: 1η ΖΩΙΤΣΑ,"290236","10587",1η ΖΩΙΤΣΑ,1st ZOITSA,ΖΩΙΤΣΑ,"330"
290237: 2η ΖΩΙΤΣΑ,"290237","10588",2η ΖΩΙΤΣΑ,2nd ZOITSA,ΖΩΙΤΣΑ,"330"
290238: 3η ΖΩΙΤΣΑ,"290238","10589",3η ΖΩΙΤΣΑ,3rd ZOITSA,ΖΩΙΤΣΑ,"330"
290239: 4η ΖΩΙΤΣΑ,"290239","10590",4η ΖΩΙΤΣΑ,4th ZOITSA,ΖΩΙΤΣΑ,"330"
290240: ΣΧΟΛΕΙΟ,"290240","11097",ΣΧΟΛΕΙΟ,SXOLEIO,ΠΑΠΑΓΙΑΝΝΟΠΟΥΛΟΥ,"330"
290241: 7η Λ. ΜΑΡΚΟΠΟΥΛΟΥ,"290241","10961",7η Λ. ΜΑΡΚΟΠΟΥΛΟΥ,7th L. MARKOPOYLOY,ΛΕΩΦ.ΜΑΡΚΟΠΟΥΛΟΥ,"307"
290242: 7η Λ. ΜΑΡΚΟΠΟΥΛΟΥ,"290242","10962",7η Λ. ΜΑΡΚΟΠΟΥΛΟΥ,7th L. MARKOPOYLOY,ΛΕΩΦ.ΜΑΡΚΟΠΟΥΛΟΥ,"307"
290243: ΦΟΥΡΝΟΣ,"290243","11094",ΦΟΥΡΝΟΣ,FOYRNOS,Λ. ΑΓ. ΜΑΡΙΝΑΣ,"330"
290244: 18η ΑΓ. ΜΑΡΙΝΑΣ,"290244","11095",18η ΑΓ. ΜΑΡΙΝΑΣ,18th AG. MARINAS,Λ. ΑΓ. ΜΑΡΙΝΑΣ,"330"
290246: 2η ΑΓ. ΜΑΡΙΝΑΣ,"290246","11297",2η ΑΓ. ΜΑΡΙΝΑΣ,2nd AG. MARINAS,,"120, 330"
290247: ΕΜΠΟΡΙΚΟ ΚΕΝΤΡΟ,"290247","11475",ΕΜΠΟΡΙΚΟ ΚΕΝΤΡΟ,EMPORIKO KENTRO,,"330"
29: ΠΕΡΙΣΣΟΣ,"29","10188",ΠΕΡΙΣΣΟΣ,PERISSOS,,"444, 605"
300001: ΤΣΑΚΑΛΗ,"300001","300001",ΤΣΑΚΑΛΗ,TSAKALH,ΣΤΑΜΟΥ,"861, 861Β, 863, 865"
300002: ΔΙΑΣΤΑΥΡΩΣΗ ΘΗΒΩΝ,"300002","300002",ΔΙΑΣΤΑΥΡΩΣΗ ΘΗΒΩΝ,DIASTAYROSH THIBON,ΣΤΑΜΟΥ,"861, 861Β, 863, 865"
300003: ΝΕΚΡΟΤΑΦΕΙΟ,"300003","300003",ΝΕΚΡΟΤΑΦΕΙΟ,NEKTROTAFEIO,ΒΑΣ.ΔΟΥΚΑ,"861, 861Β, 863, 865"
300004: ΠΑΛΛΗΣ,"300004","300004",ΠΑΛΛΗΣ,PALLHS,ΒΑΣ.ΔΟΥΚΑ,"861, 861Β, 863, 865"
300005: ΔΗΜΑΡΧΕΙΟ,"300005","300005",ΔΗΜΑΡΧΕΙΟ,DHMARXEIO,Ν.ΡΟΚΑ,"861, 861Β, 863, 865"
300007: ΠΛ. ΜΑΝΔΡΑΣ,"300007","300007",ΠΛ. ΜΑΝΔΡΑΣ,PL. MANDRAS,ΒΑΓΓΕΛΗ ΚΟΡΟΠΟΥΛΗ,"817, 861, 861Β, 863, 876"
300008: ΠΑΛΛΗΣ,"300008","300008",ΠΑΛΛΗΣ,PALLHS,ΒΑΣ.ΔΟΥΚΑ,"861, 861Β, 863, 876"
300009: ΝΕΚΡΟΤΑΦΕΙΟ,"300009","300009",ΝΕΚΡΟΤΑΦΕΙΟ,NEKTROTAFEIO,ΒΑΣ.ΔΟΥΚΑ,"861, 861Β, 863, 876"
300010: ΔΙΑΣΤΑΥΡΩΣΗ ΘΗΒΩΝ,"300010","300010",ΔΙΑΣΤΑΥΡΩΣΗ ΘΗΒΩΝ,DIASTAYROSH THIVON,ΒΑΣ.ΔΟΥΚΑ,"861, 861Β, 863, 876"
300011: ΤΣΑΚΑΛΗ,"300011","300011",ΤΣΑΚΑΛΗ,TSAKALH,ΒΑΣ.ΔΟΥΚΑ,"861, 861Β, 863, 876"
300012: ΜΠΛΟΚΟ,"300012","300012",ΜΠΛΟΚΟ,MPLOKO,ΗΡΩΩΝ ΠΟΛΥΤΕΧΝΕΙΟΥ,"817"
300013: ΕΡΓΑΤΙΚΕΣ ΚΑΤΟΙΚΙΕΣ,"300013","300013",ΕΡΓΑΤΙΚΕΣ ΚΑΤΟΙΚΙΕΣ,ERGATIKES KATOIKIES,Π.Ε.Ο.Α.Κ.(ΘΗΒΩΝ),"817, 862"
300014: ΑΕΡΟΓΕΦΥΡΑ,"300014","300014",ΑΕΡΟΓΕΦΥΡΑ,AEROGEFYRA,Π.Ε.Ο.Α.Κ.(ΘΗΒΩΝ),"817"
300015: ΔΕΗ,"300015","300015",ΔΕΗ,DEH,Π.Ε.Ο.Α.Κ.(ΘΗΒΩΝ),"817"
300016: ΤΖΟΝΣΟΝ,"300016","300016",ΤΖΟΝΣΟΝ,JOHNSON,Π.Ε.Ο.Α.Κ.(ΘΗΒΩΝ),"817"
300017: ΣΤΡΑΤΟΠΕΔΟ,"300017","300017",ΣΤΡΑΤΟΠΕΔΟ,STRATOPEDO,Π.Ε.Ο.Α.Κ.(ΘΗΒΩΝ),"817"
300019: ΑΡΙΣΤΕΙΔΟΥ,"300019","300019",ΑΡΙΣΤΕΙΔΟΥ,ARISTEIDOY,Β.ΚΟΡΟΠΟΥΛΗ,"817"
300020: ΣΤΡΑΤΟΠΕΔΟ,"300020","300020",ΣΤΡΑΤΟΠΕΔΟ,STRATOPEDO,Π.Ε.Ο.Α.Κ.(ΘΗΒΩΝ),"817"
300021: ΤΖΟΝΣΟΝ,"300021","300021",ΤΖΟΝΣΟΝ,JOHNSON,Π.Ε.Ο.Α.Κ.(ΘΗΒΩΝ),"817"
300022: ΔΕΗ,"300022","300022",ΔΕΗ,DEH,Π.Ε.Ο.Α.Κ.(ΘΗΒΩΝ),"817"
300023: ΑΕΡΟΓΕΦΥΡΑ,"300023","300023",ΑΕΡΟΓΕΦΥΡΑ,AEROGEFYRA,Π.Ε.Ο.Α.Κ.(ΘΗΒΩΝ),"817"
300024: ΓΥΜΝΑΣΤΗΡΙΟΥ,"300024","300024",ΓΥΜΝΑΣΤΗΡΙΟΥ,GYMNASTHRIOY,Π.Ε.Ο.Α.Κ.(ΘΗΒΩΝ),"817"
300025: ΜΠΛΟΚΟ,"300025","300025",ΜΠΛΟΚΟ,MPLOKO,ΗΡΩΩΝ ΠΟΛΥΤΕΧΝΕΙΟΥ,"817, 871Τ"
300026: ΤΕΡΜΑ - ΜΑΝΔΡΑ,"300026","300026",ΤΕΡΜΑ - ΜΑΝΔΡΑ,TERMA - MANDRA,ΑΓ.ΑΙΚΑΤΕΡΙΝΗΣ,"817, 863, 865"
300027: ΝΕΕΣ ΕΡΓΑΤ. ΠΟΛΥΚΑΤΟΙΚΙΕΣ,"300027","300027",ΝΕΕΣ ΕΡΓΑΤ. ΠΟΛΥΚΑΤΟΙΚΙΕΣ,NEES ERGATIKES POLYKATOIKIES,ΚΙΜΩΝΟΣ,"862"
300030: 1η ΣΧΟΛΕΙΩΝ,"300030","300030",1η ΣΧΟΛΕΙΩΝ,1st SXOLEION,ΑΓ.ΑΙΚΑΤΕΡΙΝΗΣ,"817, 863, 876"
300032: ΑΝΔΡΟΜΑΧΗΣ,"300032","300032",ΑΝΔΡΟΜΑΧΗΣ,ANDROMAXHS,Β.ΚΟΡΟΠΟΥΛΗ,"817"
300033: 1η ΣΧΟΛΕΙΩΝ,"300033","300033",1η ΣΧΟΛΕΙΩΝ,1st SXOLION,ΑΓ.ΑΙΚΑΤΕΡΙΝΗΣ,"817, 863, 865"
300035: ΣΑΛΑΜΙΝΟΣ,"300035","300035",ΣΑΛΑΜΙΝΟΣ,SALAMINOS,ΘΕΡΜΟΠΥΛΩΝ,"862"
300037: ΚΑΠΗ,"300037","300037",ΚΑΠΗ,KAPH,ΣΠΕΤΣΩΝ,"861, 861Β, 863, 876"
300039: ΣΠΕΤΣΩΝ,"300039","300039",ΣΠΕΤΣΩΝ,SPETSON,Β.ΚΟΡΟΠΟΥΛΗ,"817, 861, 861Β, 863, 876"
300040: ΒΙΒΛΙΟΘΗΚΗ,"300040","300040",ΒΙΒΛΙΟΘΗΚΗ,BIBLIOTHIKI,ΛΕΩΦ.ΕΘΝΙΚΗΣ ΑΝΤΙΣΤΑΣΕΩΣ,"862"
300041: ΠΑΙΔΙΚΗ ΧΑΡΑ,"300041","300041",ΠΑΙΔΙΚΗ ΧΑΡΑ,PAIDIKH XARA,ΛΕΩΦ.ΕΘΝΙΚΗΣ ΑΝΤΙΣΤΑΣΕΩΣ,"862"
300042: ΙΟΝΙΚΗ ΤΡΑΠΕΖΑ,"300042","300042",ΙΟΝΙΚΗ ΤΡΑΠΕΖΑ,IONIKH TRAPEZA,Ν.ΡΟΚΑ,"861, 861Β, 863, 865"
300043: ΕΡΓΑΤΙΚΕΣ ΠΟΛΥΚΑΤΟΙΚΙΕΣ,"300043","300043",ΕΡΓΑΤΙΚΕΣ ΠΟΛΥΚΑΤΟΙΚΙΕΣ,ERGATIKES POLYKATOIKIES,Π.Ε.Ο.Α.Κ.(ΘΗΒΩΝ),"817"
300044: ΜΑΡΙΝΟΥ ΑΝΤΥΠΑ,"300044","300044",ΜΑΡΙΝΟΥ ΑΝΤΥΠΑ,MARINOY ANTYPA,ΜΑΡΙΝΟΥ ΑΝΤΥΠΑ,"862"
300046: ΒΕΡΝΙΛΑΚ,"300046","300046",ΒΕΡΝΙΛΑΚ,VERNILAC,Π.Ε.Ο.Α.Κ.(ΘΗΒΩΝ),"817"
300047: ΒΕΡΝΙΛΑΚ,"300047","300047",ΒΕΡΝΙΛΑΚ,VERNILAC,Π.Ε.Ο.Α.Κ.(ΘΗΒΩΝ),"817"
300048: ΠΑΛ. ΤΕΡΜΑ,"300048","300048",ΠΑΛ. ΤΕΡΜΑ,PALIO TERMA,ΑΝΩΝΥΜΟΣ,"817, 863, 876"
300051: ΒΕΡΓΙΝΑ,"300051","300051",ΒΕΡΓΙΝΑ,BERGINA,ΝΙΚ.ΠΛΑΣΤΗΡΑ,"862"
300054: ΖΩΟΔΟΧΟΣ ΠΗΓΗ,"300054","300054",ΖΩΟΔΟΧΟΣ ΠΗΓΗ,ZOODOXOS PHGH,ΖΩΟΔΟΧΟΥ ΠΗΓΗΣ,"817, 863, 876"
300055: ΠΑΛ. ΤΕΡΜΑ,"300055","300055",ΠΑΛ. ΤΕΡΜΑ,PALIO TERMA,ΚΡΗΤΗΣ,"817, 863, 865"
300056: ΜΠΑΣΚΕΤ,"300056","300056",ΜΠΑΣΚΕΤ,BASKET,ΣΤΑΜΟΥ,"861, 861Β, 863, 876"
300057: ΣΩΚΡΑΤΟΥΣ,"300057","300057",ΣΩΚΡΑΤΟΥΣ,SOKRATOYS,Β.ΚΟΡΟΠΟΥΛΗ,"817, 861, 861Β, 863, 876"
300059: ΑΕΡΟΓΕΦΥΡΑ,"300059","300059",ΑΕΡΟΓΕΦΥΡΑ,AEROGEFYRA,ΑΝΩΝΥΜΟΥ,"862"
300060: ΕΚΚΛΗΣΙΑ,"300060","300060",ΕΚΚΛΗΣΙΑ,EKKLHSIA,ΑΝΩΝΥΜΟΥ,"862"
300061: ΒΙΕΧ,"300061","300061",ΒΙΕΧ,BIEX,Ν.Ε.Ο.Α.Κ.,"862"
300063: ΤΕΡΜΑ,"300063","300063",ΤΕΡΜΑ,TERMA,ΛΕΩΦ.ΟΙΚΙΣΜΟΥ ΤΙΤΑΝ,861Β
300064: ΑΓ. ΠΑΝΤΕΛΕΗΜΩΝ,"300064","300064",ΑΓ. ΠΑΝΤΕΛΕΗΜΩΝ,AG. PANTELEHMON,Π.Ε.Ο.Α ΘΗΒΩΝ,"861, 861Β"
300065: ΠΑΛΑΙΟΚΟΥΝΤΟΥΡΑ,"300065","300065",ΠΑΛΑΙΟΚΟΥΝΤΟΥΡΑ,PALAIOKOYNTOYRA,Π.Ε.Ο.Α. ΘΗΒΩΝ,"861, 861Β"
300066: ΠΑΝΟΡΑΜΑ,"300066","300066",ΠΑΝΟΡΑΜΑ,PANORAMA,Π.Ε.Ο.Α. ΘΗΒΩΝ,"861, 861Β"
300067: ΑΓ. ΣΩΤΗΡΑΣ,"300067","300067",ΑΓ. ΣΩΤΗΡΑΣ,AG. SOTHRAS,Π.Ε.Ο.Α ΘΗΒΩΝ,"861, 861Β"
300068: ΑΓ. ΧΑΡΑΛΑΜΠΟΣ,"300068","300068",ΑΓ. ΧΑΡΑΛΑΜΠΟΣ,AG. XARALAMPOS,Π.Ε.Ο.Α ΘΗΒΩΝ,"861, 861Β"
300069: ΚΟΡΟΠΟΥΛΗ,"300069","300069",ΚΟΡΟΠΟΥΛΗ,KOROPOYLH,Π.Ε.Ο.Α.ΘΗΒΩΝ,"861, 861Β"
300070: ΚΤΗΝΙΑΤΡΕΙΟ,"300070","300070",ΚΤΗΝΙΑΤΡΕΙΟ,KTHNIATREIO,ΣΤΡΑΤΗΓΟΥ ΡΟΚΚΑ,"861, 861Β"
300071: ΚΤΗΝΙΑΤΡΕΙΟ,"300071","300071",ΚΤΗΝΙΑΤΡΕΙΟ,KTHNIATREIO,ΣΤΡΑΤΗΓΟΥ ΡΟΚΚΑ,"861, 861Β"
300072: ΚΟΡΟΠΟΥΛΗ,"300072","300072",ΚΟΡΟΠΟΥΛΗ,KOROPOULH,Π.Ε.Ο.Α.ΘΗΒΩΝ,"861, 861Β"
300073: ΟΣΙΟΣ ΔΑΥΙΔ,"300073","300073",ΟΣΙΟΣ ΔΑΥΙΔ,OSIOS DAYID,Π.Ε.Ο.Α.ΘΗΒΩΝ,"861, 861Β"
300074: ΑΓ. ΣΩΤΗΡΑΣ,"300074","300074",ΑΓ. ΣΩΤΗΡΑΣ,AG. SOTHRAS,Π.Ε.Ο.Α. ΘΗΒΩΝ,"861, 861Β"
300075: ΠΑΝΟΡΑΜΑ,"300075","300075",ΠΑΝΟΡΑΜΑ,PANORAMA,Π.Ε.Ο.Α. ΘΗΒΩΝ,"861, 861Β"
300076: ΠΕΥΚΗΣ,"300076","300076",ΠΕΥΚΗΣ,PEYKHS,Λ.ΟΙΚΙΣΜΟΥ ΤΙΤΑΝ,"861, 861Β"
300077: ΗΛΙΟΤΡΟΠΙΟ,"300077","300077",ΗΛΙΟΤΡΟΠΙΟ,HLIOTROPIO,ΧΡΥΣΑΝΘΕΜΩΝ,"861, 861Β"
300078: ΠΑΣΧΑΛΙΑΣ,"300078","300078",ΠΑΣΧΑΛΙΑΣ,PASXALIAS,ΧΡΥΣΑΝΘΕΜΩΝ,"861, 861Β"
300079: ΠΑΠΑΡΟΥΝΑΣ,"300079","300079",ΠΑΠΑΡΟΥΝΑΣ,PAPAROYNAS,Λ.ΟΙΚΙΣΜΟΥ ΤΙΤΑΝ,"861, 861Β"
300081: ΠΛ. ΖΕΡΒΟΝΙΚΟΛΑ,"300081","300081",ΠΛ. ΖΕΡΒΟΝΙΚΟΛΑ,PL. ZERBONIKOLA,ΣΤΡΑΤΗΓΟΤ ΡΟΚΚΑ,"861, 861Β"
300082: ΔΕΞΑΜΕΝΗ,"300082","10621",ΔΕΞΑΜΕΝΗ,DEXAMENH,Β.ΚΟΡΟΠΟΥΛΗ,"817"
300083: ΠΑΤΡΟΚΛΟΥ,"300083","10623",ΠΑΤΡΟΚΛΟΥ,PATROKLOY,Β.ΚΟΡΟΠΟΥΛΗ,"817"
300084: ΓΕΛ ΜΑΝΔΡΑΣ,"300084","10624",ΓΕΛ ΜΑΝΔΡΑΣ,GEL MANDRAS,Β.ΚΟΡΟΠΟΥΛΗ,"817"
300086: ΛΕΜΟΝΙΑΣ,"300086","10631",ΛΕΜΟΝΙΑΣ,LEMONIAS,ΠΕΥΚΗΣ,"861, 861Β"
300091: ΑΡΙΣΤΕΙΔΟΥ,"300091","11375",ΑΡΙΣΤΕΙΔΟΥ,ARISTEIDOY,ΒΑΓΓΕΛΗ ΚΟΡΟΠΟΥΛΗ,"817"
300092: ΑΙΣΧΥΛΟΥ,"300092","11376",ΑΙΣΧΥΛΟΥ,AISXYLOY,ΒΑΓΓΕΛΗ ΚΟΡΟΠΟΥΛΗ,"817"
300093: ΠΛ. ΜΑΝΔΡΑΣ,"300093","11377",ΠΛ. ΜΑΝΔΡΑΣ,PL. MANDRAS,ΒΑΓΓΕΛΗ ΚΟΡΟΠΟΥΛΗ,"817"
300094: 25ης ΜΑΡΤΙΟΥ,"300094","11378",25ης ΜΑΡΤΙΟΥ,25th MARTIOY,ΑΓΙΑΣ ΑΙΚΑΤΕΡΙΝΗΣ,"817, 863, 865"
300095: 2η ΣΧΟΛΕΙΩΝ,"300095","11387",2η ΣΧΟΛΕΙΩΝ,2nd SXOLEION,ΟΜΗΡΟΥ,"817, 863, 865"
300096: ΑΡΙΣΤΟΤΕΛΟΥΣ,"300096","11379",ΑΡΙΣΤΟΤΕΛΟΥΣ,ARISTOTELOYS,ΑΡΙΣΤΟΤΕΛΟΥΣ,"817, 863, 865"
300097: ΚΡΗΤΗΣ,"300097","11380",ΚΡΗΤΗΣ,KRHTHS,ΚΡΗΤΗΣ,"817, 863, 865"
300098: ΑΡΙΣΤΟΤΕΛΟΥΣ,"300098","11381",ΑΡΙΣΤΟΤΕΛΟΥΣ,ARISTOTELOYS,ΑΡΙΣΤΟΤΕΛΟΥΣ,"817, 863, 876"
300099: 2η ΣΧΟΛΕΙΩΝ,"300099","11388",2η ΣΧΟΛΕΙΩΝ,2nd SXOLEION,ΟΜΗΡΟΥ,"817, 863, 876"
300100: 25ης ΜΑΡΤΙΟΥ,"300100","11382",25ης ΜΑΡΤΙΟΥ,25th MARTIOY,ΑΓΙΑΣ ΑΙΚΑΤΕΡΙΝΗΣ,"817, 863, 876"
300101: ΗΡΑΚΛΕΟΥΣ,"300101","11383",ΗΡΑΚΛΕΟΥΣ,HRAKLEOYS,ΗΡΑΚΛΕΟΥΣ,"817, 861, 861Β, 863, 876"
300102: ΓΕΛ ΜΑΝΔΡΑΣ,"300102","11384",ΓΕΛ ΜΑΝΔΡΑΣ,GEL MANDRAS,ΒΑΓΓΕΛΗ ΚΟΡΟΠΟΥΛΗ,"817, 861, 861Β, 863, 876"
300105: ΑΓΙΩΝ ΑΝΑΡΓΥΡΩΝ,"300105","11815",ΑΓΙΩΝ ΑΝΑΡΓΥΡΩΝ,AGION ANARGYRON,,861Β
300107: ΚΑΡΑΟΥΛΙ,"300107","11817",ΚΑΡΑΟΥΛΙ,KARAOYLI,,861Β
300108: ΠΟΥΡΝΑΡΙ,"300108","11818",ΠΟΥΡΝΑΡΙ,POURNARI,,861Β
300109: 1η ΟΙΝΟΗΣ,"300109","11819",1η ΟΙΝΟΗΣ,1st OINOHS,,861Β
300110: ΣΦΑΚΑ,"300110","11825",ΣΦΑΚΑ,SFAKA,,861Β
300111: 3η ΟΙΝΟΗΣ,"300111","11826",3η ΟΙΝΟΗΣ,3rd OINOHS,,861Β
300112: ΠΡΟΦΗΤΗΣ ΗΛΙΑΣ,"300112","11827",ΠΡΟΦΗΤΗΣ ΗΛΙΑΣ,PROFHTHS HLIAS,,861Β
300113: ΒΙΛΙΑ,"300113","11828",ΒΙΛΙΑ,BILIA,,861Β
300114: ΕΚΚΛΗΣΙΑ,"300114","11829",ΕΚΚΛΗΣΙΑ,EKKLHSIA,,861Β
300115: ΠΡΟΦΗΤΗΣ ΗΛΙΑΣ,"300115","11830",ΠΡΟΦΗΤΗΣ ΗΛΙΑΣ,PROFHTHS HLIAS,,861Β
300116: ΕΘΝ. ΑΝΤΙΣΤΑΣΕΩΣ,"300116","11831",ΕΘΝ. ΑΝΤΙΣΤΑΣΕΩΣ,ETH. ANTISTASEWS,,861Β
300118: ΕΘΝ. ΑΝΤΙΣΤΑΣΕΩΣ,"300118","11834",ΕΘΝ. ΑΝΤΙΣΤΑΣΕΩΣ,ETH. ANTISTASEWS,,861Β
300119: 3Η ΟΙΝΟΗΣ,"300119","11835",3Η ΟΙΝΟΗΣ,3rd OINOHS,,861Β
300120: ΣΦΑΚΑ,"300120","11836",ΣΦΑΚΑ,SFAKA,,861Β
300121: 1Η ΟΙΝΟΗΣ,"300121","11837",1Η ΟΙΝΟΗΣ,1st OINOHS,,861Β
300122: ΚΑΡΑΟΥΛΙ,"300122","11838",ΚΑΡΑΟΥΛΙ,KARAOYLI,,861Β
300123: ΑΓΙΩΝ ΑΝΑΡΓΥΡΩΝ,"300123","11839",ΑΓΙΩΝ ΑΝΑΡΓΥΡΩΝ,AGIWN ANARGYRWN,,861Β
300124: ΠΟΥΡΝΑΡΙ,"300124","11840",ΠΟΥΡΝΑΡΙ,POURNARI,,861Β
300125: 2Η ΟΙΝΟΗΣ,"300125","11882",2Η ΟΙΝΟΗΣ,2ND OINOHS,,861Β
300126: ΑΓΙΟΣ ΡΑΦΑΗΛ,"300126","11883",ΑΓΙΟΣ ΡΑΦΑΗΛ,AGIOS RAFAHL,,861Β
300127: ΕΙΣΟΔΟΣ ΒΙΛΙΩΝ,"300127","11884",ΕΙΣΟΔΟΣ ΒΙΛΙΩΝ,EISODOS BILION,,861Β
300128: ΑΓΙΟΣ ΡΑΦΑΗΛ,"300128","11885",ΑΓΙΟΣ ΡΑΦΑΗΛ,AGIOS RAFAHL,,861Β
300129: ΕΡΥΘΡΕΣ,"300129","11886",ΕΡΥΘΡΕΣ,ERYTHRES,,861Β
300130: ΕΡΥΘΡΕΣ,"300130","11887",ΕΡΥΘΡΕΣ,ERYTHRES,,861Β
300131: ΕΞΟΔΟΣ ΒΙΛΙΩΝ,"300131","11888",ΕΞΟΔΟΣ ΒΙΛΙΩΝ,EXODOS BILION,,861Β
300132: 2η ΟΙΝΟΗΣ,"300132","11889",2η ΟΙΝΟΗΣ,2nd OINOHS,,861Β
300133: ΤΕΡΜΑ - ΟΙΚ. ΤΙΤΑΝ,"300133","11890",ΤΕΡΜΑ - ΟΙΚ. ΤΙΤΑΝ,TERMA - OIK. TITAN,,"861, 861Β"
300134: KAZA,"300134","11928",KAZA,KAZA,,861Β
300135: ΓΥΜΝΑΣΙΟ,"300135","11929",ΓΥΜΝΑΣΙΟ,GYMNASIO,,861Β
300136: ΓΥΜΝΑΣΙΟ,"300136","11930",ΓΥΜΝΑΣΙΟ,GYMNASIO,,861Β
300137: ΚΑΖΑ,"300137","11931",ΚΑΖΑ,KAZA,,861Β
300138: ΛΕΜΟΝΑΔΙΚΟ,"300138","12218",ΛΕΜΟΝΑΔΙΚΟ,LEMONADIKO,,861Β
300139: ΔΗΜΟΤΙΚΟ ΣΤΑΔΙΟ,"300139","12219",ΔΗΜΟΤΙΚΟ ΣΤΑΔΙΟ,DIMOTIKO STADIO,,861Β
302112: ΠΡΟΦΗΤΗΣ ΗΛΙΑΣ (ΠΡΟΣ ΕΛΕΥΣΙΝΑ),"302112","12229",ΠΡΟΦΗΤΗΣ ΗΛΙΑΣ (ΠΡΟΣ ΕΛΕΥΣΙΝΑ),PROFHTHS HLIAS (TO ELEFSINA),,861Β
302113: ΒΙΛΙΑ (ΠΡΟΣ ΕΛΕΥΣΙΝΑ),"302113","12231",ΒΙΛΙΑ (ΠΡΟΣ ΕΛΕΥΣΙΝΑ),BILIA (TO ELEFSINA),,861Β
302114: ΕΚΚΛΗΣΙΑ (ΠΡΟΣ ΕΛΕΥΣΙΝΑ),"302114","12232",ΕΚΚΛΗΣΙΑ (ΠΡΟΣ ΕΛΕΥΣΙΝΑ),EKKLHSIA (TO ELEFSINA),,861Β
302115: ΠΡΟΦΗΤΗΣ ΗΛΙΑΣ (ΠΡΟΣ ΕΛΕΥΣΙΝΑ),"302115","12230",ΠΡΟΦΗΤΗΣ ΗΛΙΑΣ (ΠΡΟΣ ΕΛΕΥΣΙΝΑ),PROFHTHS HLIAS (TO ELEFSINA),,861Β
302126: ΑΓΙΟΣ ΡΑΦΑΗΛ (ΠΡΟΣ ΕΛΕΥΣΙΝΑ),"302126","12227",ΑΓΙΟΣ ΡΑΦΑΗΛ (ΠΡΟΣ ΕΛΕΥΣΙΝΑ),AGIOS RAFAHL (TO ELEFSINA),,861Β
302128: ΑΓΙΟΣ ΡΑΦΑΗΛ (ΠΡΟΣ ΕΛΕΥΣΙΝΑ),"302128","12228",ΑΓΙΟΣ ΡΑΦΑΗΛ (ΠΡΟΣ ΕΛΕΥΣΙΝΑ),AGIOS RAFAHL (TO ELEFSINA),,861Β
302138: ΛΕΜΟΝΑΔΙΚΟ (ΠΡΟΣ ΕΛΕΥΣΙΝΑ),"302138","12233",ΛΕΜΟΝΑΔΙΚΟ (ΠΡΟΣ ΕΛΕΥΣΙΝΑ),LEMONADIKO (TO ELEFSINA),,861Β
302139: ΔΗΜΟΤΙΚΟ ΣΤΑΔΙΟ (ΠΡΟΣ ΕΛΕΥΣΙΝΑ),"302139","12234",ΔΗΜΟΤΙΚΟ ΣΤΑΔΙΟ (ΠΡΟΣ ΕΛΕΥΣΙΝΑ),DIMOTIKO STADIO (TO ELEFSINA),,861Β
302: ΤΖΑΝΕΙΟ,"302","11811",ΤΖΑΝΕΙΟ,TZANEIO,ΖΑΝΝΗ,"300"
303: ΤΕΡΜΑ - ΕΡΥΘΡΕΣ,"303","11849",ΤΕΡΜΑ - ΕΡΥΘΡΕΣ,TERMA - ERYTHRES,Λ. ΕΘ. ΑΝΤΙΣΤΑΣΕΩΣ,861Β
3091: ΠΑΡΑΚΡΑΤΗΜΑ ΚΟΡΩΠΙ,"3091","11663",ΠΑΡΑΚΡΑΤΗΜΑ ΚΟΡΩΠΙ,PARAKRATHMA KOROPI,Λ. ΒΑΣ. ΚΩΝΣΤΑΝΤΙΝΟΥ,"309"
309: ΔΗΜΑΡΧΕΙΟ ΚΟΡΩΠΙ,"309","11662",ΔΗΜΑΡΧΕΙΟ ΚΟΡΩΠΙ,DHMARXEIO KOROPI,Λ. ΒΑΣ. ΚΩΝΣΤΑΝΤΙΝΟΥ,"309"
30: ΚΑΜΑΤΕΡΟ,"30","10189",ΚΑΜΑΤΕΡΟ,KAMATERO,,"701, 704, 705, Γ12"
310002: ΜΠΑΡΚΟΥΛΗ,"310002","310002",ΜΠΑΡΚΟΥΛΗ,MPARKOYLH,ΤΑΤΟΙΟΥ,"724, Β9"
310003: ΚΟΙΜΗΤΗΡΙΟ,"310003","310003",ΚΟΙΜΗΤΗΡΙΟ,KOIMHTHRIO,ΤΑΤΟΙΟΥ,"724, Β9"
310004: ΠΟΛΥΚΑΝΔΡΙΩΤΗ,"310004","310004",ΠΟΛΥΚΑΝΔΡΙΩΤΗ,POLYKANDRIOTH,ΠΑΛ.ΤΑΤΟΙΟΥ,"541"
310005: ΕΚΚΛΗΣΙΑ,"310005","310005",ΕΚΚΛΗΣΙΑ,EKKLHSIA,ΑΝΑΓΕΝΝΗΣΕΩΣ,"619"
310006: ΔΙΑΣΤΑΥΡΩΣΗ,"310006","310006",ΔΙΑΣΤΑΥΡΩΣΗ,DIASTAYROSH,ΠΑΛ.ΤΑΤΟΙΟΥ,"541, 604"
310007: ΕΥΔΑΠ,"310007","310007",ΕΥΔΑΠ,EYDAP,ΠΑΡΑΔΡΟΜΟΥ Ε.Ο.Α.Θ.,"543, 543Α, 604, 734"
310008: ΠΛ. ΜΕΤΑΜΟΡΦΩΣΕΩΣ,"310008","310008",ΠΛ. ΜΕΤΑΜΟΡΦΩΣΕΩΣ,PL. METAMORFOSEOS,Γ.ΠΑΠΑΝΔΡΕΟΥ,"541, Β9"
310009: ΑΣΤΥΝΟΜΙΑ,"310009","310009",ΑΣΤΥΝΟΜΙΑ,ASTYNOMIA,Γ.ΠΑΠΑΝΔΡΕΟΥ,"541, Β9"
310010: ΓΥΜΝΑΣΤ. ΜΕΤΑΜΟΡΦΩΣΗΣ,"310010","310010",ΓΥΜΝΑΣΤ. ΜΕΤΑΜΟΡΦΩΣΗΣ,GYMNASTHRIO METAMORFOSHS,Γ.ΠΑΠΑΝΔΡΕΟΥ,"541, Β9"
310011: ΚΛΙΝΙΚΗ,"310011","310011",ΚΛΙΝΙΚΗ,KLINIKH,Γ.ΠΑΠΑΝΔΡΕΟΥ,"541, Β9"
310012: ΠΟΛΥΚΑΤΟΙΚΙΕΣ,"310012","310012",ΠΟΛΥΚΑΤΟΙΚΙΕΣ,POLYKATOIKIES,Γ.ΠΑΠΑΝΔΡΕΟΥ,"541, Β9"
310013: ΠΟΛΥΚΑΤΟΙΚΙΕΣ,"310013","310013",ΠΟΛΥΚΑΤΟΙΚΙΕΣ,POLYKATOIKIES,Γ.ΠΑΠΑΝΔΡΕΟΥ,"541, Β9"
310014: ΚΛΙΝΙΚΗ,"310014","310014",ΚΛΙΝΙΚΗ,KLINIKH,Γ.ΠΑΠΑΝΔΡΕΟΥ,"541, Β9"
310015: ΓΥΜΝΑΣΤ. ΜΕΤΑΜΟΡΦΩΣΗΣ,"310015","310015",ΓΥΜΝΑΣΤ. ΜΕΤΑΜΟΡΦΩΣΗΣ,GYMNASTHRIO METAMORFOSHS,Γ.ΠΑΠΑΝΔΡΕΟΥ,"541, Β9"
310016: ΠΟΛΕΜΗ,"310016","310016",ΠΟΛΕΜΗ,POLEMH,ΝΙΡΒΑΝΑ,"604"
310017: ΝΙΡΒΑΝΑ,"310017","310017",ΝΙΡΒΑΝΑ,NIRBANA,ΝΙΡΒΑΝΑ,"604, 619"
310019: ΜΑΝΗΣ,"310019","310019",ΜΑΝΗΣ,MANΗS,ΤΑΤΟΙΟΥ,"724, Β9"
310020: ΚΟΙΜΗΤΗΡΙΟ,"310020","310020",ΚΟΙΜΗΤΗΡΙΟ,KOIMHTHRIO,ΤΑΤΟΙΟΥ,"724, Β9"
310021: ΜΠΑΡΚΟΥΛΗ,"310021","310021",ΜΠΑΡΚΟΥΛΗ,MPARKOΥLΗ,ΤΑΤΟΙΟΥ,"724, Β9"
310022: ΒΛΑΧΟΥ,"310022","310022",ΒΛΑΧΟΥ,BLAXOY,ΤΑΤΟΙΟΥ,Β9
310027: ΔΕΡΒΕΝΙΩΝ,"310027","310027",ΔΕΡΒΕΝΙΩΝ,DERBENION,ΔΕΡΒΕΝΙΩΝ,"604, 619"
310028: ΠΟΣΕΙΔΩΝΟΣ,"310028","310028",ΠΟΣΕΙΔΩΝΟΣ,POSEIDONOS,ΠΟΣΕΙΔΩΝΟΣ,"604, 619"
310029: ΗΜΑΘΙΑΣ,"310029","310029",ΗΜΑΘΙΑΣ,HMATHIAS,ΑΛΕΞΑΝΔΡΟΥΠΟΛΕΩΣ,"604, 619"
310031: ΑΘΗΝΑΣ,"310031","310031",ΑΘΗΝΑΣ,ATHINAS,ΑΘΗΝΑΣ,"619"
310032: ΗΒΗΣ,"310032","310032",ΗΒΗΣ,HBHS,Γ.ΠΑΠΑΝΔΡΕΟΥ,"541, Β9"
310033: ΓΕΦΥΡΑ,"310033","310033",ΓΕΦΥΡΑ,GEFYRA,ΔΡΟΣΙΝΗ,"604, 724, Β9"
310034: ΓΕΦΥΡΑ,"310034","310034",ΓΕΦΥΡΑ,GEFYRA,ΔΡΟΣΙΝΗ,"604, 724"
310036: ΔΙΑΣΤΑΥΡΩΣΗ,"310036","310036",ΔΙΑΣΤΑΥΡΩΣΗ,DIASTAYROSH,ΤΑΤΟΙΟΥ,"724, Β9"
310037: ΓΕΦΥΡΑ ΜΕΤΑΜΟΡΦΩΣΗΣ,"310037","310037",ΓΕΦΥΡΑ ΜΕΤΑΜΟΡΦΩΣΗΣ,GEFYRA METAMORFOSHS,ΤΑΤΟΙΟΥ,"604, 724"
310038: 2η ΤΑΤΟΪΟΥ,"310038","310038",2η ΤΑΤΟΪΟΥ,2nd TATOIOY,ΤΑΤΟΙΟΥ,"604, 724"
310039: ΓΥΜΝΑΣΙΟ,"310039","310039",ΓΥΜΝΑΣΙΟ,GYMNASIO,ΤΑΤΟΙΟΥ,"604, 724"
310040: ΣΑΜΟΥ,"310040","310040",ΣΑΜΟΥ,SAMOY,ΣΑΜΟΥ,"619"
310041: ΦΩΚΙΔΟΣ,"310041","310041",ΦΩΚΙΔΟΣ,FOKIDOS,ΦΩΚΙΔΟΣ,"619"
310046: ΓΥΜΝΑΣΙΟ,"310046","310046",ΓΥΜΝΑΣΙΟ,GYMNASIO,ΤΑΤΟΙΟΥ,"541, 604, 724"
310050: ΒΛΑΧΟΥ,"310050","310050",ΒΛΑΧΟΥ,BLAXOY,ΣΑΠΟΥΝΤΖΑΚΗ,"604"
310051: ΠΕΥΚΩΝ,"310051","310051",ΠΕΥΚΩΝ,PEYKON,ΠΕΥΚΩΝ,"604"
310052: ΚΑΝΑΠΙΤΣΑ,"310052","310052",ΚΑΝΑΠΙΤΣΑ,KANAPITSA,ΠΕΥΚΩΝ,"604"
310053: ΣΧΟΛΕΙΟ,"310053","310053",ΣΧΟΛΕΙΟ,SXOLEIO,ΠΑΥΛΟΥ ΜΕΛΑ,"604"
310057: ΣΧΟΛΕΙΟ,"310057","310057",ΣΧΟΛΕΙΟ,SXOLEIO,ΠΕΥΚΩΝ,"604"
310058: ΚΑΝΑΠΙΤΣΑ,"310058","310058",ΚΑΝΑΠΙΤΣΑ,KANAPITSA,ΠΕΥΚΩΝ,"604"
310059: ΠΕΥΚΩΝ,"310059","310059",ΠΕΥΚΩΝ,PEYKON,ΠΕΥΚΩΝ,"604"
310060: ΒΛΑΧΟΥ,"310060","310060",ΒΛΑΧΟΥ,BLAXOY,ΠΕΥΚΩΝ,"604"
310064: ΚΟΥΡΟΣ,"310064","310064",ΚΟΥΡΟΣ,KOYROS,ΤΑΤΟΙΟΥ,"724"
310067: ΜΠΙΖΑΝΙΟΥ,"310067","310067",ΜΠΙΖΑΝΙΟΥ,MPIZANIOY,ΜΠΙΖΑΝΙΟΥ,"604"
310068: Γ.ΠΑΠΑΝΔΡΕΟΥ,"310068","310068",Γ.ΠΑΠΑΝΔΡΕΟΥ,G.PAPANDREOY,ΜΠΙΖΑΝΙΟΥ,"604"
310074: ΠΛΑΣΤΗΡΑ,"310074","310074",ΠΛΑΣΤΗΡΑ,PLASTHRA,ΠΛΑΣΤΗΡΑ,"541, Β9"
310075: ΗΡΩΩΝ,"310075","310075",ΗΡΩΩΝ,HROON,ΓΚΙΝΟΣΑΤΗ,Β9
310076: ΚΟΡΑΗ,"310076","310076",ΚΟΡΑΗ,KORAH,ΓΚΙΝΟΣΑΤΗ,Β9
310077: ΗΒΗΣ,"310077","310077",ΗΒΗΣ,HBHS,ΗΒΗΣ,Β9
310078: ΒΛΑΧΟΥ,"310078","310078",ΒΛΑΧΟΥ,BLAXOY,ΤΑΤΟΙΟΥ,"724, Β9"
310082: ΠΑΛ.ΤΕΡΜΑ,"310082","310082",ΠΑΛ.ΤΕΡΜΑ,PALIO TERMA,ΕΛ.ΒΕΝΙΖΕΛΟΥ,"604, 724"
310083: ΠΑΛ.ΤΕΡΜΑ,"310083","310083",ΠΑΛ.ΤΕΡΜΑ,PALIO TERMA,ΕΛ.ΒΕΝΙΖΕΛΟΥ,"604, 724"
310084: ΕΘΝΙΚΗ ΟΔΟΣ,"310084","310084",ΕΘΝΙΚΗ ΟΔΟΣ,ETHNIKH ODOS,ΤΑΤΟΙΟΥ,"724"
310085: ΕΘΝΙΚΗ ΟΔΟΣ,"310085","310085",ΕΘΝΙΚΗ ΟΔΟΣ,ETHNIKH ODOS,ΤΑΤΟΙΟΥ,"724"
310086: ΚΟΥΡΟΣ,"310086","310086",ΚΟΥΡΟΣ,KOYROS,ΤΑΤΟΙΟΥ,"724"
310093: ΔΗΜΗΤΡΑ,"310093","310093",ΔΗΜΗΤΡΑ,DHMHTRA,ΗΡΑΚΛΕΙΟΥ,"604"
310094: ΤΣΑΜΑΔΟΥ,"310094","310094",ΤΣΑΜΑΔΟΥ,TSAMADOY,ΜΠΙΖΑΝΙΟΥ,"604"
310095: ΕΥΤΥΧΙΑΣ,"310095","310095",ΕΥΤΥΧΙΑΣ,EYTYXIAS,ΜΠΙΖΑΝΙΟΥ,"604"
310096: ΠΡΟΦΗΤΗ ΗΛΙΑ,"310096","310096",ΠΡΟΦΗΤΗ ΗΛΙΑ,PROFHTH HLIA,ΗΡΑΚΛΕΙΟΥ,"604"
310098: ΠΕΡΙΚΛΕΟΥΣ,"310098","310098",ΠΕΡΙΚΛΕΟΥΣ,PERIKLEOYS,ΣΟΛΩΜΟΥ,"604"
312006: ΔΙΑΣΤΑΥΡΩΣΗ (ΠΡΟΣ ΝΟΣΟΚΟΜΕΙΟ),"312006","10693",ΔΙΑΣΤΑΥΡΩΣΗ (ΠΡΟΣ ΝΟΣΟΚΟΜΕΙΟ),DIASTAYROSH (TO NOSOKOMEIO),ΠΑΛ.ΤΑΤΟΙΟΥ,"604"
312016: ΠΟΛΕΜΗ (ΠΡΟΣ ΝΟΣΟΚΟΜΕΙΟ),"312016","10686",ΠΟΛΕΜΗ (ΠΡΟΣ ΝΟΣΟΚΟΜΕΙΟ),POLEMH (TO NOSOKOMEIO),ΝΙΡΒΑΝΑ,"604"
312017: ΝΙΡΒΑΝΑ (ΠΡΟΣ ΝΟΣΟΚΟΜΕΙΟ),"312017","10692",ΝΙΡΒΑΝΑ (ΠΡΟΣ ΝΟΣΟΚΟΜΕΙΟ),NIRBANA (TO NOSOKOMEIO),ΝΙΡΒΑΝΑ,"604"
312027: ΔΕΡΒΕΝΙΩΝ (ΠΡΟΣ ΝΟΣΟΚΟΜΕΙΟ),"312027","10687",ΔΕΡΒΕΝΙΩΝ (ΠΡΟΣ ΝΟΣΟΚΟΜΕΙΟ),DERBENION (TO NOSOKOMEIO),ΔΕΡΒΕΝΙΩΝ,"604"
312028: ΠΟΣΕΙΔΩΝΟΣ (ΠΡΟΣ ΝΟΣΟΚΟΜΕΙΟ),"312028","10688",ΠΟΣΕΙΔΩΝΟΣ (ΠΡΟΣ ΝΟΣΟΚΟΜΕΙΟ),POSEIDONOS (TO NOSOKOMEIO),ΠΟΣΕΙΔΩΝΟΣ,"604"
312029: ΗΜΑΘΙΑΣ (ΠΡΟΣ ΝΟΣΟΚΟΜΕΙΟ),"312029","10689",ΗΜΑΘΙΑΣ (ΠΡΟΣ ΝΟΣΟΚΟΜΕΙΟ),HMATHIAS (TO NOSOKOMEIO),ΑΛΕΞΑΝΔΡΟΥΠΟΛΕΩΣ,"604"
314: ΥΠΟΥΡΓΕΙΟ ΠΑΙΔΕΙΑΣ,"314","11509",ΥΠΟΥΡΓΕΙΟ ΠΑΙΔΕΙΑΣ,YPOYRGEIO PAIDEIAS,ΑΝΔΡΕΑ ΠΑΠΑΝΔΡΕΟΥ,Ε14
31: ΛΟΦΟΣ ΣΚΟΥΖΕ,"31","10190",ΛΟΦΟΣ ΣΚΟΥΖΕ,LOFOS SKOYZE,,"057"
320001: ΑΓ. ΚΩΝΣΤΑΝΤΙΝΟΣ,"320001","320001",ΑΓ. ΚΩΝΣΤΑΝΤΙΝΟΣ,AG. KONSTANTINOS,ΚΩΝΣΤΑΝΤΙΝΟΥΠΟΛΕΩΣ,"218"
320003: Λ. ΚΑΤΣΩΝΗ,"320003","320003",Λ. ΚΑΤΣΩΝΗ,L. KATSONH,ΧΡ.ΣΜΥΡΝΗΣ,"1, 1*, 218, 500, 860"
320004: ΜΕΤΑΜΟΡΦΩΣΕΩΣ ΤΟΥ ΣΩΤΗΡΟΣ,"320004","320004",ΜΕΤΑΜΟΡΦΩΣΕΩΣ ΤΟΥ ΣΩΤΗΡΟΣ,METAMORFOSEOS TOY SOTHROS,ΧΡ.ΣΜΥΡΝΗΣ,"1, 1*, 218, 500, 860"
320005: ΔΗΜΑΡΧΕΙΟ,"320005","320005",ΔΗΜΑΡΧΕΙΟ,DHMARXEIO,ΚΟΡΑΗ,"1, 1*, 218, 500"
320006: ΚΕΦΑΛΛΗΝΙΑΣ,"320006","320006",ΚΕΦΑΛΛΗΝΙΑΣ,KEFALLHNIAS,ΚΑΠΟΔΙΣΤΡΙΟΥ,"218, 500"
320007: ΓΗΠΕΔΟ,"320007","320007",ΓΗΠΕΔΟ,GHPEDO,ΚΑΠΟΔΙΣΤΡΙΟΥ,"218, 500"
320008: ΤΑΞΙΑΡΧΩΝ,"320008","320008",ΤΑΞΙΑΡΧΩΝ,TAXIARXON,ΕΛ.ΒΕΝΙΖΕΛΟΥ (ΓΡΑΜΜΟΥ),"218, 500"
320009: ΠΛΩΜΑΡΙΟΥ,"320009","320009",ΠΛΩΜΑΡΙΟΥ,PLOMARIOY,ΕΛ.ΒΕΝΙΖΕΛΟΥ (ΓΡΑΜΜΟΥ),"218, 500"
320010: ΚΟΝΙΤΣΗΣ,"320010","320010",ΚΟΝΙΤΣΗΣ,KONITSHS,ΕΛ.ΒΕΝΙΖΕΛΟΥ,"218, 500"
320011: ΚΟΝΙΤΣΗΣ,"320011","320011",ΚΟΝΙΤΣΗΣ,KONITSHS,ΕΛ.ΒΕΝΙΖΕΛΟΥ(ΓΡΑΜΜΟΥ),"218, 500"
320012: ΠΛΩΜΑΡΙΟΥ,"320012","320012",ΠΛΩΜΑΡΙΟΥ,PLOMARIOY,ΕΛ.ΒΕΝΙΖΕΛΟΥ(ΓΡΑΜΜΟΥ),"218, 500"
320013: ΤΑΞΙΑΡΧΩΝ,"320013","320013",ΤΑΞΙΑΡΧΩΝ,TAXIARXON,ΕΛ.ΒΕΝΙΖΕΛΟΥ(ΓΡΑΜΜΟΥ),"218, 500"
320014: ΣΧΟΛΕΙΟ,"320014","320014",ΣΧΟΛΕΙΟ,SXOLEIO,ΧΕΙΜΑΡΑΣ,"218, 500"
320016: ΓΕΦΥΡΑ,"320016","320016",ΓΕΦΥΡΑ,GEFYRA,ΛΕΩΦ.ΚΗΦΙΣΟΥ,"420"
320017: ΜΕΤΑΜΟΡΦΩΣΕΩΣ ΤΟΥ ΣΩΤΗΡΟΣ,"320017","320017",ΜΕΤΑΜΟΡΦΩΣΕΩΣ ΤΟΥ ΣΩΤΗΡΟΣ,METAMORFOSEOS TOY SOTHROS,ΜΑΚΡΥΓΙΑΝΝΗ,"1, 1*, 218, 500, 860"
320018: ΤΡΑΠΕΖΑ,"320018","320018",ΤΡΑΠΕΖΑ,TRAPEZA,ΜΑΚΡΥΓΙΑΝΝΗ,"1, 1*, 218, 500, 860"
320019: ΜΑΝΟΥ,"320019","320019",ΜΑΝΟΥ,MANOY,Λ.ΚΑΤΣΩΝΗ,"218"
320020: ΠΟΥΠΟΥ,"320020","320020",ΠΟΥΠΟΥ,POYPOY,Λ.ΚΑΤΣΩΝΗ,"218"
320021: ΓΥΜΝΑΣΙΟ,"320021","320021",ΓΥΜΝΑΣΙΟ,GYMNASIO,ΛΕΩΦ.ΠΟΣΕΙΔΩΝΟΣ,"040, 130, 217, 218, 229, 500, Α1, Β1, Χ96"
320023: ΜΑΡΚΟΜΙΧΕΛΑΚΕΙΟ,"320023","320023",ΜΑΡΚΟΜΙΧΕΛΑΚΕΙΟ,MARKOMIXELAKEIO,ΛΕΩΦ.ΠΟΣΕΙΔΩΝΟΣ,"040, 1, 1*, 130, 217, 229, 860, Α1, Β1"
320024: ΜΑΡΚΟΜΙΧΕΛΑΚΕΙΟ,"320024","320024",ΜΑΡΚΟΜΙΧΕΛΑΚΕΙΟ,MARKOMIXELAKEIO,ΛΕΩΦ.ΠΟΣΕΙΔΩΝΟΣ,"040, 1, 1*, 130, 217, 229, 860, Α1, Β1"
320026: ΓΥΜΝΑΣΙΟ,"320026","320026",ΓΥΜΝΑΣΙΟ,GYMNASIO,ΛΕΩΦ.ΠΟΣΕΙΔΩΝΟΣ,"040, 130, 217, 218, 229, 500, Α1, Β1, Χ96"
320027: ΨΥΓΕΙΑ,"320027","320027",ΨΥΓΕΙΑ,PSYGEIA,ΠΕΙΡΑΙΩΣ,"049, 860, 914"
320028: ΜΑΝΟΥ,"320028","320028",ΜΑΝΟΥ,MANOY,ΠΕΙΡΑΙΩΣ,"049, 860, 914"
320029: ΜΟΣΧΑΤΟ,"320029","320029",ΜΟΣΧΑΤΟ,MOSXATO,ΠΕΙΡΑΙΩΣ,"049"
320030: ΕΛΒΥΝ,"320030","320030",ΕΛΒΥΝ,ELBYN,ΠΕΙΡΑΙΩΣ,"049"
320031: ΛΑΧΑΝΑΓΟΡΑ,"320031","320031",ΛΑΧΑΝΑΓΟΡΑ,LAXANAGORA,ΠΕΙΡΑΙΩΣ,"049"
320032: ΖΗΛΑΚΟΥ,"320032","320032",ΖΗΛΑΚΟΥ,ZHLAKOY,ΠΕΙΡΑΙΩΣ,"049, 914"
320033: ΥΦΑΝΤΗΡΙΑ,"320033","320033",ΥΦΑΝΤΗΡΙΑ,YFANTHRIA,ΠΕΙΡΑΙΩΣ,"049, 914"
320034: ΒΙΟΧΑΛΚΟ,"320034","320034",ΒΙΟΧΑΛΚΟ,BIOXALKO,ΠΕΙΡΑΙΩΣ,"049, 914"
320035: ΖΗΛΑΚΟΥ,"320035","320035",ΖΗΛΑΚΟΥ,ZHLAKOY,ΠΕΙΡΑΙΩΣ,"049, 914"
320036: ΝΕΑ  ΛΑΧΑΝΑΓΟΡΑ,"320036","320036",ΝΕΑ  ΛΑΧΑΝΑΓΟΡΑ,NEA LAXANAGORA,ΠΕΙΡΑΙΩΣ,"049"
320038: ΜΟΣΧΑΤΟ,"320038","320038",ΜΟΣΧΑΤΟ,MOSXATO,ΠΕΙΡΑΙΩΣ,"049"
320039: ΜΟΣΧΑΤΟ,"320039","320039",ΜΟΣΧΑΤΟ,MOSXATO,ΠΕΙΡΑΙΩΣ,"049, 860, 914"
320040: ΨΥΓΕΙΑ,"320040","320040",ΨΥΓΕΙΑ,PSYGEIA,ΠΕΙΡΑΙΩΣ,"049, 860, 914"
320041: ΠΥΡΓΟΥ,"320041","320041",ΠΥΡΓΟΥ,PYRGOY,ΠΥΡΓΟΥ,"914"
320042: ΜΙΑΟΥΛΗ,"320042","320042",ΜΙΑΟΥΛΗ,MIAOYLH,ΜΙΑΟΥΛΗ,"1, 1*, 218, 500"
320043: ΗΣΑΠ ΜΟΣΧΑΤΟΥ,"320043","320043",ΗΣΑΠ ΜΟΣΧΑΤΟΥ,HSAP MOSXATOY,ΜΑΚΡΥΓΙΑΝΝΗ,"1, 1*, 218, 500"
320044: 2η ΛΑΧΑΝΑΓΟΡΑ,"320044","320044",2η ΛΑΧΑΝΑΓΟΡΑ,2nd LAXANAGORA,ΓΕΩΡ.ΚΟΝΔΥΛΗ,"914"
320045: 3η ΛΑΧΑΝΑΓΟΡΑ,"320045","320045",3η ΛΑΧΑΝΑΓΟΡΑ,3rd LAXANAGORA,ΓΕΩΡ.ΚΟΝΔΥΛΗ,"914"
320046: ΣΤ. ΗΣΑΠ ΜΟΣΧΑΤΟ,"320046","320046",ΣΤ. ΗΣΑΠ ΜΟΣΧΑΤΟ,ST. HSAP MOSXATO,ΧΡ.ΣΜΥΡΝΗΣ,"860"
320047: ΚΟΡΑΗ,"320047","320047",ΚΟΡΑΗ,KORAH,ΚΟΡΑΗ,"860"
320049: ΣΧΟΛΕΙΑ,"320049","320049",ΣΧΟΛΕΙΑ,SXOLEIA,ΧΡ.ΣΜΥΡΝΗΣ,"1, 1*, 218, 500, 860"
320050: ΛΑΜΠΡΟΥ ΚΑΤΣΩΝΗ,"320050","320050",ΛΑΜΠΡΟΥ ΚΑΤΣΩΝΗ,LAMPROY KATSONH,ΜΑΚΡΥΓΙΑΝΝΗ,"1, 1*, 218, 500, 860"
320051: ΜΑΚΡΥΓΙΑΝΝΗ,"320051","320051",ΜΑΚΡΥΓΙΑΝΝΗ,MAKRYGIANNH,ΜΑΚΡΥΓΙΑΝΝΗ,"1, 1*, 218, 500, 860"
320052: ΟΑΕΔ,"320052","320052",ΟΑΕΔ,OAED,ΑΡΓΟΣΤΟΛΙΟΥ,"1, 1*"
321: ΑΜΑΞΟΣΤΑΣΙΟ ΘΡΙΑΣΙΟΥ,"321","11994",ΑΜΑΞΟΣΤΑΣΙΟ ΘΡΙΑΣΙΟΥ,,ΘΡΙΑΣΙΟΥ ΠΕΔΙΟΥ,"868"
326: ΑΦΕΤΗΡΙΑ 326,"326","11119",ΑΦΕΤΗΡΙΑ 326,AFETHRIA 326,,"326"
32: ΜΟΥΣΕΙΟ,"32","10191",ΜΟΥΣΕΙΟ,MOYSEIO,,"046, 18, 19, 19Β"
330001: ΣΤ. ΗΣΑΠ ΠΕΡΙΣΣΟΣ,"330001","330001",ΣΤ. ΗΣΑΠ ΠΕΡΙΣΣΟΣ,ST. HSAP PERISSOS,ΛΕΩΦ.ΗΡΑΚΛΕΙΟΥ,"500, Α8"
330002: ΕΡΙΟΥΡΓΕΙΑ,"330002","330002",ΕΡΙΟΥΡΓΕΙΑ,ERIOYRGEIA,ΛΕΩΦ.ΗΡΑΚΛΕΙΟΥ,"500, Α8"
330003: ΣΤ. ΗΣΑΠ ΠΕΥΚΑΚΙΑ,"330003","330003",ΣΤ. ΗΣΑΠ ΠΕΥΚΑΚΙΑ,ST. HSAP PEYKAKIA,ΛΕΩΦ.ΗΡΑΚΛΕΙΟΥ,"500, Α8"
330004: ΜΑΚΡΥΓΙΑΝΝΗ,"330004","330004",ΜΑΚΡΥΓΙΑΝΝΗ,MAKRYGIANNH,ΜΑΚΕΔΟΝΟΜΑΧΩΝ,"602"
330006: ΠΛ. ΦΕΛΕΚΗ,"330006","330006",ΠΛ. ΦΕΛΕΚΗ,PL. FELEKH,ΝΥΜΦΑΙΟΥ,"602"
330007: ΕΛΛΗΝΙΔΟΣ,"330007","330007",ΕΛΛΗΝΙΔΟΣ,ELLHNIDOS,ΕΡΓΑΣΙΑΣ,"602"
330008: 4η ΚΑΛΟΓΡΕΖΑΣ,"330008","330008",4η ΚΑΛΟΓΡΕΖΑΣ,4th KALOGREZAS,ΒΥΖΑΝΤΙΟΥ,"602"
330009: 5η ΚΑΛΟΓΡΕΖΑΣ,"330009","330009",5η ΚΑΛΟΓΡΕΖΑΣ,5th KALOGREZAS,ΒΥΖΑΝΤΙΟΥ,"602"
330010: ΡΟΥΜΕΛΗΣ,"330010","11991",ΡΟΥΜΕΛΗΣ,ROYMELHS,ΡΟΥΜΕΛΗΣ,"602"
330011: ΤΗΝΟΥ,"330011","11992",ΤΗΝΟΥ,THNOY,ΡΟΥΜΕΛΗΣ,"602"
330013: 10η ΚΑΛΟΓΡΕΖΑΣ,"330013","330013",10η ΚΑΛΟΓΡΕΖΑΣ,10th KALOGREZAS,ΛΕΩΦ.ΚΥΜΗΣ,"444, 602"
330014: 11η ΚΑΛΟΓΡΕΖΑΣ,"330014","330014",11η ΚΑΛΟΓΡΕΖΑΣ,11th KALOGREZAS,ΑΛΣΟΥΠΟΛΕΩΣ,"602"
330015: ΠΛ. ΠΑΝΑΙΤΩΛΙΟΥ,"330015","330015",ΠΛ. ΠΑΝΑΙΤΩΛΙΟΥ,PL. PANAITOLIOY,ΗΠΕΙΡΟΥ,"602"
330016: 13η ΚΑΛΟΓΡΕΖΑΣ,"330016","330016",13η ΚΑΛΟΓΡΕΖΑΣ,13th KALOGREZAS,ΜΑΚΕΔΟΝΟΜΑΧΩΝ,"602"
330017: ΠΑΛ. ΤΕΡΜΑ,"330017","330017",ΠΑΛ. ΤΕΡΜΑ,PALIO TERMA,ΔΩΔΕΚΑΝΗΣΟΥ,"602"
330018: ΑΘΗΝΑ 2004,"330018","330018",ΑΘΗΝΑ 2004,ATHINA 2004,ΦΙΛΙΚΗΣ ΕΤΑΙΡΕΙΑΣ,"602"
330019: ΠΛ. ΠΑΝΑΙΤΩΛΙΟΥ,"330019","330019",ΠΛ. ΠΑΝΑΙΤΩΛΙΟΥ,PL. PANAITOLIOY,ΠΛ.ΠΑΝΑΙΤΩΛΙΟΥ,"602"
330020: ΔΩΔΕΚΑΝΗΣΟΥ,"330020","330020",ΔΩΔΕΚΑΝΗΣΟΥ,DODEKANHSOY,ΚΑΣΤΑΜΟΝΗΣ,"602"
330021: ΓΕΦΥΡΑ,"330021","330021",ΓΕΦΥΡΑ,GEFYRA,ΚΑΠΟΔΙΣΤΡΙΟΥ,"421, 444, 602"
330025: 5η ΚΑΛΟΓΡΕΖΑΣ,"330025","330025",5η ΚΑΛΟΓΡΕΖΑΣ,5th KALOGREZAS,ΒΥΖΑΝΤΙΟΥ,"421"
330026: 4η ΚΑΛΟΓΡΕΖΑΣ,"330026","330026",4η ΚΑΛΟΓΡΕΖΑΣ,4th KALOGREZAS,ΒΥΖΑΝΤΙΟΥ,"421"
330027: ΣΙΔΕΡΑ,"330027","330027",ΣΙΔΕΡΑ,SIDERA,ΛΕΩΦ.ΗΡΑΚΛΕΙΟΥ,"500, 602, Α8"
330032: ΣΤ. ΗΣΑΠ ΠΕΥΚΑΚΙΑ,"330032","330032",ΣΤ. ΗΣΑΠ ΠΕΥΚΑΚΙΑ,ST. HSAP PEYKAKIA,ΛΕΩΦ.ΗΡΑΚΛΕΙΟΥ,"500, Α8"
330033: ΕΡΙΟΥΡΓΕΙΑ,"330033","330033",ΕΡΙΟΥΡΓΕΙΑ,ERIOYRGEIA,ΛΕΩΦ.ΗΡΑΚΛΕΙΟΥ,"500, Α8"
330034: ΣΤ. ΗΣΑΠ ΠΕΡΙΣΣΟΥ,"330034","330034",ΣΤ. ΗΣΑΠ ΠΕΡΙΣΣΟΥ,ST. HSAP PERISSOS,ΛΕΩΦ.ΗΡΑΚΛΕΙΟΥ,"500, Α8"
330035: 2η ΠΕΡΙΣΣΟΥ,"330035","330035",2η ΠΕΡΙΣΣΟΥ,2nd PERISSOY,ΑΝΔΡΙΑΝΟΥΠΟΛΕΩΣ,"605"
330036: 3η ΠΕΡΙΣΣΟΥ,"330036","330036",3η ΠΕΡΙΣΣΟΥ,3rd PERISSOY,ΑΙΜ.ΓΡΕΒΕΝΩΝ,"605"
330037: 4η ΠΕΡΙΣΣΟΥ,"330037","330037",4η ΠΕΡΙΣΣΟΥ,4th PERISSOY,ΓΡΕΒΕΝΩΝ,"605"
330038: 5η ΠΕΡΙΣΣΟΥ,"330038","330038",5η ΠΕΡΙΣΣΟΥ,5th PERISSOY,ΣΙΝΩΠΗΣ,"605"
330039: 6η ΠΕΡΙΣΣΟΥ,"330039","330039",6η ΠΕΡΙΣΣΟΥ,6th PERISSOY,ΤΡΑΠΕΖΟΥΝΤΟΣ,"605"
330040: 7η ΠΕΡΙΣΣΟΥ,"330040","330040",7η ΠΕΡΙΣΣΟΥ,7th PERISSOY,Α.ΣΙΚΕΛΙΑΝΟΥ,"605"
330041: 8η ΠΕΡΙΣΣΟΥ,"330041","330041",8η ΠΕΡΙΣΣΟΥ,8th PERISSOY,ΠΛ.ΑΓ.ΕΥΣΤΑΘΙΟΥ,"054, 605"
330042: 9η ΠΕΡΙΣΣΟΥ,"330042","330042",9η ΠΕΡΙΣΣΟΥ,9th PERISSOY,ΜΗΔΕΙΑΣ,"054, 444, 605"
330043: 10η ΠΕΡΙΣΣΟΥ,"330043","330043",10η ΠΕΡΙΣΣΟΥ,10th PERISSOY,ΜΗΔΕΙΑΣ,"054, 605"
330045: 10η ΠΕΡΙΣΣΟΥ,"330045","330045",10η ΠΕΡΙΣΣΟΥ,10th PERISSOY,ΜΗΔΕΙΑΣ,"054, 605"
330046: 9η ΠΕΡΙΣΣΟΥ,"330046","330046",9η ΠΕΡΙΣΣΟΥ,9th PERISSOY,ΠΛ.ΤΣΑΛΔΑΡΗ,"054, 444, 605"
330049: ΠΛ. ΑΓ. ΕΥΣΤΑΘΙΟΥ,"330049","330049",ΠΛ. ΑΓ. ΕΥΣΤΑΘΙΟΥ,PL. AG. EYSTATHIOY,ΠΛ.ΑΓ.ΕΥΣΤΑΘΙΟΥ,"054"
330050: ΑΓ. ΣΤΕΦΑΝΟΣ,"330050","330050",ΑΓ. ΣΤΕΦΑΝΟΣ,AG. STEFANOS,ΣΙΝΩΠΗΣ,"605"
330051: 5η ΠΕΡΙΣΣΟΥ,"330051","330051",5η ΠΕΡΙΣΣΟΥ,5th PERISSOY,ΣΙΝΩΠΗΣ,"605"
330052: 4η ΠΕΡΙΣΣΟΥ,"330052","330052",4η ΠΕΡΙΣΣΟΥ,4th PERISSOY,ΓΡΕΒΕΝΩΝ,"605"
330053: 3η ΠΕΡΙΣΣΟΥ,"330053","330053",3η ΠΕΡΙΣΣΟΥ,3rd PERISSOY,ΓΡΕΒΕΝΩΝ,"605"
330054: 2η ΠΕΡΙΣΣΟΥ,"330054","330054",2η ΠΕΡΙΣΣΟΥ,2nd PERISSOY,ΑΝΔΡΙΑΝΟΥΠΟΛΕΩΣ,"605"
330055: ΤΡΟΧΟΝΟΜΟΣ,"330055","330055",ΤΡΟΧΟΝΟΜΟΣ,TROXONOMOS,ΛΕΩΦ.ΗΡΑΚΛΕΙΟΥ,"500, 602, Α8"
330056: ΤΑΧΥΔΡΟΜΕΙΟ ΝΕΑΣ ΙΩΝΙΑΣ,"330056","330056",ΤΑΧΥΔΡΟΜΕΙΟ ΝΕΑΣ ΙΩΝΙΑΣ,TAXYDROMEIO NEAS IONIAS,ΛΕΩΦ.ΗΡΑΚΛΕΙΟΥ,"500, 602, 604, 724, Α8"
330057: ΜΙΡΟΥΑΡ,"330057","330057",ΜΙΡΟΥΑΡ,MIROYAR,28ηs ΟΚΤΩΒΡΙΟΥ,"604, 724"
330058: ΡΙΜΙΝΙ,"330058","330058",ΡΙΜΙΝΙ,RIMINI,ΡΙΜΙΝΙ,"604, 724"
330060: 1η ΕΛ. ΒΕΝΙΖΕΛΟΥ,"330060","330060",1η ΕΛ. ΒΕΝΙΖΕΛΟΥ,1st EL. BENIZELOY,ΕΛ.ΒΕΝΙΖΕΛΟΥ,"604, 724"
330061: ΑΙΝΟΥ,"330061","330061",ΑΙΝΟΥ,AINOY,ΑΝΑΓΕΝΝΗΣΕΩΣ,"444"
330062: ΤΡΟΧΟΝΟΜΟΣ,"330062","330062",ΤΡΟΧΟΝΟΜΟΣ,TROXONOMOS,ΛΕΩΦ.ΗΡΑΚΛΕΙΟΥ,"500, Α8"
330063: ΜΙΡΟΥΑΡ,"330063","330063",ΜΙΡΟΥΑΡ,MIROYAR,ΛΕΩΦ.ΗΡΑΚΛΕΙΟΥ,"500, 602, Α8"
330064: ΑΓ. ΚΩΝ/ΝΟΣ,"330064","330064",ΑΓ. ΚΩΝ/ΝΟΣ,AG. KONSTANTINOS,ΛΕΩΦ.ΗΡΑΚΛΕΙΟΥ,"500, 602, Α8"
330065: ΑΓ. ΚΩΝ/ΝΟΣ,"330065","330065",ΑΓ. ΚΩΝ/ΝΟΣ,AG. KONSTANTINOS,ΛΕΩΦ.ΗΡΑΚΛΕΙΟΥ,"500, 602, Α8"
330066: ΜΙΡΟΥΑΡ,"330066","330066",ΜΙΡΟΥΑΡ,MIROYAR,ΛΕΩΦ.ΗΡΑΚΛΕΙΟΥ,"500, 602, Α8"
330067: ΟΤΕ,"330067","330067",ΟΤΕ,OTE,ΛΕΩΦ.ΗΡΑΚΛΕΙΟΥ,"500, 602, Α8"
330068: ΤΡΟΧΟΝΟΜΟΣ,"330068","330068",ΤΡΟΧΟΝΟΜΟΣ,TROXONOMOS,ΕΛ ΑΛΑΜΕΙΝ,"421"
330070: ΣΤΡΟΦΗ,"330070","330070",ΣΤΡΟΦΗ,STROFH,ΕΛ ΑΛΑΜΕΙΝ,"421"
330071: ΤΡΟΧΟΝΟΜΟΣ,"330071","330071",ΤΡΟΧΟΝΟΜΟΣ,TROXONOMOS,ΕΛ ΑΛΑΜΕΙΝ,"421"
330072: ΚΟΛΩΝΕΣ,"330072","330072",ΚΟΛΩΝΕΣ,KOLONES,ΛΕΩΦ.ΒΥΖΑΝΤΙΟΥ,"421, 444, 602"
330073: ΠΛ. ΥΓΕΙΑΣ,"330073","330073",ΠΛ. ΥΓΕΙΑΣ,PL. YGEIAS,ΜΗΔΕΙΑΣ,"054"
330074: ΑΓΟΡΑ,"330074","330074",ΑΓΟΡΑ,AGORA,ΚΑΠΟΔΙΣΤΡΙΟΥ,"421"
330075: ΓΙΑΝΝΑ,"330075","330075",ΓΙΑΝΝΑ,GIANNA,ΔΕΡΜΙΔΕΣΙΟΥ,"444"
330076: ΚΟΛΟΝΕΣ,"330076","330076",ΚΟΛΟΝΕΣ,KOLONES,ΒΥΖΑΝΤΙΟΥ,"421, 444"
330077: ΝΟΤΑΡΑ,"330077","330077",ΝΟΤΑΡΑ,NOTARA,ΒΥΖΑΝΤΙΟΥ,"421, 444"
330078: ΣΧΟΛΕΙΟ,"330078","330078",ΣΧΟΛΕΙΟ,SXOLEIO,ΒΥΖΑΝΤΙΟΥ,"421"
330081: ΠΤΟΛΕΜΑΙΩΝ,"330081","330081",ΠΤΟΛΕΜΑΙΩΝ,PTOLEMAION,ΣΥΡΑΚΟΥΣΩΝ,"054"
330082: ΕΥΔΑΠ,"330082","330082",ΕΥΔΑΠ,EYDAP,ΩΡΩΠΟΥ,"054"
330083: ΔΕΥΚΑΛΙΩΝΟΣ,"330083","330083",ΔΕΥΚΑΛΙΩΝΟΣ,DEYKALIONOS,ΜΗΔΕΙΑΣ,"054"
330084: ΠΛ. ΥΓΕΙΑΣ,"330084","330084",ΠΛ. ΥΓΕΙΑΣ,PL. YGEIAS,ΜΗΔΕΙΑΣ,"054"
330085: ΔΕΥΚΑΛΙΩΝΟΣ,"330085","330085",ΔΕΥΚΑΛΙΩΝΟΣ,DEYKALIONOS,ΜΗΔΕΙΑΣ,"054"
330086: ΕΥΔΑΠ,"330086","330086",ΕΥΔΑΠ,EYDAP,ΔΕΜΙΔΕΡΣΙΟΥ,"054"
330088: ΝΟΣΟΚΟΜΕΙΟ ΑΓΙΑ ΟΛΓΑ,"330088","330088",ΝΟΣΟΚΟΜΕΙΟ ΑΓΙΑ ΟΛΓΑ,NOSOKOMEIO AGIA OLGA,ΛΕΩΦ.ΒΥΖΑΝΤΙΟΥ,"421"
330090: ΕΜ. ΠΑΠΠΑ,"330090","330090",ΕΜ. ΠΑΠΠΑ,EMMANOYHL PAPPA,ΦΙΛΛΕΛΗΝΩΝ,"421, 602"
330091: ΝΟΣΟΚΟΜΕΙΟ ΑΓΙΑ ΟΛΓΑ,"330091","330091",ΝΟΣΟΚΟΜΕΙΟ ΑΓΙΑ ΟΛΓΑ,NOSOKOMEIO AGIA OLGA,ΛΕΩΦ.ΒΥΖΑΝΤΙΟΥ,"421, 602"
330092: ΤΗΝΟΥ,"330092","330092",ΤΗΝΟΥ,THNOY,ΚΑΠΟΔΙΣΤΡΙΟΥ,"421"
330093: ΠΛ. ΕΛΕΥΘΕΡΙΑΣ,"330093","330093",ΠΛ. ΕΛΕΥΘΕΡΙΑΣ,PL. ELEYTHERIAS,ΛΕΩΦ.ΒΥΖΑΝΤΙΟΥ,"421, 444, 602"
330094: ΙΚΑ,"330094","330094",ΙΚΑ,IKA,ΛΕΩΦ.ΒΥΖΑΝΤΙΟΥ,"421, 602"
330095: ΣΙΔΕΡΑ,"330095","330095",ΣΙΔΕΡΑ,SIDERA,ΛΕΩΦ.ΗΡΑΚΛΕΙΟΥ,"500, 602, Α8"
330097: ΛΑΥΡΙΟΥ,"330097","330097",ΛΑΥΡΙΟΥ,LAYRIOY,ΛΑΥΡΙΟΥ,"602"
330099: ΠΕΥΚΩΝ,"330099","330099",ΠΕΥΚΩΝ,PEYKON,ΠΕΥΚΩΝ,"602"
330100: ΣΧΟΛΕΙΟ,"330100","330100",ΣΧΟΛΕΙΟ,SXOLEIO,ΔΩΔΕΚΑΝΗΣΟΥ,"602"
330104: ΚΑΠΟΔΙΣΤΡΙΟΥ,"330104","330104",ΚΑΠΟΔΙΣΤΡΙΟΥ,KAPODISTRIOY,ΛΕΩΦ.ΟΜΟΡΦΟΚΚΛΗΣΙΑΣ,"608"
330105: ΣΙΝΙΟΣΟΓΛΟΥ,"330105","330105",ΣΙΝΙΟΣΟΓΛΟΥ,SINIOSOGLOY,ΣΙΝΙΟΣΟΓΛΟΥ,"602"
330106: ΝΟΤΑΡΑ,"330106","330106",ΝΟΤΑΡΑ,NOTARA,ΚΑΣΤΑΜΟΝΗΣ,"602"
330107: ΙΚΑ,"330107","330107",ΙΚΑ,IKA,ΕΘΝ.ΑΝΤΙΣΤΑΣΕΩΣ,"421"
330108: ΔΗΜΟΤΙΚΟ ΣΤΑΔΙΟ,"330108","330108",ΔΗΜΟΤΙΚΟ ΣΤΑΔΙΟ,DHMOTIKO STADIO,ΛΕΩΦ.ΒΥΖΑΝΤΙΟΥ,"421"
330109: ΑΜΜΟΧΩΣΤΟΥ,"330109","330109",ΑΜΜΟΧΩΣΤΟΥ,AMMOXOSTOY,ΕΘΝΙΚΗΣ ΑΝΤΙΣΤΑΣΕΩΣ,"421"
330110: Ν. ΓΙΑΝΝΑ,"330110","330110",Ν. ΓΙΑΝΝΑ,N. GIANNA,Ν.ΓΙΑΝΝΑ,"605"
330111: ΑΓ. ΟΛΓΑ,"330111","330111",ΑΓ. ΟΛΓΑ,AG. OLGA,ΑΓΙΑΣ ΟΛΓΑΣ,"605"
330112: ΣΤ. ΗΣΑΠ. ΝΕΑ ΙΩΝΙΑ,"330112","330112",ΣΤ. ΗΣΑΠ. ΝΕΑ ΙΩΝΙΑ,ST. HSAP NEA IONIA,ΧΡΥΣΟΣΤΟΜΟΥ ΣΜΥΡΝΗΣ,"602"
330114: ΒΡΥΟΥΛΩΝ,"330114","330114",ΒΡΥΟΥΛΩΝ,BRYOYLON,ΑΓ. ΓΕΩΡΓΙΟΥ,"605"
330115: ΣΤ. ΝΕΑ  ΙΩΝΙΑ,"330115","330115",ΣΤ. ΝΕΑ  ΙΩΝΙΑ,ST. NEA IONIA,ΣΟΛΩΜΟΥ,"605"
330116: ΚΑΣΤΑΜΟΝΗ,"330116","10469",ΚΑΣΤΑΜΟΝΗ,KASTAMONH,ΛΕΩΦ. ΚΥΜΗΣ,"444"
330117: ΒΙΘΥΝΙΑΣ,"330117","10472",ΒΙΘΥΝΙΑΣ,BITHYNIAS,ΒΙΘΥΝΙΑΣ,"444"
330118: ΧΙΟΥ,"330118","10465",ΧΙΟΥ,XIOY,,"444"
330120: ΕΘΝ. ΑΝΤΙΣΤΑΣΕΩΣ,"330120","10787",ΕΘΝ. ΑΝΤΙΣΤΑΣΕΩΣ,ETHN. ANTISTASEOS,ΛΕΩΦ.ΟΜΟΡΦΟΚΚΛΗΣΙΑΣ,"608"
330: 17η ΑΓ. ΜΑΡΙΝΑΣ,"330","11661",17η ΑΓ. ΜΑΡΙΝΑΣ,17th AG.MARINAS,Λ. ΑΓ. ΜΑΡΙΝΑΣ,"330"
33: ΜΑΝΔΡΑ,"33","10192",ΜΑΝΔΡΑ,MANDRA,,"861"
340001: ΣΤΡΟΦΗ Ν.ΣΜΥΡΝΗΣ,"340001","340001",ΣΤΡΟΦΗ Ν.ΣΜΥΡΝΗΣ,STROFH NEAS SMYRNHS,ΧΡ.ΣΜΥΡΝΗΣ,"106, 218, 219, 816"
340002: Κ. ΠΑΛΑΙΟΛΟΓΟΥ,"340002","340002",Κ. ΠΑΛΑΙΟΛΟΓΟΥ,K. PALAIOLOGOY,Κ.ΠΑΛΑΙΟΛΟΓΟΥ,"106, 130, 218, 219, 816"
340004: ΜΕΓ. ΑΛΕΞΑΝΔΡΟΥ,"340004","340004",ΜΕΓ. ΑΛΕΞΑΝΔΡΟΥ,MEG. ALEXANDROY,ΕΛ.ΒΕΝΙΖΕΛΟΥ,"219, 816"
340005: ΠΕΡΙΜΕΝΗ,"340005","340005",ΠΕΡΙΜΕΝΗ,PERIMENH,ΕΛ.ΒΕΝΙΖΕΛΟΥ,"219, 816"
340006: ΑΓ. ΠΑΡΑΣΚΕΥΗ,"340006","340006",ΑΓ. ΠΑΡΑΣΚΕΥΗ,AG. PARASKEYH,ΕΛ.ΒΕΝΙΖΕΛΟΥ,"219, 816"
340007: ΜΥΚΑΛΗΣ,"340007","340007",ΜΥΚΑΛΗΣ,MYKALHS,ΕΛ.ΒΕΝΙΖΕΛΟΥ,"219, 816"
340010: ΣΧΟΛΕΙΑ,"340010","340010",ΣΧΟΛΕΙΑ,SXOLEIA,ΕΥΞΕΙΝΟΥ ΠΟΝΤΟΥ,"131"
340011: ΜΥΚΑΛΗΣ,"340011","340011",ΜΥΚΑΛΗΣ,MYKALHS,ΕΛ.ΒΕΝΙΖΕΛΟΥ,"219, 816"
340012: ΑΓ. ΠΑΡΑΣΚΕΥΗ,"340012","340012",ΑΓ. ΠΑΡΑΣΚΕΥΗ,AG. PARASKEYH,ΕΛ.ΒΕΝΙΖΕΛΟΥ,"219, 816"
340013: ΠΕΡΙΜΕΝΗ,"340013","340013",ΠΕΡΙΜΕΝΗ,PERIMENH,ΕΛ.ΒΕΝΙΖΕΛΟΥ,"219, 816"
340014: ΜΕΓ. ΑΛΕΞΑΝΔΡΟΥ,"340014","340014",ΜΕΓ. ΑΛΕΞΑΝΔΡΟΥ,MEG. ALEXANDROY,ΕΛ.ΒΕΝΙΖΕΛΟΥ,"219, 816"
340016: ΠΛ. Ν. ΣΜΥΡΝΗΣ,"340016","340016",ΠΛ. Ν. ΣΜΥΡΝΗΣ,PL. N. SMYRNHS,ΑΓ.ΦΩΤΕΙΝΗΣ,"130, 218, 219, 816"
340017: ΘΡΑΚΗΣ,"340017","340017",ΘΡΑΚΗΣ,THRAKHS,ΑΓ.ΦΩΤΕΙΝΗΣ,"130, 218, 219, 816"
340018: ΑΙΝΟΥ,"340018","340018",ΑΙΝΟΥ,AINOY,ΑΙΝΟΥ,"217, 229"
340020: ΔΡΑΓΑΤΣΑΝΙΟΥ,"340020","340020",ΔΡΑΓΑΤΣΑΝΙΟΥ,DRAGATSANIOY,ΕΥΞΕΙΝΟΥ ΠΟΝΤΟΥ,"131"
340021: 3η ΑΙΓΑΙΟΥ,"340021","340021",3η ΑΙΓΑΙΟΥ,3rd AIGAIOY,ΑΙΓΑΙΟΥ,"136"
340022: 4η ΑΙΓΑΙΟΥ,"340022","340022",4η ΑΙΓΑΙΟΥ,4th AIGAIOY,ΑΙΓΑΙΟΥ,"136"
340023: 5η ΑΙΓΑΙΟΥ,"340023","340023",5η ΑΙΓΑΙΟΥ,5th AIGAIOY,ΑΙΓΑΙΟΥ,"136"
340025: 7η ΑΙΓΑΙΟΥ,"340025","340025",7η ΑΙΓΑΙΟΥ,7th AIGAIOY,Δ.ΑΚΡΙΤΑ,"131, 136, 218"
340026: 8η ΑΙΓΑΙΟΥ,"340026","340026",8η ΑΙΓΑΙΟΥ,8th AIGAIOY,Δ.ΑΚΡΙΤΑ,"131, 136, 218"
340027: ΛΟΥΤΡΑ,"340027","340027",ΛΟΥΤΡΑ,LOYTRA,ΑΓΧΙΑΛΟΥ,"136, 218"
340028: ΙΑΣΟΝΟΣ,"340028","340028",ΙΑΣΟΝΟΣ,IASONOS,ΕΥΞΕΙΝΟΥ ΠΟΝΤΟΥ,"131"
340029: ΑΝΟΙΞΕΩΣ,"340029","340029",ΑΝΟΙΞΕΩΣ,ANOIXEOS,ΕΥΞΕΙΝΟΥ ΠΟΝΤΟΥ,"131"
340030: ΨΑΧΟΥ,"340030","340030",ΨΑΧΟΥ,PSAXOY,ΕΥΞΕΙΝΟΥ ΠΟΝΤΟΥ,"131"
340031: ΔΕΓΛΕΡΗ,"340031","340031",ΔΕΓΛΕΡΗ,DEGLERH,ΕΥΞΕΙΝΟΥ ΠΟΝΤΟΥ,"131"
340032: ΠΑΛΑΙΟ ΤΕΡΜΑ,"340032","340032",ΠΑΛΑΙΟ ΤΕΡΜΑ,PALAIO TERMA,ΠΛ.ΣΚΑΝΤΖΟΥΡΑΚΗ,"136, 137"
340033: ΣΧΟΛΕΙΟ,"340033","340033",ΣΧΟΛΕΙΟ,SXOLEIO,ΑΓ.ΣΟΦΙΑΣ,"136, 137"
340034: ΠΛ. ΗΡΩΩΝ,"340034","340034",ΠΛ. ΗΡΩΩΝ,PL. HROON,ΑΓ.ΣΟΦΙΑΣ,"136, 137"
340035: ΣΤΑΔΙΟΥ,"340035","340035",ΣΤΑΔΙΟΥ,STADIOY,ΣΤΑΔΙΟΥ,"219, 816"
340036: ΙΑΣΟΝΟΣ,"340036","340036",ΙΑΣΟΝΟΣ,IASONOS,ΕΥΞΕΙΝΟΥ ΠΟΝΤΟΥ,"131"
340037: ΦΥΣΤΙΚΙΕΣ,"340037","340037",ΦΥΣΤΙΚΙΕΣ,FYSTIKIES,ΑΓ.ΣΟΦΙΑΣ,"131"
340038: ΝΕΚΡ .Ν. ΣΜΥΡΝΗΣ,"340038","340038",ΝΕΚΡ .Ν. ΣΜΥΡΝΗΣ,NEKR. N. SMYRNHS,ΑΓ.ΣΟΦΙΑΣ,"131, 219, 816"
340039: ΝΕΚΡ. ΦΑΛΗΡΟΥ,"340039","340039",ΝΕΚΡ. ΦΑΛΗΡΟΥ,NEKR. FALHROY,ΑΓ.ΣΟΦΙΑΣ,"131, 219, 816"
340040: ΝΕΚΡ. ΚΑΛΛΙΘΕΑΣ,"340040","340040",ΝΕΚΡ. ΚΑΛΛΙΘΕΑΣ,NEKR. KALLITHEAS,ΣΩΚΡΑΤΟΥΣ,"131, 219, 816"
340041: ΝΕΚΡ. ΦΑΛΗΡΟΥ,"340041","340041",ΝΕΚΡ. ΦΑΛΗΡΟΥ,NEKR. FALHROY,ΑΓ.ΣΟΦΙΑΣ,"131, 219, 816"
340042: ΝΕΚΡ. ΣΜΥΡΝΗΣ,"340042","340042",ΝΕΚΡ. ΣΜΥΡΝΗΣ,NEKR. SMYRNHS,ΑΓ.ΣΟΦΙΑΣ,"131, 219, 816"
340043: ΦΥΣΤΙΚΙΕΣ,"340043","340043",ΦΥΣΤΙΚΙΕΣ,FYSTIKIES,ΑΓ.ΣΟΦΙΑΣ,"219, 816"
340044: ΑΝΟΙΞΗ,"340044","340044",ΑΝΟΙΞΗ,ANOIXH,ΑΓ.ΣΟΦΙΑΣ,"136, 137, 219, 816"
340045: ΑΓΝ. ΜΑΡΤΥΡΩΝ,"340045","340045",ΑΓΝ. ΜΑΡΤΥΡΩΝ,AGN. MARTYRON,ΜΥΚΑΛΗΣ,"219, 816"
340046: ΠΛ. ΗΡΩΩΝ,"340046","340046",ΠΛ. ΗΡΩΩΝ,PL. HROON,ΠΛ.ΗΡΩΩΝ ΚΥΠΡΟΥ,"136, 137"
340047: ΣΧΟΛΕΙΟ,"340047","340047",ΣΧΟΛΕΙΟ,SXOLEIO,ΑΓ.ΣΟΦΙΑΣ,"136, 137"
340048: ΠΑΛ. ΤΕΡΜΑ,"340048","340048",ΠΑΛ. ΤΕΡΜΑ,PAL. TERMA,ΑΡΤΑΚΗΣ,"136, 137"
340049: 10η ΑΡΤΑΚΗΣ,"340049","340049",10η ΑΡΤΑΚΗΣ,10th ARTAKHS,ΑΡΤΑΚΗΣ,"136, 137"
340050: 9η ΑΡΤΑΚΗΣ,"340050","340050",9η ΑΡΤΑΚΗΣ,9th ARTAKHS,ΑΡΤΑΚΗΣ,"137, 218"
340051: 8η ΑΡΤΑΚΗΣ,"340051","340051",8η ΑΡΤΑΚΗΣ,8th ARTAKHS,ΑΡΤΑΚΗΣ,"137"
340052: 5η ΑΙΓΑΙΟΥ,"340052","340052",5η ΑΙΓΑΙΟΥ,5th AIGAIOY,ΑΙΓΑΙΟΥ,"136"
340053: ΑΓ. ΦΩΤΕΙΝΗ,"340053","340053",ΑΓ. ΦΩΤΕΙΝΗ,AG. FOTEINH,ΑΓ.ΣΟΦΙΑΣ,"218"
340054: ΑΣΤΥΝΟΜΙΑ,"340054","340054",ΑΣΤΥΝΟΜΙΑ,ASTYNOMIA,ΑΔΡΙΑΝΟΥΠΟΛΕΩΣ,"218"
340055: ΛΟΥΤΡΑ,"340055","340055",ΛΟΥΤΡΑ,LOYTRA,ΑΔΡΙΑΝΟΥΠΟΛΕΩΣ,"136, 218"
340056: ΠΑΙΔΙΚΗ ΧΑΡΑ,"340056","340056",ΠΑΙΔΙΚΗ ΧΑΡΑ,PAIDIKH XARA,ΑΔΡΙΑΝΟΥΠΟΛΕΩΣ,"136, 218"
340057: ΚΑΛΑΜΩΝ,"340057","340057",ΚΑΛΑΜΩΝ,KALAMON,ΕΥΞΕΙΝΟΥ ΠΟΝΤΟΥ,"131, 136, 218"
340058: ΑΓ. ΛΑΥΡΑΣ,"340058","340058",ΑΓ. ΛΑΥΡΑΣ,AG. LAYRAS,ΕΥΞΕΙΝΟΥ ΠΟΝΤΟΥ,"131, 136, 218"
340059: 7η ΑΙΓΑΙΟΥ,"340059","340059",7η ΑΙΓΑΙΟΥ,7th AIGAIOY,ΑΙΓΑΙΟΥ,"136, 218"
340060: 6η ΑΙΓΑΙΟΥ,"340060","340060",6η ΑΙΓΑΙΟΥ,6th AIGAIOY,ΑΙΓΑΙΟΥ,"136, 218"
340061: ΦΑΡΟΥ,"340061","340061",ΦΑΡΟΥ,FAROY,ΑΡΤΑΚΗΣ,"137, 218"
340062: ΠΛ. ΕΘΝ. ΑΝΤΙΣΤΑΣΕΩΣ,"340062","340062",ΠΛ. ΕΘΝ. ΑΝΤΙΣΤΑΣΕΩΣ,PL. ETHN. ANTISTASEOS,ΠΛ.ΕΘΝ.ΑΝΤΙΣΤΑΣΕΩΣ,"137, 218"
340068: ΛΕΟΝΤΕΙΟΣ,"340068","340068",ΛΕΟΝΤΕΙΟΣ,LEONTEIOS,ΒΥΖΑΝΤΙΟΥ,"106, 130"
340069: 3η ΠΑΝΙΩΝΙΟΥ,"340069","340069",3η ΠΑΝΙΩΝΙΟΥ,3rd PANIONIOY,Ι.ΧΡΥΣΟΣΤΟΜΟΥ,"106, 130"
340070: 2η ΠΑΝΙΩΝΙΟΥ,"340070","340070",2η ΠΑΝΙΩΝΙΟΥ,2nd PANIONIOY,Ι.ΧΡΥΣΟΣΤΟΜΟΥ,"106, 130"
340076: ΕΥΞΕΙΝΟΥ ΠΟΝΤΟΥ,"340076","340076",ΕΥΞΕΙΝΟΥ ΠΟΝΤΟΥ,EYXEINOY PONTOY,ΣΤΑΔΙΟΥ,"219, 816"
340078: ΑΓ. ΑΝΑΡΓΥΡΟΙ,"340078","340078",ΑΓ. ΑΝΑΡΓΥΡΟΙ,AG. ANARGYROI,ΛΕΩΦ.ΣΥΓΓΡΟΥ,"115, Α2"
340079: ΧΡΥΣΑΚΗ,"340079","340079",ΧΡΥΣΑΚΗ,XRYSAKH,ΛΕΩΦ.ΣΥΓΓΡΟΥ,"10, 10*, 106, 115, 126, 550, Α2, Β2, Ε90"
340080: ΣΚΡΑ,"340080","340080",ΣΚΡΑ,SKRA,ΛΕΩΦ.ΣΥΓΓΡΟΥ,"10, 10*, 106, 115, 126, 550, Α2, Β2"
340081: ΣΤΡΟΦΗ Ν. ΣΜΥΡΝΗΣ,"340081","340081",ΣΤΡΟΦΗ Ν. ΣΜΥΡΝΗΣ,STROFH N. SMYRNHS,ΛΕΩΦ.ΣΥΓΓΡΟΥ,"10, 10*, 106, 115, 126, 550, Α2, Β2, Ε90"
340082: ΚΥΑΝΟΥΣ ΣΤΑΥΡΟΣ,"340082","340082",ΚΥΑΝΟΥΣ ΣΤΑΥΡΟΣ,KYANOYS STAYROS,ΛΕΩΦ.ΣΥΓΓΡΟΥ,"10, 10*, 106, 115, 126, 550, Α2, Β2"
340083: ΕΦΕΣΟΥ,"340083","340083",ΕΦΕΣΟΥ,EFESOY,ΛΕΩΦ.ΣΥΓΓΡΟΥ,"10, 10*, 106, 115, 126, 550, Α2, Β2"
340084: ΣΤΡΟΦΗ,"340084","340084",ΣΤΡΟΦΗ,STROFH,ΑΓ.ΦΩΤΕΙΝΗΣ,"130, 218, 219, 816"
340087: ΣΤΡΟΦΗ ΠΑΝΙΩΝΙΟΥ,"340087","340087",ΣΤΡΟΦΗ ΠΑΝΙΩΝΙΟΥ,STROFH PANIONIOY,ΒΥΖΑΝΤΙΟΥ,"106, 130"
340088: 2η ΜΕΓ. ΑΛΕΞΑΝΔΡΟΥ,"340088","340088",2η ΜΕΓ. ΑΛΕΞΑΝΔΡΟΥ,2nd MEG. ALEXANDROY,ΜΕΓ.ΑΛΕΞΑΝΔΡΟΥ,"106"
340089: ΕΦΕΣΟΥ,"340089","340089",ΕΦΕΣΟΥ,EFESOY,ΕΦΕΣΟΥ,"136"
340090: ΑΛΣΟΣ,"340090","340090",ΑΛΣΟΣ,ALSOS,ΕΦΕΣΟΥ,"136"
340098: ΠΑΠΑΣΠΥΡΟΥ,"340098","340098",ΠΑΠΑΣΠΥΡΟΥ,PAPASPYROY,ΚΡΑΤΗΤΟΣ,"040, 137"
340099: ΑΝΟΙΞΗ,"340099","340099",ΑΝΟΙΞΗ,ANOIXH,ΑΓ.ΣΟΦΙΑΣ,"136, 137"
340101: 6η ΑΙΓΑΙΟΥ,"340101","340101",6η ΑΙΓΑΙΟΥ,6th AIGAIOY,ΑΙΓΑΙΟΥ,"136, 218"
340103: ΟΜΗΡΟΥ,"340103","340103",ΟΜΗΡΟΥ,OMHROY,ΟΜΗΡΟΥ,"130, 218, 219, 816"
340104: ΑΓ. ΦΩΤΕΙΝΗ,"340104","340104",ΑΓ. ΦΩΤΕΙΝΗ,AG. FOTEINH,ΠΑΤΡ.ΓΡΗΓΟΡΙΟΥ,"218"
340105: ΦΑΡΟΥ,"340105","340105",ΦΑΡΟΥ,FAROY,ΖΑΡΙΦΗ,"137, 218"
340106: ΕΘΝΙΚΗ ΣΤΕΓΗ,"340106","340106",ΕΘΝΙΚΗ ΣΤΕΓΗ,ETHNIKH STEGH,ΔΑΡΔΑΝΕΛΙΩΝ,"137"
340107: ΑΣΤΥΝΟΜΙΑ,"340107","340107",ΑΣΤΥΝΟΜΙΑ,ASTYNOMIA,ΔΑΡΔΑΝΕΛΙΩΝ,"136, 137"
340108: 1η ΠΑΝΙΩΝΙΟΥ,"340108","340108",1η ΠΑΝΙΩΝΙΟΥ,1st PANIONIOY,Ι.ΧΡΥΣΟΣΤΟΜΟΥ,"106, 130"
340109: 1η ΜΕΓ. ΑΛΕΞΑΝΔΡΟΥ,"340109","340109",1η ΜΕΓ. ΑΛΕΞΑΝΔΡΟΥ,1st MEG. ALEXANDROY,ΜΕΓ.ΑΛΕΞΑΝΔΡΟΥ,"106, 130"
340110: ΠΑΛ. ΤΕΡΜΑ,"340110","340110",ΠΑΛ. ΤΕΡΜΑ,PAL. TERMA,ΕΛ.ΒΕΝΙΖΕΛΟΥ,"219, 816"
340111: 1η ΜΕΓ. ΑΛΕΞΑΝΔΡΟΥ,"340111","10941",1η ΜΕΓ. ΑΛΕΞΑΝΔΡΟΥ,1st MEG. ALEXANDROY,ΜΕΓ.ΑΛΕΞΑΝΔΡΟΥ,"106"
34: ΨΑΡΙ,"34","10193",ΨΑΡΙ,PSARI,,"855, 866"
350002: ΝΕΚΡΟΤΑΦΕΙΟ,"350002","350002",ΝΕΚΡΟΤΑΦΕΙΟ,NEKROTAFEIO,ΠΙΝΔΟΥ,"755, 755Β"
350003: ΝΕΚΡΟΤΑΦΕΙΟ,"350003","350003",ΝΕΚΡΟΤΑΦΕΙΟ,NEKROTAFEIO,ΠΙΝΔΟΥ,"755, 755Β"
350004: ΝΕΚΡΟΤΑΦΕΙΟ,"350004","350004",ΝΕΚΡΟΤΑΦΕΙΟ,NEKROTAFEIO,ΣΟΦΟΥΛΗ,"6"
350005: ΑΣΤΥΝΟΜΙΑ,"350005","350005",ΑΣΤΥΝΟΜΙΑ,ASTYNOMIA,ΠΙΝΔΟΥ,"6, 755, 755Β"
350006: ΜΑΔΥΤΟΣ,"350006","350006",ΜΑΔΥΤΟΣ,MADYTOS,ΠΙΝΔΟΥ,"6, 755, 755Β"
350007: ΓΕΦΥΡΑ,"350007","350007",ΓΕΦΥΡΑ,GEFYRA,ΠΙΝΔΟΥ,"6, 755, 755Β"
350008: ΑΓ. ΚΟΣΜΑΣ,"350008","350008",ΑΓ. ΚΟΣΜΑΣ,AG. KOSMAS,ΠΙΝΔΟΥ,"755, 755Β"
350009: ΑΓ. ΚΟΣΜΑΣ,"350009","350009",ΑΓ. ΚΟΣΜΑΣ,AG. KOSMAS,ΠΙΝΔΟΥ,"755, 755Β"
350010: ΓΕΦΥΡΑ,"350010","350010",ΓΕΦΥΡΑ,GEFYRA,ΠΙΝΔΟΥ,"6, 755, 755Β"
350011: ΜΑΔΥΤΟΣ,"350011","350011",ΜΑΔΥΤΟΣ,MADYTOS,ΠΙΝΔΟΥ,"6, 755, 755Β"
350012: ΑΣΤΥΝΟΜΙΑ,"350012","350012",ΑΣΤΥΝΟΜΙΑ,ASTYNOMIA,ΠΙΝΔΟΥ,"6, 755, 755Β"
350013: ΠΑΛ. ΤΕΡΜΑ,"350013","350013",ΠΑΛ. ΤΕΡΜΑ,PAL. TERMA,ΣΟΦΟΥΛΗ,"6"
350014: ΑΝΑΞΑΓΟΡΑ,"350014","350014",ΑΝΑΞΑΓΟΡΑ,ANAXAGORA,ΑΝΑΞΑΓΟΡΑ,"6"
350015: ΠΑΛ. ΤΕΡΜΑ,"350015","350015",ΠΑΛ. ΤΕΡΜΑ,PAL. TERMA,ΣΟΦΟΥΛΗ,"6"
350016: ΝΕΚΡΟΤΑΦΕΙΟ,"350016","350016",ΝΕΚΡΟΤΑΦΕΙΟ,NEKROTAFEIO,ΣΟΦΟΥΛΗ,"6"
350017: ΚΑΝΑΚΗ,"350017","350017",ΚΑΝΑΚΗ,KANAKH,ΛΕΩΦ.ΔΕΚΕΛΕΙΑΣ,"3, 3*, 421, 6, 619, 755, 755Β, Β9"
350018: ΠΛ. ΠΑΤΡΙΑΡΧΟΥ,"350018","350018",ΠΛ. ΠΑΤΡΙΑΡΧΟΥ,PL. PATRIARXOY,ΑΓ.ΤΡΙΑΔΟΣ,"3, 3*, 421"
350019: ΒΛΑΧΟΥ,"350019","350019",ΒΛΑΧΟΥ,BLAXOY,ΑΝΑΓΕΝΝΗΣΕΩΣ,"619"
350020: ΚΟΜΒΟΣ ΝΕΑΣ ΦΙΛΑΔΕΛΦΕΙΑΣ,"350020","350020",ΚΟΜΒΟΣ ΝΕΑΣ ΦΙΛΑΔΕΛΦΕΙΑΣ,KOMBOS NEAS FILADELFEIAS,ΠΑΡΑΔΡΟΜΟ Ε.Ο.Α.Θ.,Χ93
350021: ΚΟΜΒΟΣ ΝΕΑΣ ΦΙΛΑΔΕΛΦΕΙΑΣ,"350021","350021",ΚΟΜΒΟΣ ΝΕΑΣ ΦΙΛΑΔΕΛΦΕΙΑΣ,KOMBOS NEAS FILADELFEIAS,ΠΑΡΑΔΡΟΜΟ Ε.Ο.Α.Θ.,Χ93
350022: ΑΝΑΞΑΓΟΡΑ,"350022","350022",ΑΝΑΞΑΓΟΡΑ,ANAXAGORA,ΑΝΑΞΑΓΟΡΑ,"6"
350023: ΓΗΠΕΔΟ ΑΕΚ,"350023","11962",ΓΗΠΕΔΟ ΑΕΚ,GHPEDO AEK,ΣΜΥΡΝΗΣ,"421"
350035: ΠΛ. ΠΑΤΡΙΑΡΧΟΥ,"350035","350035",ΠΛ. ΠΑΤΡΙΑΡΧΟΥ,PL. PATRIARXOY,ΛΕΩΦ.ΔΕΚΕΛΕΙΑΣ,"6, 619, 755, 755Β, Β9"
350036: ΤΡΟΧΟΝΟΜΟΣ,"350036","350036",ΤΡΟΧΟΝΟΜΟΣ,TROXONOMOS,ΛΕΩΦ.ΔΕΚΕΛΕΙΑΣ,"619, Β9"
350037: ΑΛΣΟΣ,"350037","350037",ΑΛΣΟΣ,ALSOS,ΛΕΩΦ.ΔΕΚΕΛΕΙΑΣ,"619, Β9"
350038: ΚΟΜΠΑΡΣΙΤΑ,"350038","350038",ΚΟΜΠΑΡΣΙΤΑ,KOMPARSITA,ΛΕΩΦ.ΔΕΚΕΛΕΙΑΣ,"619, Β9"
350039: ΕΣΠΕΡΟΣ,"350039","350039",ΕΣΠΕΡΟΣ,ESPEROS,ΛΕΩΦ.ΔΕΚΕΛΕΙΑΣ,"619, Β9"
350040: ΕΡΓ. ΠΟΛΥΚΑΤΟΙΚΙΕΣ,"350040","350040",ΕΡΓ. ΠΟΛΥΚΑΤΟΙΚΙΕΣ,ERG. POLYKATOIKIES,ΛΕΩΦ.ΔΕΚΕΛΕΙΑΣ,"619, Β9"
350041: ΕΡΓ. ΠΟΛΥΚΑΤΟΙΚΙΕΣ,"350041","350041",ΕΡΓ. ΠΟΛΥΚΑΤΟΙΚΙΕΣ,ERG. POLYKATOIKIES,ΛΕΩΦ.ΔΕΚΕΛΕΙΑΣ,"619, Β9"
350042: ΕΣΠΕΡΟΣ,"350042","350042",ΕΣΠΕΡΟΣ,ESPEROS,ΛΕΩΦ.ΔΕΚΕΛΕΙΑΣ,"619, Β9"
350043: ΚΟΜΠΑΡΣΙΤΑ,"350043","350043",ΚΟΜΠΑΡΣΙΤΑ,KOMPARSITA,ΛΕΩΦ.ΔΕΚΕΛΕΙΑΣ,"619, Β9"
350044: ΑΛΣΟΣ,"350044","350044",ΑΛΣΟΣ,ALSOS,ΛΕΩΦ.ΔΕΚΕΛΕΙΑΣ,"619, Β9"
350045: ΤΡΟΧΟΝΟΜΟΣ,"350045","350045",ΤΡΟΧΟΝΟΜΟΣ,TROXONOMOS,ΛΕΩΦ.ΔΕΚΕΛΕΙΑΣ,"3, 3*, 421, 6, 619, 755, 755Β, Β9"
350046: ΠΛ. ΠΑΤΡΙΑΡΧΟΥ,"350046","350046",ΠΛ. ΠΑΤΡΙΑΡΧΟΥ,PL. PATRIARXOY,ΛΕΩΦ.ΔΕΚΕΛΕΙΑΣ,"3, 3*, 421, 6, 619, 755, 755Β, Β9"
350048: ΑΛΣΟΣ,"350048","350048",ΑΛΣΟΣ,ALSOS,ΠΑΤΡ.ΚΩΝΣΤΑΝΤΙΝΟΥ,"421"
350049: ΑΛΣΟΣ,"350049","350049",ΑΛΣΟΣ,ALSOS,ΠΑΤΡ.ΚΩΝΣΤΑΝΤΙΝΟΥ,"421"
350057: ΣΧΟΛΗ ΑΣΤΥΝΟΜΙΑΣ,"350057","350057",ΣΧΟΛΗ ΑΣΤΥΝΟΜΙΑΣ,SXOLH ASTYNOMIAS,ΠΑΤΡ.ΚΩΝΣΤΑΝΤΙΝΟΥ,"421"
350058: ΣΧΟΛΗ ΑΣΤΥΝΟΜΙΑΣ,"350058","350058",ΣΧΟΛΗ ΑΣΤΥΝΟΜΙΑΣ,SXOLH ASTYNOMIAS,ΠΑΤΡ.ΚΩΝΣΤΑΝΤΙΝΟΥ,"421"
350064: ΠΙΝΔΑΡΟΥ,"350064","350064",ΠΙΝΔΑΡΟΥ,PINDAROY,Λ.ΚΑΤΣΩΝΗ,"024"
350065: ΒΡΥΟΥΛΩΝ,"350065","350065",ΒΡΥΟΥΛΩΝ,BRYOYLON,Λ.ΚΑΤΣΩΝΗ,"024"
350066: ΠΑΠΑΝΔΡΕΟΥ,"350066","350066",ΠΑΠΑΝΔΡΕΟΥ,PAPANDREOY,Λ.ΚΑΤΣΩΝΗ,"024"
350068: ΠΙΝΔΟΥ,"350068","350068",ΠΙΝΔΟΥ,PINDOY,ΠΙΝΔΟΥ,"6, 755, 755Β"
350070: ΠΙΝΔΟΥ,"350070","350070",ΠΙΝΔΟΥ,PINDOY,ΠΙΝΔΟΥ,"6, 755, 755Β"
350072: ΑΓ. ΜΥΡΟΦΟΡΩΝ,"350072","350072",ΑΓ. ΜΥΡΟΦΟΡΩΝ,AG. MYROFORON,ΠΑΠΑΦΛΕΣΣΑ,"024"
350073: ΠΑΙΔΙΚΗ ΧΑΡΑ,"350073","350073",ΠΑΙΔΙΚΗ ΧΑΡΑ,PAIDIKH XARA,ΜΠΟΥΜΠΟΥΛΙΝΑΣ,"024"
350090: ΑΓ. ΚΟΣΜΑΣ,"350090","350090",ΑΓ. ΚΟΣΜΑΣ,AG. KOSMAS,ΣΟΦΟΥΛΗ,"6"
350091: ΕΦΕΣΟΥ,"350091","350091",ΕΦΕΣΟΥ,EFESOY,ΤΡΥΠΙΑ,"755, 755Β"
350092: ΣΠΗΛΙΑ,"350092","350092",ΣΠΗΛΙΑ,SPHLIA,ΕΘΝΙΚΗΣ ΑΝΤΙΣΤΑΣΗΣ,"755, 755Β"
350093: ΤΡΥΠΙΑ,"350093","350093",ΤΡΥΠΙΑ,TRYPIA,ΤΡΥΠΙΑ,"755, 755Β"
35: ΛΟΦΟΣ ΚΥΡΙΛΛΟΥ,"35","10194",ΛΟΦΟΣ ΚΥΡΙΛΛΟΥ,LOFOS KYRILLOY,,"855"
360001: 1η ΡΙΜΙΝΙ,"360001","360001",1η ΡΙΜΙΝΙ,1st RIMINI,ΕΚΤΟΡΟΣ,"705, Γ12"
360002: 2η ΡΙΜΙΝΙ,"360002","360002",2η ΡΙΜΙΝΙ,2nd RIMINI,ΕΚΤΟΡΟΣ,"705, Γ12"
360003: 3η ΡΙΜΙΝΙ,"360003","360003",3η ΡΙΜΙΝΙ,3rd RIMINI,ΠΑΝΑΓΟΥΛΗ,Γ12
360004: ΕΜΠΟΡΙΚΟ ΚΕΝΤΡΟ ΙΛΙΟΥ,"360004","360004",ΕΜΠΟΡΙΚΟ ΚΕΝΤΡΟ ΙΛΙΟΥ,EMPORIKO KENTRO ILIOY,ΜΑΝΑΚΗ,Γ12
360005: 6η ΑΓ. ΝΙΚΟΛΑΟΥ,"360005","360005",6η ΑΓ. ΝΙΚΟΛΑΟΥ,6th AG. NIKOLAOY,ΜΕΝΕΛΑΟΥ,Γ12
360006: 7η ΑΓ. ΝΙΚΟΛΑΟΥ,"360006","360006",7η ΑΓ. ΝΙΚΟΛΑΟΥ,7th AG. NIKOLAOY,ΜΕΝΕΛΑΟΥ,Γ12
360007: 8η ΑΓ. ΝΙΚΟΛΑΟΥ,"360007","360007",8η ΑΓ. ΝΙΚΟΛΑΟΥ,8th AG. NIKOLAOY,ΑΓ.ΝΙΚΟΛΑΟΥ,"25, Γ12"
360008: 9η ΑΓ. ΝΙΚΟΛΑΟΥ,"360008","360008",9η ΑΓ. ΝΙΚΟΛΑΟΥ,9th AG. NIKOLAOY,ΑΓ.ΝΙΚΟΛΑΟΥ,"25, Γ12"
360009: 10η ΑΓ. ΝΙΚΟΛΑΟΥ,"360009","360009",10η ΑΓ. ΝΙΚΟΛΑΟΥ,10th AG. NIKOLAOY,ΑΓ.ΝΙΚΟΛΑΟΥ,"25, Γ12"
360010: 11η ΑΓ. ΝΙΚΟΛΑΟΥ,"360010","360010",11η ΑΓ. ΝΙΚΟΛΑΟΥ,11th AG. NIKOLAOY,ΑΓ.ΝΙΚΟΛΑΟΥ,"25, Γ12"
360011: 12η ΑΓ. ΝΙΚΟΛΑΟΥ,"360011","360011",12η ΑΓ. ΝΙΚΟΛΑΟΥ,12th AG. NIKOLAOY,ΑΓ.ΝΙΚΟΛΑΟΥ,"25, Γ12"
360012: 12η ΑΓ. ΝΙΚΟΛΑΟΥ,"360012","360012",12η ΑΓ. ΝΙΚΟΛΑΟΥ,12th AG. NIKOLAOY,ΑΓ.ΝΙΚΟΛΑΟΥ,"25, Γ12"
360013: 11η ΑΓ. ΝΙΚΟΛΑΟΥ,"360013","360013",11η ΑΓ. ΝΙΚΟΛΑΟΥ,11th AG. NIKOLAOY,ΑΓ.ΝΙΚΟΛΑΟΥ,"25, Γ12"
360014: 10η ΑΓ. ΝΙΚΟΛΑΟΥ,"360014","360014",10η ΑΓ. ΝΙΚΟΛΑΟΥ,10th AG. NIKOLAOY,ΑΓ.ΝΙΚΟΛΑΟΥ,"25, Γ12"
360015: 9η  ΑΓ. ΝΙΚΟΛΑΟΥ,"360015","360015",9η  ΑΓ. ΝΙΚΟΛΑΟΥ,9th AG. NIKOLAOY,ΑΓ.ΝΙΚΟΛΑΟΥ,"25, Γ12"
360016: 8η ΑΓ. ΝΙΚΟΛΑΟΥ,"360016","360016",8η ΑΓ. ΝΙΚΟΛΑΟΥ,8th AG. NIKOLAOY,ΑΓ.ΝΙΚΟΛΑΟΥ,"25, Γ12"
360017: 7η ΑΓ. ΝΙΚΟΛΑΟΥ,"360017","360017",7η ΑΓ. ΝΙΚΟΛΑΟΥ,7th AG. NIKOLAOY,ΜΕΝΕΛΑΟΥ,"25, 732, Γ12"
360018: 6η ΑΓ. ΝΙΚΟΛΑΟΥ,"360018","360018",6η ΑΓ. ΝΙΚΟΛΑΟΥ,6th AG. NIKOLAOY,ΜΕΝΕΛΑΟΥ,"25, 732, Γ12"
360019: ΕΜΠΟΡΙΚΟ ΚΕΝΤΡΟ ΙΛΙΟΥ,"360019","360019",ΕΜΠΟΡΙΚΟ ΚΕΝΤΡΟ ΙΛΙΟΥ,EMPORIKO KENTRO ILIOY,ΦΙΛΟΚΤΗΤΟΥ,Γ12
360020: 2η ΡΙΜΙΝΙ,"360020","360020",2η ΡΙΜΙΝΙ,2nd RIMINI,ΦΙΛΟΚΤΗΤΟΥ,"705, Γ12"
360021: ΣΥΡΟΥ,"360021","360021",ΣΥΡΟΥ,SYROY,ΣΥΡΟΥ,"892"
360022: ΠΙΠΕΡΙΑ,"360022","360022",ΠΙΠΕΡΙΑ,PIPERIA,ΙΛΙΟΥ,"703, 705, 719, 892, Α11, Β11"
360023: ΠΛ. ΕΛΕΥΘΕΡΙΑΣ,"360023","360023",ΠΛ. ΕΛΕΥΘΕΡΙΑΣ,PL. ELEYTHERIAS,ΠΡΩΤΕΣΙΛΑΟΥ,"701, 703, 705, 719, 892, Α11, Β11"
360024: ΟΑΣΗ,"360024","360024",ΟΑΣΗ,OASH,ΠΡΩΤΕΣΙΛΑΟΥ,"25, 701, 703, 705, 719, Α11, Β11"
360025: ΠΟΛΥΤΕΚΝΩΝ,"360025","360025",ΠΟΛΥΤΕΚΝΩΝ,POLYTEKNON,ΙΔΟΜΕΝΕΩΣ,"25, 701, 703, 705, 719, 747, Α11, Β11"
360026: ΣΙΔΕΡΗ,"360026","360026",ΣΙΔΕΡΗ,SIDERH,ΠΕΤΡΟΥΠΟΛΕΩΣ,"Α11, Β11"
360027: ΠΕΤΑΛΟΥΔΑ,"360027","360027",ΠΕΤΑΛΟΥΔΑ,PETALOYDA,ΠΕΤΡΟΥΠΟΛΕΩΣ,"700, Α11, Β11"
360028: ΠΑΡΑΓΚΑ,"360028","360028",ΠΑΡΑΓΚΑ,PARAGKA,ΠΕΤΡΟΥΠΟΛΕΩΣ,"700, Α11, Β11"
360029: ΠΑΡΑΓΚΑ,"360029","360029",ΠΑΡΑΓΚΑ,PARAGKA,ΠΕΤΡΟΥΠΟΛΕΩΣ,"700, Α11, Β11"
360030: ΠΕΤΑΛΟΥΔΑ,"360030","360030",ΠΕΤΑΛΟΥΔΑ,PETALOYDA,ΠΕΤΡΟΥΠΟΛΕΩΣ,"700, Α11, Β11"
360031: ΣΙΔΕΡΗ,"360031","360031",ΣΙΔΕΡΗ,SIDERH,ΠΕΤΡΟΥΠΟΛΕΩΣ,"700, Α11, Β11"
360032: ΠΟΛΥΤΕΚΝΩΝ,"360032","360032",ΠΟΛΥΤΕΚΝΩΝ,POLYTEKNON,ΙΔΟΜΕΝΕΩΣ,"25, 701, 703, 705, 706, 719, 747, Α11, Β11"
360033: ΟΑΣΗ,"360033","360033",ΟΑΣΗ,OASH,ΙΔΟΜΕΝΕΩΣ,"25, 701, 703, 705, 719, 892, Α11, Β11"
360034: ΠΛ. Γ. ΓΕΝΝΗΜΑΤΑ,"360034","360034",ΠΛ. Γ. ΓΕΝΝΗΜΑΤΑ,PL. G. GENNHMATA,ΙΔΟΜΕΝΕΩΣ,"25, 701, 703, 705, 719, 892, Α11, Β11"
360035: ΠΙΠΕΡΙΑ,"360035","360035",ΠΙΠΕΡΙΑ,PIPERIA,ΙΛΙΟΥ,"701, 703, 705, 719, 892, Α11, Β11"
360036: ΣΙΔΕΡΗ,"360036","360036",ΣΙΔΕΡΗ,SIDERH,ΑΝ.ΠΑΠΑΝΔΡΕΟΥ (ΝΥΜΦΑΙΟΥ),"24, 700, 719"
360037: ΤΡΟΦΟ,"360037","360037",ΤΡΟΦΟ,TROFO,ΠΕΤΡΟΥΠΟΛΕΩΣ,"700, Α11, Β11"
360038: 10η ΠΑΛΑΤΙΑΝΗΣ,"360038","360038",10η ΠΑΛΑΤΙΑΝΗΣ,10th PALATIANHS,ΑΓ.ΓΕΩΡΓΙΟΥ,"719"
360039: 11η ΠΑΛΑΤΙΑΝΗΣ,"360039","360039",11η ΠΑΛΑΤΙΑΝΗΣ,11th PALATIANHS,ΠΑΛΑΤΙΑΝΗΣ,"719"
360040: 11η ΠΑΛΑΤΙΑΝΗΣ,"360040","360040",11η ΠΑΛΑΤΙΑΝΗΣ,11th PALATIANHS,ΠΑΛΑΤΙΑΝΗΣ,"719"
360041: 10η ΠΑΛΑΤΙΑΝΗΣ,"360041","360041",10η ΠΑΛΑΤΙΑΝΗΣ,10th PALATIANHS,ΑΓ.ΓΕΩΡΓΙΟΥ,"719"
360042: ΜΟΥΣΙΚΟ ΣΧΟΛΕΙΟ ΙΛΙΟΥ,"360042","360042",ΜΟΥΣΙΚΟ ΣΧΟΛΕΙΟ ΙΛΙΟΥ,MOYSIKO SXOLEIO ILIOY,ΛΕΩΦ.ΔΗΜΟΚΡΑΤΙΑΣ,"728, 735, Α10, Β10"
360043: ΓΕΦΥΡΑΚΙ,"360043","360043",ΓΕΦΥΡΑΚΙ,GEFYRAKI,ΑΓ.ΦΑΝΟΥΡΙΟΥ,"706, 732, 892"
360044: ΚΑΦΕΝΕΙΟ,"360044","360044",ΚΑΦΕΝΕΙΟ,KAFENEIO,ΑΓ.ΦΑΝΟΥΡΙΟΥ,"732"
360045: ΦΟΥΡΝΟΣ,"360045","360045",ΦΟΥΡΝΟΣ,FOYRNOS,ΑΓ.ΦΑΝΟΥΡΙΟΥ,"732"
360046: ΑΓ. ΦΑΝΟΥΡΙΟΣ,"360046","360046",ΑΓ. ΦΑΝΟΥΡΙΟΣ,AG. FANOYRIOS,ΠΡΙΑΜΟΥ,"732"
360047: ΑΓ. ΤΡΙΑΔΑ,"360047","360047",ΑΓ. ΤΡΙΑΔΑ,AG. TRIADA,ΠΡΙΑΜΟΥ,"732"
360048: ΠΛ.  ΔΑΣΚΑΛΑΣ,"360048","360048",ΠΛ.  ΔΑΣΚΑΛΑΣ,PL. DASKALAS,ΠΡΙΑΜΟΥ,"732"
360049: ΑΓ. ΤΡΙΑΔΑ,"360049","360049",ΑΓ. ΤΡΙΑΔΑ,AG. TRIADA,ΠΡΙΑΜΟΥ,"732"
360050: ΑΓ. ΦΑΝΟΥΡΙΟΣ,"360050","360050",ΑΓ. ΦΑΝΟΥΡΙΟΣ,AG. FANOYRIOS,ΑΓ.ΦΑΝΟΥΡΙΟΥ,"732"
360051: ΦΟΥΡΝΟΣ,"360051","360051",ΦΟΥΡΝΟΣ,FOYRNOS,ΑΓ.ΦΑΝΟΥΡΙΟΥ,"732"
360052: ΚΑΦΕΝΕΙΟ,"360052","360052",ΚΑΦΕΝΕΙΟ,KAFENEIO,ΑΓ.ΦΑΝΟΥΡΙΟΥ,"732"
360053: ΓΕΦΥΡΑΚΙ,"360053","360053",ΓΕΦΥΡΑΚΙ,GEFYRAKI,ΑΓ.ΦΑΝΟΥΡΙΟΥ,"706, 732, 892"
360054: 13η ΖΩΟΔΟΧΟΥ ΠΗΓΗΣ,"360054","360054",13η ΖΩΟΔΟΧΟΥ ΠΗΓΗΣ,13th ZOODOXOY PHGHS,ΗΡΑΚΛΕΟΥΣ,"730"
360055: 14η ΖΩΟΔΟΧΟΥ ΠΗΓΗΣ,"360055","360055",14η ΖΩΟΔΟΧΟΥ ΠΗΓΗΣ,14th ZOODOXOY PHGHS,Ρ.ΦΕΡΑΙΟΥ,"730"
360057: 13η ΖΩΟΔΟΧΟΥ ΠΗΓΗΣ,"360057","360057",13η ΖΩΟΔΟΧΟΥ ΠΗΓΗΣ,13th ZOODOXOY PHGHS,ΗΡΑΚΛΕΟΥΣ,"730"
360058: ΠΛ. ΡΙΜΙΝΙ,"360058","360058",ΠΛ. ΡΙΜΙΝΙ,PL. RIMINI,ΙΠΠΟΔΑΜΕΙΑΣ,"701, 705"
360060: Λ. ΚΑΤΣΩΝΗ,"360060","360060",Λ. ΚΑΤΣΩΝΗ,L. KATSONH,ΑΙΑΚΟΥ,"701, 705"
360061: ΕΠΤΑΝΗΣΟΥ,"360061","360061",ΕΠΤΑΝΗΣΟΥ,EPTANHSOY,ΑΙΑΚΟΥ,"701, 705"
360062: ΣΧ. ΙΛΙΟΥ,"360062","360062",ΣΧ. ΙΛΙΟΥ,SX. ILIOY,ΠΟΛΥΤΕΚΝΩΝ,"892"
360063: 2η ΧΑΣΙΑΣ,"360063","360063",2η ΧΑΣΙΑΣ,2nd XASIAS,ΧΑΣΙΑΣ,"704, 711, Β12"
360064: ΠΕΥΚΟ,"360064","360064",ΠΕΥΚΟ,PEYKO,ΧΑΣΙΑΣ,"704, 711, Β12"
360065: 4η ΧΑΣΙΑΣ,"360065","360065",4η ΧΑΣΙΑΣ,4th XASIAS,ΧΑΣΙΑΣ,"704, 711, Β12"
360066: 5η ΧΑΣΙΑΣ,"360066","360066",5η ΧΑΣΙΑΣ,5th XASIAS,ΧΑΣΙΑΣ,"711, Β12"
360067: 5η ΧΑΣΙΑΣ,"360067","360067",5η ΧΑΣΙΑΣ,5th XASIAS,ΧΑΣΙΑΣ,"704, 711, Β12"
360068: ΡΑΔΙΟΦΩΝΙΑ,"360068","360068",ΡΑΔΙΟΦΩΝΙΑ,RADIOFONIA,ΧΑΣΙΑΣ,"704, 711, Β12"
360069: 3η ΧΑΣΙΑΣ,"360069","360069",3η ΧΑΣΙΑΣ,3rd XASIAS,ΧΑΣΙΑΣ,"704, 711, Β12"
360070: 2η ΧΑΣΙΑΣ,"360070","360070",2η ΧΑΣΙΑΣ,2nd XASIAS,ΧΑΣΙΑΣ,"704, 705, 711, Β12, Γ12"
360071: ΠΟΛΥΤΕΚΝΩΝ,"360071","360071",ΠΟΛΥΤΕΚΝΩΝ,POLYTEKNON,ΠΟΛΥΤΕΚΝΩΝ,"892"
360072: ΔΕΗ,"360072","360072",ΔΕΗ,DEH,ΙΛΙΟΥ,"703, 705, 719, 892, Α11, Β11"
360073: ΓΕΦΥΡΑΚΙ,"360073","360073",ΓΕΦΥΡΑΚΙ,GEFYRAKI,ΙΛΙΟΥ,"703, 892, Α11, Β11"
360074: ΔΕΗ,"360074","360074",ΔΕΗ,DEH,ΚΥΠΡΟΥ,"703, 892, Α11, Β11"
360075: ΕΡΓΑΤΙΚΕΣ ΚΑΤΟΙΚΙΕΣ,"360075","360075",ΕΡΓΑΤΙΚΕΣ ΚΑΤΟΙΚΙΕΣ,ERGATIKES KATOIKIES,ΛΕΩΦ.ΔΗΜΟΚΡΑΤΙΑΣ,"728, 735, 892, Α10, Β10"
360076: ΣΤ. ΠΡΟΑΣΤΙΑΚΟΥ ΠΥΡΓΟΣ ΒΑΣΙΛΙΣΣΗΣ,"360076","360076",ΣΤ. ΠΡΟΑΣΤΙΑΚΟΥ ΠΥΡΓΟΣ ΒΑΣΙΛΙΣΣΗΣ,ST. PROASTIAKOY PYRGOS BASILISSHS,ΛΕΩΦ.ΔΗΜΟΚΡΑΤΙΑΣ,"728, 735, 892, Α10, Β10"
360077: ΦΥΣΤΙΚΙΕΣ,"360077","360077",ΦΥΣΤΙΚΙΕΣ,FYSTIKIES,ΘΗΒΩΝ,"24, 25, 700, 701, 703, 705, 747"
360078: ΝΕΚΡΟΤΑΦΕΙΟ,"360078","360078",ΝΕΚΡΟΤΑΦΕΙΟ,NEKROTAFEIO,ΘΗΒΩΝ,"24, 25, 700, 701, 703, 705, 747"
360079: ΝΕΚΡΟΤΑΦΕΙΟ,"360079","360079",ΝΕΚΡΟΤΑΦΕΙΟ,NEKROTAFEIO,ΘΗΒΩΝ,"24, 25, 700, 701, 703, 705, 747"
360080: ΔΙΟΣ,"360080","360080",ΔΙΟΣ,DIOS,ΛΕΩΦ.ΑΝ.ΠΑΠΑΝΔΡΕΟΥ,"706, 892"
360081: ΙΚΑΡΟΥ,"360081","360081",ΙΚΑΡΟΥ,IKAROY,ΙΚΑΡΟΥ,"892"
360082: 6η ΧΑΣΙΑΣ,"360082","360082",6η ΧΑΣΙΑΣ,6th XASIAS,ΧΑΣΙΑΣ,"711, Β12"
360083: 6η ΧΑΣΙΑΣ,"360083","360083",6η ΧΑΣΙΑΣ,6th XASIAS,ΧΑΣΙΑΣ,"711, Β12"
360084: ΕΦΟΡΙΑ,"360084","360084",ΕΦΟΡΙΑ,EFORIA,ΘΗΒΩΝ,"706, 719"
360085: ΠΡΙΑΜΟΥ,"360085","360085",ΠΡΙΑΜΟΥ,PRIAMOY,ΠΡΙΑΜΟΥ,"701, 705"
360086: ΠΕΡΣΕΦΟΝΗΣ,"360086","360086",ΠΕΡΣΕΦΟΝΗΣ,PERSEFONHS,ΠΡΙΑΜΟΥ,"701, 705"
360087: Ε.Ρ.Τ,"360087","360087",Ε.Ρ.Τ,E.R.T,ΡΑΔΙΟΦΩΝΙΑΣ,"701, 705"
360088: ΠΛ. ΡΙΜΙΝΙ,"360088","360088",ΠΛ. ΡΙΜΙΝΙ,PL. RIMINI,ΙΠΠΟΔΑΜΕΙΑΣ,"701, 705"
360089: 1η ΡΙΜΙΝΙ,"360089","360089",1η ΡΙΜΙΝΙ,1st ΡΙΜΙΝΙ,ΦΙΛΟΚΤΗΤΟΥ,"705, Γ12"
360090: ΑΛΑΜΑΝΑΣ,"360090","360090",ΑΛΑΜΑΝΑΣ,ALAMANAS,ΑΛΑΜΑΝΑΣ,"892"
360091: 7η ΧΑΣΙΑΣ,"360091","360091",7η ΧΑΣΙΑΣ,7th XASIAS,ΧΑΣΙΑΣ,"711, Β12"
360092: ΣΙΔΕΡΑ,"360092","360092",ΣΙΔΕΡΑ,SIDERA,ΕΛΕΥΣΙΝΙΩΝ ΜΥΣΤΗΡΙΩΝ,"420, 421"
360093: ΕΚΤΟΡΟΣ,"360093","360093",ΕΚΤΟΡΟΣ,EKTOROS,ΘΕΡΣΙΤΟΥ,"747"
360094: ΕΛΑΙΩΝ,"360094","360094",ΕΛΑΙΩΝ,ELAION,ΕΛΑΙΩΝ,"747"
360095: ΔΕΡΒΕΝΑΚΙΩΝ,"360095","360095",ΔΕΡΒΕΝΑΚΙΩΝ,DERBENAKION,ΕΛΑΙΩΝ,"747"
360096: ΓΟΡΓΟΠΟΤΑΜΟΥ,"360096","360096",ΓΟΡΓΟΠΟΤΑΜΟΥ,GORGOPOTAMOY,ΕΛΑΙΩΝ,"747"
360097: ΓΥΜΝΑΣΙΟ,"360097","360097",ΓΥΜΝΑΣΙΟ,GYMNASIO,ΕΛΑΙΩΝ,"747"
360098: ΑΡΓΥΡΟΚΑΣΤΡΟΥ,"360098","360098",ΑΡΓΥΡΟΚΑΣΤΡΟΥ,ARGYROKASTROY,ΔΑΒΑΚΗ,"747"
360099: ΠΙΝΔΟΥ,"360099","360099",ΠΙΝΔΟΥ,PINDOY,ΚΛΕΙΣΟΥΡΑΣ,"747"
360100: ΠΑΛ.ΤΕΡΜΑ,"360100","360100",ΠΑΛ.ΤΕΡΜΑ,PAL.TERMA,ΚΛΕΙΣΟΥΡΑΣ,"747"
360101: ΝΕΚΡΟΤΑΦΕΙΟ,"360101","360101",ΝΕΚΡΟΤΑΦΕΙΟ,NEKROTAFEIO,ΛΕΩΦ.ΔΗΜΟΚΡΑΤΙΑΣ,"728, 735, 892, Α10, Β10"
360102: MΗΤΕΡΑ,"360102","360102",MΗΤΕΡΑ,MHTERA,ΛΕΩΦ.ΔΗΜΟΚΡΑΤΙΑΣ,"728, 735, 892, Α10, Β10"
360103: ΓΥΜΝΑΣΙΟ,"360103","360103",ΓΥΜΝΑΣΙΟ,GYMNASIO,ΕΛΑΙΩΝ,"747"
360104: ΓΟΡΓΟΠΟΤΑΜΟΥ,"360104","360104",ΓΟΡΓΟΠΟΤΑΜΟΥ,GORGOPOTAMOY,ΕΛΑΙΩΝ,"747"
360105: ΔΕΡΒΕΝΑΚΙΩΝ,"360105","360105",ΔΕΡΒΕΝΑΚΙΩΝ,DERBENAKION,ΕΛΑΙΩΝ,"747"
360106: ΕΛΑΙΩΝ,"360106","360106",ΕΛΑΙΩΝ,ELAION,ΕΛΑΙΩΝ,"747"
360107: ΜΑΝΑΚΗ,"360107","360107",ΜΑΝΑΚΗ,MANAKH,ΠΟΣΕΙΔΩΝΟΣ,"747"
360108: ΔΩΔΕΚΑΝΗΣΟΥ,"360108","360108",ΔΩΔΕΚΑΝΗΣΟΥ,DODEKANHSOY,ΔΩΔΕΚΑΝΗΣΟΥ,"704"
360109: ΡΕΜΑ,"360109","360109",ΡΕΜΑ,REMA,ΘΕΣΣΑΛΟΝΙΚΗΣ,"704"
360110: ΘΕΣΣΑΛΟΝΙΚΗΣ,"360110","360110",ΘΕΣΣΑΛΟΝΙΚΗΣ,THESSALONIKHS,ΘΕΣΣΑΛΟΝΙΚΗΣ,"704"
360111: ΜΠΙΜΠΙΖΑ,"360111","360111",ΜΠΙΜΠΙΖΑ,MPIMPIZA,ΜΠΙΜΠΙΖΑ,"420, 421"
360112: 14η ΖΩΟΔΟΧΟΥ ΠΗΓΗΣ,"360112","360112",14η ΖΩΟΔΟΧΟΥ ΠΗΓΗΣ,14th ZOODOXOY PHGHS,ΡΗΓ.ΦΕΡΡΑΙΟΥ,"730"
360113: ΝΑΥΣΙΚΑ,"360113","360113",ΝΑΥΣΙΚΑ,NAYSIKA,ΝΑΥΣΙΚΑΣ,"704"
360114: ΒΕΡΟΙΑΣ,"360114","360114",ΒΕΡΟΙΑΣ,BEROIAS,ΝΑΥΣΙΚΑΣ,"704"
360115: 3η ΘΕΣΣΑΛΟΝΙΚΗΣ,"360115","360115",3η ΘΕΣΣΑΛΟΝΙΚΗΣ,3rd THESSALONIKHS,ΘΕΣΣΑΛΟΝΙΚΗΣ,"704"
360116: ΡΕΜΑ,"360116","360116",ΡΕΜΑ,REMA,ΘΕΣΣΑΛΟΝΙΚΗΣ,"704"
360117: ΔΩΔΕΚΑΝΗΣΟΥ,"360117","360117",ΔΩΔΕΚΑΝΗΣΟΥ,DODEKANHSOY,ΔΩΔΕΚΑΝΗΣΟΥ,"704"
360118: ΕΛΑΙΩΝ,"360118","360118",ΕΛΑΙΩΝ,ELAION,ΕΛΑΙΩΝ,"747"
360119: ΑΛΣΟΣ,"360119","360119",ΑΛΣΟΣ,ALSOS,ΚΛΕΙΣΟΥΡΑΣ,"747"
360120: ΣΧΟΛΕΙΑ,"360120","360120",ΣΧΟΛΕΙΑ,SXOLEIA,ΚΕΡΑΣΟΒΟΥ,"747"
360121: 2η ΚΛΕΙΣΟΥΡΑΣ,"360121","360121",2η ΚΛΕΙΣΟΥΡΑΣ,2nd KLEISOYRAS,ΚΛΕΙΣΟΥΡΑΣ,"747"
360122: ΝΥΜΦΑΙΟΥ,"360122","360122",ΝΥΜΦΑΙΟΥ,NYMFAIOY,ΑΝ.ΠΑΠΑΝΔΡΕΟΥ (ΝΥΜΦΑΙΟΥ),"24, 719"
360123: ΑΓ. ΓΛΥΚΕΡΙΑΣ,"360123","360123",ΑΓ. ΓΛΥΚΕΡΙΑΣ,AG. GLYKERIAS,ΚΛΕΙΣΟΥΡΑΣ,"747"
360124: ΑΙΑΝΤΟΣ,"360124","360124",ΑΙΑΝΤΟΣ,AIADOS,ΕΥΑΓΓΕΛΙΣΤΡΙΑΣ,"732"
360125: ΔΑΒΑΚΗ,"360125","360125",ΔΑΒΑΚΗ,DABAKH,ΔΑΒΑΚΗ,"747"
360126: ΙΔΟΜΕΝΕΩΣ,"360126","360126",ΙΔΟΜΕΝΕΩΣ,IDOMENEOS,ΘΗΒΩΝ,"25, 701, 703, 705, 706, 719, 747"
360127: 1η ΠΕΡΙΦΕΡΕΙΑΚΗ,"360127","360127",1η ΠΕΡΙΦΕΡΕΙΑΚΗ,1st PERIFEREIAKH,ΚΕΡΑΣΟΒΟΥ,"747"
360128: 2η ΠΕΡΙΦΕΡΕΙΑΚΗ,"360128","360128",2η ΠΕΡΙΦΕΡΕΙΑΚΗ,2nd PERIFEREIAKH,ΚΕΡΑΣΟΒΟΥ,"747"
360129: ΟΛΥΜΠΟΥ,"360129","360129",ΟΛΥΜΠΟΥ,OLYMPOY,ΑΛΑΜΑΝΑΣ,"892"
360130: 2η ΠΕΡΙΦΕΡΕΙΑΚΗ,"360130","360130",2η ΠΕΡΙΦΕΡΕΙΑΚΗ,2nd PERIFEREIAKH,ΚΕΡΑΣΟΒΟΥ,"747"
360131: 8η ΑΝΑΠΗΡΩΝ,"360131","360131",8η ΑΝΑΠΗΡΩΝ,8th ANAPHRON,ΧΑΣΙΑΣ,"711, Β12"
360133: ΣΙΔΕΡΑ,"360133","360133",ΣΙΔΕΡΑ,SIDERA,ΕΛΕΥΣΙΝΙΩΝ ΜΥΣΤΗΡΙΩΝ,"420, 421"
360135: ΓΗΠΕΔΟ,"360135","360135",ΓΗΠΕΔΟ,GHPEDO,ΑΝΔΡΕΑ ΠΑΠΑΝΔΡΕΟΥ,"24, 700"
360136: ΠΑΙΔΙΚΗ ΧΑΡΑ,"360136","360136",ΠΑΙΔΙΚΗ ΧΑΡΑ,PAIDIKH XARA,ΑΛΑΜΑΝΑΣ,"892"
360137: ΜΙΧΑΗΛ ΑΓΓΕΛΟΥ,"360137","360137",ΜΙΧΑΗΛ ΑΓΓΕΛΟΥ,MIXAHL AGGELOY,ΑΝΔΡΕΑ ΠΑΠΑΝΔΡΕΟΥ,"24"
360138: ΦΕΡΡΩΝ,"360138","360138",ΦΕΡΡΩΝ,FERRON,Γ.ΟΛΥΜΠΙΟΥ,"24"
360139: 1η ΠΕΡΙΦΕΡΕΙΑΚΗ,"360139","360139",1η ΠΕΡΙΦΕΡΕΙΑΚΗ,1st PERIFEREIAKH,ΚΕΡΑΣΟΒΟΥ,"747"
360140: ΙΚΑ,"360140","360140",ΙΚΑ,IKA,ΜΠΙΜΠΙΖΑ,"705, 719"
360141: ΜΠΙΜΠΙΖΑ,"360141","360141",ΜΠΙΜΠΙΖΑ,MPIMPIZA,ΧΑΣΙΑΣ,"704, 705, 711, 719, Β12, Γ12"
360142: ΣΧΟΛΕΙΑ,"360142","360142",ΣΧΟΛΕΙΑ,SXOLEIA,ΚΕΡΑΣΟΒΟΥ,"747"
360143: ΟΜΗΡΟΥ,"360143","360143",ΟΜΗΡΟΥ,OMHROY,ΑΝΑΤΟΛΙΚΗΣ ΡΩΜΥΛΙΑΣ,"24"
360144: ΕΥΑΓΓΕΛΙΣΤΡΙΑ,"360144","360144",ΕΥΑΓΓΕΛΙΣΤΡΙΑ,EYAGGELISTRIA,ΠΡΙΑΜΟΥ,"25, 732"
360145: ΙΦΙΓΕΝΕΙΑΣ,"360145","360145",ΙΦΙΓΕΝΕΙΑΣ,IFIGENEIAS,ΠΡΙΑΜΟΥ,"25, 732"
360146: ΕΡΜΙΟΝΗ,"360146","360146",ΕΡΜΙΟΝΗ,ERMIONH,ΕΡΜΙΟΝΗΣ,"25"
360147: ΠΑΤΡΟΚΛΟΥ,"360147","360147",ΠΑΤΡΟΚΛΟΥ,PATROKLOY,ΜΕΝΕΛΑΟΥ,"25, 732"
360148: ΚΟΜΝΗΝΟΥ,"360148","360148",ΚΟΜΝΗΝΟΥ,KOMNHNOY,ΑΝΑΤΟΛΙΚΗΣ ΡΩΜΥΛΙΑΣ,"24"
360149: ΧΡΥΣΟΛΩΡΑ,"360149","360149",ΧΡΥΣΟΛΩΡΑ,XRYSOLORA,ΑΝΔΡΕΑ ΠΑΠΑΝΔΡΕΟΥ,"24, 700"
360150: ΠΑΥΛΟΥ ΜΕΛΑ,"360150","360150",ΠΑΥΛΟΥ ΜΕΛΑ,PAYLOY MELA,ΑΝΔΡΕΑ ΠΑΠΑΝΔΡΕΟΥ,"24"
360151: ΑΓ. ΝΙΚΟΛΑΟΣ,"360151","360151",ΑΓ. ΝΙΚΟΛΑΟΣ,AG. NIKOLAOS,ΠΛ.ΑΓ.ΝΙΚΟΛΑΟΥ,"25, Γ12"
360152: ΘΗΒΩΝ,"360152","360152",ΘΗΒΩΝ,THIBON,ΛΕΩΦ.ΑΝΔΡ.ΠΑΠΑΝΔΡΕΟΥ,"706"
360153: ΑΧΑΙΩΝ,"360153","360153",ΑΧΑΙΩΝ,AXAION,ΛΕΩΦ.ΑΝΔΡ.ΠΑΠΑΝΔΡΕΟΥ,"706"
360154: ΘΕΡΜΟΠΥΛΩΝ,"360154","360154",ΘΕΡΜΟΠΥΛΩΝ,THERMOPYLON,ΛΕΩΦ.ΑΝΔΡ.ΠΑΠΑΝΔΡΕΟΥ,"706"
360155: ΑΛΑΜΑΝΑΣ,"360155","360155",ΑΛΑΜΑΝΑΣ,ALAMANAS,ΛΕΩΦ.ΑΝΔΡ.ΠΑΠΑΝΔΡΕΟΥ,"706"
360156: ΔΙΟΓΕΝΟΥΣ,"360156","360156",ΔΙΟΓΕΝΟΥΣ,DIOGENOYS,ΛΕΩΦ.ΑΝΔΡ.ΠΑΠΑΝΔΡΕΟΥ,"706, 892"
360157: ΦΟΥΡΝΟΣ,"360157","360157",ΦΟΥΡΝΟΣ,FOYRNOS,ΛΕΩΦ.ΑΝΔΡ.ΠΑΠΑΝΔΡΕΟΥ,"706, 892"
360158: ΑΛΑΜΑΝΑΣ,"360158","360158",ΑΛΑΜΑΝΑΣ,ALAMANAS,ΛΕΩΦ.ΑΝΔΡ.ΠΑΠΑΝΔΡΕΟΥ,"706, 892"
360160: ΠΟΛΥΤΕΚΝΩΝ,"360160","360160",ΠΟΛΥΤΕΚΝΩΝ,POLYTEKNON,ΛΕΩΦ.ΑΝΔΡ.ΠΑΠΑΝΔΡΕΟΥ,"706"
360161: ΟΛΥΜΠΟΥ,"360161","360161",ΟΛΥΜΠΟΥ,OLYMPOY,ΛΕΩΦ.ΑΝΔΡ.ΠΑΠΑΝΔΡΕΟΥ,"706, 892"
360162: ΜΙΧΑΗΛ ΑΓΓΕΛΟΥ,"360162","10791",ΜΙΧΑΗΛ ΑΓΓΕΛΟΥ,MIXAHL AGGELOY,ΑΝΔΡΕΑ ΠΑΠΑΝΔΡΕΟΥ,"24"
360163: ΦΙΛΟΚΤΗΤΟΥ,"360163","10475",ΦΙΛΟΚΤΗΤΟΥ,FILOKTHTOY,ΙΠΠΟΔΑΜΙΑΣ,"701"
360164: ΣΠΥΡΟΥ ΜΟΥΣΤΑΚΛΗ,"360164","10658",ΣΠΥΡΟΥ ΜΟΥΣΤΑΚΛΗ,SPYROY MOYSTAKLH,ΣΠΥΡΟΥ ΜΟΥΣΤΑΚΛΗ,"892"
360165: ΠΡΩΤΕΣΙΛΑΟΥ,"360165","10945",ΠΡΩΤΕΣΙΛΑΟΥ,PROTESILAOY,ΘΕΡΣΙΤΟΥ,"706, 747"
360166: ΚΑΠΗ,"360166","10655",ΚΑΠΗ,KAPH,ΣΠΥΡΟΥ ΜΟΥΣΤΑΚΛΗ,"892"
360173: ΚΑΛΧΟΥ,"360173","11873",ΚΑΛΧΟΥ,KALXOY,ΠΡΙΑΜΟΥ,"732"
360174: ΑΘΛΗΤΙΚΟ ΚΕΝΤΡΟ,"360174","11965",ΑΘΛΗΤΙΚΟ ΚΕΝΤΡΟ,ATHLITIKO KENTRO,ΠΡΙΑΜΟΥ,"732"
360179: ΠΑΙΔΙΚΗ ΧΑΡΑ,"360179","12003",ΠΑΙΔΙΚΗ ΧΑΡΑ,PAIDIKH XARA,Α. ΠΑΠΑΝΔΡΕΟΥ,"892"
360997: ΜΑΚΕΔΟΝΙΑ,"360997","360997",ΜΑΚΕΔΟΝΙΑ,MAKEDONIA,ΕΛΑΙΩΝ,"747"
360998: 1η ΚΛΕΙΣΟΥΡΑΣ,"360998","360998",1η ΚΛΕΙΣΟΥΡΑΣ,1st KLEISOYRAS,ΚΛΕΙΣΟΥΡΑΣ,"747"
361005: ΦΥΣΤΙΚΙΕΣ,"361005","361005",ΦΥΣΤΙΚΙΕΣ,FYSTIKIES,ΘΗΒΩΝ,"25, 701, 703, 705, 747"
361006: 2η ΑΓ. ΓΕΩΡΓΙΟΥ,"361006","361006",2η ΑΓ. ΓΕΩΡΓΙΟΥ,2nd AG. GEORGIOY,ΑΓ.ΓΕΩΡΓΙΟΥ,"731"
361009: ΠΡΙΑΜΟΥ,"361009","361009",ΠΡΙΑΜΟΥ,PRIAMOY,ΜΑΝΑΚΗ,Γ12
361010: ΔΑΣΑΚΙ,"361010","361010",ΔΑΣΑΚΙ,DASAKI,ΣΥΡΟΥ 44,"892"
361011: ΠΛΕΚΤΗΡΙΟ,"361011","361011",ΠΛΕΚΤΗΡΙΟ,PLEKTHRIO,ΑΛΑΜΑΝΑΣ,"892"
361012: ΜΑΝΑΚΗ,"361012","361012",ΜΑΝΑΚΗ,MANAKH,ΠΡΙΑΜΟΥ,"25, 732"
361014: ΕΡΜΙΟΝΗ,"361014","11069",ΕΡΜΙΟΝΗ,ERMIONH,ΕΡΜΙΟΝΗΣ,"701, 705"
361017: ΔΗΜΑΡΧΕΙΟ,"361017","11732",ΔΗΜΑΡΧΕΙΟ,DHMARXEIO,ΜΕΝΕΛΑΟΥ,"732"
364: ΠΛ.ΑΝΕΞΑΡΤΗΣΙΑΣ,"364","11804",ΠΛ.ΑΝΕΞΑΡΤΗΣΙΑΣ,PL.ANEXARTHSIAS,,"164"
36: ΕΛΛΗΝΟΡΩΣΩΝ,"36","10202",ΕΛΛΗΝΟΡΩΣΩΝ,ELLHNOROSON,,"046, 242"
370001: Γ ΝΕΚΡΟΤΑΦΕΙΟ,"370001","370001",Γ ΝΕΚΡΟΤΑΦΕΙΟ,TRITO NEKROTAFEIO,Π.ΡΑΛΛΗ,"21, 827, 841, 842, 852"
370002: ΓΥΜΝΑΣΤΗΡΙΟ,"370002","370002",ΓΥΜΝΑΣΤΗΡΙΟ,GYMNASTHRIO,Π.ΡΑΛΛΗ,"21, 827, 841, 842, 852"
370003: ΚΡΑΤΙΚΟ ΝΟΣΟΚΟΜΕΙΟ,"370003","370003",ΚΡΑΤΙΚΟ ΝΟΣΟΚΟΜΕΙΟ,KRATIKO NOSOKOMEIO,Π.ΡΑΛΛΗ,"21, 827, 841, 842, 852"
370004: ΠΑΙΔΙΚΗ ΣΤΕΓΗ,"370004","370004",ΠΑΙΔΙΚΗ ΣΤΕΓΗ,PAIDIKH STEGH,Π.ΡΑΛΛΗ,"21, 827, 841, 842, 852"
370005: ΦΑΡΜΑΚΕΙΟ,"370005","370005",ΦΑΡΜΑΚΕΙΟ,FARMAKEIO,Π.ΡΑΛΛΗ,"21, 827, 841, 842, 852"
370006: ΠΕΡΙΒΟΛΑΚΙ,"370006","370006",ΠΕΡΙΒΟΛΑΚΙ,PERIBOLAKI,Π.ΡΑΛΛΗ,"21, 400, 827, 841, 852"
370007: ΑΤΤΑΛΕΙΑΣ,"370007","370007",ΑΤΤΑΛΕΙΑΣ,ATTALEIAS,ΛΑΟΔΙΚΕΙΑΣ,"21, 400, 827, 841, 852"
370008: ΕΜΠΟΡΙΚΟ ΚΕΝΤΡΟ ΝΙΚΑΙΑΣ,"370008","370008",ΕΜΠΟΡΙΚΟ ΚΕΝΤΡΟ ΝΙΚΑΙΑΣ,EMPORIKO KENTRO NIKAIAS,ΛΑΟΔΙΚΕΙΑΣ,"400, 820, 841, 909"
370009: ΣΤΕΡΛΙΝΑ,"370009","370009",ΣΤΕΡΛΙΝΑ,STERLINA,ΛΑΟΔΙΚΕΙΑΣ,"400, 750, 814, 820, 841, 909"
370010: ΜΕΡΣΙΝΗΣ,"370010","370010",ΜΕΡΣΙΝΗΣ,MERSINHS,ΛΑΟΔΙΚΕΙΑΣ,"400, 750, 814, 820, 841, 909"
370011: ΦΡΥΓΙΑΣ,"370011","370011",ΦΡΥΓΙΑΣ,FRYGIAS,ΛΑΟΔΙΚΕΙΑΣ,"750, 814, 820, 825, 841"
370012: 25ης ΜΑΡΤΙΟΥ,"370012","370012",25ης ΜΑΡΤΙΟΥ,25th MARTIOY,Π.ΡΑΛΛΗ,"820, 825, 841"
370013: ΤΖΑΝΗ,"370013","370013",ΤΖΑΝΗ,TZANH,Π.ΡΑΛΛΗ,"820, 824, 825, 826, 841, 871, 871Τ"
370014: ΣΤΡΟΦΗ,"370014","370014",ΣΤΡΟΦΗ,STROFH,ΓΕΜΕΛΟΥ,"21, 800, 809, 827, 828"
370015: 25ης ΜΑΡΤΙΟΥ,"370015","370015",25ης ΜΑΡΤΙΟΥ,25th MARTIOY,Π.ΡΑΛΛΗ,"820, 824, 825, 841"
370016: ΦΡΥΓΙΑΣ,"370016","370016",ΦΡΥΓΙΑΣ,FRYGIAS,Π.ΡΑΛΛΗ,"820, 841"
370017: ΚΑΠΗ,"370017","370017",ΚΑΠΗ,KAPH,ΑΙΣΧΥΛΟΥ,"852"
370018: ΝΙΚΟΜΗΔΕΙΑΣ,"370018","370018",ΝΙΚΟΜΗΔΕΙΑΣ,NIKOMHDEIAS,Π.ΡΑΛΛΗ,"400, 750, 820, 841"
370019: ΟΑΕΔ,"370019","370019",ΟΑΕΔ,OAED,Π.ΡΑΛΛΗ,"400, 750, 820, 841"
370020: ΕΜΠΟΡΙΚΟ ΚΕΝΤΡΟ ΝΙΚΑΙΑΣ,"370020","370020",ΕΜΠΟΡΙΚΟ ΚΕΝΤΡΟ ΝΙΚΑΙΑΣ,EMPORIKO KENTRO NIKAIAS,Π.ΡΑΛΛΗ,"400, 750, 852"
370021: ΑΤΤΑΛΕΙΑΣ,"370021","370021",ΑΤΤΑΛΕΙΑΣ,ATTALEIAS,Π.ΡΑΛΛΗ,"21, 400, 809, 827, 830, 852"
370022: ΠΕΡΙΒΟΛΑΚΙ,"370022","370022",ΠΕΡΙΒΟΛΑΚΙ,PERIBOLAKI,Π.ΡΑΛΛΗ,"21, 827, 852"
370023: ΦΑΡΜΑΚΕΙΟ,"370023","370023",ΦΑΡΜΑΚΕΙΟ,FARMAKEIO,Π.ΡΑΛΛΗ,"21, 827, 852"
370024: ΑΛΣΟΣ,"370024","370024",ΑΛΣΟΣ,ALSOS,ΒΑΛΤΕΤΣΙΟΥ,"824, 826, 871, 871Τ"
370025: ΠΑΙΔΙΚΗ ΣΤΕΓΗ,"370025","370025",ΠΑΙΔΙΚΗ ΣΤΕΓΗ,PAIDIKH STEGH,Π.ΡΑΛΛΗ,"21, 827, 852"
370026: ΚΡΑΤΙΚΟ ΝΟΣΟΚΟΜΕΙΟ,"370026","370026",ΚΡΑΤΙΚΟ ΝΟΣΟΚΟΜΕΙΟ,KRATIKO NOSOKOMEIO,Π.ΡΑΛΛΗ,"21, 852"
370027: ΓΥΜΝΑΣΤΗΡΙΟ,"370027","370027",ΓΥΜΝΑΣΤΗΡΙΟ,GYMNASTHRIO,Π.ΡΑΛΛΗ,"21, 852"
370028: Γ ΝΕΚΡΟΤΑΦΕΙΟ,"370028","370028",Γ ΝΕΚΡΟΤΑΦΕΙΟ,TRITO NEKROTAFEIO,Π.ΡΑΛΛΗ,"21, 852"
370029: Γ ΝΕΚΡΟΤΑΦΕΙΟ,"370029","370029",Γ ΝΕΚΡΟΤΑΦΕΙΟ,TRITO NEKROTAFEIO,ΘΗΒΩΝ,"703, 803, 845"
370030: ΟΑΕΔ,"370030","370030",ΟΑΕΔ,OAED,ΘΗΒΩΝ,"703, 803, 845, 909"
370031: ΠΛΑΣΤΙΓΓΕΣ,"370031","370031",ΠΛΑΣΤΙΓΓΕΣ,PLASTIGGES,ΘΗΒΩΝ,"703, 803, 828, 845, 860"
370032: ΜΕΘΕΝΙΤΗ,"370032","370032",ΜΕΘΕΝΙΤΗ,METHENITH,ΘΗΒΩΝ,"703, 803, 828, 845, 860"
370033: ΑΣΠΡΑ ΧΩΜΑΤΑ,"370033","370033",ΑΣΠΡΑ ΧΩΜΑΤΑ,ASPRA XOMATA,ΘΗΒΩΝ,"703, 803, 828, 845"
370034: ΜΕΛΙΣΣΑ,"370034","370034",ΜΕΛΙΣΣΑ,MELISSA,ΘΗΒΩΝ,"703, 803, 828, 845"
370035: Γ ΝΕΚΡΟΤΑΦΕΙΟ,"370035","370035",Γ ΝΕΚΡΟΤΑΦΕΙΟ,TRITO NEKROTAFEIO,ΛΕΩΦ.ΓΡ.ΛΑΜΠΡΑΚΗ,"842"
370036: Π. ΜΕΛΑ,"370036","370036",Π. ΜΕΛΑ,P. MELA,Ν.ΜΠΕΛΟΓΙΑΝΝΗ,"828, 860, 909"
370037: ΓΗΠΕΔΟ,"370037","370037",ΓΗΠΕΔΟ,GHPEDO,ΧΡ.ΣΜΥΡΝΗΣ,"860"
370038: ΠΑΤΜΟΥ,"370038","370038",ΠΑΤΜΟΥ,PATMOY,ΛΕΩΦ.ΓΡ.ΛΑΜΠΡΑΚΗ,"842"
370039: ΠΛ. ΑΡΕΩΣ,"370039","370039",ΠΛ. ΑΡΕΩΣ,PL. AREOS,ΛΕΩΦ.ΓΡ.ΛΑΜΠΡΑΚΗ,"842"
370040: ΚΟΡΥΔΑΛΛΟΣ,"370040","370040",ΚΟΡΥΔΑΛΛΟΣ,KORYDALLOS,ΛΕΩΦ.ΓΡ.ΛΑΜΠΡΑΚΗ,"800, 824, 825, 842, 846, 852, 860"
370041: ΓΗΠΕΔΟ,"370041","370041",ΓΗΠΕΔΟ,GHPEDO,ΛΕΩΦ.ΓΡ.ΛΑΜΠΡΑΚΗ,"800, 824, 825, 842, 848, 860"
370042: ΚΟΡΑΗ,"370042","370042",ΚΟΡΑΗ,KORAH,ΛΕΩΦ.ΓΡ.ΛΑΜΠΡΑΚΗ,"824, 825, 842, 848, 860"
370043: ΣΑΜΟΥ,"370043","370043",ΣΑΜΟΥ,SAMOY,ΛΕΩΦ.ΓΡ.ΛΑΜΠΡΑΚΗ,"824, 825, 842, 848, 860"
370044: ΑΚΡΟΠΟΛΕΩΣ,"370044","370044",ΑΚΡΟΠΟΛΕΩΣ,AKROPOLEOS,ΛΕΩΦ.ΓΡ.ΛΑΜΠΡΑΚΗ,"824, 825, 842, 848, 860"
370045: ΓΗΠΕΔΟ,"370045","370045",ΓΗΠΕΔΟ,GHPEDO,ΛΕΩΦ.ΓΡ.ΛΑΜΠΡΑΚΗ,"800, 824, 825, 842, 848, 860"
370046: ΣΤΡΟΦΗ ΚΟΡΥΔΑΛΛΟΥ,"370046","370046",ΣΤΡΟΦΗ ΚΟΡΥΔΑΛΛΟΥ,STROFH KORYDALLOY,ΛΕΩΦ.ΓΡ.ΛΑΜΠΡΑΚΗ,"750, 842, 860"
370047: ΠΛ. ΑΡΕΩΣ,"370047","370047",ΠΛ. ΑΡΕΩΣ,PL. AREOS,ΛΕΩΦ.ΓΡ.ΛΑΜΠΡΑΚΗ,"827, 842"
370048: ΠΑΤΜΟΥ,"370048","370048",ΠΑΤΜΟΥ,PATMOY,ΛΕΩΦ.ΓΡ.ΛΑΜΠΡΑΚΗ,"827, 842"
370049: Γ ΝΕΚΡΟΤΑΦΕΙΟ - ΓΡ. ΛΑΜΠΡΑΚΗ,"370049","370049",Γ ΝΕΚΡΟΤΑΦΕΙΟ - ΓΡ. ΛΑΜΠΡΑΚΗ,TRITO NEKROTAFEIO - GR. LAMPRAKH,ΛΕΩΦ.ΓΡ.ΛΑΜΠΡΑΚΗ,"827, 842"
370050: ΑΓ. ΤΡΙΑΔΑΣ,"370050","370050",ΑΓ. ΤΡΙΑΔΑΣ,AG. TRIADAS,ΧΡ.ΣΜΥΡΝΗΣ,"860"
370052: Π. ΡΑΛΛΗ,"370052","370052",Π. ΡΑΛΛΗ,P. RALLH,ΓΕΡΒΑΣΙΟΥ ΓΡΕΒΕΝΩΝ,"21, 800, 809, 820, 827, 828, 830, 841, 846, 909"
370053: ΑΓ. ΓΕΩΡΓΙΟΣ,"370053","370053",ΑΓ. ΓΕΩΡΓΙΟΣ,AG. GEORGIOS,ΓΕΡΒΑΣΙΟΥ ΓΡΕΒΕΝΩΝ,"750, 800, 846, 852"
370054: ΦΙΛΑΔΕΛΦΕΙΑΣ,"370054","370054",ΦΙΛΑΔΕΛΦΕΙΑΣ,FILADELFEIAS,ΓΕΡΒΑΣΙΟΥ ΓΡΕΒΕΝΩΝ,"750, 800, 846, 852"
370056: ΑΜΕΡΙΚΑΝΟΥ,"370056","370056",ΑΜΕΡΙΚΑΝΟΥ,AMERIKANOY,ΕΛΛΗΣΠΟΝΤΟΥ,"814, 852"
370057: ΣΠΑΘΑ,"370057","370057",ΣΠΑΘΑ,SPATHA,ΒΟΥΡΝΟΒΑ,"814, 852"
370059: ΣΠΑΘΑ,"370059","370059",ΣΠΑΘΑ,SPATHA,ΒΟΥΡΝΟΒΑ,"814, 824, 825, 846, 848, 852"
370060: ΑΜΕΡΙΚΑΝΟΥ,"370060","370060",ΑΜΕΡΙΚΑΝΟΥ,AMERIKANOY,ΕΛΛΗΣΠΟΝΤΟΥ,"814, 846, 852"
370061: ΧΕΙΜΑΡΑΣ,"370061","370061",ΧΕΙΜΑΡΑΣ,XEIMARAS,ΧΡ.ΣΜΥΡΝΗΣ,"860"
370062: ΑΝΩΓΕΙΩΝ,"370062","370062",ΑΝΩΓΕΙΩΝ,ANOGEION,ΑΝΩΓΕΙΩΝ,"750, 800, 846, 852"
370063: ΜΟΣΧΟΝΗΣΙΩΝ,"370063","370063",ΜΟΣΧΟΝΗΣΙΩΝ,MOSXONHSION,ΓΕΜΕΛΟΥ,"750, 800, 846, 852"
370064: ΑΓ. ΓΕΩΡΓΙΟΣ,"370064","370064",ΑΓ. ΓΕΩΡΓΙΟΣ,AG. GEORGIOS,ΓΕΜΕΛΟΥ,"750, 800, 846, 852"
370065: ΛΑΟΔΙΚΕΙΑΣ,"370065","370065",ΛΑΟΔΙΚΕΙΑΣ,LAODIKEIAS,ΓΕΜΕΛΟΥ,"750, 800, 846, 852"
370066: ΚΡΑΤΙΚΟ,"370066","370066",ΚΡΑΤΙΚΟ,KRATIKO,Ν.ΜΠΕΛΟΓΙΑΝΝΗ,"828, 860, 909"
370067: ΚΑΤΡΑΚΕΙΟ,"370067","370067",ΚΑΤΡΑΚΕΙΟ,KATRAKEIO,ΠΑΠΑΝΙΚΟΛΗ,"750"
370068: ΠΕΡΙΒΟΛΑΚΙ,"370068","370068",ΠΕΡΙΒΟΛΑΚΙ,PERIBOLAKI,ΠΛ.ΔΑΒΑΚΗ,"400, 809, 830"
370069: ΧΕΙΜΑΡΑΣ,"370069","370069",ΧΕΙΜΑΡΑΣ,XEIMARAS,ΧΡ.ΣΜΥΡΝΗΣ,"827, 831, 860"
370070: ΑΓ. ΤΡΙΑΔΑ,"370070","370070",ΑΓ. ΤΡΙΑΔΑ,AG. TRIADA,ΧΡ.ΣΜΥΡΝΗΣ,"827, 831, 860"
370071: ΓΗΠΕΔΟ,"370071","370071",ΓΗΠΕΔΟ,GHPEDO,ΣΙΝΩΠΗΣ,"827"
370073: ΑΡΚΑΔΙΟΥ,"370073","370073",ΑΡΚΑΔΙΟΥ,ARKADIOY,ΓΕΜΕΛΟΥ,"750, 800, 846, 852"
370074: ΗΦΑΙΣΤΟΥ,"370074","370074",ΗΦΑΙΣΤΟΥ,HFAISTOY,ΗΦΑΙΣΤΟΥ,"750"
370075: ΠΑΛΑΙΟ ΤΕΡΜΑ,"370075","370075",ΠΑΛΑΙΟ ΤΕΡΜΑ,PALAIO TERMA,Ν.ΜΠΕΛΟΓΙΑΝΝΗ,"828, 831, 860, 909"
370077: ΠΕΡΙΒΟΛΑΚΙ,"370077","370077",ΠΕΡΙΒΟΛΑΚΙ,PERIBOLAKI,7ης ΜΑΡΤΙΟΥ 1944,"810, 830, 831"
370078: ΑΓ. ΙΩΑΝΝΗΣ,"370078","370078",ΑΓ. ΙΩΑΝΝΗΣ,AG. IOANNHS,17ης ΜΑΡΤΙΟΥ 1944,"810, 830, 831"
370079: ΓΕΦΥΡΑ,"370079","370079",ΓΕΦΥΡΑ,GEFYRA,17ης ΜΑΡΤΙΟΥ 1944,"810, 830, 831"
370080: ΓΕΦΥΡΑ,"370080","370080",ΓΕΦΥΡΑ,GEFYRA,ΓΕΡΒΑΣΙΟΥ ΓΡΕΒΕΝΩΝ,"800, 809, 820, 827, 828, 830, 841, 846, 909"
370081: ΑΓ. ΝΙΚΟΛΑΟΣ - ΣΤ. ΝΙΚΑΙΑ,"370081","370081",ΑΓ. ΝΙΚΟΛΑΟΣ - ΣΤ. ΝΙΚΑΙΑ,AG. NIKOLAOS - ST. NIKAIA,ΓΕΡΒΑΣΙΟΥ ΓΡΕΒΕΝΩΝ,"800, 809, 820, 827, 828, 830, 841, 846, 909"
370082: ΚΑΛΛΙΠΟΛΕΩΣ,"370082","370082",ΚΑΛΛΙΠΟΛΕΩΣ,KALLIPOLEOS,Ν.ΜΠΕΛΟΓΙΑΝΝΗ,"828, 909"
370083: ΚΑΛΛΙΠΟΛΕΩΣ,"370083","370083",ΚΑΛΛΙΠΟΛΕΩΣ,KALLIPOLEOS,Ν.ΜΠΕΛΟΓΙΑΝΝΗ,"828, 909"
370084: ΑΤΤΑΛΕΙΑ,"370084","370084",ΑΤΤΑΛΕΙΑ,ATTALEIA,ΑΤΤΑΛΕΙΑΣ,"806, 809"
370086: ΠΛ. ΑΝΑΛΗΨΕΩΣ,"370086","370086",ΠΛ. ΑΝΑΛΗΨΕΩΣ,PL. ANALHPSEOS,ΠΛ.ΑΝΑΛΗΨΕΩΣ,"800, 846, 852"
370088: ΠΛ. ΑΝΑΛΗΨΕΩΣ,"370088","370088",ΠΛ. ΑΝΑΛΗΨΕΩΣ,PL. ANALHPSEOS,ΑΝΑΛΗΨΕΩΣ,"807"
370089: ΣΑΓΙΟΝΑΡΑ,"370089","370089",ΣΑΓΙΟΝΑΡΑ,SAGIONARA,ΒΟΥΡΝΟΒΑ,"814, 852"
370090: ΚΩΣΤΗΣ ΠΑΛΑΜΑΣ,"370090","370090",ΚΩΣΤΗΣ ΠΑΛΑΜΑΣ,KOSTHS PALAMAS,ΒΟΥΡΝΟΒΑ,"814"
370091: ΣΑΓΙΟΝΑΡΑ,"370091","370091",ΣΑΓΙΟΝΑΡΑ,SAGIONARA,ΒΟΥΡΝΟΒΑ,"814, 824, 825, 848, 852"
370092: 1η Κ. ΠΑΛΑΜΑ,"370092","370092",1η Κ. ΠΑΛΑΜΑ,1st K. PALAMA,Κ.ΠΑΛΑΜΑ,"800, 824, 825, 846, 848, 852"
370094: ΝΗΠΙΑΓΩΓΕΙΟ,"370094","370094",ΝΗΠΙΑΓΩΓΕΙΟ,NHPIAGOGEIO,ΑΓΓ.ΣΙΚΕΛΙΑΝΟΥ,"846"
370095: ΕΥΡΙΠΙΔΟΥ,"370095","370095",ΕΥΡΙΠΙΔΟΥ,EYRIPIDOY,ΕΥΡΙΠΙΔΟΥ,"846"
370096: ΦΛΕΜΙΝΓΚ,"370096","370096",ΦΛΕΜΙΝΓΚ,FLEMINGK,ΦΛΕΜΙΝΓΚ,"846"
370097: ΠΡΑΞΙΤΕΛΟΥΣ,"370097","370097",ΠΡΑΞΙΤΕΛΟΥΣ,PRAXITELOYS,ΠΡΑΞΙΤΕΛΟΥΣ,"846"
370098: ΣΤ. ΝΙΚΑΙΑ,"370098","370098",ΣΤ. ΝΙΚΑΙΑ,ST. NIKAIA,ΓΕΜΕΛΟΥ,"800, 809, 820, 827, 828, 841, 846"
370100: ΙΩΝΙΑΣ,"370100","370100",ΙΩΝΙΑΣ,IONIAS,ΤΑΡΣΟΥ,"400, 825"
370101: ΓΥΜΝΑΣΙΟ,"370101","370101",ΓΥΜΝΑΣΙΟ,GYMNASIO,ΤΖΑΒΕΛΛΑ,"814, 909"
370102: ΣΤΡΟΦΗ ΚΥΠΡΟΥ,"370102","370102",ΣΤΡΟΦΗ ΚΥΠΡΟΥ,STROFH KYPROY,ΚΥΠΡΟΥ,"814"
370104: ΦΑΝΑΡΙ,"370104","370104",ΦΑΝΑΡΙ,FANARI,ΛΕΩΦ. 28ης ΟΚΤΩΒΡΙΟΥ,"750, 814"
370105: ΣΧΟΛΕΙΟ,"370105","370105",ΣΧΟΛΕΙΟ,SXOLEIO,ΛΕΩΦ. 28ης ΟΚΤΩΒΡΙΟΥ,"750, 814"
370107: ΕΥΑΓΓΕΛΙΣΤΡΙΑΣ,"370107","370107",ΕΥΑΓΓΕΛΙΣΤΡΙΑΣ,EYAGGELISTRIAS,ΚΟΥΤΑΙΣΗ,"800, 846"
370108: ΕΥΑΓΓΕΛΙΣΤΡΙΑ,"370108","370108",ΕΥΑΓΓΕΛΙΣΤΡΙΑ,EYAGGELISTRIA,ΚΟΥΤΑΙΣΗ,"750, 800"
370109: ΣΤΕΓΗ,"370109","370109",ΣΤΕΓΗ,STEGH,ΛΕΩΦ.28ηΣΟΚΤΩΒΡΙΟΥ,"750, 814"
370110: ΣΧΟΛΕΙΟ,"370110","370110",ΣΧΟΛΕΙΟ,SXOLEIO,ΛΕΩΦ.28ης ΟΚΤΩΒΡΙΟΥ,"750, 814"
370111: ΦΑΝΑΡΙ,"370111","370111",ΦΑΝΑΡΙ,FANARI,ΛΕΩΦ.28ης ΟΚΤΩΒΡΙΟΥ,"750, 814"
370112: ΦΡΥΓΙΑΣ,"370112","370112",ΦΡΥΓΙΑΣ,FRYGIAS,ΛΟΧΑΓΟΥ ΧΑΤΖΗΒΑΣΙΛΕΙΟΥ,"400, 750, 814, 909"
370113: ΠΑΛ. ΤΕΡΜΑ,"370113","370113",ΠΑΛ. ΤΕΡΜΑ,PAL. TERMA,ΑΓΓ.ΣΙΚΕΛΙΑΝΟΥ,"800, 824, 825, 846, 848, 852"
370114: ΠΑΛ. ΤΕΡΜΑ,"370114","370114",ΠΑΛ. ΤΕΡΜΑ,PAL. TERMA,ΑΓΓ.ΣΙΚΕΛΙΑΝΟΥ,"800, 824, 825, 846, 848, 852"
370115: ΤΖΑΒΕΛΛΑ,"370115","370115",ΤΖΑΒΕΛΛΑ,TZABELLA,ΤΖΑΒΕΛΛΑ,"814, 909"
370119: ΚΑΜΠΟΥΡΗ,"370119","370119",ΚΑΜΠΟΥΡΗ,KAMPOYRH,ΠΑΝΟΡΜΟΥ,"400, 814, 824, 825, 909"
370123: ΚΟΙΜ. ΘΕΟΤΟΚΟΥ,"370123","370123",ΚΟΙΜ. ΘΕΟΤΟΚΟΥ,KOIM. THEOTOKOY,Κ.ΠΑΛΑΜΑ,"800, 824, 825, 846, 848, 852"
370124: ΟΣΙΑ ΞΕΝΗ,"370124","370124",ΟΣΙΑ ΞΕΝΗ,OSIA XENH,ΚΥΠΡΟΥ,"814"
370125: ΣΤΕΓΗ,"370125","370125",ΣΤΕΓΗ,STEGH,ΛΕΩΦ. 28ης ΟΚΤΩΒΡΙΟΥ,"814"
370126: 2η ΠΑΛΑΜΑ,"370126","370126",2η ΠΑΛΑΜΑ,2nd PALAMA,Κ.ΠΑΛΑΜΑ,"800, 824, 825, 846, 848, 852"
370128: ΑΙΟΛΟΥ,"370128","370128",ΑΙΟΛΟΥ,AIOLOY,ΑΙΣΧΥΛΟΥ,"852"
370129: ΚΙΛΚΙΣ,"370129","370129",ΚΙΛΚΙΣ,KILKIS,ΑΙΣΧΥΛΟΥ,"852"
370130: ΠΛ. ΑΡΕΩΣ,"370130","370130",ΠΛ. ΑΡΕΩΣ,PL. AREOS,ΧΡ.ΣΜΥΡΝΗΣ,"831, 860"
370131: ΠΛ. ΙΩ. ΜΕΛΑ,"370131","11532",ΠΛ. ΙΩ. ΜΕΛΑ,PL. IO. MELA,Π.ΡΑΛΛΗ,"21, 827, 842, 852"
370132: ΚΑΙΣΑΡΕΙΑΣ,"370132","370132",ΚΑΙΣΑΡΕΙΑΣ,KAISAREIAS,ΓΕΜΕΛΟΥ,"21, 800, 809, 820, 827, 828, 841, 846"
370138: ΝΗΠΙΑΓΩΓΕΙΟ,"370138","370138",ΝΗΠΙΑΓΩΓΕΙΟ,NHPIAGOGEIO,ΑΓΓ.ΣΙΚΕΛΙΑΝΟΥ,"852"
370139: 1η ΓΚΟΥΡΑ,"370139","370139",1η ΓΚΟΥΡΑ,1st GKOYRA,Ι.ΓΚΟΥΡΑ,"800, 824, 825, 846, 848, 852"
370140: 2η ΓΚΟΥΡΑ,"370140","370140",2η ΓΚΟΥΡΑ,2nd GKOYRA,Ι.ΓΚΟΥΡΑ,"800, 824, 825, 846, 848, 852"
370141: 3η ΓΚΟΥΡΑ,"370141","370141",3η ΓΚΟΥΡΑ,3rd GKOYRA,Ι.ΓΚΟΥΡΑ,"800, 824, 825, 846, 848, 852"
370145: ΑΡΜΕΝΙΚΗ ΕΚΚΛΗΣΙΑ,"370145","370145",ΑΡΜΕΝΙΚΗ ΕΚΚΛΗΣΙΑ,ARMENIKH EKKLHSIA,Ν.ΜΠΕΛΟΓΙΑΝΝΗ,"828, 909"
370146: ΓΡΙΒΑ,"370146","370146",ΓΡΙΒΑ,GRIBA,Ν.ΜΠΕΛΟΓΙΑΝΝΗ,"828, 909"
370147: ΜΥΚΗΝΩΝ,"370147","370147",ΜΥΚΗΝΩΝ,MYKHNON,Ν.ΜΠΕΛΟΓΙΑΝΝΗ,"828, 909"
370148: ΚΡΑΤΙΚΟ,"370148","370148",ΚΡΑΤΙΚΟ,KRATIKO,Ν.ΜΠΕΛΟΓΙΑΝΝΗ,"828, 831, 860, 909"
370149: ΜΥΚΗΝΩΝ,"370149","370149",ΜΥΚΗΝΩΝ,MYKHNON,Ν.ΜΠΕΛΟΓΙΑΝΝΗ,"828, 909"
370150: ΣΑΛΑΜΙΝΟΣ,"370150","370150",ΣΑΛΑΜΙΝΟΣ,SALAMINOS,Ν.ΜΠΕΛΟΓΙΑΝΝΗ,"828, 909"
370151: ΑΡΜΕΝΙΚΗ ΕΚΚΛΗΣΙΑ,"370151","370151",ΑΡΜΕΝΙΚΗ ΕΚΚΛΗΣΙΑ,ARMENIKH EKKLHSIA,Ν.ΜΠΕΛΟΓΙΑΝΝΗ,"828, 909"
370152: ΤΖΑΝΗ,"370152","370152",ΤΖΑΝΗ,TZANH,Π.ΡΑΛΛΗ,"820, 824, 825, 826, 841, 871, 871Τ"
370153: KAΜΠΟΥΡΗ,"370153","370153",KAΜΠΟΥΡΗ,KAMPOYRH,ΤΖΑΒΕΛΛΑ,"814, 909"
370154: ΚΥΠΡΟΥ,"370154","370154",ΚΥΠΡΟΥ,KYPROY,ΤΖΑΒΕΛΛΑ,"800, 827, 830, 909"
370155: ΓΕΦΥΡΑ,"370155","10630",ΓΕΦΥΡΑ,GEFYRA,,"828, 909"
370156: ΚΩΣΤΗΣ ΠΑΛΑΜΑΣ,"370156","370156",ΚΩΣΤΗΣ ΠΑΛΑΜΑΣ,KOSTHS PALAMAS,ΒΟΥΡΝΟΒΑ,"814, 824, 825, 848, 852"
370157: ΚΡΑΤΙΚΟ ΝΟΣΟΚΟΜΕΙΟ,"370157","370157",ΚΡΑΤΙΚΟ ΝΟΣΟΚΟΜΕΙΟ,KRATIKO NOSOKOMEIO,Π.ΜΕΛΑ,"831, 860"
370159: ΣΤΡΟΦΗ ΚΟΡΥΔΑΛΛΟΥ,"370159","370159",ΣΤΡΟΦΗ ΚΟΡΥΔΑΛΛΟΥ,STROFH KORYDALLOY,ΚΟΥΤΑΙΣΗ,"814, 824, 825, 848, 852"
370160: ΑΣΥΛΟ,"370160","370160",ΑΣΥΛΟ,ASYLO,ΑΤΤΑΛΕΙΑΣ,"809"
370161: ΤΖΟΥΜΑΓΙΑΣ,"370161","370161",ΤΖΟΥΜΑΓΙΑΣ,TZOYMAGIAS,ΑΤΤΑΛΕΙΑΣ,"809"
370162: ΤΡΙΚΟΥΠΗ,"370162","370162",ΤΡΙΚΟΥΠΗ,TRIKOYPH,ΑΤΤΑΛΕΙΑΣ,"809"
370163: ΚΡΗΤΙΚΙΑΣ,"370163","370163",ΚΡΗΤΙΚΙΑΣ,KRHTIKIAS,ΑΤΤΑΛΕΙΑΣ,"809"
370168: ΠΛ. ΑΝΑΛΗΨΕΩΣ,"370168","370168",ΠΛ. ΑΝΑΛΗΨΕΩΣ,PL. ANALHPSEOS,Κ.ΠΑΛΑΜΑ,"800, 824, 825, 846, 848, 852"
370169: 7ης ΜΑΡΤΗ,"370169","11543",7ης ΜΑΡΤΗ,7th MARTH,7ης ΜΑΡΤΗ,"800, 809, 810, 827, 830, 831, 846"
370173: ΜΟΥΧΤΟΥΡΗ,"370173","370173",ΜΟΥΧΤΟΥΡΗ,MOYXTOYRH,ΑΓΓ.ΣΙΚΕΛΙΑΝΟΥ,"800, 824, 825, 846, 848, 852"
370174: ΝΑΥΑΡΙΝΟΥ,"370174","370174",ΝΑΥΑΡΙΝΟΥ,NAYARINOY,ΝΕΣΤΟΡΟΣ,"750"
370175: ΤΡΟΙΑΣ,"370175","370175",ΤΡΟΙΑΣ,TROIAS,ΛΕΩΦ.ΓΡ.ΛΑΜΠΡΑΚΗ,"800, 825"
370178: ΠΛ. ΚΡΗΝΗΣ,"370178","370178",ΠΛ. ΚΡΗΝΗΣ,PL. KRHNHS,ΠΛ.ΔΗΜΟΚΡΑΤΙΑΣ,"750, 800, 814, 846, 852"
370179: ΟΛΥΜΠΟΥ,"370179","370179",ΟΛΥΜΠΟΥ,OLYMPOY,Π.ΜΕΛΑ,"860"
370180: ΠΛ. ΚΡΗΝΗΣ,"370180","11585",ΠΛ. ΚΡΗΝΗΣ,PL. KRHNHS,ΕΛΛΗΣΠΟΝΤΟΥ,"814"
370182: ΠΛΑΤΕΙΑ,"370182","370182",ΠΛΑΤΕΙΑ,PLATEIA,ΙΑΣΩΝΟΣ,"800"
370183: ΑΚΡΟΠΟΛΕΩΣ,"370183","370183",ΑΚΡΟΠΟΛΕΩΣ,AKROPOLEOS,ΑΙΣΩΠΟΥ,"800"
370184: ΣΠΑΘΑ,"370184","370184",ΣΠΑΘΑ,SPATHA,ΛΕΩΦ.ΓΡ.ΛΑΜΠΡΑΚΗ,"800, 814, 852"
370185: ΠΑΙΔΙΚΗ ΧΑΡΑ,"370185","370185",ΠΑΙΔΙΚΗ ΧΑΡΑ,PAIDIKH XARA,ΓΚΟΥΡΑ,"800, 824, 825, 846, 848, 852"
370186: ΠΛ. ΑΘΗΝΑΣ ΜΑΥΡΟΥ,"370186","370186",ΠΛ. ΑΘΗΝΑΣ ΜΑΥΡΟΥ,PL. ATHINAS MAYROY,ΚΩΣΤΗ ΠΑΛΑΜΑ-ΠΛ.ΑΘ.ΜΑΥΡΟΥ,"800, 824, 825, 846, 848, 852"
370187: ΑΝΑΚΡΕΟΝΤΟΣ,"370187","11935",ΑΝΑΚΡΕΟΝΤΟΣ,ANAKREONTOS,ΑΝΑΚΡΕΟΝΤΟΣ ΝΙΚΑΙΑ,"810"
370900: ΕΦΕΣΟΥ,"370900","11438",ΕΦΕΣΟΥ,EFESOY,,"800, 809, 820, 827, 828, 841, 846"
370901: ΔΗΜΑΡΧΕΙΟ,"370901","11726",ΔΗΜΑΡΧΕΙΟ,DHMARXEIO,ΠΑΝΑΓΗ ΤΣΑΛΔΑΡΗ &ΑΝΤΙΟΧΕΙΑΣ,"800"
37: ΠΟΛΥΤΕΧΝΕΙΟ,"37","10203",ΠΟΛΥΤΕΧΝΕΙΟ,POLYTEXNEIO,,"Α8, Β12"
380001: ΠΕΝΤΕΛΗΣ,"380001","380001",ΠΕΝΤΕΛΗΣ,PENTELHS,ΛΕΩΦ.ΑΜΦΙΘΕΑΣ,"229, Α2"
380002: ΙΑΣΟΝΟΣ,"380002","380002",ΙΑΣΟΝΟΣ,IASONOS,ΛΕΩΦ.ΑΜΦΙΘΕΑΣ,"229, Α2"
380003: ΗΧΟΥΣ,"380003","380003",ΗΧΟΥΣ,HXOYS,ΛΕΩΦ.ΑΜΦΙΘΕΑΣ,"229, Α2"
380004: ΠΑΛΑΙΟΛΟΓΟΥ,"380004","380004",ΠΑΛΑΙΟΛΟΓΟΥ,PALAIOLOGOY,ΛΕΩΦ.ΑΜΦΙΘΕΑΣ,"229, Α2"
380005: ΚΑΛΥΨΟΥΣ,"380005","380005",ΚΑΛΥΨΟΥΣ,KALYPSOYS,ΛΕΩΦ.ΑΜΦΙΘΕΑΣ,"229, Α2"
380006: ΑΜΦΙΘΕΑΣ,"380006","380006",ΑΜΦΙΘΕΑΣ,AMFITHEAS,ΛΕΩΦ.ΑΜΦΙΘΕΑΣ,"106"
380007: ΑΧΙΛΛΕΩΣ,"380007","380007",ΑΧΙΛΛΕΩΣ,AXILLEOS,ΛΕΩΦ.ΑΜΦΙΘΕΑΣ,"106, 229, Α2"
380008: ΝΑΙΑΔΩΝ,"380008","380008",ΝΑΙΑΔΩΝ,NAIADON,ΛΕΩΦ.ΑΜΦΙΘΕΑΣ,"106, 229, Α2"
380009: ΓΕΦΥΡΑ,"380009","380009",ΓΕΦΥΡΑ,GEFYRA,ΛΕΩΦ.ΑΜΦΙΘΕΑΣ,Α2
380010: ΓΕΦΥΡΑ,"380010","380010",ΓΕΦΥΡΑ,GEFYRA,ΛΕΩΦ.ΑΜΦΙΘΕΑΣ,"106, 115, 126, 229, Α2"
380011: ΝΑΙΑΔΩΝ,"380011","380011",ΝΑΙΑΔΩΝ,NAIADON,ΛΕΩΦ.ΑΜΦΙΘΕΑΣ,"106, 115, 229, Α2"
380012: ΑΧΙΛΛΕΩΣ,"380012","380012",ΑΧΙΛΛΕΩΣ,AXILLEOS,ΛΕΩΦ.ΑΜΦΙΘΕΑΣ,"106, 115, 229, Α2"
380013: ΑΜΦΙΘΕΑΣ,"380013","380013",ΑΜΦΙΘΕΑΣ,AMFITHEAS,ΛΕΩΦ.ΑΜΦΙΘΕΑΣ,"106"
380014: ΚΑΛΥΨΟΥΣ,"380014","380014",ΚΑΛΥΨΟΥΣ,KALYPSOYS,ΛΕΩΦ.ΑΜΦΙΘΕΑΣ,"115, 229, Α2"
380015: ΠΑΛΑΙΟΛΟΓΟΥ,"380015","380015",ΠΑΛΑΙΟΛΟΓΟΥ,PALAIOLOGOY,ΛΕΩΦ.ΑΜΦΙΘΕΑΣ,"115, 229, Α2"
380016: ΗΧΟΥΣ,"380016","380016",ΗΧΟΥΣ,HXOYS,ΛΕΩΦ.ΑΜΦΙΘΕΑΣ,"115, 229, Α2"
380017: ΙΑΣΟΝΟΣ,"380017","380017",ΙΑΣΟΝΟΣ,IASONOS,ΛΕΩΦ.ΑΜΦΙΘΕΑΣ,"115, 229, Α2"
380018: ΠΕΝΤΕΛΗΣ,"380018","380018",ΠΕΝΤΕΛΗΣ,PENTELHS,ΛΕΩΦ.ΑΜΦΙΘΕΑΣ,"115, 229, Α2"
380019: ΠΕΥΚΑ,"380019","380019",ΠΕΥΚΑ,PEYKA,ΠΕΝΤΕΛΗΣ,"126"
380020: ΤΡΑΠΕΖΑ,"380020","380020",ΤΡΑΠΕΖΑ,TRAPEZA,ΖΗΣΙΜΟΠΟΥΛΟΥ,"126"
380021: 1η ΑΜΦΙΘΕΑΣ,"380021","380021",1η ΑΜΦΙΘΕΑΣ,1st AMFITHEAS,ΖΗΣΙΜΟΠΟΥΛΟΥ,"126"
380022: 2η ΑΜΦΙΘΕΑΣ,"380022","380022",2η ΑΜΦΙΘΕΑΣ,2nd AMFITHEAS,ΖΗΣΙΜΟΠΟΥΛΟΥ,"126"
380023: 3η ΑΜΦΙΘΕΑΣ,"380023","380023",3η ΑΜΦΙΘΕΑΣ,3rd AMFITHEAS,ΖΗΣΙΜΟΠΟΥΛΟΥ,"126"
380024: 4η ΑΜΦΙΘΕΑΣ,"380024","380024",4η ΑΜΦΙΘΕΑΣ,4th AMFITHEAS,ΖΗΣΙΜΟΠΟΥΛΟΥ,"126"
380025: ΓΕΦΥΡΑ,"380025","380025",ΓΕΦΥΡΑ,GEFYRA,ΑΦΡΟΔΙΤΗΣ,"126"
380026: ΠΛΕΙΑΔΩΝ,"380026","380026",ΠΛΕΙΑΔΩΝ,PLEIADON,ΠΡΩΤΕΩΣ,"126"
380027: ΑΓΓΕΛΙΔΟΥ,"380027","380027",ΑΓΓΕΛΙΔΟΥ,AGGELIDOY,ΠΡΩΤΕΩΣ,"126"
380028: ΝΗΡΗΙΔΩΝ,"380028","380028",ΝΗΡΗΙΔΩΝ,NHRHIDON,ΑΦΡΟΔΙΤΗΣ,"126"
380029: ΤΕΡΨΙΧΟΡΗΣ,"380029","380029",ΤΕΡΨΙΧΟΡΗΣ,TERPSIXORHS,ΑΦΡΟΔΙΤΗΣ,"126"
380030: ΘΗΣΕΩΣ,"380030","380030",ΘΗΣΕΩΣ,THISEOS,ΑΦΡΟΔΙΤΗΣ,"126"
380031: ΑΙΑΝΤΟΣ,"380031","380031",ΑΙΑΝΤΟΣ,AIANTOS,ΑΦΡΟΔΙΤΗΣ,"126"
380034: ΑΠΟΒΙΒΑΣΗ,"380034","380034",ΑΠΟΒΙΒΑΣΗ,APOBIBASH,ΕΙΔ.ΔΙΑΜ.ΧΩΡΟ ΤΡΟΚΑΝΤΕΡΟ,"550, 860"
380037: ΝΑΙΑΔΩΝ,"380037","380037",ΝΑΙΑΔΩΝ,NAIADON,ΑΛΕΞΑΝΔΡΟΥ,"126"
380038: ΔΗΜΑΡΧΕΙΟ,"380038","380038",ΔΗΜΑΡΧΕΙΟ,DHMARXEIO,ΑΛΕΞΑΝΔΡΟΥ,"126"
380039: ΠΛΕΙΑΔΩΝ,"380039","380039",ΠΛΕΙΑΔΩΝ,PLEIADON,ΑΛΕΞΑΝΔΡΟΥ,"126"
380040: 5η ΑΜΦΙΘΕΑΣ,"380040","380040",5η ΑΜΦΙΘΕΑΣ,5th AMFITHEAS,ΖΗΣΙΜΟΠΟΥΛΟΥ,"126"
380041: 4η ΑΜΦΙΘΕΑΣ,"380041","380041",4η ΑΜΦΙΘΕΑΣ,4th AMFITHEAS,ΖΗΣΙΜΟΠΟΥΛΟΥ,"126"
380042: 3η ΑΜΦΙΘΕΑΣ,"380042","380042",3η ΑΜΦΙΘΕΑΣ,3rd AMFITHEAS,ΖΗΣΙΜΟΠΟΥΛΟΥ,"126"
380043: 2η ΑΜΦΙΘΕΑΣ,"380043","380043",2η ΑΜΦΙΘΕΑΣ,2nd AMFITHEAS,ΖΗΣΙΜΟΠΟΥΛΟΥ,"126"
380044: 1η ΑΜΦΙΘΕΑΣ,"380044","380044",1η ΑΜΦΙΘΕΑΣ,1st AMFITHEAS,ΖΗΣΙΜΟΠΟΥΛΟΥ,"126"
380045: ΤΡΑΠΕΖΑ,"380045","380045",ΤΡΑΠΕΖΑ,TRAPEZA,ΖΗΣΙΜΟΠΟΥΛΟΥ,"126"
380046: ΜΕΤΣΟΒΟΥ,"380046","380046",ΜΕΤΣΟΒΟΥ,METSOΒOY,ΡΗΓΑ ΦΕΡΑΙΟΥ,"126"
380047: ΦΟΡΟΣ,"380047","380047",ΦΟΡΟΣ,FOROS,ΛΕΩΦ.ΠΟΣΕΙΔΩΝΟΣ,"217, 860, Α1, Β1"
380048: ΟΥΛΕΝ,"380048","380048",ΟΥΛΕΝ,OYLEN,ΛΕΩΦ.ΠΟΣΕΙΔΩΝΟΣ,"217, Α1, Β1, Β2"
380049: ΤΡΟΚΑΝΤΕΡΟ,"380049","380049",ΤΡΟΚΑΝΤΕΡΟ,TROKANTERO,ΛΕΩΦ.ΠΟΣΕΙΔΩΝΟΣ,"217, Α1, Β1, Β2"
380050: ΦΛΟΙΣΒΟΣ,"380050","380050",ΦΛΟΙΣΒΟΣ,FLOISBOS,ΛΕΩΦ.ΠΟΣΕΙΔΩΝΟΣ,"217, Α1, Β1, Β2, Χ96"
380051: ΠΑΛΜΥΡΑ,"380051","380051",ΠΑΛΜΥΡΑ,PALMYRA,ΛΕΩΦ.ΠΟΣΕΙΔΩΝΟΣ,"217, Α1, Β1, Β2, Χ96"
380052: ΜΠΑΤΗΣ,"380052","380052",ΜΠΑΤΗΣ,MPATHS,ΛΕΩΦ.ΠΟΣΕΙΔΩΝΟΣ,"217, Α1, Β1, Β2"
380053: ΜΕΣΟΛΟΓΓΙΟΥ,"380053","380053",ΜΕΣΟΛΟΓΓΙΟΥ,MESOLOGGIOY,ΜΕΣΟΛΟΓΓΙΟΥ,"126"
380054: ΕΔΕΜ,"380054","380054",ΕΔΕΜ,EDEM,ΛΕΩΦ.ΠΟΣΕΙΔΩΝΟΣ,"217, Α1, Β1, Β2, Χ96"
380055: ΕΔΕΜ,"380055","380055",ΕΔΕΜ,EDEM,ΛΕΩΦ.ΠΟΣΕΙΔΩΝΟΣ,"217, Α1, Β1, Β2, Χ96"
380056: ΠΡΑΠΠΑΣ,"380056","380056",ΠΡΑΠΠΑΣ,PRAPPAS,ΛΕΩΦ.ΠΟΣΕΙΔΩΝΟΣ,"217, Α1, Β1, Β2"
380057: ΜΠΑΤΗΣ,"380057","380057",ΜΠΑΤΗΣ,MPATHS,ΛΕΩΦ.ΠΟΣΕΙΔΩΝΟΣ,"217, Α1, Β1, Β2"
380058: ΠΑΛΜΥΡΑ,"380058","380058",ΠΑΛΜΥΡΑ,PALMYRA,ΛΕΩΦ.ΠΟΣΕΙΔΩΝΟΣ,"217, Α1, Β1, Β2"
380059: ΦΛΟΙΣΒΟΣ,"380059","380059",ΦΛΟΙΣΒΟΣ,FLOISBOS,ΛΕΩΦ.ΠΟΣΕΙΔΩΝΟΣ,"217, Α1, Β1, Β2, Χ96"
380060: ΤΡΟΚΑΝΤΕΡΟ,"380060","380060",ΤΡΟΚΑΝΤΕΡΟ,TROKANTERO,ΛΕΩΦ.ΠΟΣΕΙΔΩΝΟΣ,"217, Α1, Β1, Β2"
380061: ΟΥΛΕΝ,"380061","380061",ΟΥΛΕΝ,OYLEN,ΛΕΩΦ.ΠΟΣΕΙΔΩΝΟΣ,"217, Α1, Β1, Β2"
380062: ΦΟΡΟΣ,"380062","380062",ΦΟΡΟΣ,FOROS,ΛΕΩΦ.ΠΟΣΕΙΔΩΝΟΣ,"217, 550, 860, Α1, Β1, Β2"
380065: ΕΥΓΕΝΙΔΕΙΟ,"380065","380065",ΕΥΓΕΝΙΔΕΙΟ,EYGENIDEIO,ΛΕΩΦ.ΣΥΓΓΡΟΥ,"550, Β2, Ε90"
380066: ΩΝΑΣΕΙΟ,"380066","380066",ΩΝΑΣΕΙΟ,ONASEIO,ΛΕΩΦ.ΣΥΓΓΡΟΥ,"126, 550, Β2"
380067: ΑΘΗΝΑΙΩΝ,"380067","380067",ΑΘΗΝΑΙΩΝ,ATHINAION,ΙΩΑΝΝΟΥ ΦΙΞ,"130"
380068: ΑΓ. ΤΡΙΑΔΑ,"380068","380068",ΑΓ. ΤΡΙΑΔΑ,AG. TRIADA,ΚΑΛΥΨΟΥΣ,"130"
380069: ΠΛ. ΝΤΑΒΑΡΗ,"380069","380069",ΠΛ. ΝΤΑΒΑΡΗ,PL. NTABARH,ΠΛ.ΝΤΑΒΑΡΗ,"106, 130"
380070: 1η ΓΟΡΓΟΠΟΤΑΜΟΥ,"380070","380070",1η ΓΟΡΓΟΠΟΤΑΜΟΥ,1st GORGOPOTAMOY,ΓΟΡΓΟΠΟΤΑΜΟΥ,"106, 130"
380071: ΣΟΦΙΑ ΜΠΕΦΟΝ,"380071","380071",ΣΟΦΙΑ ΜΠΕΦΟΝ,SOFIA MPEFON,ΓΟΡΓΟΠΟΤΑΜΟΥ,"106, 130"
380072: ΚΡΗΤΗΣ,"380072","380072",ΚΡΗΤΗΣ,KRHTHS,ΚΝΩΣΟΥ,"106, 130"
380073: ΠΑΛ. ΤΕΡΜΑ,"380073","380073",ΠΑΛ. ΤΕΡΜΑ,PAL. TERMA,ΑΡΓΕΙΩΝ,"106, 130"
380074: ΤΗΛΕΜΑΧΟΥ,"380074","380074",ΤΗΛΕΜΑΧΟΥ,THLEMAXOY,ΤΗΛΕΜΑΧΟΥ,"106, 130"
380075: 2η ΝΑΥΣΙΚΑΣ,"380075","380075",2η ΝΑΥΣΙΚΑΣ,2nd NAYSIKAS,ΝΑΥΣΙΚΑΣ,"106, 130"
380076: 1η ΝΑΥΣΙΚΑΣ,"380076","380076",1η ΝΑΥΣΙΚΑΣ,1st NAYSIKAS,ΝΑΥΣΙΚΑΣ,"106, 130"
380077: ΠΛ. ΝΤΑΒΑΡΗ,"380077","380077",ΠΛ. ΝΤΑΒΑΡΗ,PL. NTABARH,ΠΛ.ΝΤΑΒΑΡΗ,"106, 130"
380078: 5η ΑΜΦΙΘΕΑΣ,"380078","380078",5η ΑΜΦΙΘΕΑΣ,5th AMFITHEAS,ΖΗΣΙΜΟΠΟΥΛΟΥ,"126"
380079: ΧΑΡΗΤΩΝ,"380079","380079",ΧΑΡΗΤΩΝ,XARHTON,ΖΗΣΙΜΟΠΟΥΛΟΥ,"130"
380080: ΓΕΦΥΡΑ,"380080","11892",ΓΕΦΥΡΑ,GEFYRA,,"217, 550, 860, Α1, Β1, Β2, Χ96"
380091: ΦΟΡΟΣ,"380091","380091",ΦΟΡΟΣ,FOROS,ΛΕΩΦ.ΠΟΣΕΙΔΩΝΟΣ,"550, Β2"
380092: ΠΡΑΞΙΤΕΛΟΥΣ,"380092","380092",ΠΡΑΞΙΤΕΛΟΥΣ,PRAXITELOYS,ΧΡΟΝΟΠΟΥΛΟΥ,"126"
380093: 1η ΑΓ. ΒΑΡΒΑΡΑΣ,"380093","380093",1η ΑΓ. ΒΑΡΒΑΡΑΣ,1st AG. BARBARAS,ΑΓ.ΒΑΡΒΑΡΑΣ,"106, 126, 217, 229"
380094: 2η ΑΓ. ΒΑΡΒΑΡΑΣ,"380094","380094",2η ΑΓ. ΒΑΡΒΑΡΑΣ,2nd AG. BARBARAS,ΑΓ.ΒΑΡΒΑΡΑΣ,"106, 126, 217, 229"
380095: ΠΛ. ΦΙΛΙΚΗΣ ΕΤΑΙΡΕΙΑΣ,"380095","380095",ΠΛ. ΦΙΛΙΚΗΣ ΕΤΑΙΡΕΙΑΣ,PL. FILIKHS ETAIREIAS,ΠΛ.ΦΙΛΙΚΗΣ ΕΤΑΙΡΙΑΣ,"106, 126, 217, 229"
380096: 3η ΑΓ. ΒΑΡΒΑΡΑΣ,"380096","380096",3η ΑΓ. ΒΑΡΒΑΡΑΣ,3rd AG. BARBARAS,ΑΓ.ΒΑΡΒΑΡΑΣ,"106, 126, 217, 229"
380097: 4η ΑΓ. ΒΑΡΒΑΡΑΣ,"380097","380097",4η ΑΓ. ΒΑΡΒΑΡΑΣ,4th AG. BARBARAS,ΑΓ.ΒΑΡΒΑΡΑΣ,"106, 126, 217, 229"
380098: 5η ΑΓ. ΒΑΡΒΑΡΑΣ,"380098","380098",5η ΑΓ. ΒΑΡΒΑΡΑΣ,5th AG. BARBARAS,ΑΓ.ΒΑΡΒΑΡΑΣ,"106, 126, 217, 229"
380099: 4η ΑΓ. ΒΑΡΒΑΡΑΣ,"380099","380099",4η ΑΓ. ΒΑΡΒΑΡΑΣ,4ht AG. BARBARAS,ΑΓ.ΒΑΡΒΑΡΑΣ,"106, 126, 217, 229"
380100: ΠΛ. ΦΙΛΙΚΗΣ ΕΤΑΙΡΕΙΑΣ,"380100","380100",ΠΛ. ΦΙΛΙΚΗΣ ΕΤΑΙΡΕΙΑΣ,PL. FILIKHS ETAIREIAS,ΠΛ.ΦΙΛΙΚΗΣ ΕΤΑΙΡΙΑΣ,"106, 126, 217, 229"
380101: 2η ΑΓ. ΒΑΡΒΑΡΑΣ,"380101","380101",2η ΑΓ. ΒΑΡΒΑΡΑΣ,2nd AG. BARBARAS,ΑΓ.ΒΑΡΒΑΡΑΣ,"106, 126, 217, 229"
380102: 1η ΑΓ. ΒΑΡΒΑΡΑΣ,"380102","380102",1η ΑΓ. ΒΑΡΒΑΡΑΣ,1st AG. BARBARAS,ΑΓ.ΒΑΡΒΑΡΑΣ,"106, 126, 217, 229"
380106: ΑΓ. ΣΚΕΠΗ,"380106","380106",ΑΓ. ΣΚΕΠΗ,AG. SKEPH,ΛΕΩΦ.ΠΟΣΕΙΔΩΝΟΣ,"217, 860, Α1, Β1, Χ96"
380107: ΔΕΛΤΑ,"380107","380107",ΔΕΛΤΑ,DELTA,ΛΕΩΦ.ΠΟΣΕΙΔΩΝΟΣ,"130, 217, 860, Α1, Β1"
380114: ΑΡΙΣΤΕΙΔΟΥ,"380114","380114",ΑΡΙΣΤΕΙΔΟΥ,ARISTEIDOY,ΧΡΟΝΟΠΟΥΛΟΥ,"126"
380125: ΟΤΕ ΠΑΛ. ΦΑΛΗΡΟΥ,"380125","380125",ΟΤΕ ΠΑΛ. ΦΑΛΗΡΟΥ,OTE PAL. FALHROY,ΝΑΙΑΔΩΝ,"126"
380132: ΠΑΡΘΕΝΩΝΟΣ,"380132","380132",ΠΑΡΘΕΝΩΝΟΣ,PARTHENONOS,ΝΑΙΑΔΩΝ,"126"
380133: ΗΒΗΣ,"380133","380133",ΗΒΗΣ,HBHS,ΝΑΙΑΔΩΝ,"126"
380136: ΑΓ. ΤΡΙΑΔΑ,"380136","380136",ΑΓ. ΤΡΙΑΔΑ,AG. TRIADA,ΣΥΝΤ/ΧΟΥ ΖΗΣΙΜΟΠΟΥΛΟΥ,"130"
380137: ΠΛΑΝΗΤΑΡΙΟ,"380137","10578",ΠΛΑΝΗΤΑΡΙΟ,PLANHTARIO,ΛΕΩΦ. ΣΥΓΓΡΟΥ,Χ80
38: ΜΑΡΟΥΣΙ,"38","10204",ΜΑΡΟΥΣΙ,MAROYSI,,"410, 740, Α8"
390001: ΣΚΕΠΗ ΠΡΟΝΟΙΑΣ,"390001","390001",ΣΚΕΠΗ ΠΡΟΝΟΙΑΣ,SKEPH PRONOIAS,ΛΕΩΦ.ΛΑΥΡΙΟΥ,"307, 308"
390002: ΛΑΓΟΥ,"390002","390002",ΛΑΓΟΥ,LAGOY,ΣΚΙΑΔΑ,"307, 308"
390003: ΣΚΙΑΔΑ,"390003","390003",ΣΚΙΑΔΑ,SKIADA,ΔΙΑΔΟΧΟΥ ΚΩΝΣΤΑΝΤΙΝΟΥ,"307, 308"
390004: ΑΤΤΙΚΕΣ ΔΙΑΔΡΟΜΕΣ,"390004","390004",ΑΤΤΙΚΕΣ ΔΙΑΔΡΟΜΕΣ,ATTIKES DIADROMES,ΠΑΡΑΔΡΟΜΟΣ ΑΤΤΙΚΗΣ ΟΔΟΥ,"Χ93, Χ95"
390005: ΑΤΤΙΚΕΣ ΔΙΑΔΡΟΜΕΣ,"390005","390005",ΑΤΤΙΚΕΣ ΔΙΑΔΡΟΜΕΣ,ATTIKES DIADROMES,ΑΤΤΙΚΗΣ ΟΔΟΥ,"Χ93, Χ95"
390006: ΣΕΑ,"390006","390006",ΣΕΑ,SEA,ΑΤΤΙΚΗΣ ΟΔΟΥ,"Χ93, Χ95"
390007: 3η ΑΓΙΑΣ ΤΡΙΑΔΑΣ,"390007","390007",3η ΑΓΙΑΣ ΤΡΙΑΔΑΣ,3rd AGIAS TRIADAS,ΑΓΙΑΣ ΤΡΙΑΔΑΣ,"307, 308"
390008: 1η ΤΣΙΜΗΝΗ,"390008","390008",1η ΤΣΙΜΗΝΗ,1st TSIMHNH,Ε.ΤΣΙΜΗΝΗ,"307, 308"
390009: 2η ΤΣΙΜΗΝΗ,"390009","390009",2η ΤΣΙΜΗΝΗ,2nd TSIMHNH,Ε.ΤΣΙΜΗΝΗ,"307, 308"
390010: ΣΤΑΜΟΥ,"390010","390010",ΣΤΑΜΟΥ,STAMOY,ΚΑΡΑΟΛΗ ΚΑΙ ΔΗΜΗΤΡΙΟΥ,"307, 308"
390011: ΣΕΑ,"390011","390011",ΣΕΑ,SEA,ΠΑΡ.ΑΤΤ.ΟΔΟΥ,"Χ93, Χ95"
390012: 3η Λ. ΜΑΡΚΟΠΟΥΛΟΥ,"390012","390012",3η Λ. ΜΑΡΚΟΠΟΥΛΟΥ,3rd L. MARKOPOYLOY,ΛΕΩΦ.ΜΑΡΚΟΠΟΥΛΟΥ,"307"
390013: ΑΓ. ΑΘΑΝΑΣΙΟΣ,"390013","390013",ΑΓ. ΑΘΑΝΑΣΙΟΣ,AG. ATHANASIOS,ΑΓ.ΑΘΑΝΑΣΙΟΥ,"307, 308"
390014: ΒΑΣ. ΓΕΩΡΓΙΟΥ,"390014","390014",ΒΑΣ. ΓΕΩΡΓΙΟΥ,VAS. GEORGIOY,ΒΑΣ.ΓΕΩΡΓΙΟΥ,"307, 308"
390015: ΑΤΤΙΚΗΣ,"390015","390015",ΑΤΤΙΚΗΣ,ATTIKHS,ΑΤΤΙΚΗΣ,"307, 308"
390016: 2η Λ. ΜΑΡΚΟΠΟΥΛΟΥ,"390016","390016",2η Λ. ΜΑΡΚΟΠΟΥΛΟΥ,2nd L. MARKOPOYLOY,ΛΕΩΦ.ΜΑΡΚΟΠΟΥΛΟΥ,"307"
390017: 3η ΑΓΙΑΣ ΤΡΙΑΔΟΣ,"390017","390017",3η ΑΓΙΑΣ ΤΡΙΑΔΟΣ,3rd AGIAS TRIADOS,ΑΓ.ΤΡΙΑΔΟΣ,"307, 308"
390018: 2η ΑΓΙΑΣ ΤΡΙΑΔΟΣ,"390018","390018",2η ΑΓΙΑΣ ΤΡΙΑΔΟΣ,2nd AGIAS TRIADOS,ΑΓ.ΤΡΙΑΔΟΣ,"307, 308"
390019: ΣΙΝΕ ΠΑΙΑΝΙΑ,"390019","390019",ΣΙΝΕ ΠΑΙΑΝΙΑ,SINE PAIANIA,ΑΓ.ΤΡΙΑΔΟΣ,"307, 308"
390020: ΠΕΡΙΠΤΕΡΟ,"390020","390020",ΠΕΡΙΠΤΕΡΟ,PERIPTERO,Ι.ΜΕΤΑΞΑ,"307, 308"
390021: 1η Λ. ΜΑΡΚΟΠΟΥΛΟΥ,"390021","390021",1η Λ. ΜΑΡΚΟΠΟΥΛΟΥ,1st L. MARKOPOYLOY,ΛΕΩΦ.ΜΑΡΚΟΠΟΥΛΟΥ,"307"
390024: ΔΙΑΣΤΑΥΡΩΣΗ ΜΑΡΚΟΠΟΥΛΟΥ,"390024","390024",ΔΙΑΣΤΑΥΡΩΣΗ ΜΑΡΚΟΠΟΥΛΟΥ,DIASTAYROSH MARKOPOYLOY,ΛΕΩΦ.ΛΑΥΡΙΟΥ,"308"
390025: ΚΟΝΤΟΥ,"390025","390025",ΚΟΝΤΟΥ,KONTOY,ΛΕΩΦ.ΛΑΥΡΙΟΥ,"308"
390026: ΦΩΛΙΑ,"390026","390026",ΦΩΛΙΑ,FOLIA,ΛΕΩΦ.ΛΑΥΡΙΟΥ,"308"
390027: ΦΩΛΙΑ,"390027","390027",ΦΩΛΙΑ,FOLIA,ΛΕΩΦ.ΛΑΥΡΙΟΥ,"308"
390028: ΚΟΝΤΟΥ,"390028","390028",ΚΟΝΤΟΥ,KONTOY,ΛΕΩΦ.ΛΑΥΡΙΟΥ,"308"
390029: ΔΙΑΣΤ. ΜΑΡΚΟΠΟΥΛΟΥ,"390029","390029",ΔΙΑΣΤ. ΜΑΡΚΟΠΟΥΛΟΥ,DIAST. MARKOPOYLOY,ΛΕΩΦ.ΛΑΥΡΙΟΥ,"307, 308"
390030: 1η Λ. ΜΑΡΚΟΠΟΥΛΟΥ,"390030","390030",1η Λ. ΜΑΡΚΟΠΟΥΛΟΥ,1st L. MARKOPOYLOY,ΛΕΩΦ.ΜΑΡΚΟΠΟΥΛΟΥ,"307"
390031: 2η Λ. ΜΑΡΚΟΠΟΥΛΟΥ,"390031","390031",2η Λ. ΜΑΡΚΟΠΟΥΛΟΥ,2nd L. MARKOPOYLOY,ΛΕΩΦ.ΜΑΡΚΟΠΟΥΛΟΥ,"307"
390032: ΛΙΟΤΡΙΒΙ,"390032","390032",ΛΙΟΤΡΙΒΙ,LIOTRIBI,ΛΕΩΦ.ΛΑΥΡΙΟΥ,"307, 308"
390033: ΚΗΠΟΣ ΚΑΝΑΚΗ,"390033","390033",ΚΗΠΟΣ ΚΑΝΑΚΗ,KHPOS KANAKH,ΛΕΩΦ.ΛΑΥΡΙΟΥ,"307, 308"
390034: ΛΑΓΟΥ,"390034","390034",ΛΑΓΟΥ,LAGOY,ΛΕΩΦ.ΛΑΥΡΙΟΥ,"307, 308"
390035: ΣΚΕΠΗ ΠΡΟΝΟΙΑΣ,"390035","390035",ΣΚΕΠΗ ΠΡΟΝΟΙΑΣ,SKEPH PRONOIAS,ΛΕΩΦ.ΛΑΥΡΙΟΥ,"307, 308"
390036: ΒΥΘΟΥΛΚΑ,"390036","390036",ΒΥΘΟΥΛΚΑ,BYTHOYLKA,ΛΕΩΦ.ΛΑΥΡΙΟΥ,"307, 308"
390037: 5η ΓΛΥΚΩΝ ΝΕΡΩΝ,"390037","390037",5η ΓΛΥΚΩΝ ΝΕΡΩΝ,5th GLYKON NERON,ΛΕΩΦ.ΛΑΥΡΙΟΥ,"307, 308"
390038: ΠΑΙΔΙΑΤΡΕΙΟ,"390038","390038",ΠΑΙΔΙΑΤΡΕΙΟ,PAIDIATREIO,ΛΕΩΦ.ΛΑΥΡΙΟΥ,"308"
390049: ΔΙΑΔ. ΚΩΝ/ΝΟΥ,"390049","390049",ΔΙΑΔ. ΚΩΝ/ΝΟΥ,DIAD. KON/NOY,ΔΙΑΔ.ΚΩΝ/ΝΟΥ,"307, 308"
390050: 1η ΑΓΙΑΣ ΤΡΙΑΔΑΣ,"390050","390050",1η ΑΓΙΑΣ ΤΡΙΑΔΑΣ,1st AG. TRIADAS,ΑΓΙΑΣ ΤΡΙΑΔΑΣ,"307, 308"
390051: 2η ΑΓΙΑΣ ΤΡΙΑΔΑΣ,"390051","390051",2η ΑΓΙΑΣ ΤΡΙΑΔΑΣ,2nd AGIAS TRIADAS,ΑΓΙΑΣ ΤΡΙΑΔΑΣ,"307, 308"
390052: ΚΑΝΤΖΑ 2,"390052","390052",ΚΑΝΤΖΑ 2,KANTZA 2,ΓΕΦ.ΑΝΩ Δ/ΣΗΣ ΑΤ/ΚΗΣ ΟΔΟΥ,"307, 324, 326"
390053: ΚΑΝΤΖΑ 1,"390053","390053",ΚΑΝΤΖΑ 1,KANTZA 1,ΓΕΦ.ΑΝΩ Δ/ΣΗΣ ΑΤ/ΚΗΣ ΟΔΟΥ,"307, 324, 326"
390: ΠΑΝΕΠΙΣΤΗΜΙΟΥΠΟΛΗ,"390","11080",ΠΑΝΕΠΙΣΤΗΜΙΟΥΠΟΛΗ,PANEPISTHMIOYPOLH,,Ε90
400001: ΗΛ. ΣΤΑΘΜΟΣ,"400001","400001",ΗΛ. ΣΤΑΘΜΟΣ,HL. STATHMOS,ΠΛ.ΡΟΥΣΒΕΛΤ,"300, 904"
400004: ΠΛ . ΚΟΡΑΗ,"400004","400004",ΠΛ . ΚΟΡΑΗ,PL. KORAH,ΛΕΩΦ.ΗΡΩΩΝ ΠΟΛΥΤΕΧΝΕΙΟΥ,"040, 049, 130, 217, 229, 300, 904, 906, 909, Α1, Β1"
400005: ΤΕΡΨΙΘΕΑ,"400005","400005",ΤΕΡΨΙΘΕΑ,TERPSITHEA,ΛΕΩΦ.ΗΡΩΩΝ ΠΟΛΥΤΕΧΝΕΙΟΥ,"040, 049, 17, 17*, 300, 904, 906, 909"
400006: ΦΙΛΕΛΛΗΝΩΝ,"400006","400006",ΦΙΛΕΛΛΗΝΩΝ,FILELLHNON,ΛΕΩΦ.ΗΡΩΩΝ ΠΟΛΥΤΕΧΝΕΙΟΥ,"049, 300, 904, 906, 909"
400007: ΒΡΥΩΝΗ,"400007","400007",ΒΡΥΩΝΗ,BRYONH,ΛΕΩΦ.ΗΡΩΩΝ ΠΟΛΥΤΕΧΝΕΙΟΥ,"040, 049, 300, 904, 906, 909"
400008: ΓΟΥΒΑ,"400008","400008",ΓΟΥΒΑ,GOYBA,ΧΑΤΖΗΚΥΡΙΑΚΟΥ,"040, 049, 904, 906"
400009: ΣΚΑΛΑΚΙΑ,"400009","400009",ΣΚΑΛΑΚΙΑ,SKALAKIA,ΧΑΤΖΗΚΥΡΙΑΚΟΥ,"040, 049, 904, 906"
400010: ΛΟΥΤΡΑ,"400010","400010",ΛΟΥΤΡΑ,LOYTRA,ΧΑΤΖΗΚΥΡΙΑΚΟΥ,"040, 049, 904"
400011: ΣΧΟΛΗ ΔΟΚΙΜΩΝ,"400011","400011",ΣΧΟΛΗ ΔΟΚΙΜΩΝ,SXOLH DOKIMON,Ι.ΡΑΛΛΗ,"904"
400012: ΣΩΡΑ,"400012","400012",ΣΩΡΑ,SORA,ΘΕΟΤΟΚΗ,"904"
400013: ΚΑΛΑΜΠΑΚΑ,"400013","400013",ΚΑΛΑΜΠΑΚΑ,KALAMPAKA,ΑΚΤΗ ΘΕΜΙΣΤΟΚΛΕΟΥΣ,"904"
400014: ΠΕΙΡΑΙΚΗ,"400014","400014",ΠΕΙΡΑΙΚΗ,PEIRAIKH,ΑΚΤΗ ΘΕΜΙΣΤΟΚΛΕΟΥΣ,"904"
400015: ΛΙΜΑΝΑΚΙΑ,"400015","400015",ΛΙΜΑΝΑΚΙΑ,LIMANAKIA,ΑΚΤΗ ΘΕΜΙΣΤΟΚΛΕΟΥΣ,"904"
400016: ΑΡΓΥΡΗ,"400016","400016",ΑΡΓΥΡΗ,ARGYRH,ΑΚΤΗ ΘΕΜΙΣΤΟΚΛΕΟΥΣ,"904"
400017: ΜΗΤΡΟΠΟΛΗ,"400017","400017",ΜΗΤΡΟΠΟΛΗ,MHTROPOLH,ΑΚΤΗ ΘΕΜΙΣΤΟΚΛΕΟΥΣ,"904"
400018: ΣΚΑΦΑΚΗ,"400018","400018",ΣΚΑΦΑΚΗ,SKAFAKH,ΑΚΤΗ ΘΕΜΙΣΤΟΚΛΕΟΥΣ,"904"
400019: ΠΑΙΔΙΚΗ ΧΑΡΑ,"400019","400019",ΠΑΙΔΙΚΗ ΧΑΡΑ,PAIDIKH XARA,ΑΚΤΗ ΘΕΜΙΣΤΟΚΛΕΟΥΣ,"904"
400020: ΜΕΤΑΞΑ,"400020","400020",ΜΕΤΑΞΑ,METAXA,ΑΚΤΗ ΘΕΜΙΣΤΟΚΛΕΟΥΣ,"904"
400021: ΠΛΑΖ,"400021","400021",ΠΛΑΖ,PLAZ,ΑΚΤΗ ΘΕΜΙΣΤΟΚΛΕΟΥΣ,"904"
400022: ΠΛ. ΦΡΕΑΤΤΥΔΟΣ,"400022","400022",ΠΛ. ΦΡΕΑΤΤΥΔΟΣ,PL. FREATTYDOS,ΑΚΤΗ ΘΕΜΙΣΤΟΚΛΕΟΥΣ,"904"
400023: ΦΙΛΕΛΛΗΝΩΝ,"400023","400023",ΦΙΛΕΛΛΗΝΩΝ,FILELLHNON,ΛΕΩΦ.ΗΡΩΩΝ ΠΟΛΥΤΕΧΝΕΙΟΥ,"040, 130, 906, 909, Α1, Β1"
400025: ΤΖΑΝΕΙΟ,"400025","400025",ΤΖΑΝΕΙΟ,TZANEIO,ΑΚΤΗ ΜΟΥΤΣΟΠΟΥΛΟΥ,"904"
400026: ΑΡΧΑΙΟ ΘΕΑΤΡΟ,"400026","400026",ΑΡΧΑΙΟ ΘΕΑΤΡΟ,ARXAIO THEATRO,ΑΚΤΗ ΜΟΥΤΣΟΠΟΥΛΟΥ,"300, 904"
400027: ΠΑΣΑΛΙΜΑΝΙ,"400027","400027",ΠΑΣΑΛΙΜΑΝΙ,PASALIMANI,ΑΚΤΗ ΜΟΥΤΣΟΠΟΥΛΟΥ,"300, 904"
400028: ΥΠΟΥΡΓΕΙΟ,"400028","400028",ΥΠΟΥΡΓΕΙΟ,YPOYRGEIO,ΓΡ.ΛΑΜΠΡΑΚΗ,"040, 300, Χ96"
400029: ΔΗΜΟΤΙΚΟ ΘΕΑΤΡΟ,"400029","400029",ΔΗΜΟΤΙΚΟ ΘΕΑΤΡΟ,DHMOTIKO THEATRO,ΛΕΩΦ.ΒΑΣ.ΓΕΩΡΓΙΟΥ Α,"904, 906, 909"
400032: ΝΟΜΑΡΧΙΑ,"400032","400032",ΝΟΜΑΡΧΙΑ,NOMARXIA,ΑΘΗΝΩΝ,"16, 420, 828, 831"
400033: ΒΑΣΙΛΙΚΑ,"400033","400033",ΒΑΣΙΛΙΚΑ,BASILIKA,ΒΑΣΙΛΙΚΩΝ,"16"
400034: ΕΥΑΓΓΕΛΙΣΤΡΙΑ,"400034","400034",ΕΥΑΓΓΕΛΙΣΤΡΙΑ,EYAGGELISTRIA,ΓΡ.ΛΑΜΠΡΑΚΗ,"049"
400035: ΡΕΤΣΙΝΑ,"400035","400035",ΡΕΤΣΙΝΑ,RETSINA,ΚΑΣΤΟΡΟΣ,"16"
400038: Ι.Κ.Α,"400038","400038",Ι.Κ.Α,I.K.A,ΜΕΓ.ΑΛΕΞΑΝΔΡΟΥ,"20, 20*"
400039: ΠΑΠΑΦΛΕΣΣΑ,"400039","400039",ΠΑΠΑΦΛΕΣΣΑ,PAPAFLESSA,ΑΓ.ΔΗΜΗΤΡΙΟΥ,"824, 826, 871, 871Τ"
400040: ΣΤ.ΜΕΤΡΟ ΠΕΙΡΑΙΑΣ,"400040","400040",ΣΤ.ΜΕΤΡΟ ΠΕΙΡΑΙΑΣ,ST.METRO PEIRAIAS,ΑΚΤΗΣ ΚΑΛΛΙΜΑΣΙΩΤΗ,"17, 17*, 20, 20*, 420, 703, 814, 843, 859, 909, 915, Χ96"
400041: ΣΤ.ΜΕΤΡΟ ΠΕΙΡΑΙΑΣ,"400041","400041",ΣΤ.ΜΕΤΡΟ ΠΕΙΡΑΙΑΣ,ST. METRO PEIRAIAS (GATE E 4 5 6  SHUTTLE  BUS),ΑΚΤΗΣ ΚΑΛΛΙΜΑΣΙΩΤΗ,"16, 17, 17*, 20, 20*, 832, 833, 843, 859, Χ96"
400042: ΟΙΚΙΣΜΟΙ,"400042","400042",ΟΙΚΙΣΜΟΙ,NEOI OIKISMOI,ΚΑΝΑΡΗ,"859"
400043: ΠΟΛΥΚΑΤΟΙΚΙΕΣ,"400043","400043",ΠΟΛΥΚΑΤΟΙΚΙΕΣ,POLYKATOIKIES,ΚΑΝΑΡΗ,"859"
400048: ΣΤΑΤΙΣΤΙΚΗ ΥΠΗΡΕΣΙΑ,"400048","400048",ΣΤΑΤΙΣΤΙΚΗ ΥΠΗΡΕΣΙΑ,STATISTIKH YPHRESIA,ΛΕΩΦ.ΑΘΗΝΩΝ-ΠΕΙΡΑΙΩΣ,"420"
400049: Γ. ΠΟΛΙΤΗ,"400049","400049",Γ. ΠΟΛΙΤΗ,G. POLITH,ΘΕΜΙΣΤΟΚΛΕΟΥΣ,"904"
400050: ΣΚΑΛΑΚΙΑ,"400050","400050",ΣΚΑΛΑΚΙΑ,SKALAKIA,ΧΑΤΖΗΚΥΡΙΑΚΟΥ,"040, 130, Α1, Β1"
400051: ΓΟΥΒΑ,"400051","400051",ΓΟΥΒΑ,GOYBA,ΧΑΤΖΗΚΥΡΙΑΚΟΥ,"040, 130, Α1, Β1"
400052: ΒΡΥΩΝΗ,"400052","400052",ΒΡΥΩΝΗ,BRYONH,ΛΕΩΦ.ΗΡΩΩΝ ΠΟΛΥΤΕΧΝΕΙΟΥ,"040, 130, 906, 909, Α1, Β1"
400053: ΤΕΡΨΙΘΕΑ,"400053","400053",ΤΕΡΨΙΘΕΑ,TERPSITHEA,ΛΕΩΦ.ΗΡΩΩΝ ΠΟΛΥΤΕΧΝΕΙΟΥ,"049, 130, 217, 229, Α1, Β1, Ε90"
400054: ΣΚΟΥΖΕ,"400054","400054",ΣΚΟΥΖΕ,SKOYZE,ΛΕΩΦ.ΗΡΩΩΝ ΠΟΛΥΤΕΧΝΕΙΟΥ,"040, 130, 906, 909, Α1, Β1"
400055: ΔΗΜΟΤΙΚΟ,"400055","400055",ΔΗΜΟΤΙΚΟ,DHMOTIKO,ΛΕΒΦ.ΒΑΣ.ΓΕΩΡΓΙΟΥ Α,"218, 500, 904, 906, 909, 915"
400056: ΑΓΟΡΑ,"400056","400056",ΑΓΟΡΑ,AGORA,ΑΚΤΗΣ ΠΟΣΕΙΔΩΝΟΣ,"17, 17*, 20, 20*, 909, 915"
400058: ΒΕΝΙΖΕΛΟΥ,"400058","400058",ΒΕΝΙΖΕΛΟΥ,BENIZELOY,ΓΡ.ΛΑΜΠΡΑΚΗ,"040, 049, 130, 217, 218, 229, 500, 915, Α1, Β1, Ε90, Χ96"
400059: ΕΥΑΓΓΕΛΙΣΤΡΙΑ,"400059","400059",ΕΥΑΓΓΕΛΙΣΤΡΙΑ,EYAGGELISTRIA,ΓΡ.ΛΑΜΠΡΑΚΗ,"040, 130, 217, 218, 229, 500, 915, Α1, Β1"
400060: ΓΗΡΟΚΟΜΕΙΟ,"400060","400060",ΓΗΡΟΚΟΜΕΙΟ,GHROKOMEIO,ΒΟΥΛΓΑΡΗ,"915"
400061: ΒΟΥΛΓΑΡΗ,"400061","400061",ΒΟΥΛΓΑΡΗ,BOYLGARH,ΒΟΥΛΓΑΡΗ,"915"
400062: ΑΔΕΛΦΟΤΗΣ ΚΡΗΤΩΝ,"400062","400062",ΑΔΕΛΦΟΤΗΣ ΚΡΗΤΩΝ,ADELFOTHS KRHTON,ΕΛ.ΒΕΝΙΖΕΛΟΥ,"915"
400063: ΠΙΠΕΡΙΑ,"400063","400063",ΠΙΠΕΡΙΑ,PIPERIA,Ρ.ΦΕΡΑΙΟΥ,"915"
400064: ΠΡΟΦ. ΗΛΙΑΣ,"400064","400064",ΠΡΟΦ. ΗΛΙΑΣ,PROF. HLIAS,ΙΔΗΣ,"915"
400065: ΚΡΗΤΙΚΑ,"400065","400065",ΚΡΗΤΙΚΑ,KRHTIKA,ΗΡΑΚΛΕΙΟΥ,"915"
400066: ΙΕΡΟΥ ΛΟΧΟΥ,"400066","400066",ΙΕΡΟΥ ΛΟΧΟΥ,IEROY LOXOY,ΙΕΡΟΥ ΛΟΧΟΥ,"915"
400067: ΚΡΗΤΙΚΑ,"400067","400067",ΚΡΗΤΙΚΑ,KRITIKA,ΗΡΑΚΛΕΙΟΥ,"915"
400068: ΠΡΟΦ. ΗΛΙΑΣ,"400068","400068",ΠΡΟΦ. ΗΛΙΑΣ,PROF. HLIAS,ΙΔΗΣ,"915"
400069: ΠΙΠΕΡΙΑ,"400069","400069",ΠΙΠΕΡΙΑ,PIPERIA,Ρ.ΦΕΡΑΙΟΥ,"915"
400070: ΚΑΦΕΝΕΙΟ,"400070","400070",ΚΑΦΕΝΕΙΟ,KAFENEIO,ΑΚΤΗ ΜΟΥΤΣΟΠΟΥΛΟΥ,"904"
400071: ΑΔΕΛΦΟΤΗΣ ΚΡΗΤΩΝ,"400071","400071",ΑΔΕΛΦΟΤΗΣ ΚΡΗΤΩΝ,ADELFOTHS KRHTON,ΕΛ.ΒΕΝΙΖΕΛΟΥ,"915"
400073: ΤΖΑΒΕΛΛΑ,"400073","400073",ΤΖΑΒΕΛΛΑ,TZABELLA,ΤΖΑΒΕΛΛΑ,"040, 130, 217, 218, 229, 500, Α1, Β1, Χ96"
400075: ΗΣΑΠ Ν. ΦΑΛΗΡΟΥ,"400075","400075",ΗΣΑΠ Ν. ΦΑΛΗΡΟΥ,HSAP N. FALHROY,ΕΘΝ.ΜΑΚΑΡΙΟΥ,"040, 130, 217, 218, 229, 500, Α1, Β1, Ε90, Χ96"
400076: ΑΚΤΑΙΟΝ,"400076","400076",ΑΚΤΑΙΟΝ,AKTAION,ΕΘΝ.ΜΑΚΑΡΙΟΥ,"040, 130, 217, 218, 229, 500, Α1, Β1"
400080: ΠΛ. ΚΟΡΑΗ,"400080","400080",ΠΛ. ΚΟΡΑΗ,PL. KORAH,ΛΕΩΦ.ΗΡΩΩΝ ΠΟΛΥΤΕΧΝΕΙΟΥ,"049, 130, 217, 229, Α1, Β1"
400084: ΔΗΜΟΤΙΚΟ,"400084","400084",ΔΗΜΟΤΙΚΟ,DHMOTIKO,ΛΕΩΦ.ΗΡΩΩΝ ΠΟΛΥΤΕΧΝΕΙΟΥ,"040, 049, 130, 217, 218, 229, 500, 915, Α1, Β1, Ε90, Χ96"
400085: ΔΕΞΑΜΕΝΕΣ,"400085","400085",ΔΕΞΑΜΕΝΕΣ,DEXAMENES,Ν.ΔΡΑΠΕΤΣΩΝΑΣ-ΗΕΤΙΩΝΕΙΑΣ,"420, 703, 859"
400086: ΥΕΝ,"400086","400086",ΥΕΝ,YEN,ΟΔΟΥ ΚΤΙΡΙΑ ΥΕΝ,"420, 703, 859, Χ96"
400087: ΗΣΑΠ Ν.ΦΑΛΗΡΟΥ,"400087","400087",ΗΣΑΠ Ν.ΦΑΛΗΡΟΥ,HSAP N.FALHROY,ΕΘΝ.ΜΑΚΑΡΙΟΥ,"040, 130, 217, 218, 229, 500, Α1, Β1, Ε90, Χ96"
400088: ΔΕΚΑΕΠΤΑ,"400088","400088",ΔΕΚΑΕΠΤΑ,DEKAEPTA,ΑΝ.ΠΑΠΑΝΔΡΕΟΥ(ΠΡ.Μ.ΑΣΙΑΣ),"040, 130, 217, 218, 229, 500, Α1, Β1"
400089: ΕΣΤΙΑ ΝΑΥΤΙΚΩΝ,"400089","400089",ΕΣΤΙΑ ΝΑΥΤΙΚΩΝ,ESTIA NAYTIKON,ΑΝ.ΠΑΠΑΝΔΡΕΟΥ(ΠΡ.Μ.ΑΣΙΑΣ),"040, 130, 217, 218, 229, 500, Α1, Β1"
400091: ΚΑΛΑΜΑΚΙ,"400091","400091",ΚΑΛΑΜΑΚΙ,KALAMAKI,34ου ΣΥΝΤ/ΤΟΣ ΠΕΖΙΚΟΥ,"040, 130, 217, 218, 229, 500, Α1, Β1"
400100: ΚΕΡΑΝΗΣ,"400100","400100",ΚΕΡΑΝΗΣ,KERANHS,ΑΘΗΝΩΝ-ΠΕΙΡΑΙΩΣ,"420"
400101: ΣΤΑΤΙΣΤΙΚΗ ΥΠΗΡΕΣΙΑ,"400101","400101",ΣΤΑΤΙΣΤΙΚΗ ΥΠΗΡΕΣΙΑ,STATISTIKH YPHRESIA,ΑΘΗΝΩΝ-ΠΕΙΡΑΙΩΣ,"049, 420"
400102: ΧΡΩΠΕΙ,"400102","400102",ΧΡΩΠΕΙ,XROPEI,ΑΘΗΝΩΝ-ΠΕΙΡΑΙΩΣ,"049, 420"
400103: ΕΛΑΙΣ,"400103","400103",ΕΛΑΙΣ,ELAIS,ΑΘΗΝΩΝ-ΠΕΙΡΑΙΩΣ,"049, 420"
400104: ΑΠΟΛΛΩΝ,"400104","400104",ΑΠΟΛΛΩΝ,APOLLON,ΑΘΗΝΩΝ-ΠΕΙΡΑΙΩΣ,"049, 420"
400105: ΙΟΝ,"400105","400105",ΙΟΝ,ION,ΑΘΗΝΩΝ-ΠΕΙΡΑΙΩΣ,"049, 420"
400106: ΓΕΦΥΡΑ,"400106","400106",ΓΕΦΥΡΑ,GEFYRA,ΑΘΗΝΩΝ-ΠΕΙΡΑΙΩΣ,"049, 860, 914"
400107: ΑΠΟΛΛΩΝ,"400107","400107",ΑΠΟΛΛΩΝ,APOLLON,ΑΘΗΝΩΝ-ΠΕΙΡΑΙΩΣ,"049, 420"
400108: ΕΛΑΙΣ,"400108","400108",ΕΛΑΙΣ,ELAIS,ΑΘΗΝΩΝ-ΠΕΙΡΑΙΩΣ,"049, 420"
400109: ΧΡΩΠΕΙ,"400109","400109",ΧΡΩΠΕΙ,XROPEI,ΑΘΗΝΩΝ-ΠΕΙΡΑΙΩΣ,"049, 420"
400110: ΚΕΡΑΝΗΣ,"400110","400110",ΚΕΡΑΝΗΣ,KERANHS,ΓΡ.ΛΑΜΠΡΑΚΗ,"049"
400111: ΕΥΑΓΓΕΛΙΣΤΡΙΑΣ,"400111","400111",ΕΥΑΓΓΕΛΙΣΤΡΙΑΣ,EYAGGELISTRIAS,ΓΡ.ΛΑΜΠΡΑΚΗ,"049"
400115: ΠΗΓΑΔΑ,"400115","400115",ΠΗΓΑΔΑ,PHGADA,ΣΑΧΤΟΥΡΗ,"909"
400117: 2η ΘΕΟΤΟΚΗ,"400117","400117",2η ΘΕΟΤΟΚΗ,2nd THEOTOKH,ΘΕΟΤΟΚΗ,"906"
400118: ΑΓ.  ΝΕΙΛΟΣ,"400118","400118",ΑΓ.  ΝΕΙΛΟΣ,AG. NEILOS,ΘΕΟΤΟΚΗ,"906"
400119: ΦΑΡΜΑΚΕΙΟ,"400119","400119",ΦΑΡΜΑΚΕΙΟ,FARMAKEIO,ΚΛΕΙΣΟΒΗΣ,"906"
400120: ΑΣΤΥΝΟΜΙΑ,"400120","400120",ΑΣΤΥΝΟΜΙΑ,ASTYNOMIA,ΠΛ.ΚΑΡΠΑΘΟΥ,"906"
400121: ΑΓ. ΠΑΡΑΣΚΕΥΗ,"400121","400121",ΑΓ. ΠΑΡΑΣΚΕΥΗ,AG. PARASKEYH,ΑΓ.ΠΑΡΑΣΚΕΥΗΣ,"906"
400122: ΤΑΧΥΔΡΟΜΕΙΟ,"400122","400122",ΤΑΧΥΔΡΟΜΕΙΟ,TAXYDROMEIO,ΑΓ.ΠΑΡΑΣΚΕΥΗΣ,"906"
400123: ΠΛ. ΣΕΡΦΙΩΤΟΥ,"400123","400123",ΠΛ. ΣΕΡΦΙΩΤΟΥ,PL. SERFIOTOY,ΠΛ.ΣΕΡΦΙΩΤΟΥ,"906"
400124: ΑΒΑ,"400124","400124",ΑΒΑ,ABA,ΣΕΡΦΙΩΤΟΥ,"906"
400125: ΠΑΛ. ΤΕΡΜΑ,"400125","400125",ΠΑΛ. ΤΕΡΜΑ,PAL. TERMA,ΣΑΧΤΟΥΡΗ,"909"
400126: ΤΕΡΜΑ  ΑΠΟΒΙΒΑΣΗ,"400126","400126",ΤΕΡΜΑ  ΑΠΟΒΙΒΑΣΗ,TERMA  APOBIBASH,ΣΑΧΤΟΥΡΗ,"909"
400127: ΠΑΛ. ΤΕΡΜΑ,"400127","400127",ΠΑΛ. ΤΕΡΜΑ,PAL. TERMA,ΣΑΧΤΟΥΡΗ,"909"
400128: ΠΗΓΑΔΑ,"400128","400128",ΠΗΓΑΔΑ,PHGADA,ΣΑΧΤΟΥΡΗ,"906, 909"
400130: ΣΤ.ΜΕΤΡΟ ΠΕΙΡΑΙΑΣ,"400130","400130",ΣΤ.ΜΕΤΡΟ ΠΕΙΡΑΙΑΣ,ST.METRO PEIRAIAS,ΑΚΤΗΣ ΚΑΛΛΙΜΑΣΙΩΤΗ,"400, 420, 703, 824, 825, 826, 871, 871Τ, 909, 915"
400131: ΜΑΥΡΟΜΙΧΑΛΗ,"400131","400131",ΜΑΥΡΟΜΙΧΑΛΗ,MAYROMIXALH,ΜΑΥΡΟΜΙΧΑΛΗ,"909, 915"
400132: ΠΑΠΑΣΤΡΑΤΟΥ,"400132","400132",ΠΑΠΑΣΤΡΑΤΟΥ,PAPASTRATOY,ΜΑΥΡΟΜΙΧΑΛΗ,"909, 915"
400133: ΠΑΛΑΜΗΔΙΟΥ,"400133","400133",ΠΑΛΑΜΗΔΙΟΥ,PALAMHDIOY,ΜΑΥΡΟΜΙΧΑΛΗ,"909, 915"
400134: ΠΕΡΙΠΤΕΡΟ,"400134","400134",ΠΕΡΙΠΤΕΡΟ,PERIPTERO,ΛΑΚΩΝΙΑΣ,"814, 909, 915"
400135: ΤΕΡΜΑ,"400135","400135",ΤΕΡΜΑ,TERMA,ΧΟΡΜΟΒΙΤΟΥ,"814, 909"
400136: ΠΑΛ. ΤΕΡΜΑ,"400136","400136",ΠΑΛ. ΤΕΡΜΑ,PAL. TERMA,ΚΑΛΛΕΡΓΗ,"814, 909, 915"
400137: ΑΣΚΛΗΠΙΟΥ,"400137","400137",ΑΣΚΛΗΠΙΟΥ,ASKLHPIOY,ΑΣΚΛΗΠΙΟΥ,"814, 909, 915"
400138: ΠΑΛΑΜΗΔΙΟΥ,"400138","400138",ΠΑΛΑΜΗΔΙΟΥ,PALAMHDIOY,ΠΑΛΑΜΗΔΙΟΥ,"803, 814, 845, 909, 915"
400139: ΚΑΛΛΙΦΟΡΝΙΑ,"400139","400139",ΚΑΛΛΙΦΟΡΝΙΑ,KALLIFORNIA,ΑΝΤΙΠΛΟΙΑΡΧΟΥ ΠΑΝ.ΒΛΑΧΑΚΗ,"803, 814, 845, 909, 915"
400140: ΠΑΠΑΣΤΡΑΤΟΥ,"400140","400140",ΠΑΠΑΣΤΡΑΤΟΥ,PAPASTRATOY,ΑΝΤΙΠΛΟΙΑΡΧΟΥ ΠΑΝ.ΒΛΑΧΑΚΗ,"803, 814, 845, 909, 915"
400141: ΠΑΡΑΛΙΑ,"400141","400141",ΠΑΡΑΛΙΑ,PARALIA,ΑΝΤΙΠΛΟΙΑΡΧΟΥ ΠΑΝ.ΒΛΑΧΑΚΗ,"803, 814, 845, 909, 915"
400142: ΠΛ. ΚΑΡΑΙΣΚΑΚΗ,"400142","400142",ΠΛ. ΚΑΡΑΙΣΚΑΚΗ,PL. KARAISKAKH,ΑΣΤΙΓΓΟΣ(ΔΕΞΙΑ ΠΛΕΥΡΑ),"824, 825, 832, 833"
400149: ΑΙΤΩΛΙΚΟΥ,"400149","400149",ΑΙΤΩΛΙΚΟΥ,AITOLIKOY,ΑΚΤΗΣ ΚΟΝΔΥΛΗ,"20, 20*, 420, 703, 824, 826, 832, 833, 859, 871, 871Τ"
400150: ΑΓ. ΔΙΟΝΥΣΙΟΣ,"400150","400150",ΑΓ. ΔΙΟΝΥΣΙΟΣ,AG. DIONYSIOS,ΑΚΤΗΣ ΚΟΝΔΥΛΗ,"20, 20*, 824, 826, 832, 833, 871, 871Τ"
400151: ΓΕΦΥΡΑ,"400151","400151",ΓΕΦΥΡΑ,GEFYRA,ΑΓ.ΔΗΜΗΤΡΙΟΥ,"20, 20*, 824, 826, 832, 833, 871, 871Τ"
400152: ΣΙΔΕΡΑ,"400152","400152",ΣΙΔΕΡΑ,SIDERA,ΣΑΛΑΜΙΝΟΣ,"833"
400153: ΚΟΥΜΠΗ,"400153","400153",ΚΟΥΜΠΗ,KOYMPH,ΣΑΛΑΜΙΝΟΣ,"833"
400154: Ο.Τ.Ε,"400154","400154",Ο.Τ.Ε,O.T.E,ΜΕΘΩΝΗΣ,"833"
400155: ΓΙΑΚΟΥΜΗ,"400155","400155",ΓΙΑΚΟΥΜΗ,GIAKOYMH,ΣΠΑΡΤΗΣ,"833"
400156: ΓΙΑΚΟΥΜΗ,"400156","400156",ΓΙΑΚΟΥΜΗ,GIAKOYMH,ΑΝΑΠΑΥΣΕΩΣ,"832, 833"
400157: ΚΟΠΗ,"400157","400157",ΚΟΠΗ,KOPH,ΑΝΑΠΑΥΣΕΩΣ,"832, 833"
400158: ΑΓ. ΔΙΟΝΥΣΙΟΣ,"400158","400158",ΑΓ. ΔΙΟΝΥΣΙΟΣ,AG. DIONYSIOS,ΑΚΤΗΣ ΚΟΝΔΥΛΗ,"20, 20*, 420, 703, 832, 833, 843, 859, Χ96"
400159: ΤΕΛΩΝΕΙΟ (ΑΙΤΩΛΙΚΟΥ),"400159","400159",ΤΕΛΩΝΕΙΟ (ΑΙΤΩΛΙΚΟΥ),TELONEIO (AITOLIKOY),ΑΚΤΗΣ ΚΟΝΔΥΛΗ,"17, 17*, 20, 20*, 420, 703, 832, 833, 843, 859"
400160: ΣΤ.ΜΕΤΡΟ ΠΕΙΡΑΙΑΣ,"400160","400160",ΣΤ.ΜΕΤΡΟ ΠΕΙΡΑΙΑΣ,ST.METRO PEIRAIAS,ΑΚΤΗΣ ΚΑΛΛΙΜΑΣΙΩΤΗ,"400, 803, 824, 825, 826, 832, 833, 845, 871, 871Τ"
400161: ΔΡΑΓΑΤΣΑΝΙΟΥ,"400161","400161",ΔΡΑΓΑΤΣΑΝΙΟΥ,DRAGATSANIOY,ΑΙΤΩΛΙΚΟΥ,"17, 17*, 400, 825, 843"
400162: ΠΑΠΑΣΤΡΑΤΟΣ,"400162","400162",ΠΑΠΑΣΤΡΑΤΟΣ,PAPASTRATOS,ΑΙΤΩΛΙΚΟΥ,"17, 17*, 400, 825, 843"
400163: ΣΙΔΕΡΑ,"400163","400163",ΣΙΔΕΡΑ,SIDERA,ΑΙΤΩΛΙΚΟΥ,"17, 17*, 400, 825, 843"
400164: ΧΑΡΤΟΦΥΛΑΚΑ,"400164","400164",ΧΑΡΤΟΦΥΛΑΚΑ,XARTOFYLAKA,ΑΙΤΩΛΙΚΟΥ,"17, 17*, 400, 825, 843"
400165: ΡΑΙΔΕΣΤΟΥ,"400165","400165",ΡΑΙΔΕΣΤΟΥ,RAIDESTOY,ΑΙΤΩΛΙΚΟΥ,"400, 814, 909"
400166: ΣΤ. ΜΑΝΙΑΤΙΚΑ,"400166","400166",ΣΤ. ΜΑΝΙΑΤΙΚΑ,ST. MANIATIKA,ΑΙΤΩΛΙΚΟΥ,"400, 814, 825, 909"
400168: ΚΑΛΟΚΑΙΡΙΝΟΥ,"400168","400168",ΚΑΛΟΚΑΙΡΙΝΟΥ,KALOKAIRINOY,ΑΙΓΑΛΕΩ,"400, 814, 824, 825, 909"
400169: ΜΑΝΙΑΤΙΚΑ,"400169","400169",ΜΑΝΙΑΤΙΚΑ,MANIATIKA,ΑΙΓΑΛΕΩ,"400, 814, 824, 825, 909"
400170: ΧΟΡΜΟΒΙΤΟΥ,"400170","400170",ΧΟΡΜΟΒΙΤΟΥ,XORMOBITOY,ΑΙΓΑΛΕΩ,"400, 814, 824, 825, 909"
400171: ΧΑΡΤΟΦΥΛΑΚΑΣ,"400171","400171",ΧΑΡΤΟΦΥΛΑΚΑΣ,XARTOFYLAKAS,ΑΙΓΑΛΕΩ,"17, 17*, 400, 824, 825, 826, 871, 871Τ"
400172: ΣΙΔΕΡΑ,"400172","400172",ΣΙΔΕΡΑ,SIDERA,ΑΙΓΑΛΕΩ,"17, 17*, 400, 824, 825, 826, 871, 871Τ"
400173: ΠΑΠΑΣΤΡΑΤΟΣ,"400173","400173",ΠΑΠΑΣΤΡΑΤΟΣ,PAPASTRATOS,ΑΙΓΑΛΕΩ,"17, 17*, 400, 824, 825, 826, 871, 871Τ"
400174: ΚΑΣΤΟΡΟΣ,"400174","400174",ΚΑΣΤΟΡΟΣ,KASTOROS,ΑΙΓΑΛΕΩ,"17, 17*, 400, 824, 825, 826, 871, 871Τ"
400175: ΧΟΡΜΟΒΙΤΟΥ,"400175","400175",ΧΟΡΜΟΒΙΤΟΥ,XORMOBITOY,ΧΟΡΜΟΒΙΤΟΥ,"17, 17*, 843"
400176: ΔΕΡΒΕΝΑΚΙΩΝ,"400176","400176",ΔΕΡΒΕΝΑΚΙΩΝ,DERBENAKION,ΧΟΡΜΟΒΙΤΟΥ,"17, 17*, 843"
400177: ΑΓ.  ΔΗΜΗΤΡΙΟΣ,"400177","400177",ΑΓ.  ΔΗΜΗΤΡΙΟΣ,AG. DHMHTRIOS,ΧΟΡΜΟΒΙΤΟΥ,"17, 17*, 843"
400179: ΥΠΑΠΑΝΤΗΣ,"400179","400179",ΥΠΑΠΑΝΤΗΣ,YPAPANTHS,ΧΟΡΜΟΒΙΤΟΥ,"17, 17*, 843"
400181: ΨΥΓΚΑ,"400181","400181",ΨΥΓΚΑ,PSYGKA,ΑΓΧΙΑΛΟΥ,"17, 17*, 843"
400182: ΑΓ.  ΔΗΜΗΤΡΙΟΣ,"400182","400182",ΑΓ.  ΔΗΜΗΤΡΙΟΣ,AG. DHMHTRIOS,ΑΓΧΙΑΛΟΥ,"17, 17*, 826, 871, 871Τ"
400183: ΔΕΡΒΕΝΑΚΙΩΝ,"400183","400183",ΔΕΡΒΕΝΑΚΙΩΝ,DERBENAKION,ΑΓΧΙΑΛΟΥ,"17, 17*, 826, 871, 871Τ"
400184: ΚΟΥΜΟΥΝΔΟΥΡΟΥ,"400184","400184",ΚΟΥΜΟΥΝΔΟΥΡΟΥ,KOYMOYNDOYROY,ΑΓ.ΔΗΜΗΤΡΙΟΥ,"824, 826, 871, 871Τ"
400185: ΑΓ.  ΔΗΜΗΤΡΙΟΣ,"400185","400185",ΑΓ.  ΔΗΜΗΤΡΙΟΣ,AG. DHMHTRIOS,ΚΑΠΕΤΑΝ ΜΑΤΑΠΑ,"826"
400186: ΔΟΓΑΝΗΣ,"400186","400186",ΔΟΓΑΝΗΣ,DOGANHS,ΔΟΓΑΝΗΣ,"826"
400188: ΨΑΡΩΝ,"400188","400188",ΨΑΡΩΝ,PSARON,ΨΑΡΩΝ,"826, 871, 871Τ"
400189: ΧΟΡΜΟΒΙΤΟΥ,"400189","400189",ΧΟΡΜΟΒΙΤΟΥ,XORMOBITOY,ΨΑΡΩΝ,"826, 871, 871Τ"
400191: ΚΛΕΙΣΟΒΗΣ,"400191","400191",ΚΛΕΙΣΟΒΗΣ,KLEISOBHS,ΚΛΕΙΣΟΒΗΣ,"040, 130, Α1, Β1"
400195: ΔΙΚΑΣΤΗΡΙΑ,"400195","400195",ΔΙΚΑΣΤΗΡΙΑ,DIKASTHRIA,ΣΚΟΥΖΕ,"17, 17*"
400196: 2ας ΜΕΡΑΡΧΙΑΣ (ΟΛΥΜΠΙΑΚΗ),"400196","400196",2ας ΜΕΡΑΡΧΙΑΣ (ΟΛΥΜΠΙΑΚΗ),2nd MERARXIAS (OLYMPIAKH),ΑΚΤΗΣ ΜΙΑΟΥΛΗ,"049, 17*, 217, 229, 826, 828, 831, 843, 859"
400197: ΑΓ. ΣΠΥΡΙΔΩΝ,"400197","400197",ΑΓ. ΣΠΥΡΙΔΩΝ,AG. SPYRIDON,ΑΚΤΗΣ ΜΙΑΟΥΛΗ,"20, 20*, 826, 828, 831, 843, 859"
400201: ΣΧΟΛΕΙΑ,"400201","400201",ΣΧΟΛΕΙΑ,SXOLEIA,ΧΑΤΖΗΚΥΡΙΑΚΟΥ,"040, 130, Α1, Β1"
400207: ΛΕΥΚΑ,"400207","400207",ΛΕΥΚΑ,LEYKA,ΡΕΤΣΙΝΑ,"703, 801, 803, 827, 830, 838, 845"
400208: ΠΑΛΑΜΗΔΙΟΥ,"400208","400208",ΠΑΛΑΜΗΔΙΟΥ,PALAMHDIOY,ΠΑΛΑΜΗΔΙΟΥ,"803, 814, 845"
400209: ΙΚΑ,"400209","400209",ΙΚΑ,IKA,ΠΑΛΑΜΗΔΙΟΥ,"803, 814, 845"
400214: ΑΓΧΙΑΛΟΥ,"400214","400214",ΑΓΧΙΑΛΟΥ,AGXIALOY,ΑΝΤΙΠΛΟΙΑΡΧΟΥ ΠΑΝ.ΒΛΑΧΑΚΗ,"814, 909, 915"
400219: ΔΡΑΚΟΥΛΙΝΑΚΟΥ,"400219","400219",ΔΡΑΚΟΥΛΙΝΑΚΟΥ,DRAKOYLINAKOY,ΘΗΒΩΝ,"703, 801, 803, 827, 830, 838, 845"
400220: ΖΕΡΒΟΥ,"400220","400220",ΖΕΡΒΟΥ,ZERBOY,ΘΗΒΩΝ,"703, 801, 803, 838, 845"
400221: ΑΓ. ΣΩΤΗΡΑΣ,"400221","400221",ΑΓ. ΣΩΤΗΡΑΣ,AG. SOTHRAS,ΘΗΒΩΝ,"703, 801, 803, 845"
400224: ΑΓ. ΠΑΥΛΟΣ,"400224","400224",ΑΓ. ΠΑΥΛΟΣ,AG. PAYLOS,ΘΗΒΩΝ,"703, 803, 828, 845"
400225: 3η ΜΟΥΤΣΟΠΟΥΛΟΥ,"400225","400225",3η ΜΟΥΤΣΟΠΟΥΛΟΥ,3rd MOYTSOPOYLOY,ΜΟΥΤΣΟΠΟΥΛΟΥ,"831"
400226: 5η ΜΟΥΤΣΟΠΟΥΛΟΥ,"400226","400226",5η ΜΟΥΤΣΟΠΟΥΛΟΥ,5th MOYTSOPOYLOY,ΜΟΥΤΣΟΠΟΥΛΟΥ,"828, 831"
400227: ΑΡΓΥΡΟΚΑΣΤΡΟΥ,"400227","400227",ΑΡΓΥΡΟΚΑΣΤΡΟΥ,ARGYROKASTROY,ΑΡΓΥΡΟΚΑΣΤΡΟΥ,"828, 831"
400230: ΑΓ. ΠΑΥΛΟΣ,"400230","400230",ΑΓ. ΠΑΥΛΟΣ,AG. PAYLOS,ΚΟΡΥΤΣΑΣ,"838, 914"
400231: ΣΤΡΟΦΗ ΚΟΚΚΙΝΙΑΣ,"400231","400231",ΣΤΡΟΦΗ ΚΟΚΚΙΝΙΑΣ,STROFH KOKKINIAS,ΘΗΒΩΝ,"703, 803, 828, 838, 845, 914"
400232: ΕΛΛΗΝΙΣ,"400232","400232",ΕΛΛΗΝΙΣ,ELLHNIS,ΘΗΒΩΝ,"703, 803, 828, 838, 845, 914"
400233: ΑΓ. ΣΩΤΗΡΑΣ,"400233","400233",ΑΓ. ΣΩΤΗΡΑΣ,AG. SOTHRAS,ΘΗΒΩΝ,"703, 803, 828, 845"
400234: ΖΕΡΒΟΥ,"400234","400234",ΖΕΡΒΟΥ,ZERBOY,ΘΗΒΩΝ,"703, 803, 845"
400236: ΣΧΟΛΕΙΟ,"400236","400236",ΣΧΟΛΕΙΟ,SXOLEIO,25ης ΜΑΡΤΙΟΥ,"827, 830"
400237: 1η ΒΑΛΑΩΡΙΤΟΥ,"400237","400237",1η ΒΑΛΑΩΡΙΤΟΥ,1st BALAORITOY,ΒΑΛΑΩΡΙΤΟΥ,"800, 827, 830"
400238: ΣΧΟΛΕΙΟ,"400238","400238",ΣΧΟΛΕΙΟ,SXOLEIO,Ν.ΜΠΕΛΟΓΙΑΝΝΗ,"828, 909"
400239: ΑΓ. ΑΝΑΡΓΥΡΟΙ,"400239","400239",ΑΓ. ΑΝΑΡΓΥΡΟΙ,AG. ANARGYROI,25ης ΜΑΡΤΙΟΥ,"800, 809, 810, 827, 830, 831, 838, 846"
400240: ΣΧΟΛΕΙΟ,"400240","400240",ΣΧΟΛΕΙΟ,SXOLEIO,25ης ΜΑΡΤΙΟΥ,"809, 810, 827, 830, 831, 838, 846"
400243: ΡΕΤΣΙΝΑ,"400243","400243",ΡΕΤΣΙΝΑ,RETSINA,ΡΕΤΣΙΝΑ,"703, 809, 810, 827, 830, 831, 838, 846"
400244: ΚΕΡΑΝΗΣ,"400244","400244",ΚΕΡΑΝΗΣ,KERANHS,ΜΟΥΤΣΟΠΟΥΛΟΥ,"16, 828, 831"
400245: Ι.Κ.Α,"400245","400245",Ι.Κ.Α,I.K.A,ΜΟΥΤΣΟΠΟΥΛΟΥ,"16, 828, 831"
400246: ΑΓ. ΕΛΕΥΘΕΡΙΟΣ,"400246","400246",ΑΓ. ΕΛΕΥΘΕΡΙΟΣ,AG. ELEYTHERIOS,ΑΓ.ΕΛΕΥΘΕΡΙΟΥ,"16"
400247: ΨΥΓΕΙΑ,"400247","400247",ΨΥΓΕΙΑ,PSYGEIA,ΑΓ.ΕΛΕΥΘΕΡΙΟΥ,"16"
400248: ΣΧΟΛΕΙΟ,"400248","400248",ΣΧΟΛΕΙΟ,SXOLEIO,ΑΓ.ΕΛΕΥΘΕΡΙΟΥ,"16"
400249: ΠΑΝΑΓΙΤΣΑ,"400249","400249",ΠΑΝΑΓΙΤΣΑ,PANAGITSA,ΑΓ.ΕΛΕΥΘΕΡΙΟΥ,"16"
400250: ΣΠΕΝΤΖΟΥ,"400250","400250",ΣΠΕΝΤΖΟΥ,SPENTZOY,ΑΓ.ΕΛΕΥΘΕΡΙΟΥ,"16"
400251: ΑΠΟΛΛΩΝ,"400251","400251",ΑΠΟΛΛΩΝ,APOLLON,ΑΓ.ΙΩΑΝΝΟΥ ΡΕΝΤΗ,"16"
400252: ΔΕΛΗΓΙΑΝΝΗ,"400252","400252",ΔΕΛΗΓΙΑΝΝΗ,DELHGIANNH,ΑΓ.ΙΩΑΝΝΟΥ ΡΕΝΤΗ,"16"
400253: ΣΠΕΝΤΖΟΥ,"400253","400253",ΣΠΕΝΤΖΟΥ,SPENTZOY,ΑΓ.ΕΛΕΥΘΕΡΙΟΥ,"16"
400254: ΠΑΝΑΓΙΤΣΑ,"400254","400254",ΠΑΝΑΓΙΤΣΑ,PANAGITSA,ΑΓ.ΕΛΕΥΘΕΡΙΟΥ,"16"
400255: ΣΧΟΛΕΙΟ,"400255","400255",ΣΧΟΛΕΙΟ,SXOLEIO,ΑΓ.ΕΛΕΥΘΕΡΙΟΥ,"16"
400256: ΨΥΓΕΙΑ,"400256","400256",ΨΥΓΕΙΑ,PSYGEIA,ΑΓ.ΕΛΕΥΘΕΡΙΟΥ,"16"
400257: ΑΓ. ΕΛΕΥΘΕΡΙΟΣ,"400257","400257",ΑΓ. ΕΛΕΥΘΕΡΙΟΣ,AG. ELEYTHERIOS,ΑΓ.ΕΛΕΥΘΕΡΙΟΥ,"16"
400258: Ι.Κ.Α,"400258","400258",Ι.Κ.Α,I.K.A,ΜΟΥΤΣΟΠΟΥΛΟΥ,"16"
400260: ΡΕΤΣΙΝΑ,"400260","400260",ΡΕΤΣΙΝΑ,RETSINA,ΑΘΗΝΩΝ,"420, 828"
400261: ΣΙΝΕΜΑ,"400261","400261",ΣΙΝΕΜΑ,CINEMA,ΘΗΒΩΝ,"703, 801, 803, 845"
400268: 1η ΒΩΚΟΥ,"400268","400268",1η ΒΩΚΟΥ,1st BOKOY,ΚΑΛΛΕΡΓΗ,"915"
400269: 2η ΒΩΚΟΥ,"400269","400269",2η ΒΩΚΟΥ,2nd BOKOY,ΑΓΧΙΑΛΟΥ,"915"
400270: 3η ΒΩΚΟΥ,"400270","400270",3η ΒΩΚΟΥ,3rd BOKOY,ΧΑΙΔΑΡΙΟΥ,"915"
400273: ΕΒΡΟΥ,"400273","400273",ΕΒΡΟΥ,EBROY,ΕΒΡΟΥ,"915"
400276: ΤΕΛΩΝΕΙΟ,"400276","400276",ΤΕΛΩΝΕΙΟ,TELONEIO,ΑΚΤΗΣ ΜΙΑΟΥΛΗ,"049, 217, 229, 826, 828, 831, 843, 859"
400277: ΑΓ. ΝΙΚΟΛΑΟΣ,"400277","400277",ΑΓ. ΝΙΚΟΛΑΟΣ,AG. NIKOLAOS,ΑΚΤΗΣ ΜΙΑΟΥΛΗ,"049, 217, 229, 826, 828, 831, 843, 859"
400278: ΠΛ. ΚΑΡΑΙΣΚΑΚΗ,"400278","400278",ΠΛ. ΚΑΡΑΙΣΚΑΚΗ,PL. KARAISKAKH (GATE E 7 8 9 10),ΑΚΤΗΣ ΠΟΣΕΙΔΩΝΟΣ,"826, 843, 859, Χ96"
400281: ΟΣΕ,"400281","400281",ΟΣΕ,OSE (GATE E 2 3),ΑΚΤΗΣ ΗΕΤΙΩΝΕΙΑΣ,"420, 703, 859, Χ96"
400285: ΚΕΡΑΝΗ,"400285","400285",ΚΕΡΑΝΗ,KERANH,ΑΘΗΝΩΝ-ΠΕΙΡΑΙΩΣ,"420, 828"
400286: ΡΕΤΣΙΝΑ,"400286","400286",ΡΕΤΣΙΝΑ,RETSINA,ΡΕΤΣΙΝΑ,"703, 801, 803, 814, 827, 830, 838, 845"
400287: ΣΧΟΛΕΙΟ,"400287","400287",ΣΧΟΛΕΙΟ,SXOLEIO,Ν.ΜΠΕΛΟΓΙΑΝΝΗ,"828, 909"
400290: 1η ΠΑΤΡΩΝ,"400290","400290",1η ΠΑΤΡΩΝ,1st PATRON,ΠΑΤΡΩΝ,"826"
400291: 2η ΠΑΤΡΩΝ,"400291","400291",2η ΠΑΤΡΩΝ,2nd PATRON,ΠΑΤΡΩΝ,"826"
400298: ΠΛ. ΚΑΡΑΙΣΚΑΚΗ,"400298","400298",ΠΛ. ΚΑΡΑΙΣΚΑΚΗ,PL. KARAISKAKH,ΑΚΤΗΣ ΠΟΣΕΙΔΩΝΟΣ,"826, 843, 859, 915, Χ96"
400299: ΑΓ. ΣΠΥΡΙΔΩΝΑΣ,"400299","400299",ΑΓ. ΣΠΥΡΙΔΩΝΑΣ,AG. SPYRIDONAS,ΑΚΤΗΣ ΜΙΑΟΥΛΗ,"17, 17*, 20, 20*, 826, 828, 831, 843, 859, Χ96"
400301: ΟΛΥΜΠΙΑΚΗ,"400301","400301",ΟΛΥΜΠΙΑΚΗ,OLYMPIAKH,ΑΚΤΗΣ ΜΙΑΟΥΛΗ,"826, 828, 831, 843, 859"
400302: ΑΓ. ΝΙΚΟΛΑΟΣ,"400302","400302",ΑΓ. ΝΙΚΟΛΑΟΣ,AG. NIKOLAOS,ΑΚΤΗΣ ΜΙΑΟΥΛΗ,"130, 217, 229, 826, 828, 831, 843, 859, Α1, Β1"
400303: ΤΕΛΩΝΕΙΟ,"400303","400303",ΤΕΛΩΝΕΙΟ,TELONEIO,ΑΚΤΗΣ ΜΙΑΟΥΛΗ,"130, 217, 229, 826, 828, 831, 843, 859, Α1, Β1"
400305: ΚΟΣΤΑΛ,"400305","400305",ΚΟΣΤΑΛ,KOSTAL,ΑΓ.ΔΗΜΗΤΡΙΟΥ,"824, 826, 833, 871, 871Τ"
400306: ΠΑΡΘΕΝΗ,"400306","400306",ΠΑΡΘΕΝΗ,PARTHENH,ΑΓ.ΔΗΜΗΤΡΙΟΥ,"824, 826, 871, 871Τ"
400307: ΑΓΧΙΑΛΟΥ,"400307","400307",ΑΓΧΙΑΛΟΥ,AGXIALOY,ΑΓ.ΔΗΜΗΤΡΙΟΥ,"824, 826, 871, 871Τ"
400308: ΥΠΑΠΑΝΤΗΣ,"400308","400308",ΥΠΑΠΑΝΤΗΣ,YPAPANTHS,ΑΓΧΙΑΛΟΥ,"17, 17*, 843"
400309: ΨΑΡΩΝ,"400309","400309",ΨΑΡΩΝ,PSARON,ΨΑΡΩΝ,"843"
400310: ΠΑΡΘΕΝΗ,"400310","400310",ΠΑΡΘΕΝΗ,PARTHENH,ΨΑΡΩΝ,"843"
400311: ΚΟΣΤΑΛ,"400311","400311",ΚΟΣΤΑΛ,KOSTAL,ΨΑΡΩΝ,"843"
400323: 17η ΣΤΑΣΗ,"400323","400323",17η ΣΤΑΣΗ,17th STASH,ΤΖΑΒΕΛΛΑ,"040, 130, 217, 218, 229, 500, Α1, Β1"
400324: ΝΕΟ ΦΑΛΗΡΟ,"400324","400324",ΝΕΟ ΦΑΛΗΡΟ,NEO FALHRO,ΕΘΝ.ΜΑΚΑΡΙΟΥ,"040, 130, 217, 218, 229, 500, Α1, Β1"
400327: ΨΙΓΚΑ,"400327","400327",ΨΙΓΚΑ,PSIGKA,ΧΟΡΜΟΒΙΤΟΥ,"17, 17*, 843"
400329: ΛΕΥΚΑ,"400329","400329",ΛΕΥΚΑ,LEYKA,ΘΗΒΩΝ,"703, 803, 809, 810, 827, 830, 831, 838, 845, 846"
400331: 1η ΘΕΟΤΟΚΗ,"400331","400331",1η ΘΕΟΤΟΚΗ,1st THEOTOKH,ΘΕΟΤΟΚΗ,"906"
400332: ΠΑΣΑΛΙΜΑΝΙ,"400332","10611",ΠΑΣΑΛΙΜΑΝΙ,PASALIMANI,ΑΚΤΗ ΜΟΥΤΣΟΠΟΥΛΟΥ,Χ80
400333: ΚΑΣΤΕΛΛΑ - ΜΙΚΡΟΛΙΜΑΝΟ,"400333","10610",ΚΑΣΤΕΛΛΑ - ΜΙΚΡΟΛΙΜΑΝΟ,KASTELLA - MIKROLIMANO,ΑΛΕΞ.ΠΑΠΑΝΑΣΤΑΣΙΟΥ,Χ80
400334: ΜΕΤΡΟ Ν. ΦΑΛΗΡΟ - ΚΑΡΑΪΣΚΑΚΗ,"400334","10612",ΜΕΤΡΟ Ν. ΦΑΛΗΡΟ - ΚΑΡΑΪΣΚΑΚΗ,METRO N.FALHRO - KARAISKAKH,ΕΘΝΑΡΧΟΥ ΜΑΚΑΡΙΟΥ,Χ80
400335: ΑΡΧΑΙΟΛΟΓΙΚΟ ΜΟΥΣΕΙΟ ΠΕΙΡΑΙΑ,"400335","10613",ΑΡΧΑΙΟΛΟΓΙΚΟ ΜΟΥΣΕΙΟ ΠΕΙΡΑΙΑ,ARXAIOLOGIKO MOYSEIO PEIRAIA,2ας ΜΕΡΑΡΧΙΑΣ,Χ80
400337: 2ας ΜΕΡΑΡΧΙΑΣ,"400337","400337",2ας ΜΕΡΑΡΧΙΑΣ,2nd MERARXIAS,2ας ΜΕΡΑΡΧΙΑΣ,"130, 217, 229, Α1, Β1"
400345: ΧΑΤΖΗΚΥΡΙΑΚΕΙΟ,"400345","400345",ΧΑΤΖΗΚΥΡΙΑΚΕΙΟ,XATZHKYRIAKEIO,Μ.ΧΑΤΖΗΚΥΡΙΑΚΟΥ,"040, 049"
400346: ΣΚΑΙ,"400346","400346",ΣΚΑΙ,SKAI,ΕΘΝ.ΜΑΚΑΡΙΟΥ,"040, 130, 217, 218, 229, 500, Α1, Β1"
400348: ΜΠΟΤΑΣΗ,"400348","400348",ΜΠΟΤΑΣΗ,MPOTASH,ΑΚΤΗ ΘΕΜΙΣΤΟΚΛΕΟΥΣ,"904"
400405: ΛΙΜΗΝ ΖΕΑΣ,"400405","400405",ΛΙΜΗΝ ΖΕΑΣ,LIMHN ZEAS,ΑΚΤΗ ΜΟΥΤΣΟΠΟΥΛΟΥ,"20, 20*"
400406: ΣΥΡΑΓΓΕΙΟΥ,"400406","400406",ΣΥΡΑΓΓΕΙΟΥ,SYRAGGEIOY,ΑΚΤΗ ΜΟΥΤΣΟΠΟΥΛΟΥ,"20, 20*"
400407: ΣΑΝΤΑΡΟΖΑ,"400407","400407",ΣΑΝΤΑΡΟΖΑ,SANTAROZA,ΑΚΤΗ ΜΟΥΤΣΟΠΟΥΛΟΥ,"20, 20*"
400408: ΠΛ. ΑΛΕΞΑΝΔΡΑΣ,"400408","400408",ΠΛ. ΑΛΕΞΑΝΔΡΑΣ,PL. ALEXANDRAS,ΑΚΤΗ ΚΟΥΝΤΟΥΡΙΩΤΟΥ,"20, 20*"
400409: ΠΑΡΑΣΚΕΥΑ,"400409","400409",ΠΑΡΑΣΚΕΥΑ,PARASKEYA,ΑΚΤΗ ΚΟΥΝΤΟΥΡΙΩΤΟΥ,"20, 20*"
400410: ΓΕΩΡΓΙΟΥ,"400410","400410",ΓΕΩΡΓΙΟΥ,GEORGIOY,ΒΑΣ.ΠΑΥΛΟΥ,"20, 20*"
400411: ΝΑΥΤ. ΟΜΙΛΟΣ,"400411","400411",ΝΑΥΤ. ΟΜΙΛΟΣ,NAYT. OMILOS,ΒΑΣ.ΠΑΥΛΟΥ,"20, 20*"
400412: ΣΚΑΛΑΚΙΑ,"400412","400412",ΣΚΑΛΑΚΙΑ,SKALAKIA,ΒΑΣ.ΠΑΥΛΟΥ,"20, 20*"
400413: ΜΙΚΡΟΛΙΜΑΝΟ,"400413","400413",ΜΙΚΡΟΛΙΜΑΝΟ,MIKROLIMANO,ΒΑΣ.ΠΑΥΛΟΥ,"20, 20*"
400414: ΑΡΙΩΝ,"400414","400414",ΑΡΙΩΝ,ARION,ΒΑΣ.ΠΑΥΛΟΥ,"20, 20*"
400415: ΣΧΙΣΤΟ,"400415","400415",ΣΧΙΣΤΟ,SXISTO,ΒΑΣ.ΠΑΥΛΟΥ,"20, 20*"
400416: ΠΕΤΡΙΝΟ ΠΕΡΙΠΤΕΡΟ,"400416","400416",ΠΕΤΡΙΝΟ ΠΕΡΙΠΤΕΡΟ,PETRINO PERIPTERO,ΒΑΣ.ΠΑΥΛΟΥ,"20, 20*"
400418: ΣΧΟΛΕΙΟ,"400418","400418",ΣΧΟΛΕΙΟ,SXOLEIO,ΑΛΕΞΑΝΔΡΟΥ,"20, 20*"
400419: ΠΕΤΡΙΝΟ ΠΕΡΙΠΤΕΡΟ,"400419","400419",ΠΕΤΡΙΝΟ ΠΕΡΙΠΤΕΡΟ,PETRINO PERIPTERO,ΒΑΣ.ΠΑΥΛΟΥ,"20, 20*"
400420: ΣΧΙΣΤΟ,"400420","400420",ΣΧΙΣΤΟ,SXISTO,ΒΑΣ.ΠΑΥΛΟΥ,"20, 20*"
400421: ΑΡΙΩΝ,"400421","400421",ΑΡΙΩΝ,ARION,ΒΑΣ.ΠΑΥΛΟΥ,"20, 20*"
400422: ΜΙΚΡΟΛΙΜΑΝΟ,"400422","400422",ΜΙΚΡΟΛΙΜΑΝΟ,MIKROLIMANO,ΒΑΣ.ΠΑΥΛΟΥ,"20, 20*"
400423: ΣΚΑΛΑΚΙΑ,"400423","400423",ΣΚΑΛΑΚΙΑ,SKALAKIA,ΠΑΠΑΝΑΣΤΑΣΙΟΥ,"20, 20*"
400424: ΝΑΥΤ. ΟΜΙΛΟΣ,"400424","400424",ΝΑΥΤ. ΟΜΙΛΟΣ,NAYT. OMILOS,ΒΑΣ.ΠΑΥΛΟΥ,"20, 20*"
400426: ΠΑΡΑΣΚΕΥΑ,"400426","400426",ΠΑΡΑΣΚΕΥΑ,PARASKEYA,ΑΚΤΗ ΚΟΥΝΤΟΥΡΙΩΤΟΥ,"20, 20*"
400427: ΠΛ. ΑΛΕΞΑΝΔΡΑΣ,"400427","400427",ΠΛ. ΑΛΕΞΑΝΔΡΑΣ,PL. ALEXANDRAS,ΑΚΤΗ ΚΟΥΝΤΟΥΡΙΩΤΟΥ,20*
400428: ΣΑΝΤΑΡΟΖΑ,"400428","400428",ΣΑΝΤΑΡΟΖΑ,SANTAROZA,ΑΚΤΗ ΜΟΥΤΣΟΠΟΥΛΟΥ,"20, 20*"
400429: ΣΥΡΑΓΓΕΙΟΥ,"400429","400429",ΣΥΡΑΓΓΕΙΟΥ,SYRAGGEIOY,ΑΚΤΗ ΜΟΥΤΣΟΠΟΥΛΟΥ,"20, 20*"
400430: ΛΙΜΗΝ ΖΕΑΣ,"400430","400430",ΛΙΜΗΝ ΖΕΑΣ,LIMHN ZEAS,ΑΚΤΗ ΜΟΥΤΣΟΠΟΥΛΟΥ,"20, 20*"
400431: ΑΓ. ΜΑΡΙΝΗΣ,"400431","400431",ΑΓ. ΜΑΡΙΝΗΣ,AG. MARINHS,ΑΓΧΙΑΛΟΥ,"915"
400432: ΠΛ. ΚΑΜΙΝΙΩΝ,"400432","11533",ΠΛ. ΚΑΜΙΝΙΩΝ,PL. KAMINION,ΔΩΔΕΚΑΝΗΣΟΥ,"828"
400433: ΛΕΥΚΑ,"400433","11534",ΛΕΥΚΑ,LEYKA,ΦΑΛΗΡΟΥ,"828"
400434: ΓΕΦΥΡΑ,"400434","400434",ΓΕΦΥΡΑ,GEFYRA,ΑΘΗΝΩΝ-ΠΕΙΡΑΙΩΣ,"420, 828"
400435: ΚΟΡΥΤΣΑΣ,"400435","400435",ΚΟΡΥΤΣΑΣ,KORYTSAS,ΚΟΡΥΤΣΑΣ,"838, 914"
400436: ΛΕΒΑΔΕΙΑΣ,"400436","400436",ΛΕΒΑΔΕΙΑΣ,LEVADEIAS,ΚΟΡΥΤΣΑΣ,"838, 914"
400437: ΠΛ. ΚΑΜΙΝΙΩΝ,"400437","11535",ΠΛ. ΚΑΜΙΝΙΩΝ,PL. KAMINION,ΔΩΔΕΚΑΝΗΣΟΥ,"828"
400438: ΠΕΙΡΑΙΩΣ,"400438","11536",ΠΕΙΡΑΙΩΣ,PEIRAIOS,ΔΩΔΕΚΑΝΗΣΟΥ,"828"
400439: ΠΛ. ΑΛΕΞΑΝΔΡΑΣ,"400439","11590",ΠΛ. ΑΛΕΞΑΝΔΡΑΣ,PL. ALEXANDRAS,ΑΚΤΗ ΚΟΥΝΤΟΥΡΙΩΤΟΥ,"20"
400445: ΑΦΕΝΤΟΥΛΗ,"400445","400445",ΑΦΕΝΤΟΥΛΗ,AFENTOYLH,ΑΦΕΝΤΟΥΛΗ,"300"
400446: ΤΖΑΝΕΙΟ,"400446","400446",ΤΖΑΝΕΙΟ,TZANEIO,ΖΑΝΝΗ,"300"
400451: ΕΘΝ. ΑΝΤΙΣΤΑΣΕΩΣ,"400451","400451",ΕΘΝ. ΑΝΤΙΣΤΑΣΕΩΣ,ETHN. ANTISTASEOS,ΕΘΝ.ΑΝΤΙΣΤΑΣΕΩΣ,"420, 703, 801, 803, 814, 827, 828, 830, 831, 838, 845"
400452: ΓΟΥΝΑΡΗ,"400452","400452",ΓΟΥΝΑΡΗ,GOYNARH,ΓΟΥΝΑΡΗ,"16, 300, 420, 703, 827, 828, 831, 838"
400453: ΚΑΡΑΙΣΚΟΥ,"400453","10549",ΚΑΡΑΙΣΚΟΥ,KARAISKOY,,"17*, 20, 20*"
400454: ΕΟΠΠΥ,"400454","10551",ΕΟΠΠΥ,EOPPY,,"17*, 20, 20*"
400458: ΝΑΥΤ. ΝΟΣΟΚΟΜΕΙΟ,"400458","400458",ΝΑΥΤ. ΝΟΣΟΚΟΜΕΙΟ,NAYT. NOSOKOMEIO,ΑΚΤΗ ΜΟΥΤΣΟΠΟΥΛΟΥ,"904"
400460: ΝΑΤ,"400460","400460",ΝΑΤ,NAT,ΛΕΩΦ.ΒΑΣ.ΓΕΩΡΓΙΟΥ Α',"218, 500, 904, 906, Χ96"
400462: ΟΛΠ,"400462","400462",ΟΛΠ,OLP,ΑΚΤΗ ΜΙΑΟΥΛΗ,Χ80
400463: ΑΡΧΑΙΟΛΟΓΙΚΟ ΜΟΥΣΕΙΟ ΠΕΙΡΑΙΑ,"400463","400463",ΑΡΧΑΙΟΛΟΓΙΚΟ ΜΟΥΣΕΙΟ ΠΕΙΡΑΙΑ,ARXAIOLOGIKO MOYSEIO PEIRAIA,2ας ΜΕΡΑΡΧΙΑΣ,Χ80
400464: ΔΗΜΟΤΙΚΟ ΘΕΑΤΡΟ ΠΕΙΡΑΙΑ,"400464","400464",ΔΗΜΟΤΙΚΟ ΘΕΑΤΡΟ ΠΕΙΡΑΙΑ,DHMOTIKO THEATRO PEIRAIA,ΗΡΩΩΝ ΠΟΛΥΤΕΧΝΕΙΟΥ,Χ80
400465: ΟΛΠ,"400465","400465",ΟΛΠ,OLP,ΑΚΤΗ ΜΙΑΟΥΛΗ,Χ80
400471: ΜΕΤΑΜΟΡΦΩΣΕΩΣ,"400471","400471",ΜΕΤΑΜΟΡΦΩΣΕΩΣ,METAMORFOSEOS,ΑΓ.ΑΝΑΡΓΥΡΩΝ,"838, 914"
400472: ΛΑΚΩΝΙΑΣ,"400472","400472",ΛΑΚΩΝΙΑΣ,LAKONIAS,ΕΒΡΟΥ,"915"
400473: 4η ΜΟΥΤΣΟΠΟΥΛΟΥ,"400473","400473",4η ΜΟΥΤΣΟΠΟΥΛΟΥ,4ht MOYTSOPOYLOY,ΜΟΥΤΣΟΠΟΥΛΟΥ,"828, 831"
400474: ΔΕΞΑΜΕΝΕΣ,"400474","400474",ΔΕΞΑΜΕΝΕΣ,DEXAMENES,ΑΚΤΗΣ ΗΕΤΙΩΝΕΙΑΣ,"420, 703, 859"
400491: 2η ΒΑΛΑΩΡΙΤΟΥ,"400491","400491",2η ΒΑΛΑΩΡΙΤΟΥ,2nd BALAORITOY,ΒΑΛΑΩΡΙΤΟΥ,"800, 827, 830"
400493: ΥΕΝΑΝΠ,"400493","400493",ΥΕΝΑΝΠ,YENANP,ΠΡΟ ΕΞΟΔΟΥ ΠΥΛΗΣ Ε ΔΥΟ,"420, 703, 859"
400495: ΑΓ.  ΔΙΟΝΥΣΙΟΣ,"400495","400495",ΑΓ.  ΔΙΟΝΥΣΙΟΣ,AG. DIONYSIOS,ΡΕΤΣΙΝΑ,"703, 809, 810, 827, 830, 831, 838, 846"
400497: ΚΑΤΣΑΝΤΩΝΗ,"400497","400497",ΚΑΤΣΑΝΤΩΝΗ,KATSANTONH,ΑΙΤΩΛΙΚΟΥ,"400, 814, 825, 909"
400499: ΓΥΘΕΙΟΥ,"400499","400499",ΓΥΘΕΙΟΥ,GYTHEIOY,ΛΑΚΩΝΙΑΣ,"915"
400500: ΚΑΠΕΤΑΝ ΓΕΡΜΑ,"400500","400500",ΚΑΠΕΤΑΝ ΓΕΡΜΑ,KAPETAN GERMA,ΛΑΚΩΝΙΑΣ,"915"
400501: ΔΗΜΗΤΡΑΚΟΠΟΥΛΟΥ,"400501","400501",ΔΗΜΗΤΡΑΚΟΠΟΥΛΟΥ,DHMHTRAKOPOYLOY,ΑΝΤ/ΡΧΟΥ ΒΛΑΧΑΚΟΥ,"915"
400502: ΚΟΥΜΟΥΝΔΟΥΡΟΥ,"400502","400502",ΚΟΥΜΟΥΝΔΟΥΡΟΥ,KOYMOYNDOYROY,ΑΝΤ/ΡΧΟΥ ΠΑΝ.ΒΛΑΧΑΚΟΥ,"915"
400503: 2ας ΜΕΡΑΡΧΙΑΣ,"400503","400503",2ας ΜΕΡΑΡΧΙΑΣ,2nd MERARXIAS,2ΑΣ ΜΕΡΑΡΧΙΑΣ,"049, 17, 17*, 20, 20*, 217, 229"
400504: ΠΛ. ΤΕΡΨΙΘΕΑΣ,"400504","400504",ΠΛ. ΤΕΡΨΙΘΕΑΣ,PL. TERPSITHEAS,2ΑΣ ΜΕΡΑΡΧΙΑΣ,"040, 20, 20*, 906, 909, Χ96"
400505: ΤΣΑΜΑΔΟΥ,"400505","400505",ΤΣΑΜΑΔΟΥ,TSAMADOY,ΤΣΑΜΑΔΟΥ,"218, 300, 500, 904, 906, 909, 915"
400506: ΔΗΜΟΤΙΚΟ ΘΕΑΤΡΟ,"400506","400506",ΔΗΜΟΤΙΚΟ ΘΕΑΤΡΟ,DHMOTIKO THEATRO,ΤΣΑΜΑΔΟΥ,"049, 130, 217, 218, 229, 500, 915, Α1, Β1, Ε90"
400507: ΚΟΥΝΤΟΥΡΙΩΤΟΥ,"400507","400507",ΚΟΥΝΤΟΥΡΙΩΤΟΥ,KOYNTOYRIOTOY,ΤΣΑΜΑΔΟΥ,"049, 130, 217, 218, 229, 500, 915, Α1, Β1"
400508: ΕΛ. ΒΕΝΙΖΕΛΟΥ,"400508","400508",ΕΛ. ΒΕΝΙΖΕΛΟΥ,EL. BENIZELOY,ΕΛ.ΒΕΝΙΖΕΛΟΥ,"049, 300, 915"
400510: ΕΘΝ. ΑΝΤΙΣΤΑΣΕΩΣ,"400510","400510",ΕΘΝ. ΑΝΤΙΣΤΑΣΕΩΣ,ETHN. ANTISTASEOS,ΕΛ.ΒΕΝΙΖΕΛΟΥ,"300"
400511: ΠΛ. ΚΑΝΑΡΗ,"400511","400511",ΠΛ. ΚΑΝΑΡΗ,PL. KANARH,ΓΡ.ΛΑΜΠΡΑΚΗ,"904, 906, 909"
400512: ΑΛΩΝ,"400512","10537",ΑΛΩΝ,ALON,,"703, 801, 803, 814, 827, 830, 838, 845"
400514: ΖΩΟΔΟΧΟΣ ΠΗΓΗ,"400514","10779",ΖΩΟΔΟΧΟΣ ΠΗΓΗ,ZOODOXOS PHGH,,"040, 049"
400515: ΑΝΑΠΑΥΣΕΩΣ,"400515","10815",ΑΝΑΠΑΥΣΕΩΣ,ANAPAYSEOS,ΨΑΡΩΝ,"843"
400516: ΔΡΑΓΑΤΣΑΝΙΟΥ,"400516","11503",ΔΡΑΓΑΤΣΑΝΙΟΥ,DRAGATSANIOY,,"915"
405: ΜΕΛΙΣΣΙΑ - ΚΛΕΙΟΥΣ,"405","11599",ΜΕΛΙΣΣΙΑ - ΚΛΕΙΟΥΣ,MELISSIA - KLEIOYS,,"405"
40: ΧΡΥΣΟΥΠΟΛΗ,"40","10206",ΧΡΥΣΟΥΠΟΛΗ,XRYSOYPOLH,,"748"
410001: ΙΚΟΝΙΟΥ,"410001","410001",ΙΚΟΝΙΟΥ,IKONIOY,ΛΕΩΦ.ΔΗΜΟΚΡΑΤΙΑΣ,"819, 841, 842, 843"
410002: ΑΣΤΥΝΟΜΙΑ,"410002","410002",ΑΣΤΥΝΟΜΙΑ,ASTYNOMIA,ΛΕΩΦ.ΔΗΜΟΚΡΑΤΙΑΣ,"819, 841, 842, 843"
410004: ΔΙΥΛΙΣΤΗΡΙΑ SHELL,"410004","410004",ΔΙΥΛΙΣΤΗΡΙΑ SHELL,DIYLISTHRIA SHELL,ΛΕΩΦ.ΔΗΜΟΚΡΑΤΙΑΣ,"819, 841, 842, 843"
410005: ΣΙΔΕΡΑ,"410005","410005",ΣΙΔΕΡΑ,SIDERA,ΛΕΩΦ.ΕΙΡΗΝΗΣ,"818, 819, 841, 842, 843"
410006: ΠΛΑΖΑΚΗ,"410006","410006",ΠΛΑΖΑΚΗ,PLAZAKH,ΛΕΩΦ.ΕΙΡΗΝΗΣ,"818, 819, 841, 842, 843"
410007: ΣΧΟΛΕΙΟ,"410007","410007",ΣΧΟΛΕΙΟ,SXOLEIO,ΛΕΩΦ.ΕΙΡΗΝΗΣ,"818, 819, 841, 842, 843"
410008: ΑΓ. ΝΙΚΟΛΑΟΣ,"410008","410008",ΑΓ. ΝΙΚΟΛΑΟΣ,AG. NIKOLAOS,ΛΕΩΦ.ΕΙΡΗΝΗΣ,"819, 841, 842, 843"
410009: ΟΤΕ,"410009","410009",ΟΤΕ,OTE,ΛΕΩΦ.ΕΙΡΗΝΗΣ,"819, 841, 842, 843"
410010: ΤΡΑΠΕΖΑ,"410010","410010",ΤΡΑΠΕΖΑ,TRAPEZA,ΛΕΩΦ.ΕΙΡΗΝΗΣ,"819, 841, 842, 843"
410011: 25ης ΜΑΡΤΙΟΥ,"410011","410011",25ης ΜΑΡΤΙΟΥ,25th MARTIOY,ΛΕΩΦ.ΕΙΡΗΝΗΣ,"819, 841, 842, 843"
410012: ΠΛΑΤΕΙΑ,"410012","410012",ΠΛΑΤΕΙΑ,PLATEIA,ΛΕΩΦ.ΕΙΡΗΝΗΣ,"819, 841, 842, 843"
410013: ΑΝΑΠΑΥΣΕΩΣ,"410013","410013",ΑΝΑΠΑΥΣΕΩΣ,ANAPAYSEOS,ΛΕΩΦ.ΔΗΜΟΚΡΑΤΙΑΣ,"819, 841, 842, 843"
410014: ΒΙΟΜΗΧΑΝΙΚΟ ΠΑΡΚΟ,"410014","410014",ΒΙΟΜΗΧΑΝΙΚΟ ΠΑΡΚΟ,BIOMHXANIKO PARKO,ΑΝΩΝΥΜΟΥ,"819, 860"
410015: ΔΗΜΑΡΧΕΙΟ,"410015","410015",ΔΗΜΑΡΧΕΙΟ,DHMARXEIO,ΛΕΩΦ.ΔΗΜΟΚΡΑΤΙΑΣ,"818, 819, 841, 842, 843"
410016: ΚΑΡΑΟΛΗ ΚΑΙ ΔΗΜΗΤΡΙΟΥ,"410016","410016",ΚΑΡΑΟΛΗ ΚΑΙ ΔΗΜΗΤΡΙΟΥ,KARAOLH KAI DHMHTRIOY,ΛΕΩΦ.ΔΗΜΟΚΡΑΤΙΑΣ,"819, 841, 842, 843"
410017: ΤΡΑΠΕΖΑ,"410017","410017",ΤΡΑΠΕΖΑ,TRAPEZA,ΛΕΩΦ.ΔΗΜΟΚΡΑΤΙΑΣ,"819, 841, 842, 843"
410018: ΑΡΣΑΚΗ,"410018","410018",ΑΡΣΑΚΗ,ARSAKH,ΛΕΩΦ.ΔΗΜΟΚΡΑΤΙΑΣ,"819, 841, 842, 843"
410019: ΠΡΩΤΕΩΣ,"410019","410019",ΠΡΩΤΕΩΣ,PROTEOS,ΛΕΩΦ.ΔΗΜΟΚΡΑΤΙΑΣ,"819, 841, 842, 843"
410020: ΓΕΡΜ. ΣΚΑΛΑ,"410020","410020",ΓΕΡΜ. ΣΚΑΛΑ,GERM. SKALA,ΛΕΩΦ.ΔΗΜΟΚΡΑΤΙΑΣ,"819, 841, 842, 843"
410021: ΠΛΑΖΑΚΗ,"410021","410021",ΠΛΑΖΑΚΗ,PLAZAKH,ΛΕΩΦ.ΔΗΜΟΚΡΑΤΙΑΣ,"819, 841, 842, 843"
410022: ΣΙΔΕΡΑ,"410022","410022",ΣΙΔΕΡΑ,SIDERA,ΛΕΩΦ.ΔΗΜΟΚΡΑΤΙΑΣ,"819, 841, 842, 843"
410024: BP,"410024","410024",BP,BP,ΛΕΩΦ.ΔΗΜΟΚΡΑΤΙΑΣ,"819, 841, 842, 843"
410025: ΠΛΑΚΟΥΔΑ,"410025","410025",ΠΛΑΚΟΥΔΑ,PLAKOYDA,ΛΕΩΦ.ΔΗΜΟΚΡΑΤΙΑΣ,"819, 841, 842, 843"
410026: ΑΣΤΥΝΟΜΙΑ,"410026","410026",ΑΣΤΥΝΟΜΙΑ,ASTYNOMIA,ΛΕΩΦ.ΔΗΜΟΚΡΑΤΙΑΣ,"819, 841, 842, 843"
410027: ΙΚΟΝΙΟΥ,"410027","410027",ΙΚΟΝΙΟΥ,IKONIOY,ΛΕΩΦ.ΔΗΜΟΚΡΑΤΙΑΣ,"819, 841, 842, 843"
410028: ΠΛΑΚΟΥΔΑ,"410028","410028",ΠΛΑΚΟΥΔΑ,PLAKOYDA,ΛΕΩΦ.ΔΗΜΟΚΡΑΤΙΑΣ,"819, 841, 842, 843"
410029: 2η ΑΝΩ ΠΕΡΑΜΑΤΟΣ,"410029","410029",2η ΑΝΩ ΠΕΡΑΜΑΤΟΣ,2nd ANO PERAMATOS,ΕΛΕΥΘΕΡΙΑΣ,"818"
410030: 3η ΑΝΩ ΠΕΡΑΜΑΤΟΣ,"410030","410030",3η ΑΝΩ ΠΕΡΑΜΑΤΟΣ,3rd ANO PERAMATOS,ΜΕΓ.ΑΛΕΞΑΝΔΡΟΥ,"818"
410031: 4η ΑΝΩ ΠΕΡΑΜΑΤΟΣ,"410031","410031",4η ΑΝΩ ΠΕΡΑΜΑΤΟΣ,4th ANO PERAMATOS,ΜΕΓ.ΑΛΕΞΑΝΔΡΟΥ,"818"
410032: 5η ΑΝΩ ΠΕΡΑΜΑΤΟΣ,"410032","410032",5η ΑΝΩ ΠΕΡΑΜΑΤΟΣ,5th ANO PERAMATOS,ΜΕΓ.ΑΛΕΞΑΝΔΡΟΥ,"818"
410033: 6η ΑΝΩ ΠΕΡΑΜΑΤΟΣ,"410033","410033",6η ΑΝΩ ΠΕΡΑΜΑΤΟΣ,6th ANO PERAMATOS,ΜΕΓ.ΑΛΕΞΑΝΔΡΟΥ,"818"
410034: 7η ΑΝΩ ΠΕΡΑΜΑΤΟΣ,"410034","410034",7η ΑΝΩ ΠΕΡΑΜΑΤΟΣ,7th ANO PERAMATOS,ΦΛΕΜΙΝΓΚ,"818"
410035: 8η ΑΝΩ ΠΕΡΑΜΑΤΟΣ,"410035","410035",8η ΑΝΩ ΠΕΡΑΜΑΤΟΣ,8th ANO PERAMATOS,25ης ΜΑΡΤΙΟΥ,"818"
410036: 9η ΑΝΩ ΠΕΡΑΜΑΤΟΣ,"410036","410036",9η ΑΝΩ ΠΕΡΑΜΑΤΟΣ,9th ANO PERAMATOS,ΗΠΕΙΡΟΥ,"818"
410038: ΗΡΩΩΝ ΠΟΛΥΤΕΧΝΕΙΟΥ,"410038","410038",ΗΡΩΩΝ ΠΟΛΥΤΕΧΝΕΙΟΥ,HROON POLYTEXNEIOY,ΛΕΩΦ.ΔΗΜΟΚΡΑΤΙΑΣ,"819, 841, 842, 843"
410039: 1η ΑΝΩ ΠΕΡΑΜΑΤΟΣ,"410039","410039",1η ΑΝΩ ΠΕΡΑΜΑΤΟΣ,1st ANO PERAMATOS,ΕΛΕΥΘΕΡΙΑΣ,"818"
410040: ΑΓ. ΓΕΩΡΓΙΟΣ,"410040","410040",ΑΓ. ΓΕΩΡΓΙΟΣ,AG. GEORGIOS,ΛΕΩΦ.ΔΗΜΟΚΡΑΤΙΑΣ,"819, 841, 842, 843"
410041: Τ.Ε.Ε,"410041","410041",Τ.Ε.Ε,T.E.E,ΛΕΩΦ.ΔΗΜΟΚΡΑΤΙΑΣ,"819, 841, 842, 843"
410042: ΚΑΡΑΟΛΗ ΚΑΙ ΔΗΜΗΤΡΙΟΥ,"410042","410042",ΚΑΡΑΟΛΗ ΚΑΙ ΔΗΜΗΤΡΙΟΥ,KARAOLH KAI DHMHTRIOY,ΚΑΡΑΟΛΗ ΚΑΙ ΔΗΜΗΤΡΙΟΥ,"818"
410043: ΠΕΛΟΠΟΝΝΗΣΟΥ,"410043","410043",ΠΕΛΟΠΟΝΝΗΣΟΥ,PELOPONNHSOY,ΗΠΕΙΡΟΥ,"818"
410044: ΣΟΦ. ΒΕΝΙΖΕΛΟΥ,"410044","410044",ΣΟΦ. ΒΕΝΙΖΕΛΟΥ,SOF. BENIZELOY,ΗΠΕΙΡΟΥ,"818"
410045: ΠΑΤΡΟΚΛΟΥ,"410045","410045",ΠΑΤΡΟΚΛΟΥ,PATROKLOY,ΗΠΕΙΡΟΥ,"818"
410046: ΠΡΟΦ. ΗΛΙΑΣ,"410046","410046",ΠΡΟΦ. ΗΛΙΑΣ,PROF. HLIAS,ΠΡΟΦ.ΗΛΙΑ,"818"
410047: ΚΟΡΑΗ,"410047","410047",ΚΟΡΑΗ,KORAH,ΚΑΡΑΙΣΚΑΚΗ,"818"
410048: ΑΓ. ΛΑΥΡΑΣ,"410048","410048",ΑΓ. ΛΑΥΡΑΣ,AG. LAYRAS,ΑΓ.ΛΑΥΡΑΣ,"818"
410049: ΤΡΙΠΟΛΕΩΣ,"410049","410049",ΤΡΙΠΟΛΕΩΣ,TRIPOLEOS,ΑΝΩΝΥΜΟΣ,"819"
410050: ΗΡΩΩΝ ΠΟΛΥΤΕΧΝEΙΟΥ,"410050","410050",ΗΡΩΩΝ ΠΟΛΥΤΕΧΝEΙΟΥ,HROON POLYTEXNEIOY,ΛΕΩΦ.ΔΗΜΟΚΡΑΤΙΑΣ,"819, 841, 842, 843"
410051: ΑΝΑΠΑΥΣΕΩΣ,"410051","410051",ΑΝΑΠΑΥΣΕΩΣ,ANAPAYSEOS,ΠΛΟΥΤΩΝΟΣ,"818"
410052: ΜΑΚΕΔΟΝΙΑ,"410052","410052",ΜΑΚΕΔΟΝΙΑ,MAKEDONIA,ΜΑΚΕΔΟΝΙΑΣ,"818"
410053: ΛΑΝΙΤΟΥ,"410053","410053",ΛΑΝΙΤΟΥ,LANITOY,ΜΑΚΕΔΟΝΙΑΣ,"818"
410055: ΞΑΝΘΟΥ,"410055","410055",ΞΑΝΘΟΥ,XANTHOY,ΜΑΚΕΔΟΝΙΑΣ,"818"
410056: ΑΓ. ΝΙΚΟΛΑΟΣ,"410056","410056",ΑΓ. ΝΙΚΟΛΑΟΣ,AG. NIKOLAOS,ΜΑΚΕΔΟΝΙΑΣ,"818"
410057: ΚΑΡΑΙΣΚΑΚΗ,"410057","410057",ΚΑΡΑΙΣΚΑΚΗ,KARAISKAKH,ΚΑΡΑΙΣΚΑΚΗ,"818"
410058: ΜΙΑΟΥΛΗ,"410058","410058",ΜΙΑΟΥΛΗ,MIAOYLH,ΑΓ.ΛΑΥΡΑΣ,"818"
410059: ΠΟΝΤΙΩΝ,"410059","410059",ΠΟΝΤΙΩΝ,PONTION,ΗΠΕΙΡΟΥ,"818"
410060: ΚΟΛΟΚΟΤΡΩΝΗ,"410060","410060",ΚΟΛΟΚΟΤΡΩΝΗ,KOLOKOTRONH,ΚΟΛΟΚΟΤΡΩΝΗ,"818"
410061: ΚΑΝΑΡΗ,"410061","410061",ΚΑΝΑΡΗ,KANARH,ΗΠΕΙΡΟΥ,"818"
410062: Ν. ΝΙΚΟΛΑΙΔΗ,"410062","410062",Ν. ΝΙΚΟΛΑΙΔΗ,N. NIKOLAIDH,ΦΡΙΞΟΥ,"818"
410063: ΠΑΤΜΟΥ,"410063","410063",ΠΑΤΜΟΥ,PATMOY,ΕΛΠΙΔΟΣ,"818"
410064: ΠΑΝΑΓΙΩΤΗ ΣΑΛΠΕΑ,"410064","410064",ΠΑΝΑΓΙΩΤΗ ΣΑΛΠΕΑ,PANAGIOTH SALPEA,ΛΕΩΦ.ΔΗΜΟΚΡΑΤΙΑΣ,"819, 841, 842, 843"
410065: ΣΤΡΑΤΟΠΕΔΟ,"410065","410065",ΣΤΡΑΤΟΠΕΔΟ,STRATOPEDO,ΑΝΩΝΥΜΟΥ,"819, 860"
410066: ΔΕΠΑ,"410066","410066",ΔΕΠΑ,DEPA,ΑΝΩΝΥΜΟΥ,"819, 860"
410067: ΜΑΥΡΟΜΙΧΑΛΗ,"410067","410067",ΜΑΥΡΟΜΙΧΑΛΗ,MAYROMIXALH,ΛΑΝΙΤΟΥ,"818"
410068: 1η ΒΙΠΑΣ,"410068","410068",1η ΒΙΠΑΣ,1st BIPAS,ΟΔΟΥ ΝΟ ΔΥΟ,"819, 860, 871Τ"
410069: ΕΙΣΟΔΟΣ ΝΕΚΡΟΤΑΦΕΙΟΥ,"410069","410069",ΕΙΣΟΔΟΣ ΝΕΚΡΟΤΑΦΕΙΟΥ,EISODOS NEKROTAFEIOY,ΕΝΤΟΣ ΝΕΚΡΟΤΑΦΕΙΩΝ,"819, 860, 871, 871Τ"
410070: ΝΕΚΡΟΤΑΦΕΙΑ,"410070","410070",ΝΕΚΡΟΤΑΦΕΙΑ,NEKROTAFEIA,ΕΝΤΟΣ ΝΕΚΡΟΤΑΦΕΙΩΝ,"819, 860, 871, 871Τ"
410071: ΤΕΡΜΑ 860,"410071","410071",ΤΕΡΜΑ 860,TERMA 860,ΕΝΤΟΣ ΝΕΚΡΟΤΑΦΕΙΩΝ,"871, 871Τ"
410072: ΕΞΟΔΟΣ  ΝΕΚΡΟΤΑΦΕΙΟΥ,"410072","410072",ΕΞΟΔΟΣ  ΝΕΚΡΟΤΑΦΕΙΟΥ,EXODOS NEKROTAFEIOY,ΛΕΩΦ.ΣΧΙΣΤΟΥ,"819, 860, 871, 871Τ"
410073: ΤΑΞΙΑΡΧΩΝ,"410073","410073",ΤΑΞΙΑΡΧΩΝ,TAXIARXON,ΕΛΠΙΔΟΣ,"818"
410074: 2η ΒΙΠΑΣ,"410074","410074",2η ΒΙΠΑΣ,2nd BIPAS,ΟΔΟΥ ΝΟ ΔΥΟ,"819, 860, 871Τ"
410075: 3η ΒΙΠΑΣ,"410075","410075",3η ΒΙΠΑΣ,3rd BIPAS,ΟΔΟΥ ΝΟ ΤΡΙΑ,"819, 860, 871Τ"
410076: 4η ΒΙΠΑΣ,"410076","410076",4η ΒΙΠΑΣ,4th BIPAS,ΟΔΟΥ ΝΟ ΕΝΑ,"819, 860, 871Τ"
410077: ΑΓ. ΣΩΤΗΡΑΣ,"410077","410077",ΑΓ. ΣΩΤΗΡΑΣ,AG. SOTHRAS,ΛΕΩΦ.ΔΗΜΟΚΡΑΤΙΑΣ,"819, 841, 842, 843"
410078: ΝΕΚΡΟΤΑΦΕΙΟ,"410078","12267",ΝΕΚΡΟΤΑΦΕΙΟ,NEKROTAFEIO,ΛΕΩΦ.ΣΧΙΣΤΟΥ,"819, 860, 871, 871Τ"
410092: ΠΥΛΗ ΝΕΚΡΟΤΑΦΕΙΟΥ,"410092","410092",ΠΥΛΗ ΝΕΚΡΟΤΑΦΕΙΟΥ,PYLH NEKROTAFEIOY,ΟΔΟΣ ΠΡΟΣΒΑΣΗΣ ΝΕΚΡΟΤΑΦ.,"819, 860, 871, 871Τ"
410093: ΑΡΙΣΤΟΦΑΝΟΥΣ,"410093","410093",ΑΡΙΣΤΟΦΑΝΟΥΣ,ARISTOFANOYS,ΜΕΓ.ΑΛΕΞΑΝΔΡΟΥ,"818"
410094: ΡΗΓΑ ΦΕΡΑΙΟΥ,"410094","410094",ΡΗΓΑ ΦΕΡΑΙΟΥ,RHGA FERAIOY,ΜΕΓ.ΑΛΕΞΑΝΔΡΟΥ,"818"
416: ΠΛ. ΧΟΛΑΡΓΟΥ,"416","11814",ΠΛ. ΧΟΛΑΡΓΟΥ,PL. XOLARGOY,17ης ΝΟΕΜΒΡΙΟΥ,"416"
41: ΣΤ. ΚΗΦΙΣΙΑΣ,"41","10207",ΣΤ. ΚΗΦΙΣΙΑΣ,ST. KHFISIAS,,"522, 523, 524, 526, 530, 560"
420001: ΓΕΦΥΡΑ,"420001","420001",ΓΕΦΥΡΑ,GEFYRA,ΕΘΝ.ΜΑΚΑΡΙΟΥ,"12, 12*, 790, Α13"
420002: 1η ΖΩΟΔΟΧΟΥ ΠΗΓΗΣ,"420002","420002",1η ΖΩΟΔΟΧΟΥ ΠΗΓΗΣ,1st ZOODOXOY PHGHS,ΑΡΚΑΔΙΑΣ,"706, 730, 822, 823"
420003: 2η ΖΩΟΔΟΧΟΥ ΠΗΓΗΣ,"420003","420003",2η ΖΩΟΔΟΧΟΥ ΠΗΓΗΣ,2nd ZOODOXOY PHGHS,ΑΡΚΑΔΙΑΣ,"706, 730, 822, 823"
420004: 3η ΖΩΟΔΟΧΟΥ ΠΗΓΗΣ,"420004","420004",3η ΖΩΟΔΟΧΟΥ ΠΗΓΗΣ,3rd ZOODOXOY PHGHS,ΑΓ.ΠΑΡΑΣΚΕΥΗΣ,"730"
420005: 4η ΖΩΟΔΟΧΟΥ ΠΗΓΗΣ,"420005","420005",4η ΖΩΟΔΟΧΟΥ ΠΗΓΗΣ,4th ZOODOXOY PHGHS,ΑΓ.ΠΑΡΑΣΚΕΥΗΣ,"730"
420006: 5η ΖΩΟΔΟΧΟΥ ΠΗΓΗΣ,"420006","420006",5η ΖΩΟΔΟΧΟΥ ΠΗΓΗΣ,5th ZOODOXOY PHGHS,ΖΑΛΟΚΩΣΤΑ,"730"
420008: 6η ΖΩΟΔΟΧΟΥ ΠΗΓΗΣ,"420008","420008",6η ΖΩΟΔΟΧΟΥ ΠΗΓΗΣ,6th ZOODOXOY PHGHS,25ης ΜΑΡΤΙΟΥ,"24, 706, 730"
420009: 7η ΖΩΟΔΟΧΟΥ ΠΗΓΗΣ,"420009","420009",7η ΖΩΟΔΟΧΟΥ ΠΗΓΗΣ,7th ZOODOXOY PHGHS,ΔΗΜΟΣΘΕΝΟΥΣ,"24, 706, 730"
420010: 8η ΖΩΟΔΟΧΟΥ ΠΗΓΗΣ,"420010","420010",8η ΖΩΟΔΟΧΟΥ ΠΗΓΗΣ,8th ZOODOXOY PHGHS,ΣΠΕΤΣΩΝ,"730"
420011: 9η ΖΩΟΔΟΧΟΥ ΠΗΓΗΣ,"420011","420011",9η ΖΩΟΔΟΧΟΥ ΠΗΓΗΣ,9th ZOODOXOY PHGHS,ΕΛ.ΒΕΝΙΖΕΛΟΥ,"730"
420012: 10η ΖΩΟΔΟΧΟΥ ΠΗΓΗΣ,"420012","420012",10η ΖΩΟΔΟΧΟΥ ΠΗΓΗΣ,10th ZOODOXOY PHGHS,ΕΛ.ΒΕΝΙΖΕΛΟΥ,"730"
420013: 11η ΖΩΟΔΟΧΟΥ ΠΗΓΗΣ,"420013","420013",11η ΖΩΟΔΟΧΟΥ ΠΗΓΗΣ,11th ZOODOXOY PHGHS,ΕΛ.ΒΕΝΙΖΕΛΟΥ,"730"
420014: 12η ΖΩΟΔΟΧΟΥ ΠΗΓΗΣ,"420014","420014",12η ΖΩΟΔΟΧΟΥ ΠΗΓΗΣ,12th ZOODOXOY PHGHS,ΗΡΑΚΛΕΟΥΣ,"730"
420015: 12η ΖΩΟΔΟΧΟΥ ΠΗΓΗΣ,"420015","420015",12η ΖΩΟΔΟΧΟΥ ΠΗΓΗΣ,12th ZOODOXOY PHGHS,ΗΡΑΚΛΕΟΥΣ,"730"
420016: 11η ΖΩΟΔΟΧΟΥ ΠΗΓΗΣ,"420016","420016",11η ΖΩΟΔΟΧΟΥ ΠΗΓΗΣ,11th ZOODOXOY PHGHS,ΕΛ.ΒΕΝΙΖΕΛΟΥ,"730"
420017: 10η ΖΩΟΔΟΧΟΥ ΠΗΓΗΣ,"420017","420017",10η ΖΩΟΔΟΧΟΥ ΠΗΓΗΣ,10th ZOODOXOY PHGHS,ΕΛ.ΒΕΝΙΖΕΛΟΥ,"730"
420018: ΛΙΤΣΑ,"420018","420018",ΛΙΤΣΑ,LITSA,ΕΘΝ.ΜΑΚΑΡΙΟΥ,"12, 12*, 790, Α13"
420019: ΣΤ. ΑΓ.ΑΝΤΩΝΙΟΣ,"420019","420019",ΣΤ. ΑΓ.ΑΝΤΩΝΙΟΣ,ST. AG.ANTONIOS,ΕΘΝ.ΜΑΚΑΡΙΟΥ,"12, 12*, 25, 790, Α13"
420020: ΑΣΤΥΝΟΜΙΑ,"420020","420020",ΑΣΤΥΝΟΜΙΑ,ASTYNOMIA,ΛΕΩΦ.ΠAN.ΤΣΑΛΔΑΡΗ,"12, 12*, 25, 748, 790, Α13"
420021: ΔΗΜΑΡΧΕΙΟ,"420021","420021",ΔΗΜΑΡΧΕΙΟ,DHMARXEIO,Ν.ΤΜΗΜΑ ΛΕΩΦ.ΠAN.ΤΣΑΛΔΑΡΗ,"12, 12*, 25, 748, 790, 891, 892, Α13"
420022: ΤΑΧΥΔΡΟΜΕΙΟ,"420022","420022",ΤΑΧΥΔΡΟΜΕΙΟ,TAXYDROMEIO,ΛΕΩ.ΠAN.ΤΣΑΛΔΑΡΗ,"12, 12*, 25, 748, 790, 892, Α13"
420023: ΑΓ. ΑΝΤΩΝΙΟΣ,"420023","12141",ΑΓ. ΑΝΤΩΝΙΟΣ,AG. ANTONIOS,ΒΑΣ.ΑΛΕΞΑΝΔΡΟΥ,"822, 823"
420025: ΠΡΟΝΟΙΑ,"420025","420025",ΠΡΟΝΟΙΑ,PRONOIA,ΚΩΝΣΤΑΝΤΙΝΟΥΠΟΛΕΩΣ,"24"
420026: ΦΟΥΡΝΟΣ,"420026","420026",ΦΟΥΡΝΟΣ,FOYRNOS,ΘΗΒΩΝ,"24, 25, 700, 701, 703, 705, 731, 747"
420027: ΑΓ. ΜΑΡΙΝΑ,"420027","420027",ΑΓ. ΜΑΡΙΝΑ,AG. MARINA,ΑΞΑΡΙΟΥ,"731, 748"
420028: ΕΚΘΕΣΙΑΚΟ ΚΕΝΤΡΟ,"420028","420028",ΕΚΘΕΣΙΑΚΟ ΚΕΝΤΡΟ,EKTHESIAKO KENTRO,ΔΩΔΕΚΑΝΗΣΟΥ,"892"
420029: ΠΥΘΑΓΟΡΑ,"420029","420029",ΠΥΘΑΓΟΡΑ,PYTHAGORA,ΠΕΛΑΣΓΙΑΣ,"892"
420030: ΤΥΡΙΝΘΟΣ,"420030","420030",ΤΥΡΙΝΘΟΣ,TYRINTHOS,ΤΥΡΙΝΘΟΣ,"731"
420031: 1η ΚΗΠΟΥΠΟΛΕΩΣ,"420031","420031",1η ΚΗΠΟΥΠΟΛΕΩΣ,1st KHPOYPOLEOS,ΠΕΡΙΚΛΕΟΥΣ,Α13
420032: ΦΟΥΡΝΟΣ,"420032","420032",ΦΟΥΡΝΟΣ,FOYRNOS,ΘΗΒΩΝ,"24, 25, 700, 701, 703, 705, 731, 747, 748"
420033: ΠΡΟΝΟΙΑ,"420033","420033",ΠΡΟΝΟΙΑ,PRONOIA,ΘΗΒΩΝ,"24, 700, 701, 703, 705, 731, 747, 748"
420034: ΑΡΓΟΛΙΔΟΣ,"420034","12332",ΑΡΓΟΛΙΔΟΣ,ARGOLIDOS,ΑΓΙΟΥ ΓΕΩΡΓΙΟΥ,"731"
420036: ΘΗΒΩΝ,"420036","420036",ΘΗΒΩΝ,THIBON,ΛΕΩΦ.ΠΑΝ.ΤΣΑΛΔΑΡΗ,"12, 12*, 25, 748, 892, Α13"
420037: ΓΗΠΕΔΟ,"420037","420037",ΓΗΠΕΔΟ,GHPEDO,ΑΝΑΠΑΥΣΕΩΣ,"12, 12*, Α13"
420038: ΑΝΑΠΑΥΣΕΩΣ,"420038","420038",ΑΝΑΠΑΥΣΕΩΣ,ANAPAYSEOS,ΑΝΑΠΑΥΣΕΩΣ,"12, 12*, Α13"
420039: ΚΟΡΩΝΑΙΟΥ,"420039","420039",ΚΟΡΩΝΑΙΟΥ,KORONAIOY,ΑΓ.ΙΕΡΟΘΕΟΥ,"12, 12*, 748, Α13"
420040: ΑΣΤΥΝΟΜΙΑ,"420040","420040",ΑΣΤΥΝΟΜΙΑ,ASTYNOMIA,ΑΓ.ΙΕΡΟΘΕΟΥ,"12, 12*, 748, Α13"
420041: ΠΛ. ΔΕΓΛΕΡΗ,"420041","420041",ΠΛ. ΔΕΓΛΕΡΗ,PL. DEGLERH,ΣΙΚΑΓΟΥ,"12, 12*, Α13"
420042: ΑΓ. ΙΕΡΟΘΕΟΣ,"420042","420042",ΑΓ. ΙΕΡΟΘΕΟΣ,AG. IEROTHEOS,ΣΙΚΑΓΟΥ,"12, 12*, Α13"
420044: ΠΑΤΡΙΑΡΧΟΥ ΣΕΡΓΙΟΥ,"420044","420044",ΠΑΤΡΙΑΡΧΟΥ ΣΕΡΓΙΟΥ,PATRIARXOY SERGIOY,ΠΑΛ.ΚΑΒΑΛΑΣ,"730"
420045: 3η ΚΗΠΟΥΠΟΛΕΩΣ,"420045","420045",3η ΚΗΠΟΥΠΟΛΕΩΣ,3rd KHPOYPOLEOS,ΦΟΙΝΙΚΩΝ,Α13
420046: 4η ΚΗΠΟΥΠΟΛΕΩΣ,"420046","420046",4η ΚΗΠΟΥΠΟΛΕΩΣ,4th KHPOYPOLEOS,ΦΟΙΝΙΚΩΝ,Α13
420047: 5η ΚΗΠΟΥΠΟΛΕΩΣ,"420047","420047",5η ΚΗΠΟΥΠΟΛΕΩΣ,5th KHPOYPOLEOS,ΝΑΙΑΔΩΝ,Α13
420048: 6η ΚΗΠΟΥΠΟΛΕΩΣ,"420048","420048",6η ΚΗΠΟΥΠΟΛΕΩΣ,6th KHPOYPOLEOS,ΝΑΙΑΔΩΝ ή ΠΙΝΔΟΥ,Α13
420049: ΠΛ. ΜΠΟΥΡΝΑΖΙΟΥ,"420049","420049",ΠΛ. ΜΠΟΥΡΝΑΖΙΟΥ,PL. MPOYRNAZIOY,ΚΥΠΡΟΥ,"706, 892"
420050: 3η ΚΗΠΟΥΠΟΛΕΩΣ,"420050","420050",3η ΚΗΠΟΥΠΟΛΕΩΣ,3rd KHPOYPOLEOS,ΚΗΠΟΥΠΟΛΕΩΣ,Α13
420051: 2η ΚΗΠΟΥΠΟΛΕΩΣ,"420051","420051",2η ΚΗΠΟΥΠΟΛΕΩΣ,2nd KHPOYPOLEOS,ΑΝΘΕΩΝ,Α13
420052: ΠΛ. ΑΓ. ΓΕΩΡΓΙΟΥ,"420052","420052",ΠΛ. ΑΓ. ΓΕΩΡΓΙΟΥ,PL. AG. GEORGIOY,ΠΛ.ΑΓ.ΓΕΩΡΓΙΟΥ,"12, 12*, Α13"
420053: ΑΓ. ΙΕΡΟΘΕΟΣ,"420053","420053",ΑΓ. ΙΕΡΟΘΕΟΣ,AG. IEROTHEOS,ΣΙΚΑΓΟΥ,"12, 12*, Α13"
420054: 1η ΧΡΥΣΟΥΠΟΛΕΩΣ,"420054","420054",1η ΧΡΥΣΟΥΠΟΛΕΩΣ,1st XRYSOYPOLEOS,ΙΩΑΝΝΙΝΩΝ,"748"
420055: 2η ΧΡΥΣΟΥΠΟΛΕΩΣ,"420055","420055",2η ΧΡΥΣΟΥΠΟΛΕΩΣ,2nd XRYSOYPOLEOS,ΙΩΑΝΝΙΝΩΝ,"748"
420056: ΤΕΜΠΩΝ,"420056","420056",ΤΕΜΠΩΝ,TEMPON,ΤΕΜΠΩΝ,"748"
420058: 1η ΧΡΥΣΟΥΠΟΛΕΩΣ,"420058","420058",1η ΧΡΥΣΟΥΠΟΛΕΩΣ,1st XRYSOYPOLEOS,ΑΙΓΛΗΣ,"748"
420059: ΠΛ. ΔΕΓΛΕΡΗ,"420059","420059",ΠΛ. ΔΕΓΛΕΡΗ,PL. DEGLERH,ΑΓ.ΙΕΡΟΘΕΟΥ,"12, 12*, 748, Α13"
420060: ΑΣΤΥΝΟΜΙΑ,"420060","420060",ΑΣΤΥΝΟΜΙΑ,ASTYNOMIA,ΑΓ.ΙΕΡΟΘΕΟΥ,Α13
420061: ΚΟΡΩΝΑΙΟΥ,"420061","420061",ΚΟΡΩΝΑΙΟΥ,KORONAIOY,ΑΓ.ΙΕΡΟΘΕΟΥ,"12, 12*, 748, Α13"
420062: ΜΑΧΑΡΑΓΙΑ,"420062","420062",ΜΑΧΑΡΑΓΙΑ,MAXARAGIA,ΑΝΑΠΑΥΣΕΩΣ,"12, 12*, Α13"
420063: ΘΗΒΩΝ,"420063","420063",ΘΗΒΩΝ,THIVON,ΛΕΩΦ.ΠΑΝ.ΤΣΑΛΔΑΡΗ,"12, 12*, 24, 748, 892, Α13"
420064: 3η ΑΝΔΡΙΤΣΑΙΝΗΣ,"420064","420064",3η ΑΝΔΡΙΤΣΑΙΝΗΣ,3rd ANDRITSAINHS,ΑΝΔΡΙΤΣΑΙΝΗΣ,"748"
420065: ΤΑΧΥΔΡΟΜΕΙΟ,"420065","420065",ΤΑΧΥΔΡΟΜΕΙΟ,TAXYDROMEIO,ΛΕΩΦ.ΠAN.ΤΣΑΛΔΑΡΗ,"12, 12*, 24, 748, 790, 891, 892, Α13"
420066: ΔΗΜΑΡΧΕΙΟ,"420066","420066",ΔΗΜΑΡΧΕΙΟ,DHMARXEIO,Ν.ΤΜΗΜΑ ΛΕΩΦ.ΠΑΝ.ΤΣΑΛΔΑΡΗ,"12, 12*, 24, 748, 790, 891, 892, Α13"
420067: ΦΛΕΜΙΝΓΚ,"420067","420067",ΦΛΕΜΙΝΓΚ,FLEMINGK,25ης ΜΑΡΤΙΟΥ,"891, 892"
420068: 2η ΑΝΔΡΙΤΣΑΙΝΗΣ,"420068","420068",2η ΑΝΔΡΙΤΣΑΙΝΗΣ,2nd ANDRITSAINHS,ΑΝΔΡΙΤΣΑΙΝΗΣ,"748"
420069: 1η ΑΝΔΡΙΤΣΑΙΝΗΣ,"420069","420069",1η ΑΝΔΡΙΤΣΑΙΝΗΣ,1st ANDRITSAINHS,ΑΝΔΡΙΤΣΑΙΝΗΣ,"731, 748"
420070: ΔΩΔΕΚΑΝΗΣΟΥ,"420070","420070",ΔΩΔΕΚΑΝΗΣΟΥ,DODEKANHSOY,ΔΩΔΕΚΑΝΗΣΟΥ,"892"
420071: ΑΓΑΘΗΝΟΥ,"420071","420071",ΑΓΑΘΗΝΟΥ,AGATHINOY,ΕΘΝΙΚΗΣ ΑΝΤΙΣΤΑΣΕΩΣ,"823"
420072: ΗΦΑΙΣΤΟΥ,"420072","420072",ΗΦΑΙΣΤΟΥ,HFAISTOY,ΕΘΝΙΚΗΣ ΑΝΤΙΣΤΑΣΕΩΣ,"823"
420073: ΣΤΡΑΒΩΝΟΣ,"420073","420073",ΣΤΡΑΒΩΝΟΣ,STRABONOS,ΣΤΡΑΒΩΝΟΣ,"823"
420074: ΠΑΛ. ΤΕΡΜΑ,"420074","420074",ΠΑΛ. ΤΕΡΜΑ,PAL. TERMA,ΑΓ.ΒΑΣΙΛΕΙΟΥ,"823"
420075: ΩΡΙΓΕΝΟΥΣ,"420075","420075",ΩΡΙΓΕΝΟΥΣ,ORIGENOYS,ΑΓ.ΒΑΣΙΛΕΙΟΥ,"823"
420076: ΚΑΠΕΤΑΝ ΧΡΟΝΑ,"420076","420076",ΚΑΠΕΤΑΝ ΧΡΟΝΑ,KAPETAN XRONA,ΑΓ.ΒΑΣΙΛΕΙΟΥ,"823"
420077: ΕΚΚΛΗΣΙΑ,"420077","420077",ΕΚΚΛΗΣΙΑ,EKKLHSIA,ΑΓ.ΒΑΣΙΛΕΙΟΥ,"823"
420078: ΗΦΑΙΣΤΟΥ,"420078","420078",ΗΦΑΙΣΤΟΥ,HFAISTOY,ΕΘΝΙΚΗΣ ΑΝΤΙΣΤΑΣΕΩΣ,"823"
420079: ΚΑΣΤΟΡΙΑ,"420079","420079",ΚΑΣΤΟΡΙΑ,KASTORIA,ΕΘΝΙΚΗΣ ΑΝΤΙΣΤΑΣΕΩΣ,"823"
420080: ΑΓ. ΑΝΑΣΤΑΣΙΑ,"420080","420080",ΑΓ. ΑΝΑΣΤΑΣΙΑ,AG. ANASTASIA,ΠΑΤΡΙΑΡΧΟΥ ΣΕΡΓΙΟΥ,"730"
420081: ΔΙΑΣΤΑΥΡΩΣΗ ΘΗΒΩΝ,"420081","420081",ΔΙΑΣΤΑΥΡΩΣΗ ΘΗΒΩΝ,DIASTAYROSH THIBON,ΑΝΔΡΙΤΣΑΙΝΗΣ,"731, 748"
420082: ΣΟΛΩΜΟΥ,"420082","420082",ΣΟΛΩΜΟΥ,SOLOMOY,ΣΟΛΩΜΟΥ,"892"
420083: ΑΣΤΥΝΟΜΙΑ,"420083","420083",ΑΣΤΥΝΟΜΙΑ,ASTYNOMIA,ΛΕΩΦ.ΠAN.ΤΣΑΛΔΑΡΗ,"12, 12*, 24, 790, Α13"
420084: ΣΤ. ΑΓ. ΑΝΤΩΝΙΟΣ,"420084","420084",ΣΤ. ΑΓ. ΑΝΤΩΝΙΟΣ,ST. AG. ANTONIOS,ΕΘΝ.ΜΑΚΑΡΙΟΥ,"12, 12*, 24, 730, 822, 823, Α13"
420085: ΑΓ. ΑΝΤΩΝΙΟΣ,"420085","420085",ΑΓ. ΑΝΤΩΝΙΟΣ,AG. ANTONIOS,ΒΑΣ.ΑΛΕΞΑΝΔΡΟΥ,"822, 823"
420086: ΑΣΤΥΝΟΜΙΑ,"420086","420086",ΑΣΤΥΝΟΜΙΑ,ASTYNOMIA,ΒΑΣ.ΑΛΕΞΑΝΔΡΟΥ,"822, 823"
420087: ΛΑΧΑΝΑ,"420087","420087",ΛΑΧΑΝΑ,LAXANA,ΒΑΣ.ΑΛΕΞΑΝΔΡΟΥ,"822, 823"
420088: ΙΚΑ,"420088","420088",ΙΚΑ,IKA,ΒΑΣ.ΑΛΕΞΑΝΔΡΟΥ,"822, 823"
420089: ΠΛ. ΜΠΟΥΡΝΑΖΙΟΥ,"420089","420089",ΠΛ. ΜΠΟΥΡΝΑΖΙΟΥ,PL. MPOYRNAZIOY,ΧΑΡ.ΤΡΙΚΟΥΠΗ,"706, 892"
420090: ΦΟΥΡΝΟΣ,"420090","420090",ΦΟΥΡΝΟΣ,FOYRNOS,ΠΕΛΑΣΓΙΑΣ,"822, 892"
420091: 8η ΣΤΑΣΗ,"420091","420091",8η ΣΤΑΣΗ,8th STASH,ΠΕΛΑΣΓΙΑΣ,"822, 892"
420092: ΤΖΑΚΙ,"420092","420092",ΤΖΑΚΙ,TZAKI,ΠΙΠΙΝΟΥ,"822"
420093: ΒΛΑΧΟΥ,"420093","420093",ΒΛΑΧΟΥ,BLAXOY,ΠΕΛΟΠΙΔΑ,"822"
420094: ΣΧΟΛΕΙΟ,"420094","420094",ΣΧΟΛΕΙΟ,SXOLEIO,ΠΕΛΟΠΙΔΑ,"822"
420095: ΑΓ. ΓΕΩΡΓΙΟΣ,"420095","420095",ΑΓ. ΓΕΩΡΓΙΟΣ,AG. GEORGIOS,ΠΕΛΟΠΙΔΑ,"822"
420096: ΣΧΟΛΕΙΟ,"420096","420096",ΣΧΟΛΕΙΟ,SXOLEIO,ΠΕΛΟΠΙΔΑ,"822"
420097: ΒΛΑΧΟΥ,"420097","420097",ΒΛΑΧΟΥ,BLAXOY,ΠΕΛΟΠΙΔΑ,"822"
420098: ΤΖΑΚΙ,"420098","420098",ΤΖΑΚΙ,TZAKI,ΚΥΛΛΗΝΗΣ,"822"
420099: 8η ΣΤΑΣΗ,"420099","420099",8η ΣΤΑΣΗ,8th STASH,ΠΕΛΑΣΓΙΑΣ,"822, 892"
420100: ΦΟΥΡΝΟΣ,"420100","420100",ΦΟΥΡΝΟΣ,FOYRNOS,ΠΕΛΑΣΓΙΑΣ,"822, 892"
420101: ΕΚΑΤΟΔΕΝΔΡΑ,"420101","420101",ΕΚΑΤΟΔΕΝΔΡΑ,EKATODENDRA,ΠΕΛΑΣΓΙΑΣ,"822, 823"
420102: ΙΚΑ,"420102","420102",ΙΚΑ,IKA,ΒΑΣ.ΑΛΕΞΑΝΔΡΟΥ,"822, 823"
420103: ΛΑΧΑΝΑ,"420103","420103",ΛΑΧΑΝΑ,LAXANA,ΒΑΣ.ΑΛΕΞΑΝΔΡΟΥ,"822, 823"
420104: ΑΣΤΥΝΟΜΙΑ,"420104","420104",ΑΣΤΥΝΟΜΙΑ,ASTYNOMIA,ΒΑΣ.ΑΛΕΞΑΝΔΡΟΥ,"822, 823"
420106: ΙΕΡΟΥ ΛΟΧΟΥ,"420106","420106",ΙΕΡΟΥ ΛΟΧΟΥ,IEROY LOXOY,Δ.ΓΟΥΝΑΡΗ,"730, 821"
420107: ΑΓ. ΑΝΤΩΝΙΟΣ,"420107","420107",ΑΓ. ΑΝΤΩΝΙΟΣ,AG. ANTONIOS,ΚΥΠΡΟΥ,"12*, 24"
420108: ΔΕΡΒΕΝΑΚΙΩΝ,"420108","420108",ΔΕΡΒΕΝΑΚΙΩΝ,DERBENAKION,ΔΕΡΒΕΝΑΚΙΩΝ,"730"
420109: ΣΧΟΛΕΙΟ,"420109","420109",ΣΧΟΛΕΙΟ,SXOLEIO,ΔΕΡΒΕΝΑΚΙΩΝ,"730"
420110: ΦΟΥΡΝΟΣ,"420110","420110",ΦΟΥΡΝΟΣ,FOYRNOS,ΘΗΒΩΝ,"703, 730, 731"
420111: ΣΤΡΟΦΗ,"420111","420111",ΣΤΡΟΦΗ,STROFH,ΘΗΒΩΝ,"703, 731"
420112: ΚΑΒΑΛΑΣ,"420112","420112",ΚΑΒΑΛΑΣ,KABALAS,ΘΗΒΩΝ,"703, 731"
420113: ΣΑΡΑΝΤΑΠΟΡΟΥ,"420113","420113",ΣΑΡΑΝΤΑΠΟΡΟΥ,SARANTAPOROY,ΣΑΡΑΝΤΑΠΟΡΟΥ,"891"
420114: ΚΑΒΑΛΑΣ,"420114","420114",ΚΑΒΑΛΑΣ,KABALAS,ΘΗΒΩΝ,"703, 731, 891"
420115: ΚΕΝΕΝΤΥ,"420115","420115",ΚΕΝΕΝΤΥ,KENENTY,ΘΗΒΩΝ,"703, 731, 891"
420116: ΦΟΥΡΝΟΣ,"420116","420116",ΦΟΥΡΝΟΣ,FOYRNOS,ΘΗΒΩΝ,"703, 730, 731, 891"
420117: ΣΧΟΛΕΙΟ,"420117","420117",ΣΧΟΛΕΙΟ,SXOLEIO,ΔΕΡΒΕΝΑΚΙΩΝ,"730"
420118: ΔΕΡΒΕΝΑΚΙΩΝ,"420118","420118",ΔΕΡΒΕΝΑΚΙΩΝ,DERBENAKION,ΔΕΡΒΕΝΑΚΙΩΝ,"730"
420119: ΠΕΡΙΠΤΕΡΟ,"420119","420119",ΠΕΡΙΠΤΕΡΟ,PERIPTERO,Δ.ΓΟΥΝΑΡΗ,"730"
420120: ΠΛ. ΑΓ. ΓΕΩΡΓΙΟΥ,"420120","420120",ΠΛ. ΑΓ. ΓΕΩΡΓΙΟΥ,PL. AG. GEORGIOY,ΠΕΡΙΚΛΕΟΥΣ,Α13
420121: ΛΙΤΣΑ,"420121","420121",ΛΙΤΣΑ,LITSA,ΕΘΝ.ΜΑΚΑΡΙΟΥ,"12, 12*, 790, 822, Α13"
420122: ΓΕΦΥΡΑ,"420122","420122",ΓΕΦΥΡΑ,GEFYRA,ΕΘΝ.ΜΑΚΑΡΙΟΥ,"12, 12*, 730, 822, Α13"
420123: ΑΝΑΠΑΥΣΕΩΣ,"420123","420123",ΑΝΑΠΑΥΣΕΩΣ,ANAPAYSEOS,ΑΓ.ΙΕΡΟΘΕΟΥ,"12, 12*, Α13"
420124: ΑΓ. ΤΑΞΙΑΡΧΗΣ,"420124","420124",ΑΓ. ΤΑΞΙΑΡΧΗΣ,AG. TAXIARXHS,ΣΑΡΑΝΤΑΠΟΡΟΥ,"891"
420125: ΒΙΑΜΑΞ,"420125","420125",ΒΙΑΜΑΞ,BIAMAX,ΛΕΩΦ.ΑΘΗΝΩΝ,"Α15, Β15"
420126: ΘΗΒΩΝ,"420126","420126",ΘΗΒΩΝ,THIVON,ΛΕΩΦ.ΑΘΗΝΩΝ,"730, 731, 750, 845, Α15, Β15"
420127: ΣΚΑΛΑΚΙΑ,"420127","420127",ΣΚΑΛΑΚΙΑ,SKALAKIA,ΛΕΩΦ.ΑΘΗΝΩΝ,"731, 750, 845, Α15, Β15"
420128: ΠΑΝ/ΜΙΟ ΔΥΤΙΚΗΣ ΑΤΤΙΚΗΣ - ΠΑΝ/ΠΟΛΗ ΑΛΣΟΥΣ ΑΙΓΑΛΕΩ,"420128","420128",ΠΑΝ/ΜΙΟ ΔΥΤΙΚΗΣ ΑΤΤΙΚΗΣ - ΠΑΝ/ΠΟΛΗ ΑΛΣΟΥΣ ΑΙΓΑΛΕΩ,PAN/MIO DYTIKHS  ATTIKHS - PAN/POLH ALSOYS AIGALEO,ΛΕΩΦ.ΑΘΗΝΩΝ,"731, 750, 845, Α15, Β15"
420129: ΠΗΓΑΔΑΚΙ,"420129","420129",ΠΗΓΑΔΑΚΙ,PHGADAKI,ΛΕΩΦ.ΑΘΗΝΩΝ,"731, 750, 845, Α15, Β15"
420130: ΒΙΟΦΑΡΜ,"420130","420130",ΒΙΟΦΑΡΜ,BIOFARM,ΕΘΝΙΚΗ ΟΔΟΣ,"420"
420131: ΡΟΣΙΝΙΟΛ,"420131","420131",ΡΟΣΙΝΙΟΛ,ROSINIOL,ΛΕΩΦ.ΚΗΦΙΣΟΥ,"420, Χ93"
420132: ΣΚΑΛΑΚΙΑ,"420132","420132",ΣΚΑΛΑΚΙΑ,SKALAKIA,ΛΕΩΦ.ΑΘΗΝΩΝ,"731, 750, 845, Α15, Β15"
420133: ΑΓ. ΣΠΥΡΙΔΩΝΑΣ,"420133","420133",ΑΓ. ΣΠΥΡΙΔΩΝΑΣ,AG. SPYRIDONAS,ΛΕΩΦ.ΑΘΗΝΩΝ,"Α15, Β15"
420134: ΒΙΑΜΑΞ,"420134","420134",ΒΙΑΜΑΞ,BIAMAX,ΛΕΩΦ.ΑΘΗΝΩΝ,"Α15, Β15"
420135: ΟΠΑΠ,"420135","420135",ΟΠΑΠ,OPAP,ΠΑΡΑΔΡΟΜΟ ΛΕΩΦ.ΚΗΦΙΣΟΥ,"420, 790"
420136: ΣΚΛΑΒΕΝΙΤΗ,"420136","420136",ΣΚΛΑΒΕΝΙΤΗ,SKLABENITH,ΛΕΩΦ.ΚΗΦΙΣΟΥ,"420, 790"
420137: ΑΓ. ΤΑΞΙΑΡΧΗΣ,"420137","420137",ΑΓ. ΤΑΞΙΑΡΧΗΣ,AG. TAXIARXHS,ΣΟΦ.ΒΕΝΙΖΕΛΟΥ,"821"
420138: ΑΓ. ΤΡΙΑΔΑ,"420138","420138",ΑΓ. ΤΡΙΑΔΑ,AG. TRIADA,ΣΟΦ.ΒΕΝΙΖΕΛΟΥ,"821"
420139: ΓΗΠΕΔΟ,"420139","420139",ΓΗΠΕΔΟ,GHPEDO,ΤΖΩΝ ΚΕΝΕΝΤΥ,"821"
420140: ΣΤΡΟΦΗ,"420140","420140",ΣΤΡΟΦΗ,STROFH,ΤΖΩΝ ΚΕΝΝΕΝΤΥ,"730, 821"
420141: ΓΡΗΓΟΡΗ,"420141","420141",ΓΡΗΓΟΡΗ,GRHGORH,ΤΖΩΝ ΚΕΝΝΕΝΤΥ,"730, 821"
420143: ΑΛΕΞΑΝΔΡΑΣ,"420143","420143",ΑΛΕΞΑΝΔΡΑΣ,ALEXANDRAS,ΤΖΩΝ ΚΕΝΝΕΝΤΥ,"730, 821"
420144: ΑΓ. ΑΝΑΣΤΑΣΙΑ,"420144","420144",ΑΓ. ΑΝΑΣΤΑΣΙΑ,AG. ANASTASIA,ΜΠΑΡΟΥΞΗ,"730"
420145: ΠΑΛ. ΤΕΡΜΑ,"420145","420145",ΠΑΛ. ΤΕΡΜΑ,PAL. TERMA,ΜΠΑΡΟΥΞΗ,"730"
420146: ΧΑΝΤΖΙΝΑ,"420146","420146",ΧΑΝΤΖΙΝΑ,XANTZINA,ΠΑΛ.ΚΑΒΑΛΑΣ,"730"
420147: ΦΟΥΡΝΟΣ,"420147","420147",ΦΟΥΡΝΟΣ,FOYRNOS,ΠΑΛ.ΚΑΒΑΛΑΣ,"730"
420148: ΣΚΑΛΑΚΙΑ,"420148","420148",ΣΚΑΛΑΚΙΑ,SKALAKIA,ΤΡΕΜΠΕΣΙΝΑΣ,"730"
420149: ΚΟΛΟΚΥΝΘΟΥΣ,"420149","420149",ΚΟΛΟΚΥΝΘΟΥΣ,KOLOKYNTHOYS,ΛΕΩΦ.ΚΗΦΙΣΟΥ,"420, 790, Χ93"
420150: ΣΚΑΛΑΚΙΑ,"420150","420150",ΣΚΑΛΑΚΙΑ,SKALAKIA,ΠΑΛ.ΚΑΒΑΛΑΣ,"730"
420151: ΑΦΕΤΗΡΙΑ,"420151","420151",ΑΦΕΤΗΡΙΑ,AFETHRIA,ΑΓ.ΑΝΑΣΤΑΣΙΑΣ,"892"
420152: ΧΑΝΤΖΙΝΑ,"420152","420152",ΧΑΝΤΖΙΝΑ,XANTZINA,ΠΑΛ.ΚΑΒΑΛΑΣ,"730"
420153: ΑΝΑΓΝΩΣΤΑΡΑ,"420153","420153",ΑΝΑΓΝΩΣΤΑΡΑ,ANAGNOSTARA,ΦΙΛΙΚΩΝ,"821"
420155: ΑΛΕΞΑΝΔΡΑΣ,"420155","420155",ΑΛΕΞΑΝΔΡΑΣ,ALEXANDRAS,ΤΖΩΝ ΚΕΝΝΕΝΤΥ,"730, 821"
420156: ΓΥΜΝΑΣΙΟ,"420156","420156",ΓΥΜΝΑΣΙΟ,GYMNASIO,ΤΖΩΝ ΚΕΝΝΕΝΤΥ,"730, 821"
420157: ΓΡΗΓΟΡΗ,"420157","420157",ΓΡΗΓΟΡΗ,GRHGORH,ΤΖΩΝ ΚΕΝΝΕΝΤΥ,"730, 821"
420158: ΗΡΑΚΛΕΟΥΣ,"420158","420158",ΗΡΑΚΛΕΟΥΣ,HRAKLEOYS,ΚΩΝΣΤΑΝΤΙΝΟΥΠΟΛΕΩΣ,"24"
420159: ΓΗΠΕΔΟ,"420159","420159",ΓΗΠΕΔΟ,GHPEDO,ΤΖΩΝ ΚΕΝΝΕΝΤΥ,"821"
420160: ΦΙΛΙΚΩΝ,"420160","420160",ΦΙΛΙΚΩΝ,FILIKON,ΒΑΛΑΩΡΙΤΟΥ,"821"
420161: ΠΑΡΚΟ,"420161","420161",ΠΑΡΚΟ,PARKO,ΦΙΛΙΚΩΝ,"821"
420162: ΑΓ. ΤΑΞΙΑΡΧΗΣ,"420162","420162",ΑΓ. ΤΑΞΙΑΡΧΗΣ,AG. TAXIARXHS,ΦΙΛΙΚΩΝ,"821"
420164: ΣΤ. ΥΠΕΡΑΣΤΙΚΩΝ,"420164","420164",ΣΤ. ΥΠΕΡΑΣΤΙΚΩΝ,ST. YPERASTIKON,ΛΕΩΦ.ΚΗΦΙΣΟΥ,"420"
420165: ΓΕΦ. ΛΕΩΦ. ΚΑΒΑΛΑΣ,"420165","420165",ΓΕΦ. ΛΕΩΦ. ΚΑΒΑΛΑΣ,GEF. LEOF. KABALAS,ΛΕΩΦ.ΚΗΦΙΣΟΥ,"420"
420166: ΑΓ. ΚΗΡΥΚΟΣ,"420166","420166",ΑΓ. ΚΗΡΥΚΟΣ,AG. KHRYKOS,ΑΞΑΡΙΟΥ,"748"
420167: ΣΧΟΛΕΙΟ,"420167","420167",ΣΧΟΛΕΙΟ,SXOLEIO,ΚΩΝΣΤΑΝΤΙΝΟΥΠΟΛΕΩΣ,"24"
420168: ΓΙΩΤΗΣ,"420168","420168",ΓΙΩΤΗΣ,GIOTHS,ΛΕΩΦ.ΚΗΦΙΣΟΥ,"420"
420169: ΠΕΛΟΠΙΔΑ,"420169","420169",ΠΕΛΟΠΙΔΑ,PELOPIDA,ΔΩΔΕΚΑΝΗΣΟΥ,"892"
420170: ΣΧΟΛΕΙΟ,"420170","420170",ΣΧΟΛΕΙΟ,SXOLEIO,ΚΩΝΣΤΑΝΤΙΝΟΥΠΟΛΕΩΣ,"25"
420171: ΕΘΝ. ΑΝΤΙΣΤΑΣΕΩΣ,"420171","420171",ΕΘΝ. ΑΝΤΙΣΤΑΣΕΩΣ,ETHN. ANTISTASEOS,ΣΑΡΑΝΤΑΠΟΡΟΥ,"891"
420172: ΘΕΜΙΔΟΣ,"420172","420172",ΘΕΜΙΔΟΣ,THEMIDOS,ΑΓ.ΒΑΣΙΛΕΙΟΥ,"823"
420173: ΤΣΙΜΙΣΚΗ,"420173","420173",ΤΣΙΜΙΣΚΗ,TSIMISKH,ΑΓΙΟΥ ΒΑΣΙΛΕΙΟΥ,"823"
420174: 2η ΑΣΚΛΗΠΙΟΥ,"420174","420174",2η ΑΣΚΛΗΠΙΟΥ,2nd ASKLHPIOY,ΑΣΚΛΗΠΙΟΥ,"823"
420175: 3η ΑΣΚΛΗΠΙΟΥ,"420175","420175",3η ΑΣΚΛΗΠΙΟΥ,3rd ASKLHPIOY,ΑΣΚΛΗΠΙΟΥ,"823"
420176: ΜΗΔΕΙΑΣ,"420176","420176",ΜΗΔΕΙΑΣ,MHDEIAS,ΑΛΚΙΜΟΥ,"823"
420177: ΑΓ. ΒΑΣΙΛΕΙΟΣ(ΑΦΕΤΗΡΙΑ),"420177","420177",ΑΓ. ΒΑΣΙΛΕΙΟΣ(ΑΦΕΤΗΡΙΑ),AG. BASILEIOS,ΑΓ.ΒΑΣΙΛΕΙΟΥ,"823"
420178: ΘΗΒΩΝ,"420178","420178",ΘΗΒΩΝ,THIBON,ΘΗΒΩΝ,"703, 730, 731"
420179: ΣΤΡΟΦΗ ΔΕΡΒΕΝΑΚΙΩΝ,"420179","420179",ΣΤΡΟΦΗ ΔΕΡΒΕΝΑΚΙΩΝ,STROFH DERBENAKION,ΘΗΒΩΝ,"703, 730, 731, 891"
420180: Ι.Κ.Α.,"420180","420180",Ι.Κ.Α.,I.K.A.,ΘΗΒΩΝ,"703, 731"
420181: ΕΘΝ. ΑΝΤΙΣΤΑΣΕΩΣ,"420181","420181",ΕΘΝ. ΑΝΤΙΣΤΑΣΕΩΣ,ETHN. ANTISTASEOS,ΘΗΒΩΝ,"703, 731"
420182: ΣΤ. ΜΕΤΡΟ ΑΝΘΟΥΠΟΛΗ,"420182","420182",ΣΤ. ΜΕΤΡΟ ΑΝΘΟΥΠΟΛΗ,ST. METRO ANTHOYPOLH,ΘΗΒΩΝ,"703, 731"
420183: ΤΕΡΜΑ - ΠΕΡΙΣΤΕΡΙ,"420183","420183",ΤΕΡΜΑ - ΠΕΡΙΣΤΕΡΙ,TERMA - PERISTERI,ΘΗΒΩΝ,"703, 731"
420184: ΕΘΝ. ΑΝΤΙΣΤΑΣΕΩΣ,"420184","420184",ΕΘΝ. ΑΝΤΙΣΤΑΣΕΩΣ,ETHN. ANTISTASEOS,ΘΗΒΩΝ,"703, 731"
420185: Ι.Κ.Α,"420185","420185",Ι.Κ.Α,I.K.A,ΘΗΒΩΝ,"703, 731"
420186: ΗΡΑΚΛΕΟΥΣ,"420186","420186",ΗΡΑΚΛΕΟΥΣ,HRAKLEOYS,ΚΩΝΣΤΑΝΤΙΝΟΥΠΟΛΕΩΣ,"25"
420187: ΑΓ. ΙΩΑΝΝΗΣ,"420187","420187",ΑΓ. ΙΩΑΝΝΗΣ,AG. IOANNHS,ΚΩΝΣΤΑΝΤΙΝΟΥΠΟΛΕΩΣ,"732"
420188: ΚΥΠΡΟΥ,"420188","420188",ΚΥΠΡΟΥ,KYPROY,ΣΟΛΩΜΟΥ,"732"
420189: ΠΛ. ΔΑΣΚΑΛΟΓΙΑΝΝΗ,"420189","420189",ΠΛ. ΔΑΣΚΑΛΟΓΙΑΝΝΗ,PL. DASKALOGIANNH,ΠΛ.ΔΑΣΚΑΛΟΓΙΑΝΝΗ,"732"
420190: ΑΡΚΑΔΙΟΥ,"420190","420190",ΑΡΚΑΔΙΟΥ,ARKADIOY,ΔΗΜΟΣΘΕΝΟΥΣ,"25"
420191: ΔΙΑΣΤΑΥΡΩΣΗ,"420191","420191",ΔΙΑΣΤΑΥΡΩΣΗ,DIASTAYROSH,ΕΥΡΙΠΙΔΟΥ,"706, 732, 892"
420192: ΔΙΑΣΤΑΥΡΩΣΗ,"420192","420192",ΔΙΑΣΤΑΥΡΩΣΗ,DIASTAYROSH,ΕΥΡΙΠΙΔΟΥ,"706, 732, 892"
420193: ΚΥΠΡΟΥ,"420193","420193",ΚΥΠΡΟΥ,KYPROY,ΣΟΛΩΜΟΥ,"732"
420194: ΑΓ. ΙΩΑΝΝΗΣ,"420194","420194",ΑΓ. ΙΩΑΝΝΗΣ,AG. IOANNHS,ΣΟΛΩΜΟΥ,"732"
420195: ΚΩΝΣΤΑΝΤΙΝΟΥΠΟΛΕΩΣ,"420195","420195",ΚΩΝΣΤΑΝΤΙΝΟΥΠΟΛΕΩΣ,KONSTANTINOYPOLEOS,ΚΩΝΣΤΑΝΤΙΝΟΥΠΟΛΕΩΣ,"732, 891"
420196: ΕΚΑΤΟΔΕΝΔΡΑ,"420196","420196",ΕΚΑΤΟΔΕΝΔΡΑ,EKATODENDRA,ΠΕΛΑΣΓΙΑΣ,"822"
420197: ΠΛ. ΔΑΣΚΑΛΟΓΙΑΝΝΗ,"420197","420197",ΠΛ. ΔΑΣΚΑΛΟΓΙΑΝΝΗ,PL. DASKALOGIANNH,ΠΛ.ΔΑΣΚΑΛΟΓΙΑΝΝΗ,"732"
420198: ΣΤΡΟΦΗ,"420198","420198",ΣΤΡΟΦΗ,STROFH,ΔΑΜΑΣΚΗΝΟΥ,"730, 821"
420199: 7η ΣΤΑΣΗ,"420199","420199",7η ΣΤΑΣΗ,7th STASH,ΠΕΛΑΣΓΙΑΣ,"822, 892"
420200: 7η ΣΤΑΣΗ,"420200","420200",7η ΣΤΑΣΗ,7th STASH,ΠΕΛΑΣΓΙΑΣ,"822, 892"
420201: 9η ΖΩΟΔΟΧΟΥ ΠΗΓΗΣ,"420201","420201",9η ΖΩΟΔΟΧΟΥ ΠΗΓΗΣ,9th ZOODOXOY PHGHS,ΛΕΩΦ.ΒΕΝΙΖΕΛΟΥ,"730"
420202: 8η ΖΩΟΔΟΧΟΥ ΠΗΓΗΣ,"420202","420202",8η ΖΩΟΔΟΧΟΥ ΠΗΓΗΣ,8th ZOODOXOY PHGHS,ΠΑΡΑΣΚΕΥΟΠΟΥΛΟΥ,"730"
420203: 7η ΖΩΟΔΟΧΟΥ ΠΗΓΗΣ,"420203","420203",7η ΖΩΟΔΟΧΟΥ ΠΗΓΗΣ,7th ZOODOXOY PHGHS,ΔΗΜΟΣΘΕΝΟΥΣ,"25, 706, 730"
420204: 6η ΖΩΟΔΟΧΟΥ ΠΗΓΗΣ,"420204","420204",6η ΖΩΟΔΟΧΟΥ ΠΗΓΗΣ,6th ZOODOXOY PHGHS,25ης ΜΑΡΤΙΟΥ,"25, 706, 730"
420205: 5η ΖΩΟΔΟΧΟΥ ΠΗΓΗΣ,"420205","420205",5η ΖΩΟΔΟΧΟΥ ΠΗΓΗΣ,5th ZOODOXOY PHGHS,ΚΟΡΥΤΣΑΣ,"730"
420206: ΚΕΝΤΡΟ ΝΕΟΤΗΤΑΣ,"420206","420206",ΚΕΝΤΡΟ ΝΕΟΤΗΤΑΣ,KENTRO NEOTΗTAS,ΣΑΡΑΝΤΑΠΟΡΟΥ,"891"
420207: ΓΗΠΕΔΟ,"420207","420207",ΓΗΠΕΔΟ,GHPEDO,ΓΙΑΝΝΙΤΣΩΝ,"891"
420208: 3η ΖΩΟΔΟΧΟΥ ΠΗΓΗΣ,"420208","420208",3η ΖΩΟΔΟΧΟΥ ΠΗΓΗΣ,3rd ZOODOXOY PHGHS,ΑΓ.ΠΑΡΑΣΚΕΥΗΣ,"730"
420209: 2η ΖΩΟΔΟΧΟΥ ΠΗΓΗΣ,"420209","420209",2η ΖΩΟΔΟΧΟΥ ΠΗΓΗΣ,2nd ZOODOXOY PHGHS,25ης ΜΑΡΤΙΟΥ,"730"
420210: 1η ΖΩΟΔΟΧΟΥ ΠΗΓΗΣ,"420210","420210",1η ΖΩΟΔΟΧΟΥ ΠΗΓΗΣ,1st ZOODOXOY PHGHS,ΑΡΚΑΔΙΑΣ,"730"
420211: ΑΡΚΑΔΙΟΥ,"420211","420211",ΑΡΚΑΔΙΟΥ,ARKADIOY,ΔΗΜΟΣΘΕΝΟΥΣ,"24"
420212: ΣΧΟΛΕΙΟ,"420212","420212",ΣΧΟΛΕΙΟ,SXOLEIO,ΣΟΛΩΜΟΥ,"892"
420213: ΕΦΟΡΙΑ,"420213","420213",ΕΦΟΡΙΑ,EFORIA,ΚΩΝΣΤΑΝΤΙΝΟΥΠΟΛΕΩΣ,"891"
420214: ΕΦΟΡΙΑ,"420214","420214",ΕΦΟΡΙΑ,EFORIA,ΚΩΝΣΤΑΝΤΙΝΟΥΠΟΛΕΩΣ,"891"
420215: ΓΥΜΝΑΣΙΟ,"420215","420215",ΓΥΜΝΑΣΙΟ,GYMNASIO,ΚΥΠΡΟΥ,"25"
420216: ΣΤΡΟΦΗ,"420216","420216",ΣΤΡΟΦΗ,STROFH,ΑΜΥΝΤΑ,"731, 748"
420217: 2η ΑΓ. ΚΗΡΥΚΟΥ,"420217","420217",2η ΑΓ. ΚΗΡΥΚΟΥ,2nd AG. KHRYKOY,ΑΓ.ΚΗΡΥΚΟΥ,"731"
420218: 1η ΑΓ. ΓΕΩΡΓΙΟΥ,"420218","420218",1η ΑΓ. ΓΕΩΡΓΙΟΥ,1st AG. GEORGIOY,ΑΜΥΝΤΟΡΟΣ,"731"
420219: ΔΑΜΑΣΚΗΝΟΥ,"420219","420219",ΔΑΜΑΣΚΗΝΟΥ,DAMASKHNOY,ΤΡΕΜΠΕΣΙΝΑΣ,"730"
420220: ΔΩΔΕΚΑΝΗΣΟΥ,"420220","420220",ΔΩΔΕΚΑΝΗΣΟΥ,DODEKANHSOY,ΕΘΝΙΚΗΣ ΑΝΤΙΣΤΑΣΕΩΣ,"823"
420222: ΚΥΠΡΟΥ,"420222","10536",ΚΥΠΡΟΥ,KYPROY,ΚΥΠΡΟΥ,"706"
420223: 6η ΚΗΠΟΥΠΟΛΕΩΣ,"420223","420223",6η ΚΗΠΟΥΠΟΛΕΩΣ,6th KHPOYPOLEOS,ΑΘΗΝΑΣ,Α13
420224: 1η ΑΣΚΛΗΠΙΟΥ,"420224","12213",1η ΑΣΚΛΗΠΙΟΥ,1st ASKLHPIOY,ΤΣΙΜΙΣΚΗ,"823"
420226: ΑΡΓΥΡΟΚΑΣΤΡΟΥ,"420226","420226",ΑΡΓΥΡΟΚΑΣΤΡΟΥ,ARGYROKASTROY,ΑΞΑΡΙΟΥ,"748"
420227: ΕΣΠΕΡΙΔΩΝ,"420227","420227",ΕΣΠΕΡΙΔΩΝ,ESPERIDON,ΣΑΠΦΟΥΣ,"748"
420228: ΣΑΠΦΟΥΣ,"420228","420228",ΣΑΠΦΟΥΣ,SAPFOYS,ΛΑΚΕΔΑΙΜΩΝΟΣ,"748"
420229: ΑΙΓΛΗΣ,"420229","420229",ΑΙΓΛΗΣ,AIGLHS,ΤΕΜΠΩΝ,"748"
420231: ΑΝΘΕΩΝ,"420231","420231",ΑΝΘΕΩΝ,ANTHEON,ΤΕΜΠΩΝ,"748"
420232: ΑΜΥΝΤΟΡΟΣ,"420232","420232",ΑΜΥΝΤΟΡΟΣ,AMYNTOROS,ΑΜΥΝΤΟΡΟΣ,"731"
420243: ΠΡΟΝΟΙΑ,"420243","420243",ΠΡΟΝΟΙΑ,PRONOIA,ΘΗΒΩΝ,"25, 703, 731, 748"
420244: ΕΚΑΤΟΔΕΝΔΡΑ,"420244","420244",ΕΚΑΤΟΔΕΝΔΡΑ,EKATODENDRA,ΠΑΤΡΩΝ,"823"
420245: ΓΥΜΝΑΣΙΟ,"420245","420245",ΓΥΜΝΑΣΙΟ,GYMNASIO,ΤΖΩΝ ΚΕΝΝΕΝΤΥ,"730, 821"
420246: ΦΟΥΡΝΟΣ,"420246","420246",ΦΟΥΡΝΟΣ,FOYRNOS,ΠΑΛ.ΚΑΒΑΛΑΣ,"730"
420247: ΚΑΤΣΑΝΤΩΝΗ,"420247","420247",ΚΑΤΣΑΝΤΩΝΗ,KATSANTONH,ΚΑΤΣΑΝΤΩΝΗ,"730, 821, 892"
420248: ΑΓ. ΤΡΙΑΔΑ,"420248","420248",ΑΓ. ΤΡΙΑΔΑ,AG. TRIADA,ΤΖΩΝ ΚΕΝΝΕΝΤΥ,"821"
420249: ΠΕΙΣΑΝΔΡΟΥ,"420249","420249",ΠΕΙΣΑΝΔΡΟΥ,PEISANDROY,ΠΕΙΣΑΝΔΡΟΥ,"731"
420250: ΠΛ. ΑΓ. ΜΑΡΙΝΑΣ,"420250","420250",ΠΛ. ΑΓ. ΜΑΡΙΝΑΣ,PL. AG. MARINAS,ΑΓ.ΜΑΡΙΝΑΣ,"731"
420251: 3η ΧΡΥΣΟΥΠΟΛΕΩΣ,"420251","420251",3η ΧΡΥΣΟΥΠΟΛΕΩΣ,3rd XRYSOYPOLEOS,ΙΩΑΝΝΙΝΩΝ,"748"
420252: ΚΩΝΣΤΑΝΤΙΝΟΥΠΟΛΕΩΣ,"420252","420252",ΚΩΝΣΤΑΝΤΙΝΟΥΠΟΛΕΩΣ,KONSTANTINOYPOLEOS,ΚΩΝΣΤΑΝΤΙΝΟΥΠΟΛΕΩΣ,"732, 891"
420253: ΖΑΛΟΚΩΣΤΑ,"420253","420253",ΖΑΛΟΚΩΣΤΑ,ZALOKOSTA,ΠΑΡΑΣΚΕΥΟΠΟΥΛΟΥ,"891, 892"
420254: ΖΑΛΟΚΩΣΤΑ,"420254","420254",ΖΑΛΟΚΩΣΤΑ,ZALOKOSTA,ΠΑΡΑΣΚΕΥΟΠΟΥΛΟΥ,"891, 892"
420255: ΓΙΑΝΝΙΤΣΩΝ,"420255","420255",ΓΙΑΝΝΙΤΣΩΝ,GIANNITSON,ΓΙΑΝΝΙΤΣΩΝ,"891"
420256: ΜΙΣΤΡΙΩΤΟΥ,"420256","420256",ΜΙΣΤΡΙΩΤΟΥ,MISTRIOTOY,ΜΙΣΤΡΙΩΤΟΥ,"822"
420257: ΑΛΣΟΣ ΝΕΑΣ ΖΩΗΣ,"420257","420257",ΑΛΣΟΣ ΝΕΑΣ ΖΩΗΣ,ALSOS NEAS ZOHS,ΜΙΣΤΡΙΩΤΟΥ,"822"
420258: ΑΓ. ΕΛΕΥΘΕΡΙΟΣ,"420258","420258",ΑΓ. ΕΛΕΥΘΕΡΙΟΣ,AG. ELEYTHERIOS,ΑΓ.ΕΛΕΥΘΕΡΙΟΥ,"822"
420259: ΔΕΡΙΓΝΥ,"420259","420259",ΔΕΡΙΓΝΥ,DERIGNY,ΠΑΛΙΓΓΕΝΕΣΙΑΣ,"822"
420268: ΔΩΔΕΚΑΝΗΣΟΥ,"420268","420268",ΔΩΔΕΚΑΝΗΣΟΥ,DODEKANHSOY,ΔΩΔΕΚΑΝΗΣΟΥ,"892"
420269: ΕΚΘΕΣΙΑΚΟ ΚΕΝΤΡΟ,"420269","420269",ΕΚΘΕΣΙΑΚΟ ΚΕΝΤΡΟ,EKTHESIAKO KENTRO,ΔΩΔΕΚΑΝΗΣΟΥ,"892"
420277: ΠΡΟΝΟΙΑ,"420277","420277",ΠΡΟΝΟΙΑ,PRONOIA,ΚΩΝΣΤΑΝΤΙΝΟΥΠΟΛΕΩΣ,"25"
420278: ΔΩΔΕΚΑΝΗΣΟΥ,"420278","10899",ΔΩΔΕΚΑΝΗΣΟΥ,DODEKANHSOY,ΕΘΝΙΚΗΣ ΑΝΤΙΣΤΑΣΕΩΣ,"823"
420286: ΦΛΕΜΙΝΓΚ,"420286","420286",ΦΛΕΜΙΝΓΚ,FLEMINGK,25ης ΜΑΡΤΙΟΥ,"748, 891, 892"
420287: ΚΕΝΤΡΟ ΝΕΟΤΗΤΑΣ,"420287","420287",ΚΕΝΤΡΟ ΝΕΟΤΗΤΑΣ,KENTRO NEOTΗTAS,ΣΑΡΑΝΤΑΠΟΡΟΥ,"891"
420288: ΤΑΞΙΑΡΧΗΣ,"420288","420288",ΤΑΞΙΑΡΧΗΣ,TAXIARXHS,ΣΑΡΑΝΤΑΠΟΡΟΥ,"891"
420485: 1η ΑΓ. ΚΗΡΥΚΟΥ,"420485","420485",1η ΑΓ. ΚΗΡΥΚΟΥ,1st AG. KHRYKOY,ΑΓ.ΚΗΡΥΚΟΥ,"731"
420490: ΚΑΡΥΣΤΟΥ,"420490","420490",ΚΑΡΥΣΤΟΥ,KARYSTOY,ΤΖΩΝ ΚΕΝΝΕΝΤΥ,"892"
420492: ΑΓ. ΤΡΙΑΔΑ,"420492","420492",ΑΓ. ΤΡΙΑΔΑ,AG. TRIADA,ΑΓ.ΤΡΙΑΔΟΣ,"750"
420494: ΣΤ. ΜΕΤΡΟ ΑΓ. ΑΝΤΩΝΙΟΣ,"420494","420494",ΣΤ. ΜΕΤΡΟ ΑΓ. ΑΝΤΩΝΙΟΣ,ST. METRO AG. ANTONIOS,ΕΘΝΑΡΧΟΥ ΜΑΚΑΡΙΟΥ,"730, 821, 822, 823"
420495: ΜΕΤΡΟ ΑΝΘΟΥΠΟΛΗ,"420495","420495",ΜΕΤΡΟ ΑΝΘΟΥΠΟΛΗ,METRO ANTHOYPOLH,ΑΝΑΠΑΥΣΕΩΣ,"12, 12*, 700, 701, 705, 747, 892, Α13"
420498: ΣΤ. ΜΕΤΡΟ ΑΝΘΟΥΠΟΛΗ,"420498","10800",ΣΤ. ΜΕΤΡΟ ΑΝΘΟΥΠΟΛΗ,ST. METRO ANTHOYPOLH,,"700, 701, 703, 705, 731, 747"
420: A10 ΜΕΣΟΝΥΧΙ,"420","12028",A10 ΜΕΣΟΝΥΧΙ,A10 MESONYXI,ΜΕΣΟΝΥΧΙΟΥ,Α10
42: Ν. ΕΡΥΘΡΑΙΑ,"42","10208",Ν. ΕΡΥΘΡΑΙΑ,N. ERYTHREA,,"560"
430001: ΚΑΨΗ,"430001","430001",ΚΑΨΗ,KAPSH,ΠΕΤΡΟΥΠΟΛΕΩΣ,"700, Α11, Β11"
430002: ΦΑΡΜΑΚΕΙΟ,"430002","430002",ΦΑΡΜΑΚΕΙΟ,FARMAKEIO,25ης ΜΑΡΤΙΟΥ,"700, Α11, Β11"
430003: ΔΗΜΑΡΧΕΙΟ,"430003","430003",ΔΗΜΑΡΧΕΙΟ,DHMARXEIO,25ης ΜΑΡΤΙΟΥ,"700, Α11, Β11"
430004: ΠΑΛ. ΤΕΡΜΑ,"430004","430004",ΠΑΛ. ΤΕΡΜΑ,PAL. TERMA,25ης ΜΑΡΤΙΟΥ,"700, Α11, Β11"
430005: ΚΑΜΙΝΙΩΤΗ,"430005","430005",ΚΑΜΙΝΙΩΤΗ,KAMINIOTH,25ης ΜΑΡΤΙΟΥ,"700, Α11, Β11"
430006: 7η ΚΗΠΟΥΠΟΛΕΩΣ,"430006","430006",7η ΚΗΠΟΥΠΟΛΕΩΣ,7th KHPOYPOLEOS,ΝΑΙΑΔΩΝ (ΠΙΝΔΟΥ),Α13
430007: Κ. ΠΑΛΑΜΑ,"430007","430007",Κ. ΠΑΛΑΜΑ,K. PALAMA,25ης ΜΑΡΤΙΟΥ,"700, 747, Α11, Β11"
430008: ΓΕΦΥΡΑΚΙ,"430008","430008",ΓΕΦΥΡΑΚΙ,GEFYRAKI,25ης ΜΑΡΤΙΟΥ,"700, 747, Α11, Β11"
430009: ΚΑΜΙΝΙΩΤΗ,"430009","430009",ΚΑΜΙΝΙΩΤΗ,KAMINIOTH,25ης ΜΑΡΤΙΟΥ,"700, 747, Α11, Β11"
430010: ΠΑΛ. ΤΕΡΜΑ,"430010","430010",ΠΑΛ. ΤΕΡΜΑ,PAL. TERMA,25ης ΜΑΡΤΙΟΥ,"700, Α11, Β11"
430011: ΔΗΜΑΡΧΕΙΟ,"430011","430011",ΔΗΜΑΡΧΕΙΟ,DHMARXEIO,25ης ΜΑΡΤΙΟΥ,"700, Α11, Β11"
430012: ΦΑΡΜΑΚΕΙΟ,"430012","430012",ΦΑΡΜΑΚΕΙΟ,FARMAKEIO,25ης ΜΑΡΤΙΟΥ,"700, Α11, Β11"
430013: ΘΕΣΣΑΛΙΑΣ,"430013","430013",ΘΕΣΣΑΛΙΑΣ,THESSALIAS,ΑΝΑΤΟΛΙΚΗΣ ΡΩΜΥΛΙΑΣ,"24"
430014: 12η ΠΑΛΑΤΙΑΝΗΣ,"430014","430014",12η ΠΑΛΑΤΙΑΝΗΣ,12th PALATIANHS,ΠΑΛΑΤΙΑΝΗΣ,"719"
430015: 13η ΠΑΛΑΤΙΑΝΗΣ,"430015","430015",13η ΠΑΛΑΤΙΑΝΗΣ,13th PALATIANHS,ΚΑΡΑΟΛΗ ΚΑΙ ΔΗΜΗΤΡΙΟΥ,"719"
430016: 14η ΠΑΛΑΤΙΑΝΗΣ,"430016","430016",14η ΠΑΛΑΤΙΑΝΗΣ,14th PALATIANHS,ΚΑΡΑΟΛΗ ΚΑΙ ΔΗΜΗΤΡΙΟΥ,"719"
430017: 15η ΠΑΛΑΤΙΑΝΗΣ,"430017","430017",15η ΠΑΛΑΤΙΑΝΗΣ,15th PALATIANHS,ΕΛ.ΒΕΝΙΖΕΛΟΥ,"719"
430018: 16η ΠΑΛΑΤΙΑΝΗΣ,"430018","430018",16η ΠΑΛΑΤΙΑΝΗΣ,16th PALATIANHS,Ρ.ΦΕΡΑΙΟΥ,"719"
430022: 3η ΠΕΡΙΦΕΡΕΙΑΚΗ,"430022","430022",3η ΠΕΡΙΦΕΡΕΙΑΚΗ,3rd PERIFEREIAKH,ΑΝΑΠΑΥΣΕΩΣ,"747, Α11, Β11"
430023: 13η ΠΑΛΑΤΙΑΝΗΣ,"430023","430023",13η ΠΑΛΑΤΙΑΝΗΣ,13th PALATIANHS,ΑΧΙΛΛΕΩΣ,"719"
430024: 12η ΠΑΛΑΤΙΑΝΗΣ,"430024","430024",12η ΠΑΛΑΤΙΑΝΗΣ,12th PALATIANHS,ΠΑΛΑΤΙΑΝΗΣ,"719"
430025: 1η ΚΗΠΟΥΠΟΛΕΩΣ,"430025","430025",1η ΚΗΠΟΥΠΟΛΕΩΣ,1st KHPOYPOLEOS,ΠΕΡΙΚΛΕΟΥΣ,Α13
430026: ΣΤΡΑΤΗΓΟΥ ΜΑΚΡΥΓΙΑΝΝΗ,"430026","430026",ΣΤΡΑΤΗΓΟΥ ΜΑΚΡΥΓΙΑΝΝΗ,STRATHGOY MAKRYGIANNH,ΑΝΑΤΟΛΙΚΗΣ ΡΩΜΥΛΙΑΣ,"24"
430027: 8η ΚΗΠΟΥΠΟΛΕΩΣ,"430027","430027",8η ΚΗΠΟΥΠΟΛΕΩΣ,8th KHPOYPOLEOS,ΠΕΡΙΚΛΕΟΥΣ,Α13
430028: 9η ΚΗΠΟΥΠΟΛΕΩΣ,"430028","430028",9η ΚΗΠΟΥΠΟΛΕΩΣ,9th KHPOYPOLEOS,ΠΕΡΙΚΛΕΟΥΣ,Α13
430029: 10η ΚΗΠΟΥΠΟΛΕΩΣ,"430029","430029",10η ΚΗΠΟΥΠΟΛΕΩΣ,10th KHPOYPOLEOS,ΣΟΥΛΙΟΥ,"700, 719, Α13"
430030: 9η ΚΗΠΟΥΠΟΛΕΩΣ,"430030","430030",9η ΚΗΠΟΥΠΟΛΕΩΣ,9th KHPOYPOLEOS,ΘΕΟΚΛΗΤΟΥ,Α13
430031: 8η ΚΗΠΟΥΠΟΛΕΩΣ,"430031","430031",8η ΚΗΠΟΥΠΟΛΕΩΣ,8th KHPOYPOLEOS,ΠΕΡΙΚΛΕΟΥΣ,Α13
430032: 7η ΚΗΠΟΥΠΟΛΕΩΣ,"430032","430032",7η ΚΗΠΟΥΠΟΛΕΩΣ,7th KHPOYPOLEOS,ΠΕΡΙΚΛΕΟΥΣ,Α13
430034: 11η ΚΗΠΟΥΠΟΛΕΩΣ,"430034","430034",11η ΚΗΠΟΥΠΟΛΕΩΣ,11th KHPOYPOLEOS,ΣΟΥΛΙΟΥ,"700, 719, Α13"
430036: ΚΕΦΑΛΛΗΝΙΑΣ,"430036","430036",ΚΕΦΑΛΛΗΝΙΑΣ,KEFALLHNIAS,ΒΟΡ.ΗΠΕΙΡΟΥ,"719"
430037: ΧΡ. ΣΜΥΡΝΗΣ,"430037","430037",ΧΡ. ΣΜΥΡΝΗΣ,XR. SMYRNHS,ΒΟΡ.ΗΠΕΙΡΟΥ,"719"
430038: ΜΑΥΡΟΓΕΝΟΥΣ,"430038","430038",ΜΑΥΡΟΓΕΝΟΥΣ,MAYROGENOYS,ΒΟΡ.ΗΠΕΙΡΟΥ,"719"
430039: ΠΑΛΑΜΑ,"430039","430039",ΠΑΛΑΜΑ,PALAMA,ΑΝ.ΡΩΜΥΛΙΑΣ,"719"
430040: ΚΑΝΑΡΗ,"430040","430040",ΚΑΝΑΡΗ,KANARH,ΑΝΑΤ.ΡΩΜΥΛΙΑΣ,"719"
430041: ΞΑΝΘΟΥ,"430041","430041",ΞΑΝΘΟΥ,XANTHOY,ΞΑΝΘΟΥ,"719"
430043: ΣΧΟΛΕΙΟ,"430043","430043",ΣΧΟΛΕΙΟ,SXOLEIO,ΑΝΑΤΟΛΙΚΗΣ ΡΩΜΥΛΙΑΣ,"24, 719"
430044: ΑΓ.  ΛΑΥΡΑΣ,"430044","430044",ΑΓ.  ΛΑΥΡΑΣ,AG. LAYRAS,ΑΝΑΤΟΛΙΚΗΣ ΡΩΜΥΛΙΑΣ,"24"
430045: ΚΕΦΑΛΛΗΝΙΑΣ,"430045","430045",ΚΕΦΑΛΛΗΝΙΑΣ,KEFALLHNIAS,ΚΕΦΑΛΛΗΝΙΑΣ,Α11
430046: 1η ΜΑΝΙΑΚΙΟΥ,"430046","430046",1η ΜΑΝΙΑΚΙΟΥ,1st MANIAKIOY,ΜΑΝΙΑΚΙΟΥ,Α11
430047: ΠΡΟΦ. ΗΛΙΑΣ,"430047","430047",ΠΡΟΦ. ΗΛΙΑΣ,PROF. HLIAS,Κ.ΠΑΛΑΜΑ,"747, Α11"
430052: 2η ΚΗΠΟΥΠΟΛΕΩΣ,"430052","430052",2η ΚΗΠΟΥΠΟΛΕΩΣ,2nd KHPOYPOLEOS,ΠΕΡΙΚΛΕΟΥΣ,Α13
430055: Κ. ΠΑΛΑΜΑ,"430055","430055",Κ. ΠΑΛΑΜΑ,K. PALAMA,Κ.ΠΑΛΑΜΑ,"747, Α11"
430067: 12η ΚΗΠΟΥΠΟΛΕΩΣ,"430067","430067",12η ΚΗΠΟΥΠΟΛΕΩΣ,12th KHPOYPOLEOS,ΜΕΤΕΩΡΩΝ,"700, 719, Α13"
430069: 10η ΚΗΠΟΥΠΟΛΕΩΣ,"430069","430069",10η ΚΗΠΟΥΠΟΛΕΩΣ,10th KHPOYPOLEOS,ΑΓΗΣΙΛΑΟΥ,"700, 719, Α13"
430071: 2η ΜΑΝΙΑΚΙΟΥ,"430071","430071",2η ΜΑΝΙΑΚΙΟΥ,2nd MANIAKIOY,ΜΑΝΙΑΚΙΟΥ,"747, Α11"
430075: 28ης ΟΚΤΩΒΡΙΟΥ,"430075","430075",28ης ΟΚΤΩΒΡΙΟΥ,28th OKTOBRIOY,28ης ΟΚΤΩΒΡΙΟΥ,"700, 719"
430076: ΣΤΡΟΦΗ,"430076","430076",ΣΤΡΟΦΗ,STROFH,ΔΙΓ.ΑΚΡΙΤΑ,"719"
430078: ΑΜΑΞΟΣΤΑΣΙΟ,"430078","11968",ΑΜΑΞΟΣΤΑΣΙΟ,AMAXOSTASIO,ΚΕΡΑΣΟΒΟΥ,"747"
430079: 3η ΠΕΡΙΦΕΡΕΙΑΚΗ,"430079","430079",3η ΠΕΡΙΦΕΡΕΙΑΚΗ,3rd PERIFEREIAKH,ΚΑΝΑΡΗ,"747"
430082: ΠΑΛ. ΤΕΡΜΑ,"430082","430082",ΠΑΛ. ΤΕΡΜΑ,PAL. TERMA,25ης ΜΑΡΤΙΟΥ,"700, 747, Α11, Β11"
430084: ΚΡΗΤΗΣ,"430084","430084",ΚΡΗΤΗΣ,KRHTHS,ΚΡΗΤΗΣ,"747, Α11, Β11"
430085: ΑΝΑΠΑΥΣΕΩΣ,"430085","430085",ΑΝΑΠΑΥΣΕΩΣ,ANAPAYSEOS,ΑΝΑΠΑΥΣΕΩΣ,"747, Α11, Β11"
430086: ΣΟΥΛΙΟΥ,"430086","430086",ΣΟΥΛΙΟΥ,SOYLIOY,ΣΟΥΛΙΟΥ,"700"
430087: ΣΧΟΛΕΙΑ,"430087","430087",ΣΧΟΛΕΙΑ,SXOLEIA,ΣΟΥΛΙΟΥ,"700"
430088: 11η ΚΗΠΟΥΠΟΛΕΩΣ,"430088","430088",11η ΚΗΠΟΥΠΟΛΕΩΣ,11th KHPOYPOLEOS,ΑΓΗΣΙΛΑΟΥ,"700, 719, Α13"
430089: ΟΔ. ΑΝΔΡΟΥΤΣΟΥ,"430089","430089",ΟΔ. ΑΝΔΡΟΥΤΣΟΥ,OD. ANDROYTSOY,Δ.ΑΚΡΙΤΑ,"700, 719"
430090: ΠΛ. ΡΗΓΑ ΦΕΡΑΙΟΥ,"430090","430090",ΠΛ. ΡΗΓΑ ΦΕΡΑΙΟΥ,PL. RHGA FERAIOY,ΠΛ.ΡΗΓΑ ΦΕΡΑΙΟΥ,"719"
430091: ΑΓ. ΤΡΙΑΔΑ,"430091","430091",ΑΓ. ΤΡΙΑΔΑ,AG. TRIADA,ΣΟΥΛΙΟΥ,"700, 719"
430092: ΣΧΟΛΕΙΟ ΔΙΟΜ. ΚΟΜΝΗΝΟΣ,"430092","430092",ΣΧΟΛΕΙΟ ΔΙΟΜ. ΚΟΜΝΗΝΟΣ,SXOLEIO DIOM. KOMNHNOS,ΣΟΥΛΙΟΥ,"700, 719"
430093: ΣΧΟΛΕΙΟ ΔΙΟΜ. ΚΟΜΝΗΝΟΣ,"430093","430093",ΣΧΟΛΕΙΟ ΔΙΟΜ. ΚΟΜΝΗΝΟΣ,SXOLEIO DIOM. KOMNHNOS,ΣΟΥΛΙΟΥ,"700, 719"
430094: ΣΤΡΟΦΗ,"430094","430094",ΣΤΡΟΦΗ,STROFH,ΣΟΥΛΙΟΥ,"700, 719"
430096: ΚΑΝΑΡΗ,"430096","430096",ΚΑΝΑΡΗ,KANARH,25ης ΜΑΡΤΙΟΥ,"700, Β11"
430097: ΒΟΡ. ΗΠΕΙΡΟΥ,"430097","430097",ΒΟΡ. ΗΠΕΙΡΟΥ,BOR. HPEIROY,Δ.ΑΚΡΙΤΑ,"700"
430098: ΑΓ. ΓΛΥΚΕΡΙΑΣ,"430098","430098",ΑΓ. ΓΛΥΚΕΡΙΑΣ,AG. GLYKERIAS,ΑΝΑΤΟΛΙΚΗΣ ΡΩΜΥΛΙΑΣ,"24"
430278: ΑΜΑΞΟΣΤΑΣΙΟ (ΠΡΟΣ ΠΕΤΡΟΥΠΟΛΗ),"430278","11970",ΑΜΑΞΟΣΤΑΣΙΟ (ΠΡΟΣ ΠΕΤΡΟΥΠΟΛΗ),AMAXOSTASIO (PROS PETROYPOLH),ΚΕΡΑΣΟΒΟΥ,"747"
432017: 15η ΠΑΛΑΤΙΑΝΗΣ (ΠΡΟΣ ΣΤ. ΛΑΡΙΣΗΣ),"432017","11645",15η ΠΑΛΑΤΙΑΝΗΣ (ΠΡΟΣ ΣΤ. ΛΑΡΙΣΗΣ),15th PALATIANHS (TO ST. LARISHS),ΕΛ. ΒΕΝΙΖΕΛΟΥ,"719"
43: ΚΗΠΟΥΠΟΛΗ,"43","10209",ΚΗΠΟΥΠΟΛΗ,KHPOYPOLH,,"700, 719, Α13"
440001: ΞΗΡΟΤΥΡΙ,"440001","440001",ΞΗΡΟΤΥΡΙ,XHROTYRI,ΝΕΑ ΛΕΩΦ.ΣΠΑΤΩΝ,"304, 305, 316, 326"
440002: ΚΑΤΣΑΟΥΝΗ,"440002","440002",ΚΑΤΣΑΟΥΝΗ,KATSAOYNH,ΝΕΑ ΛΕΩΦ.ΣΠΑΤΩΝ,"304, 305, 316, 326"
440003: ΕΙΚΟΝΟΣΤΑΣΙ,"440003","440003",ΕΙΚΟΝΟΣΤΑΣΙ,EIKONOSTASH,ΝΕΑ ΛΕΩΦ.ΣΠΑΤΩΝ,"304, 305, 316, 326"
440004: ΦΟΥΡΝΟΣ,"440004","440004",ΦΟΥΡΝΟΣ,FOYRNOS,ΝΕΑ ΛΕΩΦ.ΣΠΑΤΩΝ,"304, 305, 316, 326"
440005: ΑΓ. ΝΙΚΟΛΑΟΣ,"440005","440005",ΑΓ. ΝΙΚΟΛΑΟΣ,AG. NIKOLAOS,ΝΕΑ ΛΕΩΦ.ΣΠΑΤΩΝ,"304, 305, 316, 326"
440006: ΖΩΗΣ,"440006","440006",ΖΩΗΣ,ZOHS,ΝΕΑ ΛΕΩΦ.ΣΠΑΤΩΝ,"304, 305, 316, 326"
440007: ΓΗΠΕΔΟ,"440007","440007",ΓΗΠΕΔΟ,GHPEDO,ΝΕΑ ΛΕΩΦ.ΣΠΑΤΩΝ,"304, 305, 316, 326"
440008: ΧΡΙΣΤΟΣ,"440008","440008",ΧΡΙΣΤΟΣ,XRISTOS,ΔΙΑΔ.ΟΛΥΜΠ.ΚΩΝ/ΝΟΥ,"305, 319, 326"
440009: ΒΡΥΣΗ,"440009","440009",ΒΡΥΣΗ,BRYSH,ΔΙΑΔ.ΟΛΥΜΠ.ΚΩΝ/ΝΟΥ,"305, 319, 326"
440010: ΠΑΝΑΓΙΑ,"440010","440010",ΠΑΝΑΓΙΑ,PANAGIA,ΒΑΣ.ΠΑΥΛΟΥ,"305, 319, 326"
440011: ΔΙΑΣΤΑΥΡΩΣΗ,"440011","440011",ΔΙΑΣΤΑΥΡΩΣΗ,DIASTAYROSH,ΛΕΩΦ.ΚΑΡΑΜΑΝΛΗ,"304, 305, 316, 326"
440012: ΔΗΜΑΡΧΕΙΟ,"440012","440012",ΔΗΜΑΡΧΕΙΟ,DHMARXEIO,ΒΑΣ.ΠΑΥΛΟΥ,"305, 319, 326"
440013: ΠΛΑΤΕΙΑ,"440013","440013",ΠΛΑΤΕΙΑ,PLATEIA,ΒΑΣ.ΠΑΥΛΟΥ,"305, 319, 326"
440014: ΤΕΛΩΝΕΙΟ,"440014","440014",ΤΕΛΩΝΕΙΟ,TELONEIO,ΚΤΙΡΙΟ ΕΙΚ.ΕΠΤΑ ΤΕΛΩΝΕΙΟΥ,"Χ93, Χ95, Χ96, Χ97"
440015: ΠΕΡΙΠΤΕΡΟ,"440015","440015",ΠΕΡΙΠΤΕΡΟ,PERIPTERO,ΒΑΣ.ΠΑΥΛΟΥ,"305, 319, 326"
440016: ΑΓ. ΚΩΝ/ΝΟΣ,"440016","440016",ΑΓ. ΚΩΝ/ΝΟΣ,AG. KON/NOS,ΛΕΩΦ.ΚΑΡΑΜΑΝΛΗ,"304, 305, 316, 326"
440017: 1η ΑΕΡΟΔΡΟΜΙΟΥ,"440017","440017",1η ΑΕΡΟΔΡΟΜΙΟΥ,1st AERODROMIOY,ΛΕΩΦ.ΚΑΡΑΜΑΝΛΗ,"304, 305, 316, 326"
440018: ΣΥΝΕΤΑΙΡΙΣΜΟΣ ΘΥΡΩΡΩΝ,"440018","440018",ΣΥΝΕΤΑΙΡΙΣΜΟΣ ΘΥΡΩΡΩΝ,SYNETAIRISMOS THYRORON,ΛΕΩΦ.ΚΑΡΑΜΑΝΛΗ,"304, 305, 316, 326"
440019: ΣΥΝΕΤΑΙΡΙΣΜΟΣ ΘΥΡΩΡΩΝ,"440019","440019",ΣΥΝΕΤΑΙΡΙΣΜΟΣ ΘΥΡΩΡΩΝ,SYNETAIRISMOS THYRORON,ΛΕΩΦ.ΚΑΡΑΜΑΝΛΗ,"304, 305, 316, 326"
440020: 1η ΑΕΡΟΔΡΟΜΙΟΥ,"440020","440020",1η ΑΕΡΟΔΡΟΜΙΟΥ,1st AERODROMIOY,ΛΕΩΦ.ΚΑΡΑΜΑΝΛΗ,"304, 305, 316, 326"
440021: ΑΓ. ΚΩΝ/ΝΟΣ,"440021","440021",ΑΓ. ΚΩΝ/ΝΟΣ,AG. KON/NOS,ΛΕΩΦ.ΚΑΡΑΜΑΝΛΗ,"304, 305, 316, 326"
440025: 2η ΑΕΡΟΔΡΟΜΙΟΥ,"440025","440025",2η ΑΕΡΟΔΡΟΜΙΟΥ,2nd AERODROMIOY,ΛΕΩΦ.ΚΑΡΑΜΑΝΛΗ,"304, 305, 316, 326"
440029: ΓΗΠΕΔΟ,"440029","440029",ΓΗΠΕΔΟ,GHPEDO,ΔΙΑΔ.ΟΛΥΜΠ.ΚΩΝ/ΝΟΥ,"304, 305, 316, 326"
440030: ΖΩΗ,"440030","440030",ΖΩΗ,ZOH,ΝΕΑ ΛΕΩΦ.ΣΠΑΤΩΝ,"304, 305, 316, 326"
440031: ΑΓ. ΝΙΚΟΛΑΟΣ,"440031","440031",ΑΓ. ΝΙΚΟΛΑΟΣ,AG. NIKOLAOS,ΝΕΑ ΛΕΩΦ.ΣΠΑΤΩΝ,"304, 305, 316, 326"
440032: ΦΟΥΡΝΟΣ,"440032","440032",ΦΟΥΡΝΟΣ,FOYRNOS,ΝΕΑ ΛΕΩΦ.ΣΠΑΤΩΝ,"304, 305, 316, 326"
440033: ΑΓ. ΘΕΜΙΣΤΟΚΛΗΣ,"440033","440033",ΑΓ. ΘΕΜΙΣΤΟΚΛΗΣ,AG. THEMISTOKLHS,ΝΕΑ ΛΕΩΦ.ΣΠΑΤΩΝ,"304, 305, 316, 326"
440034: ΚΑΤΣΑΟΥΝΗ,"440034","440034",ΚΑΤΣΑΟΥΝΗ,KATSAOYNH,ΝΕΑ ΛΕΩΦ.ΣΠΑΤΩΝ,"304, 305, 316, 326"
440035: ΞΗΡΟΤΥΡΙ,"440035","440035",ΞΗΡΟΤΥΡΙ,XHROTYRI,ΝΕΑ ΛΕΩΦ.ΣΠΑΤΩΝ,"304, 305, 316, 326"
440036: ΔΙΑΣΤΑΥΡΩΣΗ,"440036","440036",ΔΙΑΣΤΑΥΡΩΣΗ,DIASTAYROSH,ΧΡ.ΜΠΕΚΑ,"304, 305, 316, 319, 326"
440038: ΑΓ. ΔΗΜΗΤΡΙΟΣ,"440038","440038",ΑΓ. ΔΗΜΗΤΡΙΟΣ,AG. DHMHTRIOS,ΔΗΜΑΡΧΟΥ ΧΡ.ΜΠΕΚΑ(ΠΕΡΙΦ.),"304, 316"
440040: ΝΕΚΡΟΤΑΦΕΙΟ,"440040","440040",ΝΕΚΡΟΤΑΦΕΙΟ,NEKROTAFEIO,ΑΓ. ΔΗΜΗΤΡΙΟΥ,"319"
440041: ΖΗΝΩΝΟΣ,"440041","440041",ΖΗΝΩΝΟΣ,ZHNONOS,ΑΓ.ΔΗΜΗΤΡΙΟΥ,"319"
440042: ΕΜΠ/ΚΟ ΠΑΡΚΟ ΑΕΡΟΔΡΟΜΙΟΥ,"440042","440042",ΕΜΠ/ΚΟ ΠΑΡΚΟ ΑΕΡΟΔΡΟΜΙΟΥ,EMP/KO PARKO AERODROMIOY,ΕΣΟΧΗ ΠΡΟ ΠΑΡΚΙΝΓΚ ΙΚΕΑ,"Χ93, Χ95, Χ96, Χ97"
440045: ΝΕΚΡΟΤΑΦΕΙΟ,"440045","440045",ΝΕΚΡΟΤΑΦΕΙΟ,NEKROTAFEIO,ΑΓ.ΔΗΜΗΤΡΙΟΥ,"319"
440046: ΑΓΙΟΥ ΔΗΜΗΤΡΙΟΥ,"440046","440046",ΑΓΙΟΥ ΔΗΜΗΤΡΙΟΥ,DIASTAYROSH,ΔΗΜ.ΧΡ.ΜΠΕΚΑ (ΠΕΡΙΦΕΡ.),"304, 305, 316, 319, 326"
440047: Ο.Τ.Ε,"440047","440047",Ο.Τ.Ε,O.T.E,ΔΗΜΑΡΧΟΥ ΧΡ.ΜΠΕΚΑ(ΠΕΡΙΦ.),"304, 316"
440048: ΣΤΡΟΦΗ,"440048","440048",ΣΤΡΟΦΗ,STROFH,ΔΗΜΑΡΧΟΥ ΧΡ.ΜΠΕΚΑ(ΠΕΡΙΦ.),"304, 316"
440049: ΚΟΛΙΚΡΕΠΙ,"440049","440049",ΚΟΛΙΚΡΕΠΙ,KOLIKREPI,ΛΕΩΦ.ΚΑΡΑΜΑΝΛΗ,"304, 305, 316, 326"
440050: ΚΟΛΙΚΡΕΠΙ,"440050","440050",ΚΟΛΙΚΡΕΠΙ,KOLIKREPI,ΛΕΩΦ.ΚΑΡΑΜΑΝΛΗ,"304, 305, 316, 326"
440052: ΣΤΡΟΦΗ,"440052","440052",ΣΤΡΟΦΗ,STROFH,ΔΗΜΑΡΧΟΥ ΧΡ.ΜΠΕΚΑ(ΠΕΡΙΦ.),"304, 305, 316, 319, 326"
440053: Ο.Τ.Ε,"440053","440053",Ο.Τ.Ε,O.T.E,ΔΗΜΑΡΧΟΥ ΧΡ.ΜΠΕΚΑ(ΠΕΡΙΦ.),"304, 305, 316, 319, 326"
440055: 2η ΑΕΡΟΔΡΟΜΙΟΥ,"440055","440055",2η ΑΕΡΟΔΡΟΜΙΟΥ,2nd AERODROMIOY,ΛΕΩΦ.ΚΑΡΑΜΑΝΛΗ,"304, 305, 316, 326"
440056: ΑΓ. ΠΕΤΡΟΣ,"440056","440056",ΑΓ. ΠΕΤΡΟΣ,AG. PETROS,ΛΕΩΦ.ΚΑΡΑΜΑΝΛΗ,"304, 305, 316, 326"
440057: ΑΓ. ΠΕΤΡΟΣ,"440057","440057",ΑΓ. ΠΕΤΡΟΣ,AG. PETROS,ΛΕΩΦ.ΚΑΡΑΜΑΝΛΗ,"304, 305, 316, 326"
440059: ΣΤΡΟΦΗ ΠΛΑΣΤΗΡΑ,"440059","440059",ΣΤΡΟΦΗ ΠΛΑΣΤΗΡΑ,STROFH PLASTHRA,ΔΗΜΑΡΧΟΥ ΧΡ.ΜΠΕΚΑ(ΠΕΡΙΦ.),"304, 316"
440060: ΣΤΡΟΦΗ ΠΛΑΣΤΗΡΑ,"440060","440060",ΣΤΡΟΦΗ ΠΛΑΣΤΗΡΑ,STROFH PLASTHRA,ΔΗΜΑΡΧΟΥ ΧΡ.ΜΠΕΚΑ(ΠΕΡΙΦ.),"304, 305, 316, 319, 326"
440061: ΤΑΧ. ΘΥΡΙΔΕΣ,"440061","440061",ΤΑΧ. ΘΥΡΙΔΕΣ,TAX. THYRIDES,ΛΕΩΦ.ΚΑΡΑΜΑΝΛΗ,"304, 305, 316, 326"
440065: ΤΑΧ. ΘΥΡΙΔΕΣ,"440065","440065",ΤΑΧ. ΘΥΡΙΔΕΣ,TAX. THYRIDES,ΛΕΩΦ.ΚΑΡΑΜΑΝΛΗ,"304, 305, 316, 326"
440066: ΦΟΥΡΝΟΣ,"440066","440066",ΦΟΥΡΝΟΣ,FOYRNOS,ΔΗΜΑΡΧΟΥ ΧΡ.ΜΠΕΚΑ(ΠΕΡΙΦ),"304, 305, 316, 319, 326"
440095: ΚΕΚΡΟΠΟΣ,"440095","440095",ΚΕΚΡΟΠΟΣ,KEKROPOS,ΒΑΣ.ΠΑΥΛΟΥ,"305, 319, 326"
440098: ΤΕΡΜΑ,"440098","440098",ΤΕΡΜΑ,TERMA,ΜΑΚΕΔΟΝΙΑΣ,"319"
440102: ΚΤΙΡΙΟ ΔΙΟΙΚΗΣΗΣ,"440102","440102",ΚΤΙΡΙΟ ΔΙΟΙΚΗΣΗΣ,KTIRIO DIOIKHSHS,ΜΠΡΟΣΤΑ ΣΤΟ ΚΤΙΡΙΟ,"Χ93, Χ95, Χ96, Χ97"
440104: ΚΤΙΡΙΟ ΔΙΟΙΚΗΣΗΣ,"440104","440104",ΚΤΙΡΙΟ ΔΙΟΙΚΗΣΗΣ,KTIRIO DIOIKHSHS,ΜΠΡΟΣΤΑ ΣΤΟ ΚΤΙΡΙΟ,"Χ93, Χ95, Χ96, Χ97"
440106: ΦΟΥΡΝΟΣ,"440106","440106",ΦΟΥΡΝΟΣ,FOYRNOS,ΔΗΜΑΡΧΟΥ ΧΡ.ΜΠΕΚΑ(ΠΕΡΙΦ.),"304, 316"
440114: ΜΙΧΑΛΑΚΗ,"440114","440114",ΜΙΧΑΛΑΚΗ,MIXALAKH,ΜΙΧΑΛΑΚΗ.Γ,"319"
440115: 1η ΕΜΠΟΡΙΚΟ ΠΑΡΚΟ,"440115","440115",1η ΕΜΠΟΡΙΚΟ ΠΑΡΚΟ,1st EMPORIKO PARKO,ΕΝΑΝΤΙ ΚΩΤΣΟΒΟΛΟΥ,"319"
440116: 2η ΕΜΠΟΡΙΚΟ ΠΑΡΚΟ,"440116","440116",2η ΕΜΠΟΡΙΚΟ ΠΑΡΚΟ,2nd EMPORIKO PARKO,ΠΑΡΚΙΝΚ,"319"
440117: 3η ΕΜΠΟΡΙΚΟ ΠΑΡΚΟ,"440117","440117",3η ΕΜΠΟΡΙΚΟ ΠΑΡΚΟ,3rd EMPORIKO PARKO,ΟΠΙΣΘΕΝ ΚΩΤΣΟΒΟΛΟΥ,"319"
440119: ΑΤΤΙΚΟ ΖΩΟΛΟΓΙΚΟ ΠΑΡΚΟ,"440119","440119",ΑΤΤΙΚΟ ΖΩΟΛΟΓΙΚΟ ΠΑΡΚΟ,ATTIKO ZOOLOGIKO PARKO,ΑΓ.ΔΗΜΗΤΡΙΟΥ,"319"
440120: ΠΥΡΙΖΑ,"440120","440120",ΠΥΡΙΖΑ,PYRIZA,ΑΓ.ΔΗΜΗΤΡΙΟΥ,"319"
440121: 3η ΕΜΠΟΡΙΚΟ ΠΑΡΚΟ,"440121","440121",3η ΕΜΠΟΡΙΚΟ ΠΑΡΚΟ,3rd EMPORIKO PARKO,ΝΟΤ.ΕΙΣΟΔΟΣ ΕΚΠΤ.ΧΩΡΙΟΥ,"319"
440122: 2η ΕΜΠΟΡΙΚΟ ΠΑΡΚΟ,"440122","440122",2η ΕΜΠΟΡΙΚΟ ΠΑΡΚΟ,2nd EMPORIKO PARKO,ΧΩΡΟΣ ΣΤΑΘΜΕΥΣΗΣ,"319"
440123: 1η ΕΜΠΟΡΙΚΟ ΠΑΡΚΟ,"440123","440123",1η ΕΜΠΟΡΙΚΟ ΠΑΡΚΟ,1st EMPORIKO PARKO,ΒΟΡ.ΕΙΣΟΔΟΣ ΕΚΠΤ.ΧΩΡΙΟΥ,"319"
440124: ΠΕΤΣΑ,"440124","440124",ΠΕΤΣΑ,PETSA,ΑΓ.ΔΗΜΗΤΡΙΟΥ,"319"
440125: ΔΙΑΣΤΑΥΡΩΣΗ,"440125","440125",ΔΙΑΣΤΑΥΡΩΣΗ,DIASTAYROSH,ΑΓ.ΔΗΜΗΤΡΙΟΥ,"319"
440126: ΠΥΡΙΖΑ,"440126","440126",ΠΥΡΙΖΑ,PYRIZA,ΑΓ.ΔΗΜΗΤΡΙΟΥ,"319"
440217: ΖΗΝΩΝΟΣ,"440217","10783",ΖΗΝΩΝΟΣ,ZHNONOS,ΑΓ. ΔΗΜΗΤΡΙΟΥ,"319"
440218: ΑΤΤΙΚΟ ΖΩΟΛΟΓΙΚΟ ΠΑΡΚΟ,"440218","11454",ΑΤΤΙΚΟ ΖΩΟΛΟΓΙΚΟ ΠΑΡΚΟ,ATTIKO ZOOLOGIKO PARKO,ΑΓ. ΔΗΜΗΤΡΙΟΥ,"319"
44: ΑΝΑΚΑΣΑ,"44","10210",ΑΝΑΚΑΣΑ,ANAKASA,,"720"
450001: ΣΤΡΟΦΗ,"450001","450001",ΣΤΡΟΦΗ,STROFH,ΓΡ.ΛΑΜΠΡΑΚΗ,"035"
450002: ΑΓ. ΣΟΦΙΑ,"450002","450002",ΑΓ. ΣΟΦΙΑ,AG. SOFIA,ΧΡ.ΣΜΥΡΝΗΣ,"035, 816"
450003: ΠΑΝΑΓΙΤΣΑ,"450003","450003",ΠΑΝΑΓΙΤΣΑ,PANAGITSA,ΧΡ.ΣΜΥΡΝΗΣ,"035, 816"
450005: ΠΑΝΑΓΙΤΣΑ,"450005","450005",ΠΑΝΑΓΙΤΣΑ,PANAGITSA,ΧΡ.ΣΜΥΡΝΗΣ,"035"
450006: ΑΓ. ΣΟΦΙΑ,"450006","450006",ΑΓ. ΣΟΦΙΑ,AG. SOFIA,ΧΡ.ΣΜΥΡΝΗΣ,"035"
450007: ΣΤΡΟΦΗ,"450007","450007",ΣΤΡΟΦΗ,STROFH,ΜΑΡΑΘΩΝΟΣ,"035"
450009: ΘΡΑΚΗΣ,"450009","450009",ΘΡΑΚΗΣ,THRAKHS,ΑΓ.ΣΟΦΙΑΣ,"035, 816"
450010: ΣΤ. ΗΣΑΠ ΤΑΥΡΟΣ,"450010","450010",ΣΤ. ΗΣΑΠ ΤΑΥΡΟΣ,ST. HSAP TAYROS,ΧΑΡΟΚΟΠΟΥ,"500"
450011: ΛΑΜΠΡΙΔΗ,"450011","450011",ΛΑΜΠΡΙΔΗ,LAMPRIDH,25ης ΜΑΡΤΙΟΥ,"816"
450012: ΛΑΜΠΡΙΔΗ,"450012","450012",ΛΑΜΠΡΙΔΗ,LAMPRIDH,25ης ΜΑΡΤΙΟΥ,"816"
450013: ΣΦΑΓΕΙΑ,"450013","450013",ΣΦΑΓΕΙΑ,SFAGEIA,ΠΕΙΡΑΙΩΣ,"049, 914"
450014: ΤΑΥΡΟΣ,"450014","450014",ΤΑΥΡΟΣ,TAYROS,ΠΕΙΡΑΙΩΣ,"049, 815, 914"
450015: ΤΑΥΡΟΣ,"450015","450015",ΤΑΥΡΟΣ,TAYROS,ΠΕΙΡΑΙΩΣ,"049, 914"
450017: ΒΙΟΧΑΛΚΟ,"450017","450017",ΒΙΟΧΑΛΚΟ,BIOXALKO,ΠΕΙΡΑΙΩΣ,"049, 914"
450018: ΥΦΑΝΤΗΡΙΑ,"450018","450018",ΥΦΑΝΤΗΡΙΑ,YFANTHRIA,ΠΕΙΡΑΙΩΣ,"049, 914"
450019: ΣΤΡΟΦΗ ΠΕΙΡΑΙΩΣ,"450019","450019",ΣΤΡΟΦΗ ΠΕΙΡΑΙΩΣ,STROFH PEIRAIOS,ΜΑΚΕΔΟΝΙΑΣ,"815"
450022: ΠΑΛ. ΤΕΡΜΑ,"450022","450022",ΠΑΛ. ΤΕΡΜΑ,PAL. TERMA,ΛΕΩΦ.ΕΙΡΗΝΗΣ,"815"
450023: ΕΣΤΑΥΡΩΜΕΝΟΣ,"450023","450023",ΕΣΤΑΥΡΩΜΕΝΟΣ,ESTAYROMENOS,ΜΑΚΕΔΟΝΙΑΣ,"815"
450024: ΣΤΡΟΦΗ ΠΕΙΡΑΙΩΣ,"450024","450024",ΣΤΡΟΦΗ ΠΕΙΡΑΙΩΣ,STROFH PEIRAIOS,ΜΑΚΕΔΟΝΙΑΣ,"815"
450025: ΑΓ. ΑΝΝΗΣ,"450025","450025",ΑΓ. ΑΝΝΗΣ,AG. ANNHS,ΑΓ.ΑΝΝΗΣ,"838"
450026: ΑΓ. ΑΝΝΗΣ,"450026","450026",ΑΓ. ΑΝΝΗΣ,AG. ANNHS,Π.ΡΑΛΛΗ,"21, 838"
450027: ΑΛΦΑ,"450027","450027",ΑΛΦΑ,ALFA,Π.ΡΑΛΛΗ,"21, 838"
450028: ΑΜΑΞΟΣΤΑΣΙΟ Ε.ΘΕ.Λ,"450028","450028",ΑΜΑΞΟΣΤΑΣΙΟ Ε.ΘΕ.Λ,AMAXOSTASIO E.THE.L,Π.ΡΑΛΛΗ,"21, 838"
450030: ΑΣΤΥ,"450030","11672",ΑΣΤΥ,ASTY,Π.ΡΑΛΛΗ,"21, 838"
450031: ΡΟΥΦ,"450031","450031",ΡΟΥΦ,ROYF,Π.ΡΑΛΛΗ,"21, 838"
450033: ΔΗΜΗΤΡΟΣ,"450033","450033",ΔΗΜΗΤΡΟΣ,DHMHTROS,ΛΕΩΦ.ΕΙΡΗΝΗΣ,"815"
450034: ΣΟΦ. ΒΕΝΙΖΕΛΟΥ,"450034","450034",ΣΟΦ. ΒΕΝΙΖΕΛΟΥ,SOF. BENIZELOY,ΛΕΩΦ.ΕΙΡΗΝΗΣ,"815"
450035: ΔΙΟΣ,"450035","450035",ΔΙΟΣ,DIOS,ΛΕΩΦ.ΕΙΡΗΝΗΣ,"815"
450036: ΤΕΡΜΑ,"450036","450036",ΤΕΡΜΑ,TERMA,ΛΕΩΦ.ΕΙΡΗΝΗΣ,"815"
450037: ΠΑΛ. ΤΕΡΜΑ,"450037","450037",ΠΑΛ. ΤΕΡΜΑ,PAL. TERMA,ΜΑΚΕΔΟΝΙΑΣ,"815"
450038: ΑΧΙΛΛΕΩΣ,"450038","450038",ΑΧΙΛΛΕΩΣ,AXILLEOS,ΑΙΑΝΤΟΣ,"815"
450039: ΣΦΑΓΕΙΑ,"450039","450039",ΣΦΑΓΕΙΑ,SFAGEIA,ΠΕΙΡΑΙΩΣ,"049, 914"
450040: ΣΧΟΛΗ ΚΑΛΩΝ ΤΕΧΝΩΝ,"450040","450040",ΣΧΟΛΗ ΚΑΛΩΝ ΤΕΧΝΩΝ,SXOLH KALON TEXNON,ΠΕΙΡΑΙΩΣ,"049, 914"
460001: ΕΙΚΟΝΟΣΤΑΣΙ,"460001","460001",ΕΙΚΟΝΟΣΤΑΣΙ,EIKONOSTASI,ΗΠΕΙΡΟΥ,"856"
460002: ΜΑΛΤΣΙΝΙΩΤΗ,"460002","460002",ΜΑΛΤΣΙΝΙΩΤΗ,MALTSINIOTH,ΗΠΕΙΡΟΥ,"856"
460003: ΑΣΤΥΝΟΜΙΑ,"460003","460003",ΑΣΤΥΝΟΜΙΑ,ASTYNOMIA,ΑΛΕΞ.ΠΑΝΑΓΟΥΛΗ,"856"
460004: ΠΛ. ΥΜΗΤΤΟΥ,"460004","460004",ΠΛ. ΥΜΗΤΤΟΥ,PL. YMHTTOY,ΑΛΕΞ.ΠΑΝΑΓΟΥΛΗ,"856"
460005: ΔΗΜΑΡΧΕΙΟ,"460005","460005",ΔΗΜΑΡΧΕΙΟ,DHMARXEIO,ΛΕΩΦ.ΣΜΥΡΝΗΣ,"140, 212, 856"
460006: ΚΟΛΩΝΕΣ,"460006","460006",ΚΟΛΩΝΕΣ,KOLONES,ΛΕΩΦ.ΚΩΝΣΤΑΝΤΙΝΟΥΠΟΛΕΩΣ,"140, 212, 856"
460007: ΗΛΙΟΥΠΟΛΕΩΣ,"460007","460007",ΗΛΙΟΥΠΟΛΕΩΣ,HLIOYPOLEOS,ΛΕΩΦ.ΚΩΝΣΤΑΝΤΙΝΟΥΠΟΛΕΩΣ,"140, 856"
460008: ΠΛ. ΗΡΩΩΝ,"460008","460008",ΠΛ. ΗΡΩΩΝ,PL. HROON,ΛΕΩΦ.ΚΩΝΣΤΑΝΤΙΝΟΥΠΟΛΕΩΣ,"140, 212, 856"
460009: ΚΟΛΩΝΕΣ,"460009","460009",ΚΟΛΩΝΕΣ,KOLONES,ΛΕΩΦ.ΚΩΝΣΤΑΝΤΙΝΟΥΠΟΛΕΩΣ,"140, 212, 856"
460011: ΠΛ. ΥΜΗΤΤΟΥ,"460011","460011",ΠΛ. ΥΜΗΤΤΟΥ,PL. YMHTTOY,ΛΕΩΦ.ΧΡ.ΣΜΥΡΝΗΣ,"212, 856"
460012: ΑΣΤΥΝΟΜΙΑ,"460012","460012",ΑΣΤΥΝΟΜΙΑ,ASTYNOMIA,ΛΕΩΦ.ΧΡ.ΣΜΥΡΝΗΣ,"856"
460013: ΕΙΚΟΝΟΣΤΑΣΙ,"460013","460013",ΕΙΚΟΝΟΣΤΑΣΙ,EIKONOSTASI,ΛΕΩΦ.ΧΡ.ΣΜΥΡΝΗΣ,"856"
460014: ΠΕΥΚΑΚΙΑ,"460014","460014",ΠΕΥΚΑΚΙΑ,PEYKAKIA,ΑΝΑΓΕΝΝΗΣΕΩΣ,"206, 212, 237"
460015: ΠΛ. ΗΡΩΩΝ,"460015","460015",ΠΛ. ΗΡΩΩΝ,PL. HROON,ΛΕΩΦ.ΚΩΝΣΤΑΝΤΙΝΟΥΠΟΛΕΩΣ,"206, 237"
460016: ΜΑΡΚΕΑ,"460016","460016",ΜΑΡΚΕΑ,MARKEA,ΛΕΩΦ.ΗΛΙΟΥΠΟΛΕΩΣ,"140, 237, 856"
460017: ΜΑΡΚΕΑ,"460017","460017",ΜΑΡΚΕΑ,MARKEA,ΗΛΙΟΥΠΟΛΕΩΣ,"140, 237"
460019: ΠΛ. ΗΡΩΩΝ,"460019","460019",ΠΛ. ΗΡΩΩΝ,PL. HROON,ΛΕΩΦ.ΗΛΙΟΥΠΟΛΕΩΣ,"206, 212, 237"
460021: ΓΥΜΝΑΣΤΙΚΗ ΑΚΑΔΗΜΙΑ,"460021","460021",ΓΥΜΝΑΣΤΙΚΗ ΑΚΑΔΗΜΙΑ,GYMNASTIKH AKADHMIA,ΕΙΔΟΜΕΝΗΣ,"206, 212, 237"
460023: ΚΡΗΤΙΚΟΥ,"460023","460023",ΚΡΗΤΙΚΟΥ,KRHTIKOY,ΠΡΟΥΣΣΗΣ,"206"
460024: ΓΥΜΝΑΣΙΟ,"460024","460024",ΓΥΜΝΑΣΙΟ,GYMNASIO,ΜΕΣΟΛΟΓΓΙΟΥ,"206"
460025: ΚΡΗΤΙΚΟΥ,"460025","460025",ΚΡΗΤΙΚΟΥ,KRHTIKOY,ΚΕΡΑΣΟΥΝΤΟΣ,"206"
460036: ΔΙΑΚΟΥ,"460036","460036",ΔΙΑΚΟΥ,DIAKOY,Α.ΔΙΑΚΟΥ,"140"
460038: ΠΛΑΤΕΙΑ,"460038","460038",ΠΛΑΤΕΙΑ,PLATEIA,ΠΛ.ΑΓ.ΛΑΥΡΑΣ,"140, 212, 856"
460040: ΠΛ. ΥΜΗΤΤΟΥ,"460040","460040",ΠΛ. ΥΜΗΤΤΟΥ,PL. YMHTTOY,ΠΑΠΑΣΤΡΑΤΟΥ,"140"
460041: ΜΑΡΚΕΑ,"460041","460041",ΜΑΡΚΕΑ,MARKEA,ΛΕΩΦ.ΗΛΙΟΥΠΟΛΕΩΣ,"856"
460042: ΠΛ. ΥΜΗΤΤΟΥ,"460042","460042",ΠΛ. ΥΜΗΤΤΟΥ,PL. YMHTTOY,ΚΩΝΣΤΑΝΤΙΝΟΥΠΟΛΕΩΣ,"212"
460043: ΒΡΥΟΥΛΩΝ,"460043","460043",ΒΡΥΟΥΛΩΝ,BRYOYLON,ΒΡΥΟΥΛΩΝ,"212"
460045: ΔΕΡΒΕΝΑΚΙΩΝ,"460045","460045",ΔΕΡΒΕΝΑΚΙΩΝ,DERBENAKION,ΔΕΡΒΕΝΑΚΙΩΝ,"212"
460046: ΠΛ.  ΑΓ.  ΛΑΥΡΑΣ,"460046","460046",ΠΛ.  ΑΓ.  ΛΑΥΡΑΣ,PL. AG. LAYRAS,ΔΕΡΒΕΝΑΚΙΩΝ,"212"
460926: ΚΟΥΛΩΝ,"460926","10867",ΚΟΥΛΩΝ,KOYLON,ΚΟΥΛΩΝ,"209, 211, 212"
460929: ΚΟΥΛΩΝ,"460929","10868",ΚΟΥΛΩΝ,KOYLON,ΚΟΥΛΩΝ,"209, 211"
46: ΠΕΤΡΟΥΠΟΛΗ,"46","10212",ΠΕΤΡΟΥΠΟΛΗ,PETROYPOLH,,"747, Α11, Β11"
470001: ΚΑΜΠΙΝΓΚ,"470001","470001",ΚΑΜΠΙΝΓΚ,CAMPING,ΛΕΩΦ.ΑΘΗΝΩΝ,"731, 750, 845, Α15, Β15"
470002: ΕΛΑΙΩΝ,"470002","470002",ΕΛΑΙΩΝ,ELAION,ΛΕΩΦ.ΑΘΗΝΩΝ,"731, 750, 845, Α15, Β15"
470003: ΚΕΔΒ,"470003","470003",ΚΕΔΒ,KEDB,2ας ΑΝΩΝΥΜΟΥ,"731, 750, 892"
470004: ΠΑΛΑΤΑΚΙ,"470004","470004",ΠΑΛΑΤΑΚΙ,PALATAKI,ΛΕΩΦ.ΑΘΗΝΩΝ,"731, 750, 803, 845, 892, Α15"
470005: ΚΕΔ,"470005","470005",ΚΕΔ,KED,ΛΕΩΦ.ΑΘΗΝΩΝ,"731, 750, 845, 892, Α15"
470006: ΔΗΜΑΡΧΕΙΟ,"470006","470006",ΔΗΜΑΡΧΕΙΟ,DHMARXEIO,ΛΕΩΦ.ΑΘΗΝΩΝ,"731, 803, 845, Α15"
470007: ΜΥΛΩΝΑ,"470007","470007",ΜΥΛΩΝΑ,MYLONA,ΛΕΩΦ.ΑΘΗΝΩΝ,"731, 803, 845, 866, Α15"
470008: ΦΟΥΡΝΟΣ,"470008","470008",ΦΟΥΡΝΟΣ,FOYRNOS,ΛΕΩΦ.ΑΘΗΝΩΝ,"731, 803, 845, 866, Α15"
470009: ΣΤΡΟΦΗ,"470009","470009",ΣΤΡΟΦΗ,STROFH,ΗΡΩΩΝ ΠΟΛΥΤΕΧΝΕΙΟΥ,"731, 803, Α15"
470010: ΚΟΝΤΟΛΕΟΝΤΟΣ,"470010","470010",ΚΟΝΤΟΛΕΟΝΤΟΣ,KONTOLEONTOS,ΗΡΩΩΝ ΠΟΛΥΤΕΧΝΕΙΟΥ,"731, 803, Α15"
470011: ΠΑΛ. ΤΕΡΜΑ,"470011","470011",ΠΑΛ. ΤΕΡΜΑ,PAL. TERMA,ΣΟΥΚΑΝΤΖΙΔΗ,"731, 803, Α15"
470012: ΚΥΠΡΙΩΝ ΑΓΩΝΙΣΤΩΝ,"470012","470012",ΚΥΠΡΙΩΝ ΑΓΩΝΙΣΤΩΝ,KYPRION AGONISTON,ΣΟΥΚΑΝΤΖΙΔΗ,"731, 803, Α15"
470013: ΑΤΤΙΚΟΝ ΝΟΣΟΚΟΜΕΙΟ,"470013","470013",ΑΤΤΙΚΟΝ ΝΟΣΟΚΟΜΕΙΟ,ATTIKON NOSOKOMEIO,2ας ΑΝΩΝΥΜΟΥ,"731, 892"
470014: ΜΑΝΗΣ,"470014","470014",ΜΑΝΗΣ,MANHS,ΜΑΝΗΣ,"731, 803, Α15"
470015: ΚΑΛΑΒΡΥΤΩΝ,"470015","470015",ΚΑΛΑΒΡΥΤΩΝ,KALABRYTON,ΚΑΛΑΒΡΥΤΩΝ,"731, 803, Α15"
470016: ΣΥΡΟΥ,"470016","470016",ΣΥΡΟΥ,SYROY,ΚΥΠΡΙΩΝ ΑΓΩΝΙΣΤΩΝ,"731, 803, Α15"
470017: 1η ΑΘΗΝΑΣ,"470017","470017",1η ΑΘΗΝΑΣ,1st ATHINAS,ΑΘΗΝΑΣ,"731, 803, Α15"
470018: 2η ΑΘΗΝΑΣ,"470018","470018",2η ΑΘΗΝΑΣ,2nd ATHINAS,ΑΘΗΝΑΣ,"731, 803, Α15"
470019: ΠΛ. ΕΛΕΥΘΕΡΙΑΣ,"470019","470019",ΠΛ. ΕΛΕΥΘΕΡΙΑΣ,PL. ELEYTHERIAS,Κ.ΠΑΛΑΜΑ,"731, 803, Α15"
470020: Ρ. ΦΕΡΑΙΟΥ,"470020","470020",Ρ. ΦΕΡΑΙΟΥ,R. FERAIOY,Γ.ΠΑΠΑΝΔΡΕΟΥ,"731, 803, Α15"
470022: ΔΑΦΝΙ,"470022","470022",ΔΑΦΝΙ,DAFNI,ΛΕΩΦ.ΑΘΗΝΩΝ,"845, 866"
470023: ΨΥΧΙΑΤΡΕΙΟΝ - ΜΟΝΗ  ΔΑΦΝΙΟΥ,"470023","470023",ΨΥΧΙΑΤΡΕΙΟΝ - ΜΟΝΗ  ΔΑΦΝΙΟΥ,PSYXIATREION - MONH DAFNIOY,Λ. ΑΘΗΝΩΝ,"801, 811, 836, 845, 865, 866, 868, 876, 890"
470024: ΒΥΖΑΝΤΙΟΥ,"470024","470024",ΒΥΖΑΝΤΙΟΥ,BYZANTIOY,Λ. ΑΘΗΝΩΝ,"801, 836, 845, 865, 866, 868, 876"
470026: 1η ΑΦΑΙΑΣ - ΙΕΡΟ ΑΦΡΟΔΙΤΗΣ,"470026","470026",1η ΑΦΑΙΑΣ - ΙΕΡΟ ΑΦΡΟΔΙΤΗΣ,1st AFAIAS - IERO AFRODITIS,Ν.Ε.Ο.Α.Κ.,"801, 836, 845, 865, 866, 868, 876"
470027: 2η ΑΦΑΙΑΣ,"470027","470027",2η ΑΦΑΙΑΣ,2nd AFAIAS,Ν.Ε.Ο.Α.Κ.,"801, 836, 845, 865, 866, 868, 876"
470028: ΚΑΠΗ,"470028","470028",ΚΑΠΗ,KAPH,ΔΑΒΑΚΗ,"811, 892"
470029: ΠΥΛΗ ΚΕΔΒ,"470029","470029",ΠΥΛΗ ΚΕΔΒ,PYLH KEDB,ΡΙΜΙΝΙ,"731, 892"
470030: ΣΚΑΡΑΜΑΓΚΑΣ,"470030","470030",ΣΚΑΡΑΜΑΓΚΑΣ,SKARAMAGKAS,N.E.O.A.K.,"845, 865, 866, 868, 871, 871Τ, 876"
470031: ΣΚΑΡΑΜΑΓΚΑΣ,"470031","470031",ΣΚΑΡΑΜΑΓΚΑΣ,SKARAMAGKAS,N.E.O.A.K.,"845, 866, 868, 871, 871Τ, 876"
470032: ΚΟΝΤΟΛΕΟΝΤΟΣ,"470032","470032",ΚΟΝΤΟΛΕΟΝΤΟΣ,KONTOLEONTOS,ΗΡΩΩΝ ΠΟΛΥΤΕΧΝΕΙΟΥ,"731, 803, Α15"
470033: 1η ΠΑΛΑΣΚΑ,"470033","470033",1η ΠΑΛΑΣΚΑ,1st PALASKA,ΛΕΩΦ.ΣΧΙΣΤΟΥ,"871, 871Τ"
470034: 2η ΠΑΛΑΣΚΑ,"470034","470034",2η ΠΑΛΑΣΚΑ,2nd PALASKA,ΠΑΛΑΣΚΑ,"801, 836"
470035: 3η ΠΑΛΑΣΚΑ,"470035","470035",3η ΠΑΛΑΣΚΑ,3rd PALASKA,ΠΑΛΑΣΚΑ,"801, 836"
470036: 4η ΠΑΛΑΣΚΑ,"470036","470036",4η ΠΑΛΑΣΚΑ,4th PALASKA,ΠΑΛΑΣΚΑ,"801, 836"
470037: 5η ΠΑΛΑΣΚΑ,"470037","470037",5η ΠΑΛΑΣΚΑ,5th PALASKA,ΠΑΛΑΣΚΑ,"801, 836"
470038: 6η ΠΑΛΑΣΚΑ,"470038","470038",6η ΠΑΛΑΣΚΑ,6th PALASKA,ΠΑΛΑΣΚΑ,"801, 836"
470039: 7η ΠΑΛΑΣΚΑ,"470039","470039",7η ΠΑΛΑΣΚΑ,7th PALASKA,ΚΑΝΕΛΛΟΠΟΥΛΟΥ,"801, 836"
470040: ΝΑΥΠΗΓΕΙΑ - ΕΚΟ,"470040","470040",ΝΑΥΠΗΓΕΙΑ - ΕΚΟ,NAYPHGEIA - EKO,ΠΑΛΑΣΚΑ,"801, 836, 890"
470041: ΠΑΛΑΙΟ ΤΕΡΜΑ,"470041","470041",ΠΑΛΑΙΟ ΤΕΡΜΑ,PALAIO TERMA,ΚΕΝΤΡΟ (ΚΑΝΕΛΛΟΠΟΥΛΟΥ),"801, 836"
470042: 7η ΠΑΛΑΣΚΑ,"470042","470042",7η ΠΑΛΑΣΚΑ,7th PALASKA,ΚΑΝΕΛΛΟΠΟΥΛΟΥ,"801, 836"
470043: 6η ΠΑΛΑΣΚΑ,"470043","470043",6η ΠΑΛΑΣΚΑ,6th PALASKA,ΠΑΛΑΣΚΑ,"836"
470044: 5η ΠΑΛΑΣΚΑ,"470044","470044",5η ΠΑΛΑΣΚΑ,5th PALASKA,ΠΑΛΑΣΚΑ,"836"
470045: 4η ΠΑΛΑΣΚΑ,"470045","470045",4η ΠΑΛΑΣΚΑ,4th PALASKA,ΠΑΛΑΣΚΑ,"836"
470046: 3η ΠΑΛΑΣΚΑ,"470046","470046",3η ΠΑΛΑΣΚΑ,3rd PALASKA,ΠΑΛΑΣΚΑ,"836"
470047: 2η ΠΑΛΑΣΚΑ,"470047","470047",2η ΠΑΛΑΣΚΑ,2nd PALASKA,ΠΑΛΑΣΚΑ,"836"
470048: 1η ΠΑΛΑΣΚΑ,"470048","470048",1η ΠΑΛΑΣΚΑ,1st PALASKA,ΠΑΛΑΣΚΑ,"836, 890"
470049: ΣΧΟΛΗ ΝΑΥΠΗΓΩΝ,"470049","470049",ΣΧΟΛΗ ΝΑΥΠΗΓΩΝ,SXOLH NAYPHGON,ΛΕΩΦ.ΣΧΙΣΤΟΥ,"871, 871Τ"
470050: ΣΧΟΛΗ ΝΑΥΠΗΓΩΝ,"470050","470050",ΣΧΟΛΗ ΝΑΥΠΗΓΩΝ,SXOLH NAYPHGON,ΛΕΩΦ.ΣΧΙΣΤΟΥ,"871, 871Τ"
470051: ΧΙΟΥ,"470051","470051",ΧΙΟΥ,XIOY,ΣΤΡ.ΚΑΡΑΙΣΚΑΚΗ,"803, 892"
470052: ΔΙΑΣΤΑΥΡΩΣΗ ΠΑΛΑΣΚΑ,"470052","470052",ΔΙΑΣΤΑΥΡΩΣΗ ΠΑΛΑΣΚΑ,DIASTAYROSH PALASKA,N.E.O.A.K,"845, 866, 868, 876"
470053: 2η ΑΦΑΙΑΣ,"470053","470053",2η ΑΦΑΙΑΣ,2nd AFAIAS,N.E.O.A.K.,"836, 845, 866, 868, 876"
470059: ΚΥΠΡΟΥ,"470059","470059",ΚΥΠΡΟΥ,KYPROY,ΛΕΩΦ.ΑΘΗΝΩΝ,"811, 845, 866"
470060: ΜΥΛΩΝΑ,"470060","470060",ΜΥΛΩΝΑ,MYLONA,ΛΕΩΦ.ΑΘΗΝΩΝ,"803, 845, Α15"
470061: ΟΤΕ -  ΔΗΜΑΡΧΕΙΟ,"470061","470061",ΟΤΕ -  ΔΗΜΑΡΧΕΙΟ,OTE - DHMARXEIO,ΛΕΩΦ.ΑΘΗΝΩΝ,"803, 845, Α15"
470062: ΚΕΔ,"470062","470062",ΚΕΔ,KED,ΛΕΩΦ.ΑΘΗΝΩΝ,"731, 750, 803, 811, 845, 892, Α15"
470063: ΠΑΛΑΤΑΚΙ,"470063","470063",ΠΑΛΑΤΑΚΙ,PALATAKI,ΛΕΩΦ.ΑΘΗΝΩΝ,"731, 750, 845, Α15, Β15"
470064: ΕΛΑΙΩΝ,"470064","470064",ΕΛΑΙΩΝ,ELAION,ΛΕΩΦ.ΑΘΗΝΩΝ,"731, 750, 845, Α15, Β15"
470065: ΣΤΡΟΦΗ ΑΓ. ΒΑΡΒΑΡΑΣ,"470065","470065",ΣΤΡΟΦΗ ΑΓ. ΒΑΡΒΑΡΑΣ,STROFH AG. BARBARAS,ΙΕΡΑΣ ΟΔΟΥ,"801, 803, 811, 836, 865, 866, 868, 876, 892"
470066: ΑΤΤΙΚΟ ΝΟΣΟΚΟΜΕΙΟ,"470066","470066",ΑΤΤΙΚΟ ΝΟΣΟΚΟΜΕΙΟ,ATTIKO NOSOKOMEIO,2ας ΑΝΩΝΥΜΟΥ,"731, 892"
470067: ΣΙΔΗΡΟΠΟΥΛΟΥ,"470067","470067",ΣΙΔΗΡΟΠΟΥΛΟΥ,SIDHROPOYLOY,ΙΕΡΑΣ ΟΔΟΥ,"801, 836, 865, 866, 868, 876"
470068: ΠΑΝΑΓΙΤΣΑ,"470068","470068",ΠΑΝΑΓΙΤΣΑ,PANAGITSA,ΙΕΡΑΣ ΟΔΟΥ,"801, 836, 865, 866, 868, 876"
470069: ΔΗΜΑΡΧΕΙΟ,"470069","470069",ΔΗΜΑΡΧΕΙΟ,DHMARXEIO,ΙΕΡΑΣ ΟΔΟΥ,"801, 836, 865, 866, 868, 876"
470070: ΚΟΥΝΕΛΙΑ,"470070","470070",ΚΟΥΝΕΛΙΑ,KOYNELIA,ΙΕΡΑΣ ΟΔΟΥ,"801, 836, 865, 868, 876"
470071: ΣΤΡΟΦΗ ΔΑΣΟΥΣ,"470071","470071",ΣΤΡΟΦΗ ΔΑΣΟΥΣ,STROFH DASOYS,ΙΕΡΑΣ ΟΔΟΥ,"801, 811, 836, 865, 868, 876"
470072: ΚΟΛΩΝΕΣ,"470072","470072",ΚΟΛΩΝΕΣ,KOLONES,ΙΕΡΑΣ ΟΔΟΥ,"801, 811, 836, 865, 868, 876, 890"
470076: ΨΥΧΙΑΤΡΕΙΟ,"470076","470076",ΨΥΧΙΑΤΡΕΙΟ,PSYXIATREIO,ΛΕΩΦ.ΑΘΗΝΩΝ,"811, 836, 845, 866, 868, 876, 890"
470077: ΚΟΛΩΝΕΣ,"470077","470077",ΚΟΛΩΝΕΣ,KOLONES,ΙΕΡΑΣ ΟΔΟΥ,"836, 868, 876, 890"
470078: ΣΤΡΟΦΗ ΔΑΣΟΥΣ,"470078","470078",ΣΤΡΟΦΗ ΔΑΣΟΥΣ,STROFH DASOYS,ΙΕΡΑΣ ΟΔΟΥ,"836, 868, 876"
470079: ΚΟΥΝΕΛΙΑ,"470079","470079",ΚΟΥΝΕΛΙΑ,KOYNELIA,ΙΕΡΑΣ ΟΔΟΥ,"836, 868, 876"
470080: ΔΗΜΑΡΧΕΙΟ,"470080","470080",ΔΗΜΑΡΧΕΙΟ,DHMARXEIO,ΙΕΡΑΣ ΟΔΟΥ,"836, 866, 868, 876"
470082: ΣΙΔΗΡΟΠΟΥΛΟΥ,"470082","470082",ΣΙΔΗΡΟΠΟΥΛΟΥ,SIDHROPOYLOY,ΙΕΡΑΣ ΟΔΟΥ,"836, 866, 868, 876"
470084: ΠΥΛΗ ΚΕΔΒ,"470084","470084",ΠΥΛΗ ΚΕΔΒ,PYLH KEDB,ΡΙΜΙΝΙ,"731, 750, 892"
470085: ΑΤΤΙΚ,"470085","470085",ΑΤΤΙΚ,ATTIK,ΣΤΡ.ΚΑΡΑΙΣΚΑΚΗ,"803, 811, 892"
470086: ΑΚΡΙΤΑ,"470086","470086",ΑΚΡΙΤΑ,AKRITA,ΣΤΡ.ΚΑΡΑΙΣΚΑΚΗ,"803, 811, 892"
470087: ΓΕΦΥΡΑ,"470087","470087",ΓΕΦΥΡΑ,GEFYRA,ΑΓΩΝ.ΣΤΡΑΤ.ΧΑΙΔΑΡΙΟΥ,"803"
470088: ΛΕΩΝΙΔΑ,"470088","470088",ΛΕΩΝΙΔΑ,LEONIDA,ΑΓΩΝ.ΣΤΡΑΤ.ΧΑΙΔΑΡΙΟΥ,"803"
470089: ΑΝΟΙΞΗΣ,"470089","470089",ΑΝΟΙΞΗΣ,ANOIXHS,ΑΓΩΝ.ΣΤΡΑΤ.ΧΑΙΔΑΡΙΟΥ,"803, 811"
470090: ΑΝΑΓΕΝΝΗΣΕΩΣ,"470090","10633",ΑΝΑΓΕΝΝΗΣΕΩΣ,ANAGENNHSEOS,ΣΤΡ.ΚΑΡΑΙΣΚΑΚΗ,"803"
470091: ΠΕΡΡΑΙΒΟΥ,"470091","470091",ΠΕΡΡΑΙΒΟΥ,PERRAIBOY,ΑΓΩΝ.ΣΤΡΑΤ.ΧΑΙΔΑΡΙΟΥ,"803"
470092: ΔΑΒΑΚΗ,"470092","470092",ΔΑΒΑΚΗ,DABAKH,ΑΓΩΝ.ΣΤΡΑΤ.ΧΑΙΔΑΡΙΟΥ,"803, 811, 892"
470095: 1η ΑΝΘΕΩΝ,"470095","470095",1η ΑΝΘΕΩΝ,1st ANTHEON,ΑΝΘΕΩΝ,"811"
470096: 2η ΑΝΘΕΩΝ,"470096","470096",2η ΑΝΘΕΩΝ,2nd ANTHEON,ΑΝΘΕΩΝ,"811"
470097: ΝΑΥΠΗΓΕΙΑ - ΕΚΟ,"470097","470097",ΝΑΥΠΗΓΕΙΑ - ΕΚΟ,NAYPHGEIA - EKO,ΠΑΛΑΣΚΑ,"836, 890"
470098: 2η ΑΝΘΕΩΝ,"470098","470098",2η ΑΝΘΕΩΝ,2nd ANTHEON,ΑΝΘΕΩΝ,"811"
470099: 1η ΑΝΘΕΩΝ,"470099","470099",1η ΑΝΘΕΩΝ,1st ANTHEON,ΑΝΘΕΩΝ,"811"
470100: ΠΛΑΣΤΗΡΑ,"470100","470100",ΠΛΑΣΤΗΡΑ,PLASTHRA,ΝΙΚ.ΠΛΑΣΤΗΡΑ,"803"
470101: ΔΩΔΕΚΑΝΗΣΟΥ,"470101","470101",ΔΩΔΕΚΑΝΗΣΟΥ,DODEKANHSOY,ΣΑΜΟΥ,"803"
470102: ΑΚΡΙΤΑ,"470102","470102",ΑΚΡΙΤΑ,AKRITA,ΣΤΡ.ΚΑΡΑΙΣΚΑΚΗ,"803, 811, 892"
470103: ΑΤΤΙΚ,"470103","470103",ΑΤΤΙΚ,ATTIK,ΣΤΡ.ΚΑΡΑΙΣΚΑΚΗ,"803, 811, 892"
470105: ΘΕΡΜΟΠΥΛΩΝ,"470105","470105",ΘΕΡΜΟΠΥΛΩΝ,THERMOPYLON,ΗΠΕΙΡΟΥ,"811"
470106: ΠΛ. ΦΛΕΜΙΝΓΚ,"470106","470106",ΠΛ. ΦΛΕΜΙΝΓΚ,PL. FLEMING,ΑΝΘΕΩΝ,"811"
470107: ΕΛΠΙΔΟΣ,"470107","470107",ΕΛΠΙΔΟΣ,ELPIDOS,ΚΥΠΡΟΥ,"811, 866"
470108: ΚΟΥΝΕΛΙΑ,"470108","470108",ΚΟΥΝΕΛΙΑ,KOYNELIA,ΚΥΠΡΟΥ,"811, 866"
470109: ΚΕΡΑΣΟΥΝΤΟΣ,"470109","470109",ΚΕΡΑΣΟΥΝΤΟΣ,KERASOYNTOS,ΣΑΜΟΥ,"803"
470110: ΚΟΥΝΕΛΙΑ,"470110","11480",ΚΟΥΝΕΛΙΑ,KOYNELIA,ΚΥΠΡΟΥ,"866"
470111: ΙΚΑΡΩΝ,"470111","470111",ΙΚΑΡΩΝ,IKARON,ΦΑΒΙΕΡΟΥ,Β15
470112: ΜΑΡΑΘΩΝΟΣ,"470112","470112",ΜΑΡΑΘΩΝΟΣ,MARATHONOS,ΦΑΒΙΕΡΟΥ,"750, 892, Β15"
470113: ΙΩΑΝΝΙΝΩΝ,"470113","470113",ΙΩΑΝΝΙΝΩΝ,IOANNINON,ΙΩΑΝΝΙΝΩΝ,Β15
470115: ΙΚΑΡΩΝ,"470115","470115",ΙΚΑΡΩΝ,IKARON,ΦΑΒΙΕΡΟΥ,"892, Β15"
470116: 1η ΠΑΛΑΣΚΑ,"470116","470116",1η ΠΑΛΑΣΚΑ,1st PALASKA,ΠΑΛΑΣΚΑ,"801, 836, 890"
470117: ΠΛ. ΦΛΕΜΙΝΓΚ,"470117","470117",ΠΛ. ΦΛΕΜΙΝΓΚ,PL. FLEMING,ΑΝΘΕΩΝ,"811"
470118: ΑΙΘΡΙΟ,"470118","470118",ΑΙΘΡΙΟ,AITHRIO,ΣΤΡ.ΚΑΡΑΙΣΚΑΚΗ,"803, 811, 892"
470119: ΒΟΥΛΓΑΡΟΚΤΟΝΟΥ,"470119","470119",ΒΟΥΛΓΑΡΟΚΤΟΝΟΥ,BOYLGAROKTONOY,ΒΟΥΛΓΑΡΟΚΤΟΝΟΥ,"811"
470120: ΙΠΠΟΚΡΑΤΟΥΣ,"470120","470120",ΙΠΠΟΚΡΑΤΟΥΣ,IPPOKRATOYS,ΒΥΖΑΝΤΙΟΥ,"811"
470121: ΚΟΜΝΗΝΩΝ,"470121","470121",ΚΟΜΝΗΝΩΝ,KOMNHNON,ΝΙΚΗΦΟΡΟΥ ΦΩΚΑ,"811"
470122: ΤΡΟΙΑΣ,"470122","470122",ΤΡΟΙΑΣ,TROIAS,ΤΡΟΙΑΣ,"811"
470123: ΕΛΠΙΔΟΣ,"470123","11479",ΕΛΠΙΔΟΣ,ELPIDOS,ΚΥΠΡΟΥ,"866"
470124: ΑΓ. ΛΑΥΡΑΣ,"470124","470124",ΑΓ. ΛΑΥΡΑΣ,AG. LAYRAS,ΑΓΩΝ.ΣΤΡΑΤ.ΧΑΙΔΑΡΙΟΥ,"803, 811, 892"
470126: ΠΑΛΑΤΑΚΙ,"470126","470126",ΠΑΛΑΤΑΚΙ,PALATAKI,ΦΑΒΙΕΡΟΥ,"750, 892, Β15"
470127: ΟΤΕ - ΔΗΜΑΡΧΕΙΟ,"470127","470127",ΟΤΕ - ΔΗΜΑΡΧΕΙΟ,OTE - DHMARXEIO,ΛΕΩΦ.ΑΘΗΝΩΝ,"731, 803, 845, Α15"
470131: ΑΝΟΙΞΗ,"470131","470131",ΑΝΟΙΞΗ,ANOIXH,ΑΝΘΕΩΝ,"811"
470132: Γ. ΠΑΠΑΝΔΡΕΟΥ,"470132","470132",Γ. ΠΑΠΑΝΔΡΕΟΥ,G. PAPANDREOY,ΚΑΛΑΒΡΥΤΩΝ,"731, 803, Α15"
470135: ΤΑΧΥΔΡΟΜΕΙΟ,"470135","470135",ΤΑΧΥΔΡΟΜΕΙΟ,TAXYDROMEIO,ΑΓΩΝ.ΣΤΡΑΤ.ΧΑΙΔΑΡΙΟΥ,"803, 811, 892"
470136: ΔΑΦΝΙ,"470136","12124",ΔΑΦΝΙ,DAFNI,ΛΕΩΦ. ΑΘΗΝΩΝ,"811, 845, 866"
470137: ΑΦΡΟΔΙΤΗΣ,"470137","470137",ΑΦΡΟΔΙΤΗΣ,AFRODITHS,ΥΔΡΑΣ,"731, 803, Α15"
470138: ΥΔΡΑΣ,"470138","470138",ΥΔΡΑΣ,YDRAS,ΥΔΡΑΣ,"731, 803, Α15"
470139: ΠΑΛΑΤΑΚΙ,"470139","470139",ΠΑΛΑΤΑΚΙ,PALATAKI,ΣΤΡ.ΚΑΡΑΙΣΚΑΚΗ,"803, 811, 892"
470141: ΔΙΟΜΗΔΕΙΟΣ,"470141","470141",ΔΙΟΜΗΔΕΙΟΣ,DIOMHDEIOS,ΙΕΡΑΣ ΟΔΟΥ,"801, 811, 836, 865, 868, 876"
470142: ΠΑΡΚΟ,"470142","470142",ΠΑΡΚΟ,PARKO,ΛΕΩΦ.ΑΘΗΝΩΝ,"811, 845, 866"
470143: ΣΧΟΛΕΙΑ,"470143","470143",ΣΧΟΛΕΙΑ,SXOLEIA,ΙΕΡΑΣ ΟΔΟΥ,"801, 811, 836, 865, 868, 876"
470145: ΠΛΑΤΩΝΟΣ,"470145","11984",ΠΛΑΤΩΝΟΣ,PLATONOS,Γ. ΠΑΠΑΝΔΡΕΟΥ,"731, 803, Α15"
470146: Κ. ΠΑΛΑΜΑ,"470146","11983",Κ. ΠΑΛΑΜΑ,K. PALAMA,Γ. ΠΑΠΑΝΔΡΕΟΥ,"731, 803, Α15"
470147: ΑΓ. ΠΑΡΑΣΚΕΥΗΣ,"470147","11985",ΑΓ. ΠΑΡΑΣΚΕΥΗΣ,AG. PARASKEYHS,Γ. ΠΑΠΑΝΔΡΕΟΥ,"731, 803, Α15"
470148: ΚΥΠΡΙΩΝ ΑΓΩΝΙΣΤΩΝ,"470148","11982",ΚΥΠΡΙΩΝ ΑΓΩΝΙΣΤΩΝ,KYPRION AGONISTON,Γ. ΠΑΠΑΝΔΡΕΟΥ,"731, 803, Α15"
470902: 1η ΠΑΛΑΣΚΑ,"470902","470902",1η ΠΑΛΑΣΚΑ,1st PALASKA,ΛΕΩΦ.ΣΧΙΣΤΟΥ,"871, 871Τ"
470905: ΚΟΛΟΚΟΤΡΩΝΗ,"470905","470905",ΚΟΛΟΚΟΤΡΩΝΗ,KOLOKOTRONH,ΣΤΡ.ΚΑΡΑΙΣΚΑΚΗ,"803, 811, 892"
470907: ΠΑΛΑΣΚΑ,"470907","470907",ΠΑΛΑΣΚΑ,PALASKA,Ν.Ε.Ο.Α.Κ,"876"
470909: ΨΥΧΙΑΤΡΕΙΟ,"470909","470909",ΨΥΧΙΑΤΡΕΙΟ,PSYXIATREIO,ΜΥΣΤΡΑ,"811"
470910: ΚΑΛΑΒΡΥΤΩΝ,"470910","470910",ΚΑΛΑΒΡΥΤΩΝ,KALABRYTON,ΣΟΥΚΑΤΖΙΔΗ,"731, 803, Α15"
470911: ΦΑΒΙΕΡΟΥ,"470911","470911",ΦΑΒΙΕΡΟΥ,FABIEROY,ΦΑΒΙΕΡΟΥ,"892"
470912: ΚΕΦΝ/ΔΠΔΥ,"470912","470912",ΚΕΦΝ/ΔΠΔΥ,KEFN/DPDY,ΠΑΛΑΣΚΑ,"801, 836"
470913: ΘΑΥΝ,"470913","470913",ΘΑΥΝ,THAYN,ΠΑΛΑΣΚΑ,"801, 836"
470915: ΘΑΥΝ,"470915","470915",ΘΑΥΝ,THAYN,ΠΑΛΑΣΚΑ,"836"
470916: ΚΕΦΝ/ΔΠΔΥ,"470916","470916",ΚΕΦΝ/ΔΠΔΥ,KEFN/DPDY,ΠΑΛΑΣΚΑ,"836"
470919: ΤΕΕ,"470919","470919",ΤΕΕ,TEE,ΡΙΜΙΝΙ,"750"
47: ΣΤ.  ΛΑΡΙΣΗΣ,"47","10213",ΣΤ.  ΛΑΡΙΣΗΣ,ST. LARISHS,,"Α10, Α15, Β15"
480007: ΑΡΙΣΤΟΤΕΛΟΥΣ,"480007","480007",ΑΡΙΣΤΟΤΕΛΟΥΣ,ARISTOTELOYS,ΠΑΠΑΝΙΚΟΛΗ,"19, 421, 451, 461"
480008: ΓΚΙΝΗ,"480008","480008",ΓΚΙΝΗ,GKINH,ΚΟΛΟΚΟΤΡΩΝΗ,"19"
480018: 2η ΑΓ. ΒΑΡΒΑΡΑΣ,"480018","480018",2η ΑΓ. ΒΑΡΒΑΡΑΣ,2nd AG. BARBARAS,ΕΘΝΙΚΗΣ ΑΝΤΙΣΤΑΣΕΩΣ,"10, 10*, 18"
480019: ΜΑΡΟΥΔΑ,"480019","480019",ΜΑΡΟΥΔΑ,MAROYDA,ΕΘΝΙΚΗΣ ΑΝΤΙΣΤΑΣΕΩΣ,"10, 10*, 18"
480020: ΣΕΡΡΩΝ,"480020","480020",ΣΕΡΡΩΝ,SERRON,ΕΘΝΙΚΗΣ ΑΝΤΙΣΤΑΣΕΩΣ,"10, 10*, 18"
480021: ΑΚΡΟΠΟΛΕΩΣ,"480021","480021",ΑΚΡΟΠΟΛΕΩΣ,AKROPOLEOS,ΕΘΝΙΚΗΣ ΑΝΤΙΣΤΑΣΕΩΣ,"10, 10*, 18, 402"
480022: ΣΙΔΕΡΑ,"480022","480022",ΣΙΔΕΡΑ,SIDERA,ΑΝ.ΠΑΠΑΝΔΡΕΟΥ,"10, 10*, 18, 19, 402, 450, 460"
480023: ΠΛ. ΧΑΛΑΝΔΡΙΟΥ,"480023","480023",ΠΛ. ΧΑΛΑΝΔΡΙΟΥ,PL. XALANDRIOY,ΑΝ.ΠΑΠΑΝΔΡΕΟΥ,"10, 10*, 18, 19, 402, 450, 460"
480024: ΠΛ. ΔΟΥΡΟΥ,"480024","480024",ΠΛ. ΔΟΥΡΟΥ,PL. DOYROY,Κ.ΒΑΡΝΑΛΗ,"402, 411"
480025: ΑΣΤΥΝΟΜΙΑ,"480025","480025",ΑΣΤΥΝΟΜΙΑ,ASTYNOMIA,Κ.ΒΑΡΝΑΛΗ,"402, 411"
480026: ΠΛ. ΤΕΡΨΙΘΕΑΣ,"480026","480026",ΠΛ. ΤΕΡΨΙΘΕΑΣ,PL. TERPSITHEAS,Κ.ΒΑΡΝΑΛΗ,"402, 411"
480027: ΡΙΖΑΡΕΙΟΣ,"480027","480027",ΡΙΖΑΡΕΙΟΣ,RIZAREIOS,Κ.ΒΑΡΝΑΛΗ,"402, 411"
480028: 1η ΠΟΛΥΔΡΟΣΟΥ,"480028","480028",1η ΠΟΛΥΔΡΟΣΟΥ,1st POLYDROSOY,ΓΙΑΣΕΜΙΩΝ,"402"
480029: 2η ΠΟΛΥΔΡΟΣΟΥ,"480029","480029",2η ΠΟΛΥΔΡΟΣΟΥ,2nd POLYDROSOY,ΓΙΑΣΕΜΙΩΝ,"402"
480030: ΠΛ. ΔΟΥΡΟΥ,"480030","480030",ΠΛ. ΔΟΥΡΟΥ,PL. DOYROY,Κ.ΒΑΡΝΑΛΗ,"402, 411"
480031: ΑΘΛΗΤΙΚΟ ΚΕΝΤΡΟ,"480031","480031",ΑΘΛΗΤΙΚΟ ΚΕΝΤΡΟ,ATHLHTIKO KENTRO,ΛΕΩΦ.ΠΕΝΤΕΛΗΣ,"447, 450, 460, 461"
480034: ΑΝΘΕΩΝ,"480034","480034",ΑΝΘΕΩΝ,ANTHEON,ΑΚΑΚΙΩΝ,"402"
480035: ΚΡΙΝΩΝ,"480035","480035",ΚΡΙΝΩΝ,KRINON,ΑΚΑΚΙΩΝ,"402"
480036: ΓΙΑΣΕΜΙΩΝ,"480036","480036",ΓΙΑΣΕΜΙΩΝ,GIASEMION,ΑΚΑΚΙΩΝ,"402"
480037: ΠΟΛΥΔΡΟΣΟ,"480037","480037",ΠΟΛΥΔΡΟΣΟ,POLYDROSO,ΕΠΙΔΑΥΡΟΥ,"402"
480038: ΡΙΖΑΡΕΙΟΣ,"480038","480038",ΡΙΖΑΡΕΙΟΣ,RIZAREIOS,Κ.ΒΑΡΝΑΛΗ,"402, 411"
480039: ΤΕΡΨΙΘΕΑΣ,"480039","480039",ΤΕΡΨΙΘΕΑΣ,TERPSITHEAS,Κ.ΒΑΡΝΑΛΗ,"402, 411"
480040: ΑΣΤΥΝΟΜΙΑ,"480040","480040",ΑΣΤΥΝΟΜΙΑ,ASTYNOMIA,Κ.ΒΑΡΝΑΛΗ,"402, 411"
480041: ΠΛ. ΔΟΥΡΟΥ,"480041","480041",ΠΛ. ΔΟΥΡΟΥ,PL. DOYROY,ΚΟΛΟΚΟΤΡΩΝΗ,"421"
480042: ΠΛ. ΧΑΛΑΝΔΡΙΟΥ,"480042","480042",ΠΛ. ΧΑΛΑΝΔΡΙΟΥ,PL. XALANDRIOY,ΚΟΛΟΚΟΤΡΩΝΗ,"402, 411, 421, 451, 461"
480043: ΟΜΗΡΟΥ,"480043","480043",ΟΜΗΡΟΥ,OMHROY,25ηs ΜΑΡΤΙΟΥ,"10, 10*, 18, 19, 19Β, 402, 421, 451, 461"
480044: ΣΙΔΕΡΑ,"480044","480044",ΣΙΔΕΡΑ,SIDERA,ΕΘΝΙΚΗΣ ΑΝΤΙΣΤΑΣΕΩΣ,"10, 10*, 18, 402"
480045: ΑΚΡΟΠΟΛΕΩΣ,"480045","480045",ΑΚΡΟΠΟΛΕΩΣ,AKROPOLEOS,ΕΘΝΙΚΗΣ ΑΝΤΙΣΤΑΣΕΩΣ,"10, 10*, 18, 402"
480046: ΣΕΡΡΩΝ,"480046","480046",ΣΕΡΡΩΝ,SERRON,ΕΘΝΙΚΗΣ ΑΝΤΙΣΤΑΣΕΩΣ,"10, 10*, 18"
480047: ΜΑΡΟΥΔΑ,"480047","480047",ΜΑΡΟΥΔΑ,MAROYDA,ΕΘΝΙΚΗΣ ΑΝΤΙΣΤΑΣΕΩΣ,"10, 10*, 18"
480048: 2η ΑΓ. ΒΑΡΒΑΡΑΣ,"480048","480048",2η ΑΓ. ΒΑΡΒΑΡΑΣ,2nd AG. BARBARAS,ΕΘΝΙΚΗΣ ΑΝΤΙΣΤΑΣΕΩΣ,"10, 10*, 18"
480049: ΑΓ. ΒΑΡΒΑΡΑ,"480049","480049",ΑΓ. ΒΑΡΒΑΡΑ,AG. BARBARA,ΛΕΩΦ.ΚΗΦΙΣΙΑΣ,"19, 19Β, 550, 602, 610, Α7, Ε14, Χ14"
480050: ΑΒΑΝΑ,"480050","480050",ΑΒΑΝΑ,ABANA,ΛΕΩΦ.ΚΗΦΙΣΙΑΣ,"19, 19Β, 550, 602, 610, Α7, Χ14"
480051: ΚΟΛΛΕΓΙΟ,"480051","480051",ΚΟΛΛΕΓΙΟ,KOLLEGIO,ΛΕΩΦ.ΚΗΦΙΣΙΑΣ,"19, 19Β, 550, 602, Α7, Χ14"
480052: ΣΕΡΡΩΝ,"480052","480052",ΣΕΡΡΩΝ,SERRON,ΛΕΩΦ.ΚΗΦΙΣΙΑΣ,"19, 19Β, 550, 602, Α7, Ε14, Χ14"
480053: ΣΙΔΕΡΑ,"480053","480053",ΣΙΔΕΡΑ,SIDERA,ΛΕΩΦ.ΚΗΦΙΣΙΑΣ,"19, 19Β, 550, 602, Α7, Χ14"
480054: ΧΑΙΜΑΝΤΑ,"480054","480054",ΧΑΙΜΑΝΤΑ,XAIMANTA,ΑΝ.ΠΑΠΑΝΔΡΕΟΥ,"10, 10*, 18, 19, 402, 411, 447, 450, 460"
480055: ΚΑΛΒΟΥ,"480055","480055",ΚΑΛΒΟΥ,KALBOY,ΒΑΣ.ΓΕΩΡΓΙΟΥ,"19, 19Β"
480056: ΒΕΝΖΙΝΑ,"480056","480056",ΒΕΝΖΙΝΑ,BENZINA,ΒΑΣ.ΓΕΩΡΓΙΟΥ,"19, 19Β, 421"
480058: ΙΠΠΟΚΡΑΤΟΥΣ,"480058","480058",ΙΠΠΟΚΡΑΤΟΥΣ,IPPOKRATOYS,ΗΡΑΚΛΕΙΤΟΥ,"306, 405, 411, 447, 451"
480059: ΑΝΤ. ΤΡΙΤΣΗ,"480059","480059",ΑΝΤ. ΤΡΙΤΣΗ,ANT. TRITSH,ΜΕΛΙΝΑΣ ΜΕΡΚΟΥΡΗ,"411, 447"
480060: ΣΤ.  ΧΑΛΑΝΔΡΙ,"480060","480060",ΣΤ.  ΧΑΛΑΝΔΡΙ,ST. XALANDRI,ΔΟΥΚ.ΠΛΑΚΕΝΤΙΑΣ,"19, 400, 447, 450, 460"
480061: ΠΛ. ΦΛΥΑΣ,"480061","480061",ΠΛ. ΦΛΥΑΣ,PL. FLYAS,ΔΟΥΚ.ΠΛΑΚΕΝΤΙΑΣ,"19, 451, 461"
480062: ΘΗΣΕΩΣ,"480062","480062",ΘΗΣΕΩΣ,THISEOS,ΔΟΥΚ.ΠΛΑΚΕΝΤΙΑΣ,"19, 400, 451, 461"
480063: ΑΝΤ. ΤΡΙΤΣΗ,"480063","480063",ΑΝΤ. ΤΡΙΤΣΗ,ANT. TRITSH,ΓΕΩΓ.ΓΕΝΝΗΜΑΤΑ,"411, 447"
480064: ΓΕΩΡ. ΓΕΝΝΗΜΑΤΑ,"480064","480064",ΓΕΩΡ. ΓΕΝΝΗΜΑΤΑ,GEOR. GENNHMATA,ΗΡΑΚΛΕΙΤΟΥ,"306, 405, 411, 447, 450"
480065: ΗΦΑΙΣΤΟΥ,"480065","480065",ΗΦΑΙΣΤΟΥ,HFAISTOY,ΗΡΑΚΛΕΙΤΟΥ,"405, 411, 447, 450"
480066: ΣΤ.  ΔΟΥΚ. ΠΛΑΚΕΝΤΙΑΣ,"480066","480066",ΣΤ.  ΔΟΥΚ. ΠΛΑΚΕΝΤΙΑΣ,ST. DOYK. PLAKENTIAS,ΗΡΑΚΛΕΙΤΟΥ,"400, 405, 447, 450"
480067: ΧΕΛΜΟΥ,"480067","480067",ΧΕΛΜΟΥ,XELMOY,ΔΟΥΚ.ΠΛΑΚΕΝΤΙΑΣ,"19, 400, 447, 450, 460"
480068: ΣΚΡΑ,"480068","480068",ΣΚΡΑ,SKRA,ΔΟΥΚ.ΠΛΑΚΕΝΤΙΑΣ,"400, 405, 447, 451"
480069: ΡΟΥΜΠΕΣΗ,"480069","480069",ΡΟΥΜΠΕΣΗ,ROYMPESH,ΔΟΥΚ.ΠΛΑΚΕΝΤΙΑΣ,"19, 400, 450, 460"
480070: ΤΗΝΟΥ,"480070","480070",ΤΗΝΟΥ,THNOY,ΜΕΛΙΝΑΣ ΜΕΡΚΟΥΡΗ,"411, 447"
480072: ΜΕΛΙΓΑΛΑ,"480072","480072",ΜΕΛΙΓΑΛΑ,MELIGALA,ΔΟΥΚ.ΠΛΑΚΕΝΤΙΑΣ,"400, 405, 447, 450"
480073: ΛΑΚΩΝΙΑΣ,"480073","480073",ΛΑΚΩΝΙΑΣ,LAKONIAS,ΟΛΥΜΠΟΥ,"460"
480074: ΤΥΜΦΡΗΣΤΟΥ,"480074","480074",ΤΥΜΦΡΗΣΤΟΥ,TYMFRHSTOY,ΔΟΥΚ.ΠΛΑΚΕΝΤΙΑΣ,"19, 400, 451, 461"
480075: ΣΤ. ΔΟΥΚ. ΠΛΑΚΕΝΤΙΑΣ-ΓΕΦΥΡΑ,"480075","480075",ΣΤ. ΔΟΥΚ. ΠΛΑΚΕΝΤΙΑΣ-ΓΕΦΥΡΑ,ST. DOΥK. PLAKENTIAS - GEFYRA,ΔΟΥΚ.ΠΛΑΚΕΝΤΙΑΣ,"400, 405, 411, 447, 451"
480077: ΟΙΚΟΝΟΜΟΥ,"480077","480077",ΟΙΚΟΝΟΜΟΥ,OIKONOMOY,ΑΓ.ΠΑΡΑΣΚΕΥΗΣ,"400, 421"
480078: ΚΟΛΛΕΓΙΟ,"480078","480078",ΚΟΛΛΕΓΙΟ,KOLLEGIO,ΑΓ.ΠΑΡΑΣΚΕΥΗΣ,"400, 421"
480079: ΚΟΛΛΕΓΙΟ,"480079","480079",ΚΟΛΛΕΓΙΟ,KOLLEGIO,ΑΓ.ΠΑΡΑΣΚΕΥΗΣ,"400, 421"
480080: ΟΙΚΟΝΟΜΟΥ,"480080","480080",ΟΙΚΟΝΟΜΟΥ,OIKONOMOY,ΑΓ.ΠΑΡΑΣΚΕΥΗΣ,"400, 421"
480082: ΔΗΜΑΡΧΕΙΟ,"480082","480082",ΔΗΜΑΡΧΕΙΟ,DHMARXEIO,ΑΓ.ΓΕΩΡΓΙΟΥ,"421"
480083: ΟΤΕ,"480083","480083",ΟΤΕ,OTE,ΑΓ.ΓΕΩΡΓΙΟΥ,"421"
480086: ΥΓΕΙΑ,"480086","480086",ΥΓΕΙΑ,YGEIA,ΛΕΩΦ.ΚΗΦΙΣΙΑΣ,"550, Α7, Ε14, Χ14"
480087: ΑΣΤΥΝΟΜΙΑ,"480087","480087",ΑΣΤΥΝΟΜΙΑ,ASTYNOMIA,ΛΕΩΦ.ΚΗΦΙΣΙΑΣ,"550, Α7, Ε14, Χ14"
480088: ΟΛΥΜΠΙΑΚΟ ΣΤΑΔΙΟ,"480088","480088",ΟΛΥΜΠΙΑΚΟ ΣΤΑΔΙΟ,OLYMPIAKO STADIO,ΛΕΩΦ.ΚΗΦΙΣΙΑΣ,"550, Α7, Ε14, Χ14"
480089: ΠΛ. ΔΟΥΡΟΥ,"480089","480089",ΠΛ. ΔΟΥΡΟΥ,PL. DOYROY,ΛΕΩΦ.ΠΕΝΤΕΛΗΣ,"447, 450, 460"
480090: ΙΚΑ,"480090","480090",ΙΚΑ,IKA,ΛΕΩΦ.ΠΕΝΤΕΛΗΣ,"447, 450, 460"
480091: ΙΚΑΡΩΝ,"480091","480091",ΙΚΑΡΩΝ,IKARON,ΗΡΑΚΛΕΙΤΟΥ,"405, 451"
480092: ΑΓ. ΠΑΝΤΕΛΕΗΜΟΝΑΣ,"480092","480092",ΑΓ. ΠΑΝΤΕΛΕΗΜΟΝΑΣ,AG. PANTELEHMONAS,ΛΕΩΦ.ΠΕΝΤΕΛΗΣ,"447, 450, 460"
480093: ΦΑΡΙΝΤΑ,"480093","480093",ΦΑΡΙΝΤΑ,FARINTA,ΛΕΩΦ.ΠΕΝΤΕΛΗΣ,"447, 450, 460"
480094: ΠΕΥΚΟ,"480094","480094",ΠΕΥΚΟ,PEYKO,ΛΕΩΦ.ΠΕΝΤΕΛΗΣ,"450, 460"
480095: ΣΑΡΑΝΤΟΠΟΥΛΟΥ,"480095","480095",ΣΑΡΑΝΤΟΠΟΥΛΟΥ,SARANTOPOYLOY,ΛΕΩΦ.ΠΕΝΤΕΛΗΣ,"447, 450, 460, 461"
480096: ΠΑΠΑΝΙΚΟΛΗ,"480096","480096",ΠΑΠΑΝΙΚΟΛΗ,PAPANIKOLH,ΠΑΠΑΝΙΚΟΛΗ,"19, 421, 451, 461"
480097: ΦΡΑΓΚΟΚΚΛΗΣΙΑΣ,"480097","480097",ΦΡΑΓΚΟΚΚΛΗΣΙΑΣ,FRAGKOKKLHSIAS,ΛΕΩΦ.ΠΕΝΤΕΛΗΣ,"450, 460, 461"
480098: ΜΕΣΣΗΝΙΑΣ,"480098","480098",ΜΕΣΣΗΝΙΑΣ,MESSHNIAS,ΛΕΩΦ.ΠΕΝΤΕΛΗΣ,"451, 461"
480099: ΣΑΡΑΝΤΟΠΟΥΛΟΥ,"480099","480099",ΣΑΡΑΝΤΟΠΟΥΛΟΥ,SARANTOPOYLOY,ΛΕΩΦ.ΠΕΝΤΕΛΗΣ,"447, 451, 461"
480100: ΠΕΥΚΟ,"480100","480100",ΠΕΥΚΟ,PEYKO,ΛΕΩΦ.ΠΕΝΤΕΛΗΣ,"447, 451, 461"
480101: ΦΑΡΙΝΤΑ,"480101","480101",ΦΑΡΙΝΤΑ,FARINTA,ΛΕΩΦ.ΠΕΝΤΕΛΗΣ,"447, 451, 461"
480102: ΑΓ. ΠΑΝΤΕΛΕΗΜΩΝ,"480102","480102",ΑΓ. ΠΑΝΤΕΛΕΗΜΩΝ,AG. PANTELEHMON,ΛΕΩΦ.ΠΕΝΤΕΛΗΣ,"447, 451, 461"
480103: ΦΕΡΡΩΝ,"480103","480103",ΦΕΡΡΩΝ,FERRON,ΔΟΥΚ.ΠΛΑΚΕΝΤΙΑΣ,"400, 405, 451"
480104: ΙΚΑ,"480104","480104",ΙΚΑ,IKA,ΛΕΩΦ.ΠΕΝΤΕΛΗΣ,"447, 451, 461"
480105: ΚΑΡΕΛΕΙΟΝ,"480105","480105",ΚΑΡΕΛΕΙΟΝ,KARELEION,ΛΕΩΦ.ΠΕΝΤΕΛΗΣ,"447, 451, 461"
480106: 8η ΜΕΣΟΓΕΙΩΝ,"480106","480106",8η ΜΕΣΟΓΕΙΩΝ,8th MESOGEION,ΜΕΣΟΓΕΙΩΝ,"400, Α5, Β5"
480107: 7η ΧΟΛΑΡΓΟΥ,"480107","480107",7η ΧΟΛΑΡΓΟΥ,7th XOLARGOY,ΜΕΣΟΓΕΙΩΝ,"400, 416, Α5, Β5, Χ95"
480108: 6η ΧΟΛΑΡΓΟΥ,"480108","480108",6η ΧΟΛΑΡΓΟΥ,6th XOLARGOY,ΜΕΣΟΓΕΙΩΝ,"400, 416, Α5, Β5"
480109: 5η ΧΟΛΑΡΓΟΥ,"480109","480109",5η ΧΟΛΑΡΓΟΥ,5th XOLARGOY,ΜΕΣΟΓΕΙΩΝ,"400, 416, Α5, Β5"
480110: 4η ΧΟΛΑΡΓΟΥ,"480110","480110",4η ΧΟΛΑΡΓΟΥ,4th XOLARGOY,ΜΕΣΟΓΕΙΩΝ,"400, 416, Α5, Β5"
480112: 4η ΠΟΛΥΔΡΟΣΟΥ,"480112","480112",4η ΠΟΛΥΔΡΟΣΟΥ,4th POLYDROSOY,ΑΚΑΚΙΩΝ,"402"
480113: ΦΕΡΡΩΝ,"480113","480113",ΦΕΡΡΩΝ,FERRON,ΔΟΥΚ.ΠΛΑΚΕΝΤΙΑΣ,"400, 405, 447, 450, 460"
480115: ΚΕΡΑΣΙΑΣ,"480115","480115",ΚΕΡΑΣΙΑΣ,KERASIAS,ΗΡΑΚΛΕΙΤΟΥ,"405, 451"
480116: ΑΡΚΑΔΙΑΣ,"480116","480116",ΑΡΚΑΔΙΑΣ,ARKADIAS,ΟΛΥΜΠΟΥ,"460"
480118: ΥΨΗΛΑΝΤΟΥ,"480118","480118",ΥΨΗΛΑΝΤΟΥ,YPSHLANTOY,ΠΑΠΑΝΙΚΟΛΗ,"19, 421, 451, 461"
480120: ΕΘΝΟΣ,"480120","480120",ΕΘΝΟΣ,ETHNOS,ΜΠΕΝΑΚΗ,"306, 400, 411"
480121: ΕΘΝΟΣ,"480121","480121",ΕΘΝΟΣ,ETHNOS,ΜΠΕΝΑΚΗ,"306, 314, 400, 411"
480122: ΣΤ. ΔΟΥΚ. ΠΛΑΚΕΝΤΙΑΣ,"480122","480122",ΣΤ. ΔΟΥΚ. ΠΛΑΚΕΝΤΙΑΣ,ST. DOYK. PLAKENTIAS,ΣΤ.ΔΟΥΚ.ΠΛΑΚΕΝΤΙΑΣ,"406"
480123: ΙΩΑΝΝΙΝΩΝ,"480123","480123",ΙΩΑΝΝΙΝΩΝ,IOANNINON,ΟΛΥΜΠΟΥ,"447, 461"
480126: ΜΠΕΝΑΚΗ,"480126","480126",ΜΠΕΝΑΚΗ,MPENAKH,ΠΑΡΑΔΡΟΜΟ ΑΤΤΙΚΗΣ ΟΔΟΥ,"314"
480128: ΚΥΒΕΛΗΣ,"480128","480128",ΚΥΒΕΛΗΣ,KYBELHS,ΠΑΡΑΔΡΟΜΟ ΑΤΤΙΚΗΣ ΟΔΟΥ,"314"
480129: ΔΑΝΑΗΣ,"480129","480129",ΔΑΝΑΗΣ,DANAHS,ΗΡΑΚΛΕΙΤΟΥ,"405, 451"
480130: ΑΣΤΥΝΟΜΙΑ,"480130","480130",ΑΣΤΥΝΟΜΙΑ,ASTYNOMIA,ΛΕΩΦ.ΠΕΝΤΕΛΗΣ,"447, 450, 460, 461"
480136: ΑΒΕΡΩΦ,"480136","480136",ΑΒΕΡΩΦ,AVEROF,Κ.ΠΑΛΑΙΟΛΟΓΟΥ,"19, 19Β, 421"
480137: ΑΓ. ΑΝΝΗΣ,"480137","480137",ΑΓ. ΑΝΝΗΣ,AG. ANNHS,Κ.ΠΑΛΑΙΟΛΟΓΟΥ,"19, 19Β, 421"
480138: ΕΔΕΣΣΗΣ,"480138","480138",ΕΔΕΣΣΗΣ,EDESSHS,ΟΛΥΜΠΟΥ,"447"
480139: ΗΒΗΣ,"480139","480139",ΗΒΗΣ,HBHS,ΟΛΥΜΠΟΥ,"447"
480140: ΕΒΡΟΥ,"480140","480140",ΕΒΡΟΥ,EBROY,ΟΛΥΜΠΟΥ,"447"
480141: ΣΧΟΛΕΙΟ,"480141","480141",ΣΧΟΛΕΙΟ,SXOLEIO,ΙΩΑΝΝΙΝΩΝ,"447"
480142: ΑΡΔΗΤΤΟΥ,"480142","480142",ΑΡΔΗΤΤΟΥ,ARDHTTOY,ΙΩΑΝΝΙΝΩΝ,"447"
480143: ΑΡΣΑΚΕΙΟ,"480143","480143",ΑΡΣΑΚΕΙΟ,ARSAKEIO,ΛΕΩΦ.ΚΗΦΙΣΙΑΣ,"19, 19Β, 550, 602, 610, Α7, Χ14"
480145: ΠΡΟΑΣΤΙΑΚΟΣ,"480145","480145",ΠΡΟΑΣΤΙΑΚΟΣ,PROASTIAKOS,ΛΕΩΦ.ΠΕΝΤΕΛΗΣ,"447, 450, 460, 461"
480147: ΑΡΓΥΡΟΚΑΣΤΡΟΥ,"480147","480147",ΑΡΓΥΡΟΚΑΣΤΡΟΥ,ARGYROKASTROY,ΜΕΤΑΜΟΡΦΩΣΕΩΣ,"447, 461"
480148: ΕΜΠΟΡ. ΚΕΝΤΡΟ,"480148","480148",ΕΜΠΟΡ. ΚΕΝΤΡΟ,EMPOR. KENTRO,ΜΕΤΑΜΟΡΦΩΣΕΩΣ,"447, 461"
480149: ΠΛ. ΦΛΥΑΣ,"480149","480149",ΠΛ. ΦΛΥΑΣ,PL. FLYAS,ΔΙΟΝΥΣΟΥ,"421"
480150: ΤΑΥΓΕΤΟΥ,"480150","480150",ΤΑΥΓΕΤΟΥ,TAYGETOY,ΜΕΤΑΜΟΡΦΩΣΕΩΣ,"447, 461"
480151: ΤΑΥΓΕΤΟΥ,"480151","480151",ΤΑΥΓΕΤΟΥ,TAYGETOY,ΜΕΤΑΜΟΡΦΩΣΕΩΣ,"447, 460"
480152: ΜΟΥΣΩΝ,"480152","480152",ΜΟΥΣΩΝ,MOYSON,ΗΡΑΚΛΕΙΤΟΥ,"405, 451"
480154: ΠΑΠΑΝΙΚΟΛΗ,"480154","480154",ΠΑΠΑΝΙΚΟΛΗ,PAPANIKOLH,ΕΘΝΙΚΗΣ ΑΝΤΙΣΤΑΣΕΩΣ,"10, 10*, 18, 402"
480156: ΕΜΠ. ΚΕΝΤΡΟ,"480156","480156",ΕΜΠ. ΚΕΝΤΡΟ,EMP. KENTRO,ΜΕΤΑΜΟΡΦΩΣΕΩΣ,"447, 460"
480157: ΑΡΓΥΡΟΚΑΣΤΡΟΥ,"480157","480157",ΑΡΓΥΡΟΚΑΣΤΡΟΥ,ARGYROKASTROY,ΜΕΤΑΜΟΡΦΩΣΕΩΣ,"447, 460"
480158: ΜΑΥΡΟΓΕΝΟΥΣ,"480158","480158",ΜΑΥΡΟΓΕΝΟΥΣ,MAYROGENOYS,ΗΡΑΗΛΕΙΤΟΥ,"306, 405, 450"
480159: 1η ΑΠΟΣΤΟΛΟΠΟΥΛΟΥ,"480159","480159",1η ΑΠΟΣΤΟΛΟΠΟΥΛΟΥ,1st APOSTOLOPOYLOY,ΑΠΟΣΤΟΛΟΠΟΥΛΟΥ,"402"
480160: 3η ΑΠΟΣΤΟΛΟΠΟΥΛΟΥ,"480160","480160",3η ΑΠΟΣΤΟΛΟΠΟΥΛΟΥ,3rd APOSTOLOPOYLOY,ΑΠΟΣΤΟΛΟΠΟΥΛΟΥ,"402"
480161: 2η ΑΠΟΣΤΟΛΟΠΟΥΛΟΥ,"480161","480161",2η ΑΠΟΣΤΟΛΟΠΟΥΛΟΥ,2nd APOSTOLOPOYLOY,ΑΠΟΣΤΟΛΟΠΟΥΛΟΥ,"402"
480162: 3η ΑΠΟΣΤΟΛΟΠΟΥΛΟΥ,"480162","480162",3η ΑΠΟΣΤΟΛΟΠΟΥΛΟΥ,3rd APOSTOLOPOYLOY,ΑΠΟΣΤΟΛΟΠΟΥΛΟΥ,"402"
480163: 2η ΑΠΟΣΤΟΛΟΠΟΥΛΟΥ,"480163","480163",2η ΑΠΟΣΤΟΛΟΠΟΥΛΟΥ,2nd APOSTOLOPOYLOY,ΑΠΟΣΤΟΛΟΠΟΥΛΟΥ,"402"
480164: 1η ΑΠΟΣΤΟΛΟΠΟΥΛΟΥ,"480164","480164",1η ΑΠΟΣΤΟΛΟΠΟΥΛΟΥ,1st APOSTOLOPOYLOY,ΑΠΟΣΤΟΛΟΠΟΥΛΟΥ,"402"
480165: ΠΛ. ΧΑΛΑΝΔΡΙΟΥ,"480165","480165",ΠΛ. ΧΑΛΑΝΔΡΙΟΥ,PL. XALANDRIOY,ΒΑΣ.ΓΕΩΡΓΙΟΥ,"19, 19Β, 421"
480166: ΕΥΤΕΡΠΗΣ,"480166","480166",ΕΥΤΕΡΠΗΣ,EYTERPHS,ΕΣΤΙΑΣ,"306"
480170: ΠΑΡΝΩΝΟΣ,"480170","480170",ΠΑΡΝΩΝΟΣ,PARNONOS,ΜΕΤΑΜΟΡΦΩΣΕΩΣ,"447, 461"
480171: ΛΕΥΚΗΣ,"480171","480171",ΛΕΥΚΗΣ,LEYKHS,ΗΡΑΚΛΕΙΤΟΥ,"405, 451"
480172: ΝΕΚΡΟΤΑΦΕΙΟ,"480172","480172",ΝΕΚΡΟΤΑΦΕΙΟ,NEKROTAFEIO,ΑΝΑΠΑΥΣΕΩΣ,"405, 451"
480173: ΘΗΣΕΩΣ,"480173","480173",ΘΗΣΕΩΣ,THISEOS,ΔΟΥΚ.ΠΛΑΚΕΝΤΙΑΣ,"19, 400, 450, 460"
480177: ΠΡΟΑΣΤΙΑΚΟΣ,"480177","480177",ΠΡΟΑΣΤΙΑΚΟΣ,PROASTIAKOS,ΛΕΩΦ.ΠΕΝΤΕΛΗΣ,"451, 461"
480178: ΕΔΕΣΣΗΣ,"480178","480178",ΕΔΕΣΣΗΣ,EDESSHS,ΟΛΥΜΠΟΥ,"461"
480179: ΗΒΗΣ,"480179","480179",ΗΒΗΣ,HBHS,ΟΛΥΜΠΟΥ,"461"
480180: ΕΒΡΟΥ,"480180","480180",ΕΒΡΟΥ,EBROY,ΟΛΥΜΠΟΥ,"461"
480184: ΗΡΑΚΛΕΙΤΟΥ,"480184","480184",ΗΡΑΚΛΕΙΤΟΥ,HRAKLEITOY,ΗΡΑΚΛΕΙΤΟΥ,"405, 450"
480185: ΑΛΚΗΣΤΗΣ,"480185","480185",ΑΛΚΗΣΤΗΣ,ALKHSTHS,ΗΡΑΚΛΕΙΤΟΥ,"405, 450"
480200: ΥΨΗΛΑΝΤΟΥ,"480200","480200",ΥΨΗΛΑΝΤΟΥ,YPSHLANTOY,ΚΩΝ.ΠΑΛΑΙΟΛΟΓΟΥ,"19, 450, 460"
480201: ΛΙΤΣΑ,"480201","480201",ΛΙΤΣΑ,LITSA,ΚΩΝ.ΠΑΛΑΙΟΛΟΓΟΥ,"19, 450, 460"
480202: ΣΟΦ. ΒΕΝΙΖΕΛΟΥ,"480202","480202",ΣΟΦ. ΒΕΝΙΖΕΛΟΥ,SOF. BENIZELOY,ΚΩΝ.ΠΑΛΑΙΟΛΟΓΟΥ,"19, 450, 460"
480281: ΣΤ. ΧΟΛΑΡΓΟΣ,"480281","480281",ΣΤ. ΧΟΛΑΡΓΟΣ,ST. ΧOLARGOS,ΜΕΣΟΓΕΙΩΝ,"400, 416, Α5, Β5"
480282: ΘΕΣΣΑΛΟΝΙΚΗΣ,"480282","480282",ΘΕΣΣΑΛΟΝΙΚΗΣ,THESSALONIKHS,ΔΟΥΚΙΣΣΗΣ ΠΛΑΚΕΝΤΙΑΣ,"19, 400, 451, 461"
480283: ΣΤ. ΑΓ. ΠΑΡΑΣΚΕΥΗ,"480283","10442",ΣΤ. ΑΓ. ΠΑΡΑΣΚΕΥΗ,ST. AG. PARASKEΥΗ,ΑΓΙΑΣ ΠΑΡΑΣΚΕΥΗΣ,"400, 421"
480284: ΤΖΙΝΑΣ ΜΠΑΧΑΟΥΕΡ,"480284","10952",ΤΖΙΝΑΣ ΜΠΑΧΑΟΥΕΡ,TZINAS MPAXAOYER,ΗΡΑΚΛΕΙΤΟΥ,"405, 450"
481170: ΤΕΡΜΑ (ΣΤ.ΜΕΤΡ. ΧΑΛΑΝΔΡΙ),"481170","481170",ΤΕΡΜΑ (ΣΤ.ΜΕΤΡ. ΧΑΛΑΝΔΡΙ),TERMA (ST. METR. XALANDRI),ΕΜΠΡ.ΣΤ.ΜΕΤΡΟ ΧΑΛΑΝΔΡΙΟΥ,"400"
481173: ΝΕΚΡΟΤΑΦΕΙΟ,"481173","481173",ΝΕΚΡΟΤΑΦΕΙΟ,NEKROTAFEIO,ΑΝΑΠΑΥΣΕΩΣ,"405, 450"
481174: ΗΣΙΟΔΟΥ,"481174","481174",ΗΣΙΟΔΟΥ,HSIODOY,ΑΝΑΠΑΥΣΕΩΣ,"405, 450"
481175: ΔΑΝΑΗΣ,"481175","481175",ΔΑΝΑΗΣ,DANAHS,ΗΡΑΚΛΕΙΤΟΥ,"405, 450"
481176: ΛΕΥΚΗΣ,"481176","481176",ΛΕΥΚΗΣ,LEYKHS,ΗΡΑΚΛΕΙΤΟΥ,"405, 450"
481177: ΜΙΛΤΙΑΔΟΥ,"481177","481177",ΜΙΛΤΙΑΔΟΥ,MILTIADOY,25ης ΜΑΡΤΙΟΥ,"19, 19Β, 421"
481178: ΗΣΙΟΔΟΥ,"481178","481178",ΗΣΙΟΔΟΥ,HSIODOY,ΑΝΑΠΑΥΣΕΩΣ,"405, 451"
481179: ΕΛΙΚΩΝΟΣ,"481179","481179",ΕΛΙΚΩΝΟΣ,ELIKONOS,ΜΕΤΑΜΟΡΦΩΣΕΩΣ,"447, 461"
481187: ΚΡΙΝΩΝ,"481187","481187",ΚΡΙΝΩΝ,KRINON,ΑΚΑΚΙΩΝ,"402"
481194: ΝΟΜΙΣΜΑΤΟΚΟΠΕΙΟ,"481194","481194",ΝΟΜΙΣΜΑΤΟΚΟΠΕΙΟ,NOMISMATOKOPEIO,ΜΕΣΟΓΕΙΩΝ,"304, 305, 308, 316, 400, 406, 407, Α5, Β5, Χ95"
481202: ΠΑΠΑΝΙΚΟΛΗ,"481202","481202",ΠΑΠΑΝΙΚΟΛΗ,PAPANIKOLH,ΛΕΩΦ.ΚΗΦΙΣΙΑΣ(ΠΑΡΑΔΡΟΜΟΣ),"19, 19Β"
481204: ΜΕΤΡΟ,"481204","481204",ΜΕΤΡΟ,METRO,ΑΓ. ΠΑΡΑΣΚΕΥΗΣ,"400, 421"
481205: ΤΥΜΦΡΗΣΤΟΥ,"481205","481205",ΤΥΜΦΡΗΣΤΟΥ,TYMFRHSTOY,ΔΟΥΚΙΣΣΗΣ ΠΛΑΚΕΝΤΙΑΣ,"19, 400, 447, 450, 460"
481206: ΣΤ. ΜΕΤΡΟ ΧΑΛΑΝΔΡΙ,"481206","481206",ΣΤ. ΜΕΤΡΟ ΧΑΛΑΝΔΡΙ,ST. METRO ΧALANDRI,ΔΟΥΚ.ΠΛΑΚΕΝΤΙΑΣ,"405, 450, 460"
481207: ΠΡΩΤΕΩΣ,"481207","11074",ΠΡΩΤΕΩΣ,PROTEOS,ΗΡΑΚΛΕΙΤΟΥ,"306, 405, 411, 447, 451"
481208: ΓΙΑΣΕΜΙΩΝ,"481208","11099",ΓΙΑΣΕΜΙΩΝ,GIASEMION,,"402"
48: ΔΑΣΟΣ,"48","10214",ΔΑΣΟΣ,DASOS,,"731, Α15"
490001: 2η ΧΟΛΑΡΓΟΥ,"490001","490001",2η ΧΟΛΑΡΓΟΥ,2nd XOLARGOY,ΜΕΣΟΓΕΙΩΝ,"400, 416, 418, Α5, Β5"
490002: 3η ΧΟΛΑΡΓΟΥ,"490002","490002",3η ΧΟΛΑΡΓΟΥ,3rd XOLARGOY,ΜΕΣΟΓΕΙΩΝ,"400, 416, Α5, Β5"
490003: 4η ΧΟΛΑΡΓΟΥ,"490003","490003",4η ΧΟΛΑΡΓΟΥ,4th XOLARGOY,ΜΕΣΟΓΕΙΩΝ,"400, 416, Α5, Β5"
490004: 5η ΧΟΛΑΡΓΟΥ,"490004","490004",5η ΧΟΛΑΡΓΟΥ,5th XOLARGOY,ΜΕΣΟΓΕΙΩΝ,"400, 416, Α5, Β5"
490005: 6η ΧΟΛΑΡΓΟΥ,"490005","490005",6η ΧΟΛΑΡΓΟΥ,6th XOLARGOY,ΜΕΣΟΓΕΙΩΝ,"400, 416, Α5, Β5"
490006: 7η ΧΟΛΑΡΓΟΥ,"490006","490006",7η ΧΟΛΑΡΓΟΥ,7th XOLARGOY,ΜΕΣΟΓΕΙΩΝ,"400, Α5, Β5, Χ95"
490007: 8η ΜΕΣΟΓΕΙΩΝ,"490007","490007",8η ΜΕΣΟΓΕΙΩΝ,8th MESOGEION,ΜΕΣΟΓΕΙΩΝ,"400, Α5, Β5"
490009: ΣΤΡΟΦΗ,"490009","490009",ΣΤΡΟΦΗ,STROFH,17ης ΝΟΕΜΒΡΙΟΥ,"416"
490010: ΠΛ. ΚΥΠΡΟΥ,"490010","490010",ΠΛ. ΚΥΠΡΟΥ,PL. KYPROY,17ης ΝΟΕΜΒΡΙΟΥ,"416"
490011: ΒΛΑΧΟΥ,"490011","490011",ΒΛΑΧΟΥ,BLAXOY,17ης ΝΟΕΜΒΡΙΟΥ,"416"
490012: ΓΗΠΕΔΟ,"490012","490012",ΓΗΠΕΔΟ,GHPEDO,17ης ΝΟΕΜΒΡΙΟΥ,"416"
490013: ΠΛ. ΧΟΛΑΡΓΟΥ,"490013","490013",ΠΛ. ΧΟΛΑΡΓΟΥ,PL. XOLARGOY,17ης ΝΟΕΜΒΡΙΟΥ,"416"
490014: ΓΗΠΕΔΟ,"490014","490014",ΓΗΠΕΔΟ,GHPEDO,17ης ΝΟΕΜΒΡΙΟΥ,"416"
490015: ΒΛΑΧΟΥ,"490015","490015",ΒΛΑΧΟΥ,BLAXOY,17ης ΝΟΕΜΒΡΙΟΥ,"416"
490016: ΚΥΠΡΟΥ,"490016","490016",ΚΥΠΡΟΥ,KYPROY,17ης ΝΟΕΜΒΡΙΟΥ,"416"
490017: ΑΓ. ΣΤΥΛΙΑΝΟΣ,"490017","490017",ΑΓ. ΣΤΥΛΙΑΝΟΣ,AG. STYLIANOS,Β.ΜΕΛΑ,"418"
490018: ΣΤΡΟΦΗ,"490018","490018",ΣΤΡΟΦΗ,STROFH,17ης ΝΟΕΜΒΡΙΟΥ,"416"
490019: 3η ΧΟΛΑΡΓΟΥ,"490019","490019",3η ΧΟΛΑΡΓΟΥ,3rd XOLARGOY,ΣΑΡΑΝΤΑΠΟΡΟΥ,"418"
490020: 1η ΣΧΟΛΕΙΩΝ ΧΟΛΑΡΓΟΥ,"490020","490020",1η ΣΧΟΛΕΙΩΝ ΧΟΛΑΡΓΟΥ,1st SXOLEION XOLARGOY,ΣΑΡΑΝΤΑΠΟΡΟΥ,"418"
490021: 2η ΣΧΟΛΕΙΩΝ ΧΟΛΑΡΓΟΥ,"490021","490021",2η ΣΧΟΛΕΙΩΝ ΧΟΛΑΡΓΟΥ,2nd SXOLEION XOLARGOY,ΣΑΡΑΝΤΑΠΟΡΟΥ,"418"
490022: 3η ΣΧΟΛΕΙΩΝ ΧΟΛΑΡΓΟΥ,"490022","490022",3η ΣΧΟΛΕΙΩΝ ΧΟΛΑΡΓΟΥ,3rd SXOLEION XOLARGOY,ΣΑΡΑΝΤΑΠΟΡΟΥ,"418"
490023: 4η ΣΧΟΛΕΙΩΝ ΧΟΛΑΡΓΟΥ,"490023","490023",4η ΣΧΟΛΕΙΩΝ ΧΟΛΑΡΓΟΥ,4th SXOLEION XOLARGOY,ΣΑΡΑΝΤΑΠΟΡΟΥ,"418"
490024: 5η ΣΧΟΛΕΙΩΝ ΧΟΛΑΡΓΟΥ,"490024","490024",5η ΣΧΟΛΕΙΩΝ ΧΟΛΑΡΓΟΥ,5th SXOLEION XOLARGOY,25ηs ΜΑΡΤΙΟΥ,"418"
490025: ΔΗΜΑΡΧΕΙΟ - ΠΕΡΙΚΛΕΟΥΣ,"490025","490025",ΔΗΜΑΡΧΕΙΟ - ΠΕΡΙΚΛΕΟΥΣ,DHMARXEIO - PERIKLEOYS,ΠΕΡΙΚΛΕΟΥΣ,"418"
490026: ΠΛ. Κ. ΠΑΛΑΜΑ,"490026","490026",ΠΛ. Κ. ΠΑΛΑΜΑ,PL. K. PALAMA,ΠΛ.ΚΩΣΤΗ ΠΑΛΑΜΑ,"418"
490027: 7η ΣΧΟΛΕΙΩΝ ΧΟΛΑΡΓΟΥ,"490027","490027",7η ΣΧΟΛΕΙΩΝ ΧΟΛΑΡΓΟΥ,7th SXOLEION XOLARGOY,ΟΥΡΑΝΙΑΣ,"418"
490029: 5η ΣΧΟΛΕΙΩΝ ΧΟΛΑΡΓΟΥ,"490029","490029",5η ΣΧΟΛΕΙΩΝ ΧΟΛΑΡΓΟΥ,5th SXOLEION XOLARGOY,25ης ΜΑΡΤΙΟΥ,"418"
490030: 4η ΣΧΟΛΕΙΩΝ ΧΟΛΑΡΓΟΥ,"490030","490030",4η ΣΧΟΛΕΙΩΝ ΧΟΛΑΡΓΟΥ,4th SXOLEION XOLARGOY,ΥΜΗΤΤΟΥ,"418"
490033: 3η ΣΧΟΛΕΙΩΝ ΧΟΛΑΡΓΟΥ,"490033","490033",3η ΣΧΟΛΕΙΩΝ ΧΟΛΑΡΓΟΥ,3rd SXOLEION XOLARGOY,ΥΜΗΤΤΟΥ,"418"
490034: ΠΛ. ΔΗΜΟΚΡΑΤΙΑΣ,"490034","490034",ΠΛ. ΔΗΜΟΚΡΑΤΙΑΣ,PL. DHMOKRATIAS,ΥΜΗΤΤΟΥ,"418"
490035: ΣΤΡΟΦΗ,"490035","490035",ΣΤΡΟΦΗ,STROFH,ΥΜΗΤΤΟΥ,"418"
490036: 7η ΠΑΠΑΓΟΥ,"490036","490036",7η ΠΑΠΑΓΟΥ,7th PAPAGOY,ΑΝΑΣΤΑΣΕΩΣ,"409"
490037: ΕΡΑΤΟΥΣ,"490037","490037",ΕΡΑΤΟΥΣ,ERATOYS,ΑΝΑΣΤΑΣΕΩΣ,"409"
490038: ΑΝΑΣΤΑΣΕΩΣ,"490038","490038",ΑΝΑΣΤΑΣΕΩΣ,ANASTASEOS,ΑΝΑΣΤΑΣΕΩΣ,"409"
490039: ΒΟΥΤΣΙΝΑ,"490039","490039",ΒΟΥΤΣΙΝΑ,BOYTSINA,ΑΝΑΣΤΑΣΕΩΣ,"409"
490040: 2η ΧΟΛΑΡΓΟΥ,"490040","490040",2η ΧΟΛΑΡΓΟΥ,2nd XOLARGOY,ΑΝΑΣΤΑΣΕΩΣ,"409"
490041: ΠΛ. ΦΑΝΕΡΩΜΕΝΗΣ,"490041","490041",ΠΛ. ΦΑΝΕΡΩΜΕΝΗΣ,PL. FANEROMENHS,ΠΛ.ΦΑΝΕΡΩΜΕΝΗΣ,"418"
490045: ΔΗΜΑΡΧΕΙΟ,"490045","490045",ΔΗΜΑΡΧΕΙΟ,DHMARXEIO,ΕΥΡΙΠΙΔΟΥ,"418"
490046: ΥΜΗΤΤΟΥ,"490046","490046",ΥΜΗΤΤΟΥ,YMHTTOY,ΥΜΗΤΤΟΥ,"418"
49: ΑΓ.  ΑΝΑΡΓΥΡΟΙ,"49","10215",ΑΓ.  ΑΝΑΡΓΥΡΟΙ,AG. ANARGYROI,,"024"
500004: ΠΛ. ΑΓ. ΣΤΕΦΑΝΟΥ,"500004","500004",ΠΛ. ΑΓ. ΣΤΕΦΑΝΟΥ,PL. AG. STEFANOY,ΛΕΩΦ.ΜΑΡΑΘΩΝΟΣ,"509, 509Β, 535, 535Α, Α7"
500005: 1η ΚΡΥΟΝΕΡΙΟΥ,"500005","500005",1η ΚΡΥΟΝΕΡΙΟΥ,1st KRYONERIOY,ΚΟΙΜΗΣΕΩΣ ΘΕΟΤΟΚΟΥ,"509, 509Β, Α7"
500006: 2η ΚΡΥΟΝΕΡΙΟΥ,"500006","500006",2η ΚΡΥΟΝΕΡΙΟΥ,2nd KRYONERIOY,ΚΟΙΜΗΣΕΩΣ ΘΕΟΤΟΚΟΥ,"509, 509Β"
500011: 5η ΣΥΝ. ΠΟΝΤΙΩΝ,"500011","500011",5η ΣΥΝ. ΠΟΝΤΙΩΝ,5th SYN. PONTION,ΤΡΑΠΕΖΟΥΝΤΟΣ,"509, 509Β"
500012: 4η ΣΥΝ. ΠΟΝΤΙΩΝ,"500012","500012",4η ΣΥΝ. ΠΟΝΤΙΩΝ,4th SYN. PONTION,ΤΡΑΠΕΖΟΥΝΤΟΣ,"509, 509Β"
500013: 3η ΣΥΝ. ΠΟΝΤΙΩΝ,"500013","500013",3η ΣΥΝ. ΠΟΝΤΙΩΝ,3rd SYN. PONTION,ΤΡΑΠΕΖΟΥΝΤΟΣ,"509, 509Β"
500014: 3η ΚΡΥΟΝΕΡΙΟΥ,"500014","500014",3η ΚΡΥΟΝΕΡΙΟΥ,3rd KRYONERIOY,ΤΡΑΠΕΖΟΥΝΤΟΣ,"509"
500015: 4η ΚΡΥΟΝΕΡΙΟΥ,"500015","500015",4η ΚΡΥΟΝΕΡΙΟΥ,4th KRYONERIOY,ΤΡΑΠΕΖΟΥΝΤΟΣ,"509"
500017: 6η ΚΡΥΟΝΕΡΙΟΥ,"500017","500017",6η ΚΡΥΟΝΕΡΙΟΥ,6th KRYONERIOY,ΛΕΩΦ.ΚΡΥΟΝΕΡΙΟΥ,"509"
500018: 7η ΚΡΥΟΝΕΡΙΟΥ,"500018","500018",7η ΚΡΥΟΝΕΡΙΟΥ,7th KRYONERIOY,ΛΕΩΦ.ΚΡΥΟΝΕΡΙΟΥ,"509"
500019: 7η ΚΡΥΟΝΕΡΙΟΥ,"500019","500019",7η ΚΡΥΟΝΕΡΙΟΥ,7th KRYONERIOY,ΛΕΩΦ.ΚΡΥΟΝΕΡΙΟΥ,"509"
500021: 4η ΚΡΥΟΝΕΡΙΟΥ,"500021","500021",4η ΚΡΥΟΝΕΡΙΟΥ,4th KRYONERIOY,ΧΕΛΜΟΥ,"509"
500022: 3η ΚΡΥΟΝΕΡΙΟΥ,"500022","500022",3η ΚΡΥΟΝΕΡΙΟΥ,3rd KRYONERIOY,ΚΟΙΜΗΣΕΩΣ ΘΕΟΤΟΚΟΥ,"509"
500023: 2η ΚΡΥΟΝΕΡΙΟΥ,"500023","500023",2η ΚΡΥΟΝΕΡΙΟΥ,2nd KRYONERIOY,ΚΟΙΜΗΣΕΩΣ ΘΕΟΤΟΚΟΥ,"509"
500024: 1η ΚΡΥΟΝΕΡΙΟΥ,"500024","500024",1η ΚΡΥΟΝΕΡΙΟΥ,1st KRYONERIOY,ΚΟΙΜΗΣΕΩΣ ΘΕΟΤΟΚΟΥ,"509, 509Β"
500025: ΔΗΜΑΡΧΕΙΟ,"500025","500025",ΔΗΜΑΡΧΕΙΟ,DHMARXEIO,ΛΕΩΦ.ΜΑΡΑΘΩΝΟΣ,"535, 535Α"
500026: 2η ΜΑΡΑΘΩΝΟΣ,"500026","500026",2η ΜΑΡΑΘΩΝΟΣ,2nd MARATHONOS,ΛΕΩΦ.ΜΑΡΑΘΩΝΟΣ,"535, 535Α"
500027: 1η ΜΑΡΑΘΩΝΟΣ,"500027","11922",1η ΜΑΡΑΘΩΝΟΣ,1st MARATHONOS,ΛΕΩΦ.ΜΑΡΑΘΩΝΟΣ,"535, 535Α"
500038: 2η ΜΑΡΑΘΩΝΟΣ,"500038","500038",2η ΜΑΡΑΘΩΝΟΣ,2nd MARATHONOS,ΛΕΩΦ.ΜΑΡΑΘΩΝΟΣ,"535, 535Α"
500039: 1η ΜΑΡΑΘΩΝΟΣ,"500039","500039",1η ΜΑΡΑΘΩΝΟΣ,1st MARATHONOS,ΛΕΩΦ.ΜΑΡΑΘΩΝΟΣ,"535, 535Α"
500040: ΠΛ. ΑΓ. ΣΤΕΦΑΝΟΥ,"500040","500040",ΠΛ. ΑΓ. ΣΤΕΦΑΝΟΥ,PL. AG. STEFANOY,ΛΕΩΦ.ΜΑΡΑΘΩΝΟΣ,"509, 509Β, 535, 535Α, Α7"
500049: ΣΙΔΕΡΑ,"500049","500049",ΣΙΔΕΡΑ,SIDERA,ΗΡΩΩΝ ΠΟΛΥΤΕΧΝΕΙΟΥ,"509, 509Β, Α7"
500050: ΣΙΔΕΡΑ,"500050","500050",ΣΙΔΕΡΑ,SIDERA,ΗΡΩΩΝ ΠΟΛΥΤΕΧΝΕΙΝΕΙΟΥ,"509, 509Β, Α7"
500051: 6η ΚΡΥΟΝΕΡΙΟΥ,"500051","500051",6η ΚΡΥΟΝΕΡΙΟΥ,6th KRYONERIOY,ΛΕΩΦ.ΚΡΥΟΝΕΡΙΟΥ,"509"
500052: ΠΛ. ΚΡΥΕΜΑΔΗ,"500052","500052",ΠΛ. ΚΡΥΕΜΑΔΗ,PL. KRYEMADH,ΤΡΑΠΕΖΟΥΝΤΟΣ,"509, 509Β"
500061: ΜΑΡΑΘΩΝΟΣ,"500061","500061",ΜΑΡΑΘΩΝΟΣ,MARATHONOS,ΛΕΩΦ.ΜΑΡΑΘΩΝΟΣ,"509, 509Β, 535, 535Α, Α7"
500064: 3η ΣΥΝ. ΠΟΝΤΙΩΝ,"500064","500064",3η ΣΥΝ. ΠΟΝΤΙΩΝ,3rd SYN. PONTION,ΤΡΑΠΕΖΟΥΝΤΟΣ,"509, 509Β"
500065: 4η ΣΥΝ. ΠΟΝΤΙΩΝ,"500065","500065",4η ΣΥΝ. ΠΟΝΤΙΩΝ,4th SYN. PONTION,ΤΡΑΠΕΖΟΥΝΤΟΣ,"509, 509Β"
500066: 5η ΣΥΝ.ΠΟΝΤΙΩΝ,"500066","500066",5η ΣΥΝ.ΠΟΝΤΙΩΝ,5th SYN.PONTION,ΤΡΑΠΕΖΟΥΝΤΟΣ,"509, 509Β"
500067: ΠΛ. ΚΡΥΕΜΑΔΗ,"500067","500067",ΠΛ. ΚΡΥΕΜΑΔΗ,PL. KRYEMADH,ΤΡΑΠΕΖΟΥΝΤΟΣ,"509, 509Β"
500068: ΝΕΟ ΤΕΡΜΑ,"500068","500068",ΝΕΟ ΤΕΡΜΑ,NEO TERMA,ΤΡΑΠΕΖΟΥΝΤΟΣ,"509, 509Β"
500069: ΤΥΠΕΤ,"500069","500069",ΤΥΠΕΤ,TYPET,ΛΕΩΦ.ΜΑΡΑΘΩΝΟΣ,"535, 535Α"
500070: 6η ΣΥΝ. ΠΟΝΤΙΩΝ,"500070","12145",6η ΣΥΝ. ΠΟΝΤΙΩΝ,6th SYN. PONTION,ΤΡΑΠΕΖΟΥΝΤΟΣ,"509, 509Β"
500071: ΤΥΠΕΤ,"500071","500071",ΤΥΠΕΤ,TYPET,ΛΕΩΦ.ΜΑΡΑΘΩΝΟΣ,"535, 535Α"
500072: ΔΙΑΚΟΥ,"500072","500072",ΔΙΑΚΟΥ,DIAKOY,ΛΕΩΦ.ΜΑΡΑΘΩΝΟΣ,"535, 535Α"
500076: ΣΑΜΟΥ,"500076","500076",ΣΑΜΟΥ,SAMOY,ΛΕΩΦ.ΜΑΡΑΘΩΝΟΣ,"535, 535Α"
500077: ΧΕΛΜΟΥ,"500077","500077",ΧΕΛΜΟΥ,XELMOY,ΧΕΛΜΟΥ,"509"
500100: ΠΕΥΚΟΦΥΤΟ,"500100","11091",ΠΕΥΚΟΦΥΤΟ,PEYKOFYTO,,"509"
500101: ΦΥΤΩΡΙΑ,"500101","12084",ΦΥΤΩΡΙΑ,FYTORIA,ΤΡΑΠΕΖΟΥΝΤΟΣ,509Β
500102: ΦΥΤΩΡΙΑ,"500102","12085",ΦΥΤΩΡΙΑ,FYTORIA,ΤΡΑΠΕΖΟΥΝΤΟΣ,509Β
500103: ΟΙΝΟΠΟΙΕΙΟ,"500103","12086",ΟΙΝΟΠΟΙΕΙΟ,OINOPOIEIO,,509Β
500104: ΦΥΤΩΝ,"500104","12087",ΦΥΤΩΝ,FYTON,,509Β
500105: Σ.Σ. ΑΦΙΔΝΩΝ,"500105","12088",Σ.Σ. ΑΦΙΔΝΩΝ,S.S. AFIDNON,ΕΠ. ΟΔ. ΑΦΙΔΝΩΝ,509Β
500106: Σ.Σ. ΑΦΙΔΝΩΝ,"500106","12089",Σ.Σ. ΑΦΙΔΝΩΝ,S.S. AFIDNON,ΕΠ. ΟΔ. ΑΦΙΔΝΩΝ,509Β
500107: ΦΑΡΜΑΚΕΙΟ,"500107","12090",ΦΑΡΜΑΚΕΙΟ,FARMAKEIO,ΕΠ. ΟΔ. ΑΦΙΔΝΩΝ,509Β
500108: ΑΓΙΟΥ ΑΘΑΝΑΣΙΟΥ,"500108","12091",ΑΓΙΟΥ ΑΘΑΝΑΣΙΟΥ,AGIOY ATHANASIOY,ΕΠ. ΟΔ. ΑΦΙΔΝΩΝ,509Β
500109: ΑΦΙΔΝΕΣ,"500109","12092",ΑΦΙΔΝΕΣ,AFIDNES,ΕΠ. ΟΔ. ΑΦΙΔΝΩΝ,509Β
500110: ΑΦΙΔΝΕΣ,"500110","12093",ΑΦΙΔΝΕΣ,AFIDNES,ΛΕΩΦ. ΤΥΡΤΑΙΟΥ,509Β
500111: ΦΟΥΡΝΟΣ,"500111","12094",ΦΟΥΡΝΟΣ,FOYRNOS,Ε.Ο. ΟΙΟΥ ΑΜΦΙΑΡΕΙΟΥ,509Β
500112: ΔΙΑΣΤΑΥΡΩΣΗ,"500112","12095",ΔΙΑΣΤΑΥΡΩΣΗ,DIASTAYROSH,Ε.Ο. ΟΙΟΥ ΑΜΦΙΑΡΕΙΟΥ,509Β
500113: ΕΙΣΟΔΟΣ ΠΟΛΥΔΕΝΔΡΙΟΥ,"500113","12096",ΕΙΣΟΔΟΣ ΠΟΛΥΔΕΝΔΡΙΟΥ,EISODOS POLYDENDRIOY,ΛΕΩΦ. ΕΙΡΗΝΗΣ,509Β
500114: ΕΙΣΟΔΟΣ ΠΟΛΥΔΕΝΔΡΙΟΥ,"500114","12097",ΕΙΣΟΔΟΣ ΠΟΛΥΔΕΝΔΡΙΟΥ,EISODOS POLYDENDRIOY,ΛΕΩΦ. ΕΙΡΗΝΗΣ,509Β
500115: ΠΑΡΚΟ,"500115","12098",ΠΑΡΚΟ,PARKO,ΛΕΩΦ. ΕΙΡΗΝΗΣ,509Β
500117: ΣΧΟΛΕΙΟ,"500117","12099",ΣΧΟΛΕΙΟ,SXOLEIO,ΛΕΩΦ. ΕΙΡΗΝΗΣ,509Β
500118: ΚΟΙΝΟΤΗΤΑ ΠΟΛΥΔΕΝΔΡΙΟΥ,"500118","12110",ΚΟΙΝΟΤΗΤΑ ΠΟΛΥΔΕΝΔΡΙΟΥ,KOINOTHTA POLYDENDRIOY,ΑΓΙΟΥ ΔΗΜΗΤΡΙΟΥ,509Β
500119: ΕΙΣΟΔΟΣ ΚΑΠΑΝΔΡΙΤΙΟΥ,"500119","12100",ΕΙΣΟΔΟΣ ΚΑΠΑΝΔΡΙΤΙΟΥ,EISODOS KAPANDRITIOY,Γ. ΚΑΡΑΪΣΚΑΚΗ,509Β
500120: ΕΙΣΟΔΟΣ ΚΑΠΑΝΔΡΙΤΙΟΥ,"500120","12101",ΕΙΣΟΔΟΣ ΚΑΠΑΝΔΡΙΤΙΟΥ,EISODOS KAPANDRITIOY,Γ. ΚΑΡΑΪΣΚΑΚΗ,509Β
500121: ΚΑΠΑΝΔΡΙΤΙ,"500121","12102",ΚΑΠΑΝΔΡΙΤΙ,KAPANDRITI,ΕΛ. ΒΕΝΙΖΕΛΟΥ,509Β
500122: ΚΑΠΑΝΔΡΙΤΙ,"500122","12116",ΚΑΠΑΝΔΡΙΤΙ,KAPANDRITI,ΕΛ. ΒΕΝΙΖΕΛΟΥ,509Β
500123: ΚΑΒΑ,"500123","12103",ΚΑΒΑ,KABA,ΡΗΓΑ ΦΕΡΑΙΟΥ,509Β
500124: ΚΑΒΑ,"500124","12104",ΚΑΒΑ,KABA,ΡΗΓΑ ΦΕΡΑΙΟΥ,509Β
500125: ΕΙΣΟΔΟΣ ΜΙΚΡΟΧΩΡΙΟΥ,"500125","12105",ΕΙΣΟΔΟΣ ΜΙΚΡΟΧΩΡΙΟΥ,EISODOS MIKROXORIOY,ΕΠ.ΟΔ.ΜΑΡΑΘΩΝΑ-ΚΑΠΑΝΔΡΙΤΙΟΥ,509Β
500126: ΕΙΣΟΔΟΣ ΜΙΚΡΟΧΩΡΙΟΥ,"500126","12106",ΕΙΣΟΔΟΣ ΜΙΚΡΟΧΩΡΙΟΥ,EISODOS MIKROXORIOY,ΕΠ.ΟΔ.ΜΑΡΑΘΩΝΑ-ΚΑΠΑΝΔΡΙΤΙΟΥ,509Β
500127: ΒΑΡΝΑΒΑΣ,"500127","12107",ΒΑΡΝΑΒΑΣ,BARNABAS,ΑΘΗΝΩΝ,509Β
500128: ΕΙΣΟΔΟΣ ΒΑΡΝΑΒΑ,"500128","12111",ΕΙΣΟΔΟΣ ΒΑΡΝΑΒΑ,EISODOS BARNABA,ΕΠ.ΟΔ.ΜΑΡΑΘΩΝΑ-ΚΑΠΑΝΔΡΙΤΙΟΥ,509Β
500129: ΣΧΟΛΕΙΟ,"500129","12108",ΣΧΟΛΕΙΟ,SXOLEIO,25ης ΜΑΡΤΙΟΥ,509Β
500133: ΠΑΡΚΟ,"500133","12308",ΠΑΡΚΟ,PARKO,ΕΠ. ΟΔ. ΑΦΙΔΝΩΝ,509Β
500134: ΠΑΡΚΟ,"500134","12309",ΠΑΡΚΟ,PARKO,ΕΠ. ΟΔ. ΑΦΙΔΝΩΝ,509Β
5092: ΚΥΝΟΥΡΙΑ,"5092","11081",ΚΥΝΟΥΡΙΑ,KYNOYRIA,,"509"
509: ΚΡΥΟΝΕΡΙ,"509","11026",ΚΡΥΟΝΕΡΙ,KRYONERI,,"509"
50: ΑΓ. ΒΑΡΒΑΡΑ,"50","10216",ΑΓ. ΒΑΡΒΑΡΑ,AG. BARBARA,,"891, 892"
510001: ΑΡΣΑΚΕΙΟ,"510001","510001",ΑΡΣΑΚΕΙΟ,ARSAKEIO,ΛΕΩΦ.ΜΑΡΑΘΩΝΟΣ,"509, 509Β, Α7"
510002: ΑΓ. ΘΕΟΔΩΡΟΙ,"510002","510002",ΑΓ. ΘΕΟΔΩΡΟΙ,AG. THEODOROI,ΛΕΩΦ.ΜΑΡΑΘΩΝΟΣ,"509, 509Β, Α7"
510003: ΒΑΡΒΑΡΕΣΟΥ,"510003","510003",ΒΑΡΒΑΡΕΣΟΥ,BARBARESOY,ΛΕΩΦ.ΜΑΡΑΘΩΝΟΣ,"509, 509Β, 535, 535Α, Α7"
510004: Ο.Τ.Ε.,"510004","510004",Ο.Τ.Ε.,O.T.E,ΛΕΩΦ.ΜΑΡΑΘΩΝΟΣ,"509, 509Β, 535, 535Α, Α7"
510005: ΤΕΡΜΑ - ΑΓ. ΤΡΙΑΔΑ,"510005","510005",ΤΕΡΜΑ - ΑΓ. ΤΡΙΑΔΑ,TERMA - AG.TRIADA,ΔΗΜ.ΛΑΜΠΡΑΚΗ,"535, 535Α"
510006: Ο.Τ.Ε,"510006","510006",Ο.Τ.Ε,O.T.E,ΛΕΩΦ.ΜΑΡΑΘΩΝΟΣ,"509, 509Β, 535, 535Α, Α7"
510007: ΑΓ. ΘΕΟΔΩΡΟΙ,"510007","510007",ΑΓ. ΘΕΟΔΩΡΟΙ,AG. THEODOROI,ΛΕΩΦ.ΜΑΡΑΘΩΝΟΣ,"509, 509Β, Α7"
510008: ΑΡΣΑΚΕΙΟ,"510008","510008",ΑΡΣΑΚΕΙΟ,ARSAKEIO,ΛΕΩΦ.ΜΑΡΑΘΩΝΟΣ,"509, 509Β, Α7"
510009: ΒΑΡΒΑΡΕΣΟΥ,"510009","510009",ΒΑΡΒΑΡΕΣΟΥ,BARBARESOY,ΛΕΩΦ.ΜΑΡΑΘΩΝΟΣ,"509, 509Β, 535, 535Α, Α7"
510010: ΝΕΑ ΕΚΑΛΗ,"510010","510010",ΝΕΑ ΕΚΑΛΗ,NEA EKALH,ΛΕΩΦ.ΑΝΟΙΞΕΩΣ,"535, 535Α"
510011: Δ.Ε.Η,"510011","510011",Δ.Ε.Η,D.E.H,ΛΕΩΦ.ΑΝΟΙΞΕΩΣ,"535, 535Α"
510012: 3η ΑΝΟΙΞΕΩΣ,"510012","510012",3η ΑΝΟΙΞΕΩΣ,3rd ANOIXEOS,ΛΕΩΦ.ΑΝΟΙΞΕΩΣ,"535, 535Α"
510013: 4η ΑΝΟΙΞΕΩΣ,"510013","510013",4η ΑΝΟΙΞΕΩΣ,4th ANOIXEOS,ΛΕΩΦ.ΑΝΟΙΞΕΩΣ,"535, 535Α"
510014: 4η ΑΝΟΙΞΕΩΣ,"510014","510014",4η ΑΝΟΙΞΕΩΣ,4th ANOIXEOS,ΛΕΩΦ.ΑΝΟΙΞΕΩΣ,"535, 535Α"
510015: 3η ΑΝΟΙΞΕΩΣ,"510015","510015",3η ΑΝΟΙΞΕΩΣ,3rd ANOIXEOS,ΛΕΩΦ.ΑΝΟΙΞΕΩΣ,"535, 535Α"
510016: Δ.Ε.Η,"510016","510016",Δ.Ε.Η,D.E.H,ΛΕΩΦ.ΑΝΟΙΞΕΩΣ,"535, 535Α"
510017: ΑΓΑΜΕΜΝΟΝΟΣ,"510017","510017",ΑΓΑΜΕΜΝΟΝΟΣ,AGAMEMNONOS,ΛΕΩΦ.ΑΝΟΙΞΕΩΣ,"535, 535Α"
510018: ΠΑΝΑΓΙΤΣΑ,"510018","510018",ΠΑΝΑΓΙΤΣΑ,PANAGITSA,ΛΕΩΦ.ΜΑΡΑΘΩΝΟΣ,"509, 509Β, 535, 535Α, Α7"
510019: ΜΠΑΡΜΠΑΛΑΜΠΡΟΥ,"510019","510019",ΜΠΑΡΜΠΑΛΑΜΠΡΟΥ,MPARMPALAMPROY,ΛΕΩΦ.ΜΑΡΑΘΩΝΟΣ,"509, 509Β, 535, 535Α, Α7"
510020: ΜΑΡΑΘΩΝΟΣ,"510020","510020",ΜΑΡΑΘΩΝΟΣ,MARATHONOS,ΛΕΩΦ.ΜΑΡΑΘΩΝΟΣ,"509, 509Β, 535, 535Α, Α7"
510021: ΜΠΑΡΜΠΑΛΑΜΠΡΟΥ,"510021","510021",ΜΠΑΡΜΠΑΛΑΜΠΡΟΥ,MPARMPALAMPROY,ΛΕΩΦ.ΜΑΡΑΘΩΝΟΣ,"509, 509Β, 535, 535Α, Α7"
510022: ΠΑΝΑΓΙΤΣΑ,"510022","510022",ΠΑΝΑΓΙΤΣΑ,PANAGITSA,ΛΕΩΦ.ΜΑΡΑΘΩΝΟΣ,"509, 509Β, 535, 535Α, Α7"
520001: Β' ΛΙΜΑΝΑΚΙΑ,"520001","520001",Β' ΛΙΜΑΝΑΚΙΑ,B' LIMANAKIA,ΠΟΣΕΙΔΩΝΟΣ,"115, 117, 122, Α2"
520002: ΚΑΜΠΙΝΓΚ ΒΑΡΚΙΖΑΣ,"520002","520002",ΚΑΜΠΙΝΓΚ ΒΑΡΚΙΖΑΣ,CAMPING BARKIZAS,ΠΟΣΕΙΔΩΝΟΣ,"115, 117, 122, Α2"
520003: ΒΑΡΚΙΖΑ,"520003","520003",ΒΑΡΚΙΖΑ,BARKIZA,ΛΕΩΦ.ΑΘΗΝΩΝ-ΣΟΥΝΙΟΥ,"122"
520004: ΚΑΝΑΡΙΑ,"520004","520004",ΚΑΝΑΡΙΑ,KANARIA,ΠΟΣΕΙΔΩΝΟΣ,"115, 117, 122, Α2"
520005: ΜΥΣΤΡΑΛ,"520005","520005",ΜΥΣΤΡΑΛ,MYSTRAL,ΠΟΣΕΙΔΩΝΟΣ,"115, 117, 122, Α2"
520006: ΠΛ. ΒΑΡΚΙΖΑΣ,"520006","520006",ΠΛ. ΒΑΡΚΙΖΑΣ,PL. BARKIZAS,ΠΟΣΕΙΔΩΝΟΣ,"115, 117, 122, Α2"
520007: ΔΥΡΡΑΧΙΟΥ,"520007","520007",ΔΥΡΡΑΧΙΟΥ,DYRRAXIOY,ΛΕΩΦ.ΒΑΡΗΣ-ΚΟΡΩΠΙΟΥ,"115, 116, 117, 120"
520008: ΠΛ. ΒΑΡΚΙΖΑΣ,"520008","520008",ΠΛ. ΒΑΡΚΙΖΑΣ,PL. BARKIZAS,ΠΟΣΕΙΔΩΝΟΣ,"115, 117, 122, Α1, Α2"
520009: ΦΟΥΡΝΟΣ,"520009","520009",ΦΟΥΡΝΟΣ,FOYRNOS,ΠΟΣΕΙΔΩΝΟΣ,"115, 117, 122"
520010: ΣΟΥΝΙΟΥ,"520010","520010",ΣΟΥΝΙΟΥ,SOYNIOY,ΒΑΣ.ΚΩΝΣΤΑΝΤΙΝΟΥ,"115, 117, 171, Α1, Α2"
520012: ΑΡΙΣΤΟΓΕΙΤΟΝΟΣ,"520012","520012",ΑΡΙΣΤΟΓΕΙΤΟΝΟΣ,ARISTOGEITONOS,ΒΑΣ.ΚΩΝΣΤΑΝΤΙΝΟΥ,"115, 117, 171, Α2"
520013: ΚΥΠΡΟΥ,"520013","520013",ΚΥΠΡΟΥ,KYPROY,ΒΑΣ.ΚΩΝΣΤΑΝΤΙΝΟΥ,"115, 117, 171, Α2"
520014: ΔΗΜΑΡΧΕΙΟ,"520014","520014",ΔΗΜΑΡΧΕΙΟ,DHMARXEIO,ΒΑΣ.ΚΩΝΣΤΑΝΤΙΝΟΥ,"115, 117, 171, Α2"
520015: ΠΛ. ΔΗΜΑ,"520015","520015",ΠΛ. ΔΗΜΑ,PL. DHMA,ΒΑΣ.ΚΩΝ/ΝΟΥ(ΠΛ.ΔΗΜΑ),"115, 117, 171, Α2"
520016: ΕΚΚΛΗΣΙΑ ΒΑΡΗΣ,"520016","520016",ΕΚΚΛΗΣΙΑ ΒΑΡΗΣ,EKKLHSIA BARHS,ΠΛ.ΗΡΩΩΝ,"115, 117, 171"
520017: ΔΙΛΟΦΟ,"520017","520017",ΔΙΛΟΦΟ,DILOFO,ΛΕΩΦ.ΒΑΡΗΣ-ΚΟΡΩΠΙΟΥ,"116, 120, 171, Χ96, Χ97"
520018: ΔΙΛΟΦΟ,"520018","520018",ΔΙΛΟΦΟ,DILOFO,ΛΕΩΦ.ΒΑΡΗΣ-ΚΟΡΩΠΙΟΥ,"116, 120, 171, Χ96, Χ97"
520019: ΑΣΤΥΝΟΜΙΑ,"520019","520019",ΑΣΤΥΝΟΜΙΑ,ASTYNOMIA,ΒΑΣ.ΚΩΝΣΤΑΝΤΙΝΟΥ,"115, 117, 171, Α1, Α2"
520020: ΔΗΜΑΡΧΕΙΟ,"520020","520020",ΔΗΜΑΡΧΕΙΟ,DHMARXEIO,ΒΑΣ.ΚΩΝΣΤΑΝΤΙΝΟΥ,"115, 117, 171, Α1, Α2"
520021: ΚΥΠΡΟΥ,"520021","520021",ΚΥΠΡΟΥ,KYPROY,ΒΑΣ.ΚΩΝΣΤΑΝΤΙΝΟΥ,"115, 117, 171, Α1, Α2"
520022: ΑΡΙΣΤΟΓΕΙΤΟΝΟΣ,"520022","520022",ΑΡΙΣΤΟΓΕΙΤΟΝΟΣ,ARISTOGEITONOS,ΒΑΣ.ΚΩΝΣΤΑΝΤΙΝΟΥ,"115, 117, 171, Α1, Α2"
520024: ΜΥΣΤΡΑΛ,"520024","520024",ΜΥΣΤΡΑΛ,MYSTRAL,ΠΟΣΕΙΔΩΝΟΣ,"115, 117, 122, Α1, Α2"
520025: ΒΑΡΚΙΖΑ,"520025","520025",ΒΑΡΚΙΖΑ,BARKIZA,ΛΕΩΦ.ΑΘΗΝΩΝ-ΣΟΥΝΙΟΥ,"122"
520026: ΚΑΝΑΡΙΑ,"520026","520026",ΚΑΝΑΡΙΑ,KANARIA,ΠΟΣΕΙΔΩΝΟΣ,"115, 117, 122, Α1, Α2"
520027: ΚΑΜΠΙΝΓΚ ΒΑΡΚΙΖΑΣ,"520027","520027",ΚΑΜΠΙΝΓΚ ΒΑΡΚΙΖΑΣ,CAMPING BARKIZAS,ΠΟΣΕΙΔΩΝΟΣ,"115, 117, 122, Α1, Α2"
520028: Β' ΛΙΜΑΝΑΚΙΑ,"520028","520028",Β' ΛΙΜΑΝΑΚΙΑ,B' LIMANAKIA,ΠΟΣΕΙΔΩΝΟΣ,"115, 117, 122, Α1, Α2"
520029: ΚΥΚΛΑΔΩΝ,"520029","520029",ΚΥΚΛΑΔΩΝ,KYKLADON,ΛΕΩΦ.ΒΑΡΗΣ-ΚΟΡΩΠΙΟΥ,"115, 116, 120"
520030: ΤΣΑΓΚΑΡΑΚΗ,"520030","520030",ΤΣΑΓΚΑΡΑΚΗ,TSAGKARAKH,ΛΕΩΦ.ΒΑΡΗΣ-ΚΟΡΩΠΙΟΥ,"115, 116, 120"
520031: ΒΕΝΖΙΝΗ,"520031","520031",ΒΕΝΖΙΝΗ,BENZINH,ΛΕΩΦ.ΒΑΡΗΣ-ΚΟΡΩΠΙΟΥ,"115, 116, 120"
520032: ΒΑΡΚΙΖΑ,"520032","520032",ΒΑΡΚΙΖΑ,BARKIZA,ΠΑΡΑΔ.ΛΕΩΦ.ΑΘΗΝΩΝ-ΣΟΥΝΙΟΥ,"171"
520033: ΒΕΝΖΙΝΗ,"520033","520033",ΒΕΝΖΙΝΗ,BENZINH,ΛΕΩΦ.ΒΑΡΗΣ-ΚΟΡΩΠΙΟΥ,"115, 116, 120"
520034: ΤΣΑΓΚΑΡΑΚΗ,"520034","520034",ΤΣΑΓΚΑΡΑΚΗ,TSAGKARAKH,ΛΕΩΦ.ΒΑΡΗΣ-ΚΟΡΩΠΙΟΥ,"115, 116, 120"
520035: ΚΥΚΛΑΔΩΝ,"520035","520035",ΚΥΚΛΑΔΩΝ,KYKLADON,ΛΕΩΦ.ΒΑΡΗΣ-ΚΟΡΩΠΙΟΥ,"115, 116, 120"
520036: ΕΚΚΛΗΣΙΑ,"520036","520036",ΕΚΚΛΗΣΙΑ,EKKLHSIA,ΛΕΩΦ.ΒΑΡΗΣ-ΚΟΡΩΠΙΟΥ,"116, 120, 171, Χ96, Χ97"
520037: ΕΚΚΛΗΣΙΑ,"520037","520037",ΕΚΚΛΗΣΙΑ,EKKLHSIA,ΛΕΩΦ.ΒΑΡΗΣ-ΚΟΡΩΠΙΟΥ,"116, 120, 171, Χ96, Χ97"
520038: ΚΑΤΣΙΚΗ,"520038","520038",ΚΑΤΣΙΚΗ,KATSIKH,ΛΕΩΦ.ΒΑΡΗΣ-ΚΟΡΩΠΙΟΥ,"115, 116, 120"
520039: ΑΜΟΡΓΟΥ,"520039","520039",ΑΜΟΡΓΟΥ,AMORGOY,ΛΕΩΦ.ΒΑΡΗΣ-ΚΟΡΩΠΙΟΥ,"115, 116, 120"
520040: ΣΧ. ΕΥΕΛΠΙΔΩΝ,"520040","520040",ΣΧ. ΕΥΕΛΠΙΔΩΝ,SX .EYELPIDON,ΛΕΩΦ.ΒΑΡΗΣ-ΚΟΡΩΠΙΟΥ,"115, 116, 120, Χ96, Χ97"
520041: ΛΟΥΝΑ - ΠΑΡΚ,"520041","520041",ΛΟΥΝΑ - ΠΑΡΚ,LOYNA - PARK,ΠΑΡΑΔ.ΛΕΩΦ.ΑΘΗΝΩΝ-ΣΟΥΝΙΟΥ,"171"
520042: Β' ΓΥΜΝΑΣΙΟ,"520042","520042",Β' ΓΥΜΝΑΣΙΟ,B' GYMNASIO,ΛΕΩΦ.ΒΑΡΗΣ-ΚΟΡΩΠΙΟΥ,"116, 120, 171"
520043: Β' ΓΥΜΝΑΣΙΟ,"520043","520043",Β' ΓΥΜΝΑΣΙΟ,B 'GYMNASIO,ΛΕΩΦ.ΒΑΡΗΣ-ΚΟΡΩΠΙΟΥ,"116, 120, 171"
520044: ΚΑΤΣΙΚΗ,"520044","520044",ΚΑΤΣΙΚΗ,KATSIKH,ΛΕΩΦ.ΒΑΡΗΣ-ΚΟΡΩΠΙΟΥ,"115, 116, 120"
520045: ΣΧ. ΕΥΕΛΠΙΔΩΝ,"520045","520045",ΣΧ. ΕΥΕΛΠΙΔΩΝ,SX. EYELPIDON,ΛΕΩΦ.ΒΑΡΗΣ-ΚΟΡΩΠΙΟΥ,"115, 116, 120, Χ96, Χ97"
520046: ΒΑΡΚΙΖΑ,"520046","520046",ΒΑΡΚΙΖΑ,BARKIZA,ΠΑΡΑΔ.ΛΕΩΦ.ΑΘΗΝΩΝ-ΣΟΥΝΙΟΥ,"171"
520047: ΛΟΥΝΑ - ΠΑΡΚ,"520047","520047",ΛΟΥΝΑ - ΠΑΡΚ,LOYNA - PARK,ΠΑΡΑΔ.ΛΕΩΦ.ΑΘΗΝΩΝ-ΣΟΥΝΙΟΥ,"171"
520048: ΣΟΥΝΙΟΥ,"520048","520048",ΣΟΥΝΙΟΥ,SOYNIOY,ΒΑΣ.ΚΩΝΣΤΑΝΤΙΝΟΥ,"117, 171, Α2"
520052: ΝΙΚ. ΠΛΑΣΤΗΡΑ,"520052","520052",ΝΙΚ. ΠΛΑΣΤΗΡΑ,NIK. PLASTHRA,ΜΑΡΑΘΩΝΟΜΑΧΩΝ,"115, 116"
520053: ΓΕΩΡ. ΠΑΠΑΝΔΡΕΟΥ,"520053","520053",ΓΕΩΡ. ΠΑΠΑΝΔΡΕΟΥ,GEORG. PAPANDREOY,28ης ΟΚΤΩΒΡΙΟΥ,"115, 116"
520056: ΕΘΝ. ΑΝΤΙΣΤΑΣΕΩΣ,"520056","520056",ΕΘΝ. ΑΝΤΙΣΤΑΣΕΩΣ,ETHN. ANTISTASEOS,28ης ΟΚΤΩΒΡΙΟΥ,"115, 116"
520057: ΕΛ. ΒΕΝΙΖΕΛΟΥ,"520057","520057",ΕΛ. ΒΕΝΙΖΕΛΟΥ,EL. BENIZELOY,25ης ΜΑΡΤΙΟΥ,"115, 116"
520058: ΑΓΩΝΙΣΤΩΝ,"520058","520058",ΑΓΩΝΙΣΤΩΝ,AGONISTON,25ης ΜΑΡΤΙΟΥ,"115, 116"
520059: ΔΗΜΟΚΡΑΤΙΑΣ,"520059","520059",ΔΗΜΟΚΡΑΤΙΑΣ,DHMOKRATIAS,25ης ΜΑΡΤΙΟΥ,"115, 116"
520060: ΑΜΟΡΓΟΥ,"520060","520060",ΑΜΟΡΓΟΥ,AMORGOY,ΛΕΩΦ.ΒΑΡΗΣ-ΚΟΡΩΠΙΟΥ,"115, 116, 120"
520062: ΚΟΡΑΗ,"520062","520062",ΚΟΡΑΗ,KORAH,ΑΘ.ΔΙΑΚΟΥ,"117"
520063: ΑΝΘΕΩΝ,"520063","520063",ΑΝΘΕΩΝ,ANTHEON,ΑΘ.ΔΙΑΚΟΥ,"117"
520067: 1η ΔΥΡΡΑΧΙΟΥ,"520067","520067",1η ΔΥΡΡΑΧΙΟΥ,1st DYRRAXIOY,ΔΥΡΡΑΧΙΟΥ,"117"
520068: ΒΟΚΤΑΣ,"520068","520068",ΒΟΚΤΑΣ,BOKTAS,ΑΘ.ΔΙΑΚΟΥ,"117"
520070: ΓΗΠΕΔΟ ΤΕΝΝΙΣ,"520070","520070",ΓΗΠΕΔΟ ΤΕΝΝΙΣ,GHPEDO TENNIS,ΑΘ.ΔΙΑΚΟΥ,"117"
520073: ΑΙΓΑΙΟΥ,"520073","520073",ΑΙΓΑΙΟΥ,AIGAIOY,ΛΕΩΦ.ΑΘΗΝΩΝ-ΣΟΥΝΙΟΥ,"122"
520074: ΑΙΓΑΙΟΥ,"520074","520074",ΑΙΓΑΙΟΥ,AIGAIOY,ΛΕΩΦ.ΑΘΗΝΩΝ-ΣΟΥΝΙΟΥ,"122"
520080: ΜΠΡΑΛΟΥ,"520080","520080",ΜΠΡΑΛΟΥ,MPRALOY,ΑΝΔ.ΠΑΠΑΝΔΡΕΟΥ,"116"
520081: ΜΑΚΕΔΟΝΙΑ,"520081","520081",ΜΑΚΕΔΟΝΙΑ,MAKEDONIA,28ης ΟΚΤΩΒΡΙΟΥ,"116"
520082: ΠΛΑΣΤΗΡΑ,"520082","10636",ΠΛΑΣΤΗΡΑ,PLASTHRA,28ης ΟΚΤΩΒΡΙΟΥ,"116"
520087: 1η ΑΙΓΑΙΟΥ,"520087","520087",1η ΑΙΓΑΙΟΥ,1st AIGAIOY,ΑΙΓΑΙΟΥ,"117"
520088: 2η ΑΙΓΑΙΟΥ,"520088","520088",2η ΑΙΓΑΙΟΥ,2nd AIGAIOY,ΑΙΓΑΙΟΥ,"117"
520089: 1η ΤΡΙΠΤΟΛΕΜΟΥ,"520089","520089",1η ΤΡΙΠΤΟΛΕΜΟΥ,1st TRIPTOLEMOY,ΤΡΙΠΤΟΛΕΜΟΥ,"117"
520090: 2η ΤΡΙΠΤΟΛΕΜΟΥ,"520090","520090",2η ΤΡΙΠΤΟΛΕΜΟΥ,2nd TRIPTOLEMOY,ΤΡΙΠΤΟΛΕΜΟΥ,"117"
520091: 3η ΤΡΙΠΤΟΛΕΜΟΥ,"520091","520091",3η ΤΡΙΠΤΟΛΕΜΟΥ,3rd TRIPTOLEMOY,ΤΡΙΠΤΟΛΕΜΟΥ,"117"
520092: 4η ΤΡΙΠΤΟΛΕΜΟΥ,"520092","520092",4η ΤΡΙΠΤΟΛΕΜΟΥ,4th TRIPTOLEMOY,ΤΡΙΠΤΟΛΕΜΟΥ,"117"
520094: ΔΥΡΡΑΧΙΟΥ,"520094","520094",ΔΥΡΡΑΧΙΟΥ,DYRRAXIOY,ΒΑΡΗΣ ΚΟΡΩΠΙΟΥ,"116, 120"
520095: ΑΝΔΡΟΥ,"520095","10805",ΑΝΔΡΟΥ,ANDROY,Λ. ΒΑΡΗΣ-ΒΑΡΚΙΖΗΣ,"116, 120, 171"
530001: ΠΙΚΠΑ,"530001","530001",ΠΙΚΠΑ,PIKPA,ΛΕΩΦ.ΚΩΝ.ΚΑΡΑΜΑΝΛΗ,"115, 116, 117, 122, Α1, Α2, Χ96"
530002: Α ΠΛΑΖ ΒΟΥΛΑΣ,"530002","530002",Α ΠΛΑΖ ΒΟΥΛΑΣ,A PLAZ BOYLAS,ΛΕΩΦ.ΚΩΝ.ΚΑΡΑΜΑΝΛΗ,"115, 116, 117, 122, Α1, Α2, Χ96"
530003: ΝΟΣΟΚΟΜΕΙΟ,"530003","530003",ΝΟΣΟΚΟΜΕΙΟ,NOSOKOMEIO,ΛΕΩΦ.ΚΩΝ.ΚΑΡΑΜΑΝΛΗ,"115, 116, 117, 122, Χ96"
530004: ΠΕΥΚΟ,"530004","530004",ΠΕΥΚΟ,PEYKO,ΛΕΩΦ.ΚΩΝ.ΚΑΡΑΜΑΝΛΗ,"115, 116, 117, 122"
530005: ΜΟΝΤΕ ΚΑΡΛΟ,"530005","530005",ΜΟΝΤΕ ΚΑΡΛΟ,MONTE KARLO,ΛΕΩΦ.ΚΩΝ.ΚΑΡΑΜΑΝΛΗ,"115, 116, 117, 122"
530006: ΓΑΛΗΝΗ,"530006","530006",ΓΑΛΗΝΗ,GALHNH,ΛΕΩΦ.ΚΩΝ.ΚΑΡΑΜΑΝΛΗ,"115, 116, 117, 122, 162, Α1, Α2, Χ96"
530007: Β' ΠΛΑΖ ΒΟΥΛΑΣ,"530007","530007",Β' ΠΛΑΖ ΒΟΥΛΑΣ,B' PLAZ BOYLAS,ΛΕΩΦ.ΚΩΝ.ΚΑΡΑΜΑΝΛΗ,"115, 116, 117, 122, Α2"
530008: ΠΗΓΑΔΑΚΙΑ,"530008","530008",ΠΗΓΑΔΑΚΙΑ,PHGADAKIA,ΛΕΩΦ.ΚΩΝ.ΚΑΡΑΜΑΝΛΗ,"115, 117, 122, Α2"
530010: ΞΕΝ. ΚΑΒΟΥΡΙ,"530010","530010",ΞΕΝ. ΚΑΒΟΥΡΙ,XEN. KABOYRI,ΛΕΩΦ.ΚΩΝ.ΚΑΡΑΜΑΝΛΗ,"115, 117, 122, Α1, Α2"
530011: ΠΗΓΑΔΑΚΙΑ,"530011","530011",ΠΗΓΑΔΑΚΙΑ,PHGADAKIA,ΛΕΩΦ.ΚΩΝ.ΚΑΡΑΜΑΝΛΗ,"115, 117, 122, Α1, Α2"
530012: Β' ΠΛΑΖ ΒΟΥΛΑΣ,"530012","530012",Β' ΠΛΑΖ ΒΟΥΛΑΣ,B' PLAZ BOYLAS,ΛΕΩΦ.ΚΩΝ.ΚΑΡΑΜΑΝΛΗ,"115, 116, 117, 122, 162, Α1, Α2"
530013: ΓΑΛΗΝΗ,"530013","530013",ΓΑΛΗΝΗ,GALHNH,ΛΕΩΦ.ΚΩΝ.ΚΑΡΑΜΑΝΛΗ,"115, 116, 117, 122, 162, Α1, Α2, Χ96"
530014: ΜΟΝΤΕ ΚΑΡΛΟ,"530014","530014",ΜΟΝΤΕ ΚΑΡΛΟ,MONTE KARLO,ΛΕΩΦ.ΚΩΝ.ΚΑΡΑΜΑΝΛΗ,"115, 116, 117, 122"
530015: ΠΕΥΚΟ,"530015","530015",ΠΕΥΚΟ,PEYKO,ΛΕΩΦ.ΚΩΝ.ΚΑΡΑΜΑΝΛΗ,"115, 116, 117, 122"
530016: ΝΟΣΟΚΟΜΕΙΟ,"530016","530016",ΝΟΣΟΚΟΜΕΙΟ,NOSOKOMEIO,ΛΕΩΦ.ΚΩΝ.ΚΑΡΑΜΑΝΛΗ,"115, 116, 117, 122, Α1, Α2, Χ96"
530018: Α' ΠΛΑΖ ΒΟΥΛΑΣ,"530018","530018",Α' ΠΛΑΖ ΒΟΥΛΑΣ,A' PLAZ BOYLAS,ΛΕΩΦ.ΚΩΝ.ΚΑΡΑΜΑΝΛΗ,"115, 116, 117, 122, Α1, Α2, Χ96"
530019: ΠΙΚΠΑ,"530019","530019",ΠΙΚΠΑ,PIKPA,ΛΕΩΦ.ΚΩΝ.ΚΑΡΑΜΑΝΛΗ,"115, 116, 117, 122, Α1, Α2, Χ96"
530020: ΝΟΣΟΚΟΜΕΙΟ,"530020","530020",ΝΟΣΟΚΟΜΕΙΟ,NOSOKOMEIO,ΛΕΩΦ.ΒΑΣ.ΠΑΥΛΟΥ,"Α1, Α2"
530021: ΒΕΝΙΖΕΛΟΥ,"530021","530021",ΒΕΝΙΖΕΛΟΥ,BENIZELOY,ΙΠΠΟΚΡΑΤΟΥΣ,"Α1, Α2"
530022: ΓΑΛΗΝΟΥ,"530022","530022",ΓΑΛΗΝΟΥ,GALHNOY,ΙΠΠΟΚΡΑΤΟΥΣ,"Α1, Α2"
530023: ΣΩΚΡΑΤΟΥΣ,"530023","530023",ΣΩΚΡΑΤΟΥΣ,SOKRATOYS,ΙΠΠΟΚΡΑΤΟΥΣ,"Α1, Α2"
530024: ΞΕΝΟΦΩΝΤΟΣ,"530024","530024",ΞΕΝΟΦΩΝΤΟΣ,XENOFONTOS,ΑΘΗΝΑΣ,"Α1, Α2"
530025: ΑΦΡΟΔΙΤΗΣ,"530025","530025",ΑΦΡΟΔΙΤΗΣ,AFRODITHS,ΛΕΩΦ.ΒΑΣ.ΠΑΥΛΟΥ,"162, Α1, Α2"
530026: ΠΑΛ. ΤΕΡΜΑ,"530026","530026",ΠΑΛ. ΤΕΡΜΑ,PAL. TERMA,ΖΕΦΥΡΟΥ,"162, Α1, Α2"
530028: ΑΦΡΟΔΙΤΗΣ,"530028","530028",ΑΦΡΟΔΙΤΗΣ,AFRODITHS,ΛΕΩΦ.ΒΑΣ.ΠΑΥΛΟΥ,"162, Α1, Α2"
530029: ΞΕΝΟΦΩΝΤΟΣ,"530029","530029",ΞΕΝΟΦΩΝΤΟΣ,XENOFONTOS,ΛΥΚΟΥΡΓΟΥ,"162, Α1, Α2"
530030: ΣΩΚΡΑΤΟΥΣ,"530030","530030",ΣΩΚΡΑΤΟΥΣ,SOKRATOYS,ΣΩΚΡΑΤΟΥΣ,"162, Α1, Α2"
530031: ΓΑΛΗΝΟΥ,"530031","530031",ΓΑΛΗΝΟΥ,GALHNOY,ΙΠΠΟΚΡΑΤΟΥΣ,"Α1, Α2"
530032: ΒΕΝΙΖΕΛΟΥ,"530032","530032",ΒΕΝΙΖΕΛΟΥ,BENIZELOY,ΛΕΩΦ.ΒΑΣ.ΠΑΥΛΟΥ,"Α1, Α2"
530035: ΟΥΡΑΝΟΥ,"530035","530035",ΟΥΡΑΝΟΥ,OYRANOY,ΛΕΩΦ.ΚΩΝ.ΚΑΡΑΜΑΝΛΗ,"115, 117, 122, Α1, Α2"
530036: ΑΓ. ΝΙΚΟΛΑΟΣ,"530036","530036",ΑΓ. ΝΙΚΟΛΑΟΣ,AG. NIKOLAOS,ΛΕΩΦ.ΚΩΝ.ΚΑΡΑΜΑΝΛΗ,"115, 117, 122, Α1, Α2"
530040: ΑΓ. ΙΩΑΝΝΗΣ,"530040","530040",ΑΓ. ΙΩΑΝΝΗΣ,AG. IOANNHS,ΛΕΩΦ.ΒΑΣ.ΠΑΥΛΟΥ,"162, Α1, Α2"
530041: ΑΓ. ΙΩΑΝΝΗΣ,"530041","530041",ΑΓ. ΙΩΑΝΝΗΣ,AG. IOANNHS,ΛΕΩΦ.ΒΟΥΛΙΑΓΜΕΝΗΣ,"120, 171, Χ97"
530042: ΠΗΓΑΔΑΚΙΑ,"530042","530042",ΠΗΓΑΔΑΚΙΑ,PHGADAKIA,ΛΕΩΦ.ΒΑΡΗΣ,"116, Χ96"
530043: ΣΕΡΡΩΝ,"530043","530043",ΣΕΡΡΩΝ,SERRON,ΛΕΩΦ.ΒΑΡΗΣ,"116"
530044: ΚΑΝΕΛΛΟΠΟΥΛΟΥ,"530044","530044",ΚΑΝΕΛΛΟΠΟΥΛΟΥ,KANELLOPOYLOY,ΛΕΩΦ.ΒΑΡΗΣ,"116"
530045: ΚΑΝΕΛΛΟΠΟΥΛΟΥ,"530045","530045",ΚΑΝΕΛΛΟΠΟΥΛΟΥ,KANELLOPOYLOY,ΛΕΩΦ.ΒΑΡΗΣ,"116"
530046: ΣΕΡΡΩΝ,"530046","530046",ΣΕΡΡΩΝ,SERRON,ΛΕΩΦ.ΒΑΡΗΣ,"116"
530047: ΠΗΓΑΔΑΚΙΑ,"530047","530047",ΠΗΓΑΔΑΚΙΑ,PHGADAKIA,ΛΕΩΦ.ΒΑΡΗΣ,"116, Χ96"
530048: ΧΕΙΜΑΡΑΣ,"530048","530048",ΧΕΙΜΑΡΑΣ,XEIMARAS,ΖΑΚΥΝΘΟΥ,"162"
530049: ΑΓ. ΙΩΑΝΝΗΣ,"530049","530049",ΑΓ. ΙΩΑΝΝΗΣ,AG. IOANNHS,ΛΕΩΦ.ΒΟΥΛΙΑΓΜΕΝΗΣ,"120, 171, Χ97"
530050: 1η ΣΩΚΡΑΤΟΥΣ,"530050","530050",1η ΣΩΚΡΑΤΟΥΣ,1st SOKRATOYS,ΣΩΚΡΑΤΟΥΣ,"162"
530051: ΠΡΟΟΔΟΥ,"530051","530051",ΠΡΟΟΔΟΥ,PROODOY,ΛΕΩΦ.ΒΟΥΛΙΑΓΜΕΝΗΣ,"120, 162, 171"
530053: ΙΠΠΟΚΡΑΤΟΥΣ,"530053","530053",ΙΠΠΟΚΡΑΤΟΥΣ,IPPOKRATOYS,ΠΡΙΓΚ. ΠΕΤΡΟΥ,"128, 162"
530057: 9η ΒΟΥΛΑΣ,"530057","530057",9η ΒΟΥΛΑΣ,9th BOYLAS,ΣΩΚΡΑΤΟΥΣ,"162"
530058: ΓΗΠΕΔΟ ΒΟΥΛΑΣ,"530058","530058",ΓΗΠΕΔΟ ΒΟΥΛΑΣ,GHPEDO BOYLAS,ΠΕΡΙΚΛΕΟΥΣ,"162"
530060: ΠΛΑΠΟΥΤΑ,"530060","530060",ΠΛΑΠΟΥΤΑ,PLAPOYTA,ΣΤΡ. ΠΑΠΑΓΟΥ,"162"
530063: ΜΕΓ. ΒΑΣΙΛΕΙΟΥ,"530063","530063",ΜΕΓ. ΒΑΣΙΛΕΙΟΥ,MEG. BASILEIOY,ΚΑΛΥΜΝΟΥ,"120, 171"
530065: ΞΑΝΘΟΥ,"530065","530065",ΞΑΝΘΟΥ,XANTHOY,ΚΑΛΥΜΝΟΥ,"120, 171, Χ97"
530066: ΣΤΡΟΦΗ,"530066","530066",ΣΤΡΟΦΗ,STROFH,ΚΑΛΥΜΝΟΥ,"120, 171"
530067: ΘΕΡΜΟΠΥΛΩΝ,"530067","530067",ΘΕΡΜΟΠΥΛΩΝ,THERMOPYLON,ΛΕΩΦ.ΒΑΡΗΣ,"116"
530068: ΑΛΣΟΣ,"530068","530068",ΑΛΣΟΣ,ALSOS,ΠΡΟΟΔΟΥ,"162"
530069: ΕΥΔΑΠ,"530069","530069",ΕΥΔΑΠ,EYDAP,ΣΜΟΛΙΚΑ,"162"
530070: ΣΜΟΛΙΚΑ,"530070","530070",ΣΜΟΛΙΚΑ,SMOLIKA,ΣΜΟΛΙΚΑ,"162"
530071: ΕΥΔΑΠ,"530071","530071",ΕΥΔΑΠ,EYDAP,ΥΜΗΤΤΟΥ,"162"
530072: ΝΙΡΒΑΝΑ,"530072","530072",ΝΙΡΒΑΝΑ,NIRBANA,ΛΕΩΦ.ΒΟΥΛΙΑΓΜΕΝΗΣ,"120, 171, Χ97"
530073: ΠΑΛΑΜΑ,"530073","530073",ΠΑΛΑΜΑ,PALAMA,ΛΕΩΦ.ΒΟΥΛΙΑΓΜΕΝΗΣ,"120, 171"
530074: ΚΑΛΥΜΝΟΥ,"530074","530074",ΚΑΛΥΜΝΟΥ,KALYMNOY,ΚΑΛΥΜΝΟΥ,"120, 171"
530075: ΚΑΛΥΜΝΟΥ,"530075","530075",ΚΑΛΥΜΝΟΥ,KALYMNOY,ΛΕΩΦ.ΒΟΥΛΙΑΓΜΕΝΗΣ,"120, 171"
530076: ΠΑΛΑΜΑ,"530076","530076",ΠΑΛΑΜΑ,PALAMA,ΛΕΩΦ.ΒΟΥΛΙΑΓΜΕΝΗΣ,"120, 171"
530077: ΝΙΡΒΑΝΑ,"530077","530077",ΝΙΡΒΑΝΑ,NIRBANA,ΛΕΩΦ.ΒΟΥΛΙΑΓΜΕΝΗΣ,"120, 171, Χ97"
530078: ΔΡΑΓΑΤΣΑΝΙΟΥ,"530078","530078",ΔΡΑΓΑΤΣΑΝΙΟΥ,DRAGATSANIOY,ΚΑΛΥΜΝΟΥ,"120, 171"
530079: ΞΑΝΘΟΥ,"530079","530079",ΞΑΝΘΟΥ,XANTHOY,ΚΑΛΥΜΝΟΥ,"120, 171, Χ97"
530080: ΠΡΟΟΔΟΥ,"530080","530080",ΠΡΟΟΔΟΥ,PROODOY,ΛΕΩΦ.ΒΟΥΛΙΑΓΜΕΝΗΣ,"120, 171"
530081: ΜΕΓ. ΒΑΣΙΛΕΙΟΥ,"530081","530081",ΜΕΓ. ΒΑΣΙΛΕΙΟΥ,MEG. BASILEIOY,ΚΑΛΥΜΝΟΥ,"120, 171"
530083: ΠΛ. ΑΛΣΟΥΣ,"530083","530083",ΠΛ. ΑΛΣΟΥΣ,PL. ALSOYS,ΖΑΚΥΝΘΟΥ,"154"
530085: ΠΡΟΟΔΟΥ,"530085","530085",ΠΡΟΟΔΟΥ,PROODOY,ΠΕΙΡΑΙΩΣ,"162"
530104: 3η ΠΡΟΟΔΟΥ,"530104","530104",3η ΠΡΟΟΔΟΥ,3rd PROODOY,ΠΡΟΟΔΟΥ,"154"
530105: ΝΗΡΕΩΣ,"530105","530105",ΝΗΡΕΩΣ,NHREOS,ΛΕΩΦ.ΚΩΝ.ΚΑΡΑΜΑΝΛΗ,"115, 116, 117, 122"
530108: ΤΕΡΜΑ - ΑΠΟΒΙΒΑΣΗ,"530108","530108",ΤΕΡΜΑ - ΑΠΟΒΙΒΑΣΗ,TERMA - APOBIBASH,ΠΑΡΑΔ.ΛΕΩΦ.ΚΩΝ.ΚΑΡΑΜΑΝΛΗ,"Α1, Α2"
530109: ΝΗΡΕΩΣ,"530109","530109",ΝΗΡΕΩΣ,NHREOS,ΖΕΦΥΡΟΥ,"162, Α1, Α2"
530112: ΙΘΑΚΗΣ,"530112","530112",ΙΘΑΚΗΣ,ITHAKHS,ΖΑΚΥΝΘΟΥ,"162"
530114: ΠΑΠΑΓΟΥ,"530114","530114",ΠΑΠΑΓΟΥ,PAPAGOY,ΣΩΚΡΑΤΟΥΣ,"162"
530117: ΠΛ. ΔΑΒΑΚΗ,"530117","530117",ΠΛ. ΔΑΒΑΚΗ,PL. DABAKH,ΖΑΚΥΝΘΟΥ,"162"
530120: ΒΟΥΤΥΡΑ,"530120","530120",ΒΟΥΤΥΡΑ,BOYTYRA,ΔΕΡΒΕΝΑΚΙΩΝ,"154, 162"
530121: ΕΡΜΟΥ,"530121","530121",ΕΡΜΟΥ,ERMOY,ΔΕΡΒΕΝΑΚΙΩΝ,"154"
530122: ΕΥΡΙΔΙΚΗΣ,"530122","530122",ΕΥΡΙΔΙΚΗΣ,EYRIDIKHS,ΑΠΟΛΛΩΝΟΣ,"154"
530123: ΠΕΙΡΑΙΩΣ,"530123","530123",ΠΕΙΡΑΙΩΣ,PEIRAIOS,ΑΠΟΛΛΩΝΟΣ,"154"
530125: ΚΩΣΤΗΣ ΠΑΛΑΜΑΣ,"530125","530125",ΚΩΣΤΗΣ ΠΑΛΑΜΑΣ,KOSTHS PALAMAS,ΒΟΥΤΥΡΑ,"162"
530126: ΚΡΗΝΗΣ,"530126","530126",ΚΡΗΝΗΣ,KRHNHS,Κ.ΠΑΛΑΙΟΛΟΓΟΥ,"162"
530128: ΣΟΛΩΜΟΥ,"530128","530128",ΣΟΛΩΜΟΥ,SOLOMOY,ΠΡΙΓΚ.ΠΕΤΡΟΥ,"128"
530129: ΤΖΑΒΕΛΛΑ,"530129","530129",ΤΖΑΒΕΛΛΑ,TZABELLA,ΠΡΙΓΚ.ΠΕΤΡΟΥ,"128"
530130: ΡΑΛΛΗ,"530130","530130",ΡΑΛΛΗ,RALLH,ΠΡΙΓΚ.ΠΕΤΡΟΥ,"128"
53: ΑΝΘΟΥΠΟΛΗ,"53","10219",ΑΝΘΟΥΠΟΛΗ,ANTHOYPOLH,,"731"
540001: ΑΓ. ΝΙΚΟΛΑΟΣ,"540001","540001",ΑΓ. ΝΙΚΟΛΑΟΣ,AG. NIKOLAOS,ΑΘΗΝΑΣ,"115, 117, 122, Α2"
540002: ΟΥΡΑΝΟΥ,"540002","540002",ΟΥΡΑΝΟΥ,OYRANOY,ΑΘΗΝΑΣ,"115, 117, 122, Α2"
540003: ΔΙΑΣΤΑΥΡΩΣΗ ΚΑΒΟΥΡΙΟΥ,"540003","540003",ΔΙΑΣΤΑΥΡΩΣΗ ΚΑΒΟΥΡΙΟΥ,DIASTAYROSH KABOYRIOY,ΑΘΗΝΑΣ,"115, 122, Α2"
540004: ΛΟΚ,"540004","540004",ΛΟΚ,LOK,ΑΘΗΝΑΣ,"115, 122, Α2"
540005: ΛΑΙΜΟΣ,"540005","540005",ΛΑΙΜΟΣ,LAIMOS,ΑΘΗΝΑΣ,"115, 122, Α2"
540006: Α' ΠΛΑΖ ΒΟΥΛΙΑΓΜΕΝΗΣ,"540006","540006",Α' ΠΛΑΖ ΒΟΥΛΙΑΓΜΕΝΗΣ,A' PLAZ BOYLIAGMENHS,ΠΟΣΕΙΔΩΝΟΣ,"117"
540007: Β' ΠΛΑΖ ΒΟΥΛΙΑΓΜΕΝΗΣ,"540007","540007",Β' ΠΛΑΖ ΒΟΥΛΙΑΓΜΕΝΗΣ,B' PLAZ BOYLIAGMENHS,ΠΟΣΕΙΔΩΝΟΣ,"115, 117, 122, Α2"
540008: ΑΓ. ΠΑΝΤΕΛΕΗΜΩΝ,"540008","540008",ΑΓ. ΠΑΝΤΕΛΕΗΜΩΝ,AG. PANTELEHMON,ΠΟΣΕΙΔΩΝΟΣ,"115, 117, 122, Α2"
540009: ΞΕΝΟΔ. ΚΑΒΟΥΡΙ,"540009","540009",ΞΕΝΟΔ. ΚΑΒΟΥΡΙ,XENOD. KABOYRI,ΑΘΗΝΑΣ,"115, 117, 122, Α2"
540011: ΛΙΜΝΗ,"540011","540011",ΛΙΜΝΗ,LIMNH,ΕΣΟΧΗ ΠΟΣΕΙΔΩΝΟΣ,"115, 117, 122, Α2"
540013: Α' ΛΙΜΑΝΑΚΙΑ,"540013","540013",Α' ΛΙΜΑΝΑΚΙΑ,A' LIMANAKIA,ΠΟΣΕΙΔΩΝΟΣ,"115, 117, 122, Α2"
540014: Α' ΛΙΜΑΝΑΚΙΑ,"540014","540014",Α' ΛΙΜΑΝΑΚΙΑ,A' LIMANAKIA,ΠΟΣΕΙΔΩΝΟΣ,"115, 117, 122, Α1, Α2"
540015: ΛΙΜΝΗ,"540015","540015",ΛΙΜΝΗ,LIMNH,ΕΣΟΧΗ ΠΟΣΕΙΔΩΝΟΣ,"115, 117, 122, Α1, Α2"
540016: ΑΓ. ΠΑΝΤΕΛΕΗΜΩΝ,"540016","540016",ΑΓ. ΠΑΝΤΕΛΕΗΜΩΝ,AG. PANTELEHMON,ΠΟΣΕΙΔΩΝΟΣ,"115, 117, 122, Α1, Α2"
540017: ΠΛΑΖ ΒΟΥΛΙΑΓΜΕΝΗΣ,"540017","540017",ΠΛΑΖ ΒΟΥΛΙΑΓΜΕΝΗΣ,PLAZ BOYLIAGMENHS,ΠΟΣΕΙΔΩΝΟΣ,"115, 117, 122, Α1, Α2"
540018: ΔΗΜΑΡΧΕΙΟ,"540018","540018",ΔΗΜΑΡΧΕΙΟ,DHMARXEIO,ΠΟΣΕΙΔΩΝΟΣ,"115, 122, Α1, Α2"
540019: ΛΟΚ,"540019","540019",ΛΟΚ,LOK,ΑΘΗΝΑΣ,"115, 122, Α1, Α2"
540020: ΔΙΑΣΤΑΥΡΩΣΗ ΚΑΒΟΥΡΙΟΥ,"540020","540020",ΔΙΑΣΤΑΥΡΩΣΗ ΚΑΒΟΥΡΙΟΥ,DIASTAYROSH KABOYRIOY,ΚΑΒΟΥΡΟΥ,"117"
540023: ΣΤΡΟΦΗ ΚΑΒΟΥΡΙΟΥ,"540023","540023",ΣΤΡΟΦΗ ΚΑΒΟΥΡΙΟΥ,STROFH KABOYRIOY,ΚΑΒΟΥΡΙΟΥ,"117"
540024: ΛΗΤΟΥΣ,"540024","540024",ΛΗΤΟΥΣ,LHTOYS,ΛΗΤΟΥΣ,"117"
540025: ΑΕΡΟΠΟΡΙΑ,"540025","540025",ΑΕΡΟΠΟΡΙΑ,AEROPORIA,ΛΗΤΟΥΣ,"117"
540026: ΒΑΚΧΟΥ,"540026","540026",ΒΑΚΧΟΥ,BAKXOY,ΛΗΤΟΥΣ,"117"
540028: ΑΠΟΛΛΩΝΟΣ,"540028","540028",ΑΠΟΛΛΩΝΟΣ,APOLLONOS,ΛΥΤΟΥΣ,"117"
540035: ΔΙΑΣΤΑΥΡΩΣΗ ΚΑΒΟΥΡΙΟΥ,"540035","540035",ΔΙΑΣΤΑΥΡΩΣΗ ΚΑΒΟΥΡΙΟΥ,DIASTAYROSH KABOYRIOY,ΑΘΗΝΑΣ,"115, 122, Α1, Α2"
540036: ΒΑΚΧΟΥ,"540036","540036",ΒΑΚΧΟΥ,BAKXOY,ΛΗΤΟΥΣ,"117"
540037: ΑΕΡΟΠΟΡΙΑ,"540037","540037",ΑΕΡΟΠΟΡΙΑ,AEROPORIA,ΛΗΤΟΥΣ,"117"
540038: ΣΤΡΟΦΗ ΚΑΒΟΥΡΙΟΥ,"540038","540038",ΣΤΡΟΦΗ ΚΑΒΟΥΡΙΟΥ,STROFH KABOYRIOY,ΛΗΤΟΥΣ,"117"
540039: ΛΙΜΕΝΙΚΗ ΑΣΤΥΝΟΜΙΑ,"540039","540039",ΛΙΜΕΝΙΚΗ ΑΣΤΥΝΟΜΙΑ,LIMENIKH ASTYNOMIA,ΑΠΟΛΛΩΝΟΣ,"117"
540040: ΑΠΟΛΛΩΝΟΣ,"540040","540040",ΑΠΟΛΛΩΝΟΣ,APOLLONOS,ΛΗΤΟΥΣ,"117"
54: ΓΗΡΟΚΟΜΕΙΟ,"54","10220",ΓΗΡΟΚΟΜΕΙΟ,GHROKOMEIO,,"14"
550001: ΠΕΡΙΧΑΡΟΥΣ,"550001","550001",ΠΕΡΙΧΑΡΟΥΣ,PERIXAROYS,ΛΕΩΦ.ΠΕΝΤΕΛΗΣ,"450, 460, 461"
550002: ΒΡΙΛΗΣΣΙΑ,"550002","550002",ΒΡΙΛΗΣΣΙΑ,BRILHSSIA,ΛΕΩΦ.ΠΕΝΤΕΛΗΣ,"450, 460, 461"
550003: ΑΛΦΕΙΟΥ,"550003","550003",ΑΛΦΕΙΟΥ,ALFEIOY,ΑΛΦΕΙΟΥ,"447"
550004: ΕΘΝ. ΑΝΤΙΣΤΑΣΕΩΣ,"550004","550004",ΕΘΝ. ΑΝΤΙΣΤΑΣΕΩΣ,ETHN. ANTISTASEOS,28ης ΟΚΤΩΒΡΙΟΥ,"411"
550005: 3η ΒΡΙΛΗΣΣΙΩΝ,"550005","550005",3η ΒΡΙΛΗΣΣΙΩΝ,3rd BRILHSSION,28ης ΟΚΤΩΒΡΙΟΥ,"411"
550006: 4η ΒΡΙΛΗΣΣΙΩΝ,"550006","550006",4η ΒΡΙΛΗΣΣΙΩΝ,4th BRILHSSION,28ης ΟΚΤΩΒΡΙΟΥ,"411"
550007: ΚΥΠΡΟΥ,"550007","550007",ΚΥΠΡΟΥ,KYPROY,ΘΕΡΜΟΠΥΛΩΝ,"411, 447"
550008: Μ. ΜΠΟΤΣΑΡΗ,"550008","550008",Μ. ΜΠΟΤΣΑΡΗ,M. MPOTSARH,Μ.ΑΛΕΞΑΝΔΡΟΥ,"447"
550009: ΝΑΥΤΙΚΗ ΒΑΣΗ,"550009","550009",ΝΑΥΤΙΚΗ ΒΑΣΗ,NAYTIKH BASH,ΑΝΑΠΑΥΣΕΩΣ,"405, 450"
550010: ΞΑΝΘΟΥ,"550010","550010",ΞΑΝΘΟΥ,XANTHOY,ΑΝΑΠΑΥΣΕΩΣ,"405, 450"
550012: ΘΕΑΤΡΟΥ,"550012","550047",ΘΕΑΤΡΟΥ,THEATROY,ΛΕΩΦ.ΠΕΝΤΕΛΗΣ,"451, 460, 461"
550013: ΔΙΑΣΤΑΥΡΩΣΗ ΣΙΣΜΑΝΟΓΛΕΙΟΥ,"550013","550013",ΔΙΑΣΤΑΥΡΩΣΗ ΣΙΣΜΑΝΟΓΛΕΙΟΥ,DIASTAYROSH SISMANOGLEIOY,ΛΕΩΦ.ΠΕΝΤΕΛΗΣ,"450, 460, 461"
550014: ΑΝΩ ΒΡΙΛΗΣΣΙΑ,"550014","550014",ΑΝΩ ΒΡΙΛΗΣΣΙΑ,ANO BRILHSSIA,ΛΕΩΦ.ΠΕΝΤΕΛΗΣ,"450, 460, 461"
550015: ΑΘΗΝΑΣ,"550015","550015",ΑΘΗΝΑΣ,ATHINAS,ΛΕΩΦ.ΠΕΝΤΕΛΗΣ,"450, 460, 461"
550016: ΣΤΡΟΦΗ ΜΕΛΙΣΣΙΩΝ,"550016","550016",ΣΤΡΟΦΗ ΜΕΛΙΣΣΙΩΝ,STROFH MELISSION,ΛΕΩΦ.ΠΕΝΤΕΛΗΣ,"460, 461"
550017: ΠΑΤΗΜΑ,"550017","550017",ΠΑΤΗΜΑ,PATHMA,ΛΕΩΦ.ΠΕΝΤΕΛΗΣ,"451, 460, 461"
550018: ΜΑΓΕΙΡΙΝΑ,"550018","550018",ΜΑΓΕΙΡΙΝΑ,MAGEIRINA,ΛΕΩΦ.ΠΕΝΤΕΛΗΣ,"451, 460, 461"
550019: ΑΝΩ ΒΡΙΛΗΣΣΙΑ,"550019","550019",ΑΝΩ ΒΡΙΛΗΣΣΙΑ,ANO BRILHSSIA,ΛΕΩΦ.ΠΕΝΤΕΛΗΣ,"451, 460, 461"
550020: ΔΙΑΣΤΑΥΡΩΣΗ ΣΙΣΜΑΝΟΓΛΕΙΟΥ,"550020","550020",ΔΙΑΣΤΑΥΡΩΣΗ ΣΙΣΜΑΝΟΓΛΕΙΟΥ,DIASTAYROSH SISMANOGLEIOY,ΛΕΩΦ.ΠΕΝΤΕΛΗΣ,"411, 451, 460, 461"
550021: ΒΡΙΛΗΣΣΙΑ,"550021","550021",ΒΡΙΛΗΣΣΙΑ,BRILHSSIA,ΛΕΩΦ.ΠΕΝΤΕΛΗΣ,"411, 451, 460, 461"
550022: ΠΕΡΙΧΑΡΟΥΣ,"550022","550022",ΠΕΡΙΧΑΡΟΥΣ,PERIXAROYS,ΛΕΩΦ.ΠΕΝΤΕΛΗΣ,"451, 460, 461"
550023: ΑΤΤΙΚΗ ΟΔΟΣ,"550023","550023",ΑΤΤΙΚΗ ΟΔΟΣ,ATTIKH ODOS,ΛΕΩΦ.ΠΕΝΤΕΛΗΣ,"451, 460, 461"
550028: ΛΕΩΦ. ΠΕΝΤΕΛΗΣ,"550028","550028",ΛΕΩΦ. ΠΕΝΤΕΛΗΣ,LEOF. PENTELHS,ΣΙΣΜΑΝΟΓΛΕΙΟΥ,"411"
550031: ΔΙΟΣ,"550031","550031",ΔΙΟΣ,DIOS,ΑΝΑΠΑΥΣΕΩΣ,"405, 450"
550033: ΥΜΗΤΤΟΥ,"550033","550033",ΥΜΗΤΤΟΥ,YMHTTOY,ΘΕΡΜΟΠΥΛΩΝ,"447"
550035: ΜΕΤΑΜΟΡΦΩΣΕΩΣ,"550035","550035",ΜΕΤΑΜΟΡΦΩΣΕΩΣ,METAMORFOSEOS,ΜΕΤΑΜΟΡΦΩΣΕΩΣ,"447"
550036: ΔΙΟΣ,"550036","550036",ΔΙΟΣ,DIOS,ΑΝΑΠΑΥΣΕΩΣ,"405, 447, 451"
550038: ΕΡΜΟΥ,"550038","550038",ΕΡΜΟΥ,ERMOY,ΑΝΑΠΑΥΣΕΩΣ,"447"
550040: ΜΗΤΡΟΠΟΥΛΟΥ,"550040","550040",ΜΗΤΡΟΠΟΥΛΟΥ,MHTROPOYLOY,ΜΗΤΡΟΠΟΥΛΟΥ,"447"
550041: ΦΛΩΡΙΝΗΣ,"550041","550041",ΦΛΩΡΙΝΗΣ,FLORINHS,ΚΥΠΡΟΥ,"411"
550042: ΜΑΙΝΑΛΟΥ,"550042","550042",ΜΑΙΝΑΛΟΥ,MAINALOY,ΣΑΛΑΜΙΝΟΣ,"447"
550044: ΣΑΛΑΜΙΝΟΣ,"550044","550044",ΣΑΛΑΜΙΝΟΣ,SALAMINOS,ΑΝΑΛΗΨΕΩΣ,"411"
550045: ΜΠΑΚΟΓΙΑΝΝΗ,"550045","550045",ΜΠΑΚΟΓΙΑΝΝΗ,MPAKOGIANNH,ΛΕΩΦ.ΠΕΝΤΕΛΗΣ,"450, 460, 461"
550046: ΜΠΑΚΟΓΙΑΝΝΗ,"550046","550046",ΜΠΑΚΟΓΙΑΝΝΗ,MPAKOGIANNH,ΛΕΩΦ.ΠΕΝΤΕΛΗΣ,"451, 460, 461"
550047: Π. ΜΕΛΑ,"550047","550012",Π. ΜΕΛΑ,P. MELA,ΛΕΩΦ.ΠΕΝΤΕΛΗΣ,"451, 460, 461"
550059: 1η ΣΙΣΜΑΝΟΓΛΕΙΟΥ,"550059","550059",1η ΣΙΣΜΑΝΟΓΛΕΙΟΥ,1st SISMANOGLEIOY,ΣΙΣΜΑΝΟΓΛΕΙΟΥ,"411"
550061: 3η ΣΙΣΜΑΝΟΓΛΕΙΟΥ,"550061","550061",3η ΣΙΣΜΑΝΟΓΛΕΙΟΥ,3rd SISMANOGLEIOY,ΣΙΣΜΑΝΟΓΛΕΙΟΥ,"411"
550066: ΚΙΣΣΑΒΟΥ,"550066","550066",ΚΙΣΣΑΒΟΥ,KISSABOY,ΑΛΦΕΙΟΥ,"447"
550067: ΟΛΥΜΠΟΥ,"550067","550067",ΟΛΥΜΠΟΥ,OLYMPOY,ΟΛΥΜΠΟΥ,"447"
550068: ΘΕΡΜΟΠΥΛΩΝ,"550068","550068",ΘΕΡΜΟΠΥΛΩΝ,THERMOPYLON,ΟΛΥΜΠΟΥ,"447"
550070: ΣΧΟΛΕΙΟ,"550070","550070",ΣΧΟΛΕΙΟ,SXOLEIO,ΒΟΡ.ΗΠΕΙΡΟΥ,"447"
550071: ΕΡΜΟΥ,"550071","550071",ΕΡΜΟΥ,ERMOY,ΒΟΡ.ΗΠΕΙΡΟΥ,"447"
550073: 2η ΚΙΣΣΑΒΟΥ,"550073","550073",2η ΚΙΣΣΑΒΟΥ,2nd KISSABOY,ΚΙΣΣΑΒΟΥ,"447"
550074: ΑΝΑΛΗΨΕΩΣ,"550074","550074",ΑΝΑΛΗΨΕΩΣ,ANALHPSEOS,ΘΕΡΜΟΠΥΛΩΝ,"447"
550077: ΘΡΑΚΗΣ,"550077","550077",ΘΡΑΚΗΣ,THRAKHS,28ης ΟΚΤΩΒΡΙΟΥ,"411, 447"
550078: ΜΑΚΕΔΟΝΙΑ,"550078","550078",ΜΑΚΕΔΟΝΙΑ,MAKEDONIA,28ης ΟΚΤΩΒΡΙΟΥ,"411, 447"
550081: ΡΟΔΟΠΗΣ,"550081","550081",ΡΟΔΟΠΗΣ,RODOPHS,ΡΟΔΟΠΗΣ,"447"
550087: ΜΑΙΝΑΛΟΥ,"550087","550087",ΜΑΙΝΑΛΟΥ,MAINALOY,ΘΕΡΜΟΠΥΛΩΝ,"447"
550088: ΣΧΟΛΕΙΟ,"550088","550088",ΣΧΟΛΕΙΟ,SXOLEIO,ΑΛΦΕΙΟΥ,"447"
550089: ΑΝΑΠΑΥΣΕΩΣ (ΤΕΡΜΑ),"550089","550089",ΑΝΑΠΑΥΣΕΩΣ (ΤΕΡΜΑ),ANAPAYSEOS (TERMA),ΑΛΦΕΙΟΥ,"447"
550090: ΞΑΝΘΟΥ,"550090","550090",ΞΑΝΘΟΥ,XANTHOY,ΑΝΑΠΑΥΣΕΩΣ,"405, 447, 451"
550091: ΘΕΑΤΡΟΥ,"550091","550091",ΘΕΑΤΡΟΥ,THEATROY,ΜΕΤΑΜΟΡΦΩΣΕΩΣ,"447"
550092: ΝΑΥΤΙΚΗ ΒΑΣΗ,"550092","550092",ΝΑΥΤΙΚΗ ΒΑΣΗ,NAYTIKH BASH,ΑΝΑΠΑΥΣΕΩΣ,"405, 447, 451"
550094: ΑΓ. ΑΝΤΩΝΙΟΣ,"550094","550094",ΑΓ. ΑΝΤΩΝΙΟΣ,AG. ANTONIOS,ΑΝΑΛΗΨΕΩΣ,"411"
550096: ΑΓΡΑΦΩΝ,"550096","550096",ΑΓΡΑΦΩΝ,AGRAFON,ΑΝΑΠΑΥΣΕΩΣ,"405, 450"
550098: ΥΜΗΤΤΟΥ,"550098","550098",ΥΜΗΤΤΟΥ,YMHTTOY,ΜΑΚΕΔΟΝΙΑΣ,"447"
550099: ΣΧΟΛΕΙΟ,"550099","550099",ΣΧΟΛΕΙΟ,SXOLEIO,ΜΑΚΕΔΟΝΙΑΣ,"447"
550102: ΕΠΤΑΝΗΣΟΥ,"550102","550102",ΕΠΤΑΝΗΣΟΥ,EPTANHSOY,ΑΓ.ΑΝΤΩΝΙΟΥ,"447"
550103: ΜΑΚΕΔΟΝΙΑ,"550103","550103",ΜΑΚΕΔΟΝΙΑ,MAKEDONIA,25ης ΜΑΡΤΙΟΥ,"447"
550104: ΣΑΛΑΜΙΝΟΣ,"550104","550104",ΣΑΛΑΜΙΝΟΣ,SALAMINOS,25ης ΜΑΡΤΙΟΥ,"411, 447"
550105: 28ης ΟΚΤΩΒΡΙΟΥ,"550105","550105",28ης ΟΚΤΩΒΡΙΟΥ,28th OKTOBRIOY,ΘΕΡΜΟΠΥΛΩΝ,"447"
555: 709 ΠΡΟΑΣΤΙΑΚΟΣ,"555","11644",709 ΠΡΟΑΣΤΙΑΚΟΣ,709 PROASTIAKOS,,"712"
55: ΖΩΦΡΙΑ,"55","10221",ΖΩΦΡΙΑ,ZOFRIA,,"711"
560002: ΠΕΤΡΟΓΙΑΝΝΗ,"560002","560002",ΠΕΤΡΟΓΙΑΝΝΗ,PETROGIANNH,ΛΕΩΦ.ΜΑΡΑΘΩΝΟΣ,"304, 305, 316, 319, Α5"
560003: ΠΑΝΑΓΙΤΣΑ,"560003","560003",ΠΑΝΑΓΙΤΣΑ,PANAGITSA,ΛΕΩΦ.ΜΑΡΑΘΩΝΟΣ,"304, 305, 316, 319, Α5, Χ95"
560004: ΔΙΑΣΤΑΥΡΩΣΗ,"560004","560004",ΔΙΑΣΤΑΥΡΩΣΗ,DIASTAYROSH,ΛΕΩΦ.ΜΑΡΑΘΩΝΟΣ,"307"
560005: ΗΦΑΙΣΤΟΥ,"560005","560005",ΗΦΑΙΣΤΟΥ,HFAISTOY,ΗΦΑΙΣΤΟΥ,"307"
560006: ΓΡ. ΑΥΞΕΝΤΙΟΥ,"560006","560006",ΓΡ. ΑΥΞΕΝΤΙΟΥ,GR. AYXENTIOY,ΓΡ.ΑΥΞΕΝΤΙΟΥ,"307"
560007: ΠΛ. ΕΛ. ΒΕΝΙΖΕΛΟΥ,"560007","560007",ΠΛ. ΕΛ. ΒΕΝΙΖΕΛΟΥ,PL. EL. BENIZELOY,ΜΕΣΟΛΟΓΓΙΟΥ,"307"
560008: ΑΓ. ΤΡΙΑΔΑ,"560008","560008",ΑΓ. ΤΡΙΑΔΑ,AG. TRIADA,ΜΕΣΟΛΟΓΓΙΟΥ,"307"
560009: ΔΕΗ,"560009","560009",ΔΕΗ,DEH,ΛΕΩΝΤΑΡΙΟΥ,"324"
560010: ΝΑΟΣ ΣΤΑΥΡΟΥ,"560010","560010",ΝΑΟΣ ΣΤΑΥΡΟΥ,NAOS STAYROY,ΛΕΩΦ.ΛΑΥΡΙΟΥ,"308"
560011: ΠΡΙΦΤΗ,"560011","560011",ΠΡΙΦΤΗ,PRIFTH,ΛΕΩΦ.ΛΑΥΡΙΟΥ,"308"
560012: ΕΓΓΛΕΖΑΚΗ,"560012","560012",ΕΓΓΛΕΖΑΚΗ,EGGLEZAKH,ΛΕΩΦ.ΛΑΥΡΙΟΥ,"308"
560013: ΑΓ. ΙΩΑΝΝΗΣ,"560013","560013",ΑΓ. ΙΩΑΝΝΗΣ,AG. IOANNHS,ΛΕΩΦ.ΛΑΥΡΙΟΥ,"308"
560014: ΓΕΦΥΡΑΚΙ,"560014","560014",ΓΕΦΥΡΑΚΙ,GEFYRAKI,ΛΕΩΦ.ΛΑΥΡΙΟΥ,"308"
560015: ΡΑΝΤΑΡ,"560015","560015",ΡΑΝΤΑΡ,RANTAR,ΛΕΩΦ.ΛΑΥΡΙΟΥ,"308, 324"
560016: ΓΛΥΚΑ ΝΕΡΑ,"560016","560016",ΓΛΥΚΑ ΝΕΡΑ,GLYKA NERA,ΛΕΩΦ.ΛΑΥΡΙΟΥ,"308, 324"
560017: ΦΟΥΡΝΟΣ,"560017","560017",ΦΟΥΡΝΟΣ,FOYRNOS,ΛΕΩΦ.ΛΑΥΡΙΟΥ,"308"
560018: 3η ΓΛΥΚΩΝ ΝΕΡΩΝ,"560018","560018",3η ΓΛΥΚΩΝ ΝΕΡΩΝ,3rd GLYKON NERON,ΛΕΩΦ.ΛΑΥΡΙΟΥ,"307, 308"
560019: 4η ΣΤΡΑΤΩΝΕΣ,"560019","560019",4η ΣΤΡΑΤΩΝΕΣ,4th STRATONES,ΛΕΩΦ.ΛΑΥΡΙΟΥ,"307, 308"
560020: 5η ΓΛΥΚΩΝ ΝΕΡΩΝ,"560020","560020",5η ΓΛΥΚΩΝ ΝΕΡΩΝ,5th GLYKON NERON,ΛΕΩΦ.ΛΑΥΡΙΟΥ,"307, 308"
560021: ΒΥΘΟΥΛΚΑ,"560021","560021",ΒΥΘΟΥΛΚΑ,BYTHOYLKA,ΛΕΩΦ.ΛΑΥΡΙΟΥ,"307, 308"
560022: 4η ΣΤΡΑΤΩΝΕΣ,"560022","560022",4η ΣΤΡΑΤΩΝΕΣ,4th STRATONES,ΛΕΩΦ.ΛΑΥΡΙΟΥ,"307, 308"
560023: 3η ΓΛΥΚΩΝ ΝΕΡΩΝ,"560023","560023",3η ΓΛΥΚΩΝ ΝΕΡΩΝ,3rd GLYKON NERON,ΛΕΩΦ.ΛΑΥΡΙΟΥ,"307"
560024: ΦΟΥΡΝΟΣ,"560024","560024",ΦΟΥΡΝΟΣ,FOYRNOS,ΛΕΩΦ.ΛΑΥΡΙΟΥ,"308"
560025: ΓΛΥΚΑ ΝΕΡΑ,"560025","560025",ΓΛΥΚΑ ΝΕΡΑ,GLYKA NERA,ΛΕΩΦ.ΛΑΥΡΙΟΥ,"308"
560026: ΚΟΜΒΟΣ ΑΤΤΙΚΗΣ ΟΔΟΥ,"560026","560026",ΚΟΜΒΟΣ ΑΤΤΙΚΗΣ ΟΔΟΥ,KOMBOS ATTIKHS ODOY,ΛΕΩΦ. ΛΑΥΡΙΟΥ,"308"
560027: ΓΕΦΥΡΑΚΙ,"560027","560027",ΓΕΦΥΡΑΚΙ,GEFYRAKI,ΛΕΩΦ.ΛΑΥΡΙΟΥ,"308"
560028: ΕΙΚΟΝΟΣΤΑΣΙ,"560028","560028",ΕΙΚΟΝΟΣΤΑΣΙ,EIKONOSTASI,ΛΕΩΦ.ΛΑΥΡΙΟΥ,"308"
560029: ΕΓΓΛΕΖΑΚΗ,"560029","560029",ΕΓΓΛΕΖΑΚΗ,EGGLEZAKH,ΛΕΩΦ.ΛΑΥΡΙΟΥ,"308"
560030: ΦΟΥΡΝΟΣ,"560030","560030",ΦΟΥΡΝΟΣ,FOYRNOS,ΛΕΩΦ.ΛΑΥΡΙΟΥ,"308"
560031: ΝΑΟΣ ΣΤΑΥΡΟΥ,"560031","560031",ΝΑΟΣ ΣΤΑΥΡΟΥ,NAOS STAYROY,ΛΕΩΦ.ΛΑΥΡΙΟΥ,"308"
560032: ΒΥΤΙΝΗΣ,"560032","560032",ΒΥΤΙΝΗΣ,BYTINHS,ΒΥΤΙΝΗΣ,"307"
560033: ΤΡΙΓΩΝΟ,"560033","560033",ΤΡΙΓΩΝΟ,TRIGONO,ΟΛΥΜΠΙΟΝΙΚΩΝ,"307"
560034: ΣΑΛΩΝΑ,"560034","560034",ΣΑΛΩΝΑ,SALONA,ΒΥΤΙΝΑΣ,"307"
560035: ΜΕΤΑΜΟΡΦΩΣΕΩΣ,"560035","560035",ΜΕΤΑΜΟΡΦΩΣΕΩΣ,METAMORFOSEOS,ΜΕΤΑΜΟΡΦΩΣΕΩΣ,"307"
560036: ΚΛΕΙΣΤΟ ΓΥΜΝΑΣΤΗΡΙΟ,"560036","560036",ΚΛΕΙΣΤΟ ΓΥΜΝΑΣΤΗΡΙΟ,KLEISTO GYMNASTHRIO,ΚΑΡΑΙΣΚΑΚΗ,"307"
560037: ΛΕΥΚΑΔΟΣ,"560037","560037",ΛΕΥΚΑΔΟΣ,LEYKADOS,ΚΑΡΑΙΣΚΑΚΗ,"307"
560038: ΔΗΜΑΡΧΕΙΟ,"560038","560038",ΔΗΜΑΡΧΕΙΟ,DHMARXEIO,ΝΑΞΟΥ,"307"
560045: ΚΟΡΥΤΣΑΣ,"560045","560045",ΚΟΡΥΤΣΑΣ,KORYTSAS,ΘΕΣΣΑΛΙΑΣ,"307"
560050: ΣΧΟΛΕΙΑ,"560050","560050",ΣΧΟΛΕΙΑ,SXOLEIA,ΟΛΥΜΠΟΝΙΚΩΝ,"307"
560051: ΣΧΟΛΕΙΑ,"560051","560051",ΣΧΟΛΕΙΑ,SXOLEIA,ΟΛΥΜΠΙΟΝΙΚΩΝ,"307"
560052: ΚΛΕΙΣΤΟ ΓΥΜΝΑΣΤΗΡΙΟ,"560052","560052",ΚΛΕΙΣΤΟ ΓΥΜΝΑΣΤΗΡΙΟ,KLEISTO GYMNASTHRIO,ΘΕΣΣΑΛΙΑΣ,"307"
560053: ΑΓ. ΧΡΙΣΤΟΦΟΡΟΣ,"560053","560053",ΑΓ. ΧΡΙΣΤΟΦΟΡΟΣ,AG. XRISTOFOROS,ΤΖΩΝ ΚΕΝΝΕΝΤΥ,"307"
560054: ΜΕΤΑΜΟΡΦΩΣΕΩΣ,"560054","560054",ΜΕΤΑΜΟΡΦΩΣΕΩΣ,METAMORFOSEOS,ΑΛΕΞ.ΠΑΝΑΓΟΥΛΗ,"307"
560055: ΤΡΙΓΩΝΟ,"560055","560055",ΤΡΙΓΩΝΟ,TRIGONO,ΟΛΥΜΠΙΟΝΙΚΩΝ ΕΝ.ΑΡΙΘΜΟΥ,"307"
560087: ΡΑΝΤΑΡ,"560087","560087",ΡΑΝΤΑΡ,RANTAR,Λ.ΛΑΥΡΙΟΥ,"308"
560089: ΛΕΟΝΤΑΡΙΟΥ,"560089","560089",ΛΕΟΝΤΑΡΙΟΥ,LEONTARIOY,Λ.ΟΛΥΜΠΙΟΝΙΚΩΝ,"307"
560090: ΞΑΝΘΟΥ,"560090","560090",ΞΑΝΘΟΥ,XANTHOY,ΚΑΝΑΡΗ,"307"
560091: ΤΡΟΧΑΙΑ,"560091","560091",ΤΡΟΧΑΙΑ,TROXAIA,ΚΑΝΑΡΗ,"307"
560092: ΚΑΡΑΙΣΚΑΚΗ,"560092","560092",ΚΑΡΑΙΣΚΑΚΗ,KARAISKAKH,ΚΑΝΑΡΗ,"307"
560093: ΔΙΟΔΙΑ ΑΤΤΙΚΗΣ ΟΔΟΥ,"560093","560093",ΔΙΟΔΙΑ ΑΤΤΙΚΗΣ ΟΔΟΥ,DIODIA ATTIKHS ODOY,ΟΛΥΜΠΙΟΝΙΚΩΝ,"307"
560094: 3η ΓΛΥΚΩΝ ΝΕΡΩΝ,"560094","10798",3η ΓΛΥΚΩΝ ΝΕΡΩΝ,3rd GLYKON NERON,,"308"
56: ΧΑΛΚΟΚΟΝΔΥΛΗ,"56","10222",ΧΑΛΚΟΚΟΝΔΥΛΗ,XALKOKONDYLH,,Β9
570001: ΖΑΝΝΕΙΟ,"570001","570001",ΖΑΝΝΕΙΟ,ZANNEIO,ΛΕΩΦ.ΘΗΣΕΩΣ,"507, 509, 509Β, Α7"
570002: ΔΡΟΣΙΑ,"570002","570002",ΔΡΟΣΙΑ,DROSIA,ΛΕΩΦ.ΜΑΡΑΘΩΝΟΣ,"509, 509Β, Α7"
570003: ΔΡΟΣΙΑ,"570003","570003",ΔΡΟΣΙΑ,DROSIA,ΓΡ.ΛΑΜΠΡΑΚΗ,"507"
570005: ΠΛ. ΕΛ. ΚΟΡΟΛΗ,"570005","570005",ΠΛ. ΕΛ. ΚΟΡΟΛΗ,PL. EL. KOROLH,ΡΟΔΩΝ,"507"
570006: ΡΟΔΟΠΟΛΕΩΣ,"570006","570006",ΡΟΔΟΠΟΛΕΩΣ,RODOPOLEOS,25ης ΜΑΡΤΙΟΥ,"507"
570009: ΔΡΟΣΙΑ,"570009","570009",ΔΡΟΣΙΑ,DROSIA,ΛΕΩΦ.ΘΗΣΕΩΣ,"507, 509, 509Β, Α7"
570010: 2η ΔΙΟΝΥΣΟΥ,"570010","570010",2η ΔΙΟΝΥΣΟΥ,2nd DIONYSOY,ΛΕΩΦ.ΔΙΟΝΥΣΟΥ,"536"
570011: ΡΕΑ,"570011","570011",ΡΕΑ,REA,ΛΕΩΦ.ΔΙΟΝΥΣΟΥ,"536"
570012: 3η ΠΡΟΦ. ΗΛΙΑ,"570012","570012",3η ΠΡΟΦ. ΗΛΙΑ,3rd PROF. HLIA,ΛΕΩΦ.ΔΙΟΝΥΣΟΥ,"536"
570013: ΑΜΑΔΡΥΑΔΩΝ,"570013","570013",ΑΜΑΔΡΥΑΔΩΝ,AMADRYADON,ΛΕΩΦ.ΔΙΟΝΥΣΟΥ,"536"
570014: 5η ΒΕΝΖΙΝΗ,"570014","570014",5η ΒΕΝΖΙΝΗ,5th BENZINH,ΛΕΩΦ.ΔΙΟΝΥΣΟΥ,"536"
570015: 6η ΕΚΟ,"570015","570015",6η ΕΚΟ,6th EKO,ΛΕΩΦ.ΔΙΟΝΥΣΟΥ,"536"
570016: 7η ΕΚΟ,"570016","570016",7η ΕΚΟ,7th EKO,ΛΕΩΦ.ΔΙΟΝΥΣΟΥ,"536"
570017: 6η ΣΕΛ,"570017","570017",6η ΣΕΛ,6th SEL,ΛΕΩΦ.ΔΙΟΝΥΣΟΥ,"536"
570018: 5η ΔΗΜΟΚΡΑΤΙΑΣ,"570018","570018",5η ΔΗΜΟΚΡΑΤΙΑΣ,5th DHMOKRATIAS,ΛΕΩΦ.ΔΙΟΝΥΣΟΥ,"536"
570019: ΠΡΟΦ. ΗΛΙΑ,"570019","570019",ΠΡΟΦ. ΗΛΙΑ,PROF. ΗLIA,ΛΕΩΦ.ΔΙΟΝΥΣΟΥ,"536"
570020: ΡΕΑ,"570020","570020",ΡΕΑ,REA,ΛΕΩΦ.ΔΙΟΝΥΣΟΥ,"536"
570021: 2η ΑΛΚΑΙΟΥ,"570021","570021",2η ΑΛΚΑΙΟΥ,2nd ALKAIOY,ΛΕΩΦ.ΔΙΟΝΥΣΟΥ,"536"
570022: ΤΡΑΠΕΖΟΥΝΤΟΣ,"570022","570022",ΤΡΑΠΕΖΟΥΝΤΟΣ,TRAPEZOYNTOS,ΑΘ.ΔΙΑΚΟΥ,"507"
570023: ΣΤΑΜΑΤΑ,"570023","570023",ΣΤΑΜΑΤΑ,STAMATA,ΛΕΩΦ. ΘΗΣΕΩΣ,"507"
57: ΑΧΑΡΝΑΙ,"57","10223",ΑΧΑΡΝΑΙ,AXARNAI,,"721, 724, 725, 726, 727, 755, 755Β, 878, Β10"
580002: 4η ΕΚΑΛΗΣ,"580002","580002",4η ΕΚΑΛΗΣ,4th EKALHS,ΛΕΩΦ.ΘΗΣΕΩΣ,"507, 509, 509Β, 535, 535Α, 536, Α7"
580003: 5η ΕΚΑΛΗΣ,"580003","580003",5η ΕΚΑΛΗΣ,5th EKALHS,ΛΕΩΦ.ΘΗΣΕΩΣ,"507, 509, 509Β, 535, 535Α, 536, Α7"
580004: 6η ΕΚΑΛΗΣ,"580004","580004",6η ΕΚΑΛΗΣ,6th EKALHS,ΛΕΩΦ.ΘΗΣΕΩΣ,"507, 509, 509Β, 535, 535Α, 536, Α7"
580005: 7η ΕΚΑΛΗΣ,"580005","580005",7η ΕΚΑΛΗΣ,7th EKALHS,ΛΕΩΦ.ΘΗΣΕΩΣ,"507, 509, 509Β, 535, 535Α, 536, Α7"
580006: ΠΛ. ΚΕΝΝΕΝΤΥ,"580006","580006",ΠΛ. ΚΕΝΝΕΝΤΥ,PL. KENNENTY,ΛΕΩΦ.ΘΗΣΕΩΣ,"507, 509, 509Β, 535, 535Α, 536, Α7"
580007: ΠΛ. ΒΑΣ. ΠΑΥΛΟΥ,"580007","580007",ΠΛ. ΒΑΣ. ΠΑΥΛΟΥ,PL. BAS. PAYLOY,ΛΕΩΦ.ΘΗΣΕΩΣ,"507, 509, 509Β, 536, Α7"
580008: ΠΛ. ΗΦΑΙΣΤΟΥ,"580008","580008",ΠΛ. ΗΦΑΙΣΤΟΥ,PL. HFAISTOY,ΛΕΩΦ.ΘΗΣΕΩΣ,"507, 509, 509Β, 536, Α7"
580009: ΝΑΡΚΙΣΣΟΣ,"580009","580009",ΝΑΡΚΙΣΣΟΣ,NARKISSOS,ΛΕΩΦ.ΘΗΣΕΩΣ,"507, 509, 509Β, 536, Α7"
580010: ΠΛ. ΝΑΡΚΙΣΣΟΥ,"580010","580010",ΠΛ. ΝΑΡΚΙΣΣΟΥ,PL. NARKISSOY,ΛΕΩΦ.ΘΗΣΕΩΣ,"507, 509, 509Β, Α7"
580011: ΑΓ. ΠΑΡΑΣΚΕΥΗ,"580011","580011",ΑΓ. ΠΑΡΑΣΚΕΥΗ,AG. PARASKEYH,ΛΕΩΦ.ΘΗΣΕΩΣ,"507, 509, 509Β, Α7"
580012: 1η ΔΙΟΝΥΣΟΥ,"580012","580012",1η ΔΙΟΝΥΣΟΥ,1st DIONYSOY,ΛΕΩΦ.ΔΙΟΝΥΣΟΥ,"536"
580013: 1η ΔΙΟΝΥΣΟΥ,"580013","580013",1η ΔΙΟΝΥΣΟΥ,1st DIONYSOY,ΛΕΩΦ.ΔΙΟΝΥΣΟΥ,"536"
580014: ΖΑΝΝΕΙΟ,"580014","580014",ΖΑΝΝΕΙΟ,ZANNEIO,ΛΕΩΦ.ΘΗΣΕΩΣ,"507, 509, 509Β, Α7"
580015: ΑΓ. ΠΑΡΑΣΚΕΥΗ,"580015","580015",ΑΓ. ΠΑΡΑΣΚΕΥΗ,AG. PARASKEYH,ΛΕΩΦ.ΘΗΣΕΩΣ,"507, 509, 509Β, Α7"
580016: ΠΛ. ΝΑΡΚΙΣΣΟΥ,"580016","580016",ΠΛ. ΝΑΡΚΙΣΣΟΥ,PL. NARKISSOY,ΛΕΩΦ.ΘΗΣΕΩΣ,"507, 509, 509Β, 536, Α7"
580017: ΝΑΡΚΙΣΣΟΣ,"580017","580017",ΝΑΡΚΙΣΣΟΣ,NARKISSOS,ΛΕΩΦ.ΘΗΣΕΩΣ,"507, 509, 509Β, 536, Α7"
580018: ΠΛ. ΗΦΑΙΣΤΟΥ,"580018","580018",ΠΛ. ΗΦΑΙΣΤΟΥ,PL. HFAISTOY,ΛΕΩΦ.ΘΗΣΕΩΣ,"507, 509, 509Β, 536, Α7"
580019: 1η ΑΓ. ΤΡΙΑΔΟΣ,"580019","580019",1η ΑΓ. ΤΡΙΑΔΟΣ,1st AG. TRIADOS,ΠΑΡΝΗΘΟΣ,"535, 535Α"
580020: 2η ΑΓ. ΤΡΙΑΔΟΣ,"580020","580020",2η ΑΓ. ΤΡΙΑΔΟΣ,2nd AG. TRIADOS,ΠΑΡΝΗΘΟΣ,"535, 535Α"
580021: ΠΛ. ΝΑΡΚΙΣΣΟΥ,"580021","580021",ΠΛ. ΝΑΡΚΙΣΣΟΥ,PL. NARKISSOY,ΛΕΩΦ.ΔΙΟΝΥΣΟΥ,"536"
580022: 2η ΑΓ. ΤΡΙΑΔΟΣ,"580022","580022",2η ΑΓ. ΤΡΙΑΔΟΣ,2nd AG. TRIADOS,ΠΑΡΝΗΘΟΣ,"535, 535Α"
580023: 1η ΑΓ. ΤΡΙΑΔΟΣ,"580023","580023",1η ΑΓ. ΤΡΙΑΔΟΣ,1st AG. TRIADOS,ΠΑΡΝΗΘΟΣ,"535, 535Α"
580024: ΠΛ. ΒΑΣ.ΠΑΥΛΟΥ,"580024","580024",ΠΛ. ΒΑΣ.ΠΑΥΛΟΥ,PL. BAS. PAYLOY,ΠΛ.ΒΑΣ.ΠΑΥΛΟΥ,"507, 509, 509Β, 535, 535Α, 536, Α7"
580025: ΠΛ. ΚΕΝΝΕΝΤΥ,"580025","580025",ΠΛ. ΚΕΝΝΕΝΤΥ,PL. KENNENTY,ΛΕΩΦ.ΘΗΣΕΩΣ,"507, 509, 509Β, 535, 535Α, 536, Α7"
580027: ΑΓ. ΤΡΙΑΔΑ,"580027","580027",ΑΓ. ΤΡΙΑΔΑ,AG. TRIADA,ΔΗΜ.ΛΑΜΠΡΑΚΗ,"535, 535Α"
580028: ΤΡΙΤΩΝ ΝΑΡΚΙΣΣΟΥ,"580028","580028",ΤΡΙΤΩΝ ΝΑΡΚΙΣΣΟΥ,TRITON NARKISSOY,ΛΕΩΦ.ΔΙΟΝΥΣΟΥ,"536"
580030: ΠΑΡΝΗΘΟΣ,"580030","580030",ΠΑΡΝΗΘΟΣ,PARNHTHOS,ΠΑΡΝΗΘΟΣ,"535, 535Α"
58: ΠΕΙΡΑΙΑΣ ΠΛ. ΚΑΡΑΪΣΚΑΚΗ,"58","10224",ΠΕΙΡΑΙΑΣ ΠΛ. ΚΑΡΑΪΣΚΑΚΗ,PEIRAIAS PL. KARAISKAKΗ,,"218, 300, 400, 500, 801, 803, 824, 827, 845, 871, 871Τ, 904, 906, Ε90, Χ96"
590002: 1η ΑΓ. ΚΟΣΜΑ,"590002","590002",1η ΑΓ. ΚΟΣΜΑ,1st AG. KOSMA,ΛΕΩΦ.ΠΟΣΕΙΔΩΝΟΣ,"109, 140, Α1, Α2, Β2, Χ96"
590007: 2η ΑΓ. ΚΟΣΜΑΣ,"590007","590007",2η ΑΓ. ΚΟΣΜΑΣ,2nd AG. KOSMAS,ΛΕΩΦ.ΠΟΣΕΙΔΩΝΟΣ,"109, 140, Α1, Α2, Β2"
590008: 1η ΕΛΛΗΝΙΚΟΥ,"590008","590008",1η ΕΛΛΗΝΙΚΟΥ,1st ELLHNIKOY,ΛΕΩΦ.ΠΟΣΕΙΔΩΝΟΣ,"109, 140, Α1, Α2, Β2"
590009: 2η ΕΛΛΗΝΙΚΟΥ,"590009","590009",2η ΕΛΛΗΝΙΚΟΥ,2nd ELLHNIKOY,ΛΕΩΦ.ΠΟΣΕΙΔΩΝΟΣ,"140, Α1, Α2, Χ96"
590011: 4η ΕΛΛΗΝΙΚΟΥ,"590011","590011",4η ΕΛΛΗΝΙΚΟΥ,4th ELLHNIKOY,ΛΕΩΦ.ΠΟΣΕΙΔΩΝΟΣ,"140, Α1, Α2, Χ96"
590013: ΚΟΛΛΕΓΙΟ,"590013","590013",ΚΟΛΛΕΓΙΟ,KOLLEGIO,ΛΕΩΦ.ΠΟΣΕΙΔΩΝΟΣ,"115, 140, Α1, Α2, Χ96"
590014: 4η ΕΛΛΗΝΙΚΟΥ,"590014","590014",4η ΕΛΛΗΝΙΚΟΥ,4th ELLHNIKOY,ΛΕΩΦ.ΠΟΣΕΙΔΩΝΟΣ,"115, 140, Α1, Α2, Χ96"
590015: 3η ΕΛΛΗΝΙΚΟΥ,"590015","590015",3η ΕΛΛΗΝΙΚΟΥ,3rd ELLHNIKOY,ΛΕΩΦ.ΠΟΣΕΙΔΩΝΟΣ,"115, 140, Α1, Α2"
590016: 2η ΕΛΛΗΝΙΚΟΥ,"590016","590016",2η ΕΛΛΗΝΙΚΟΥ,2nd ELLHNIKOY,ΛΕΩΦ.ΠΟΣΕΙΔΩΝΟΣ,"109, 115, 140, Α1, Α2, Β2, Χ96"
590017: 1η ΕΛΛΗΝΙΚΟΥ,"590017","590017",1η ΕΛΛΗΝΙΚΟΥ,1st ELLHNIKOY,ΛΕΩΦ.ΠΟΣΕΙΔΩΝΟΣ,"109, 115, 140, Α1, Α2, Β2"
590018: 2η ΑΓ. ΚΟΣΜΑΣ,"590018","590018",2η ΑΓ. ΚΟΣΜΑΣ,2nd AG. KOSMAS,ΛΕΩΦ.ΠΟΣΕΙΔΩΝΟΣ,"109, 115, 140, Α1, Α2, Β2"
590019: ΑΘΛΗΤΙΚΟ ΚΕΝΤΡΟ,"590019","590019",ΑΘΛΗΤΙΚΟ ΚΕΝΤΡΟ,ATHLHTIKO KENTRO,ΛΕΩΦ.ΠΟΣΕΙΔΩΝΟΣ,"109, 115, 140, Α1, Α2, Β2"
590020: 1η ΑΓ. ΚΟΣΜΑ,"590020","590020",1η ΑΓ. ΚΟΣΜΑ,1st AG. KOSMA,ΛΕΩΦ.ΠΟΣΕΙΔΩΝΟΣ,"109, 115, 140, Α1, Α2, Β2, Χ96"
590022: 4η ΑΡΓΥΡΟΥΠΟΛΗΣ,"590022","590022",4η ΑΡΓΥΡΟΥΠΟΛΗΣ,4th ARGYROYPOLHS,ΛΕΩΦ.ΒΟΥΛΙΑΓΜΕΝΗΣ,"790, Α3"
590023: ΣΤ. ΑΡΓΥΡΟΥΠΟΛΗ,"590023","590023",ΣΤ. ΑΡΓΥΡΟΥΠΟΛΗ,ST. ARGYROYPOLH,ΛΕΩΦ.ΒΟΥΛΙΑΓΜΕΝΗΣ,"122, 124, 154, 171, 790, Α3"
590024: 6η ΑΡΓΥΡΟΥΠΟΛΗΣ,"590024","590024",6η ΑΡΓΥΡΟΥΠΟΛΗΣ,6th ARGYROYPOLHS,ΛΕΩΦ.ΒΟΥΛΙΑΓΜΕΝΗΣ,"122, 124, 154, 171, 790, Α3"
590027: ΣΤ. ΕΛΛΗΝΙΚΟ,"590027","590027",ΣΤ. ΕΛΛΗΝΙΚΟ,ST. ELLHNIKO,ΛΕΩΦ.ΒΟΥΛΙΑΓΜΕΝΗΣ,"122, 171, 790, Α3, Χ97"
590028: ΓΕΦΥΡΑ,"590028","590028",ΓΕΦΥΡΑ,GEFYRA,ΛΕΩΦ.ΒΟΥΛΙΑΓΜΕΝΗΣ,"122, 171, 205, 790, Α3"
590029: ΓΕΦΥΡΑ,"590029","590029",ΓΕΦΥΡΑ,GEFYRA,ΛΕΩΦ.ΒΟΥΛΙΑΓΜΕΝΗΣ,"122, 171, 205, 790, Α3"
590030: ΣΤ. ΕΛΛΗΝΙΚΟ,"590030","590030",ΣΤ. ΕΛΛΗΝΙΚΟ,ST. ELLHNIKO,ΛΕΩΦ.ΒΟΥΛΙΑΓΜΕΝΗΣ,"122, 171, 205, 790, Α3, Χ97"
590031: ΑΜΕΡΙΚΑΝΙΚΗ ΒΑΣΗ,"590031","590031",ΑΜΕΡΙΚΑΝΙΚΗ ΒΑΣΗ,AMERIKANIKH BASH,ΛΕΩΦ.ΒΟΥΛΙΑΓΜΕΝΗΣ,"122, 124, 154, 171, 790, Α3"
590032: ΛΑΒΑΣΣΑ,"590032","590032",ΛΑΒΑΣΣΑ,LABASSA,ΛΕΩΦ.ΒΟΥΛΙΑΓΜΕΝΗΣ,"122, 124, 154, 171, 790, Α3"
590033: 6η ΑΡΓΥΡΟΥΠΟΛΕΩΣ,"590033","590033",6η ΑΡΓΥΡΟΥΠΟΛΕΩΣ,6th ARGYROYPOLEOS,ΛΕΩΦ.ΒΟΥΛΙΑΓΜΕΝΗΣ,"122, 124, 154, 171, 790, Α3"
590041: ΣΤΡΟΦΗ ΙΑΣΩΝΙΔΟΥ,"590041","590041",ΣΤΡΟΦΗ ΙΑΣΩΝΙΔΟΥ,STROFH IASONIDOY,ΙΑΣΩΝΙΔΟΥ,"124, 154, 205"
590042: ΑΡΓΟΝΑΥΤΩΝ,"590042","590042",ΑΡΓΟΝΑΥΤΩΝ,ARGONAYTON,ΙΑΣΩΝΙΔΟΥ,"124, 154, 205"
590043: ΤΡΑΠΕΖΑ,"590043","590043",ΤΡΑΠΕΖΑ,TRAPEZA,ΙΑΣΩΝΙΔΟΥ,"101, 124, 154, 205"
590044: ΕΚΚΛΗΣΙΑ,"590044","590044",ΕΚΚΛΗΣΙΑ,EKKLHSIA,ΙΑΣΩΝΙΔΟΥ,"101, 124, 154, 205"
590045: ΙΑΣΩΝΙΔΟΥ,"590045","590045",ΙΑΣΩΝΙΔΟΥ,IASONIDOY,ΙΑΣΩΝΙΔΟΥ,"101, 124, 154, 205"
590046: ΓΟΥΝΑΡΗ,"590046","590046",ΓΟΥΝΑΡΗ,GOYNARH,ΙΑΣΩΝΙΔΟΥ,"124, 154, 205"
590047: ΕΚΚΛΗΣΙΑ,"590047","590047",ΕΚΚΛΗΣΙΑ,EKKLHSIA,ΙΑΣΩΝΙΔΟΥ,"101, 124, 154, 205"
590049: ΑΡΓΟΝΑΥΤΩΝ,"590049","590049",ΑΡΓΟΝΑΥΤΩΝ,ARGONAYTON,ΙΑΣΩΝΙΔΟΥ,"124, 154, 205"
590050: ΔΙΑΣΤΑΥΡΩΣΗ ΙΑΣΩΝΙΔΟΥ,"590050","590050",ΔΙΑΣΤΑΥΡΩΣΗ ΙΑΣΩΝΙΔΟΥ,DIASTAYROSH IASONIDOY,ΙΑΣΩΝΙΔΟΥ,"124, 154, 205"
590051: ΑΦΡΟΔΙΤΗΣ,"590051","590051",ΑΦΡΟΔΙΤΗΣ,AFRODITHS,ΤΡΙΠΟΛΕΩΣ,"101"
590053: ΑΦΡΟΔΙΤΗΣ,"590053","590053",ΑΦΡΟΔΙΤΗΣ,AFRODITHS,ΡΙΖΟΥΝΤΟΣ,"101"
590055: Λ. ΛΑΣΚΑΡΙΔΗ,"590055","590055",Λ. ΛΑΣΚΑΡΙΔΗ,L. LASKARIDH,ΤΙΤΑΝΩΝ,"140, 142"
590057: ΚΟΛΛΕΓΙΟ,"590057","590057",ΚΟΛΛΕΓΙΟ,KOLLEGIO,ΛΕΩΦ.ΠΟΣΕΙΔΩΝΟΣ,"140, Α1, Α2, Χ96"
590059: ΤΡΑΠΕΖΑ,"590059","590059",ΤΡΑΠΕΖΑ,TRAPEZA,ΙΑΣΩΝΙΔΟΥ,"101, 124, 154, 205"
590061: ΡΟΔΟΠΟΛΕΩΣ,"590061","590061",ΡΟΔΟΠΟΛΕΩΣ,RODOPOLEOS,ΤΡΙΠΟΛΕΩΣ,"101"
590062: ΡΟΔΟΠΟΛΕΩΣ,"590062","590062",ΡΟΔΟΠΟΛΕΩΣ,RODOPOLEOS,ΡΙΖΟΥΝΤΟΣ,"101"
590072: ΤΙΤΑΝΩΝ,"590072","590072",ΤΙΤΑΝΩΝ,TITANON,ΤΙΤΑΝΩΝ,"140, 142"
590076: ΓΟΥΝΑΡΗ,"590076","590076",ΓΟΥΝΑΡΗ,GOYNARH,ΓΟΥΝΑΡΗ,Β1
590079: ΔΕΛΤΑ,"590079","11570",ΔΕΛΤΑ,DELTA,,"109, Β2"
59: ΔΑΣΟΣ Β,"59","10225",ΔΑΣΟΣ Β,DASOS B,,"803"
600007: ΠΑΝΑΓ. ΓΡΗΓΟΡΟΥΣΗΣ,"600007","600007",ΠΑΝΑΓ. ΓΡΗΓΟΡΟΥΣΗΣ,PANAG. GRHGOROYSHS,ΠΑΝΑΓ.ΓΡΗΓΟΡΟΥΣΗΣ,"735"
600008: ΓΕΦΥΡΑ  ΑΤΤΙΚΗΣ ΟΔΟΥ,"600008","600008",ΓΕΦΥΡΑ  ΑΤΤΙΚΗΣ ΟΔΟΥ,GEFYRA  ATTIKHS ODOY,ΠΑΝΑΓ.ΓΡΗΓΟΡΟΥΣΗΣ,"735"
600009: ΝΑΟΣ ΠΑΝΑΓΙΑΣ,"600009","600009",ΝΑΟΣ ΠΑΝΑΓΙΑΣ,NAOS PANAGIAS,ΠΑΝΑΓ.ΓΡΗΓΟΡΟΥΣΗΣ,"735"
600013: ΕΘΝ. ΑΝΤΙΣΤΑΣΗΣ,"600013","600013",ΕΘΝ. ΑΝΤΙΣΤΑΣΗΣ,ETHN. ANTISTASHS,ΠΑΝΑΓ.ΓΡΗΓΟΡΟΥΣΗΣ,"735"
600016: ΔΙΑΣΤΑΥΡΩΣΗ,"600016","600016",ΔΙΑΣΤΑΥΡΩΣΗ,DIASTAYROSH,28ης ΟΚΤΩΒΡΙΟΥ,"735"
600017: ΓΕΦΥΡΑ  ΑΤΤΙΚΗΣ ΟΔΟΥ,"600017","600017",ΓΕΦΥΡΑ  ΑΤΤΙΚΗΣ ΟΔΟΥ,GEFYRA  ATTIKHS ODOY,ΠΑΝΑΓ.ΓΡΗΓΟΡΟΥΣΗΣ,"735"
600018: ΤΕΠΕΛΕΝΙΟΥ,"600018","600018",ΤΕΠΕΛΕΝΙΟΥ,TEPELENIOY,ΠΑΝΑΓ.ΓΡΗΓΟΡΟΥΣΗΣ,"735"
600019: ΠΑΡΚΟ Κ. ΛΙΑΡΟΣ,"600019","600019",ΠΑΡΚΟ Κ. ΛΙΑΡΟΣ,PARKO K. LIAROS,ΠΑΝΑΓ.ΓΡΗΓΟΡΟΥΣΗΣ,"735"
600027: ΚΟΛΟΚΟΤΡΩΝΗ,"600027","600027",ΚΟΛΟΚΟΤΡΩΝΗ,KOLOKOTRONH,ΠΑΝΑΓ.ΓΡΗΓΟΡΟΥΣΗΣ,"735"
600029: ΠΑΝΑΓ. ΓΡΗΓΟΡΟΥΣΗΣ,"600029","600029",ΠΑΝΑΓ. ΓΡΗΓΟΡΟΥΣΗΣ,PANAG. GRHGOROYSHS,ΠΑΝΑΓ.ΓΡΗΓΟΡΟΥΣΗΣ,"735"
600035: ΣΟΥΛΙΟΥ,"600035","600035",ΣΟΥΛΙΟΥ,SOYLIOY,ΠΑΝΑΓ.ΓΡΗΓΟΡΟΥΣΗΣ,"735"
600045: ΠΑΠΑΝΙΚΟΛΗ,"600045","600045",ΠΑΠΑΝΙΚΟΛΗ,PAPANIKOLH,ΠΑΝΑΓ.ΓΡΗΓΟΡΟΥΣΗΣ,"735"
600048: ΕΘΝ. ΑΝΤΙΣΤΑΣΗΣ,"600048","600048",ΕΘΝ. ΑΝΤΙΣΤΑΣΗΣ,ETHN. ANTISTASHS,ΠΑΝΑΓ.ΓΡΗΓΟΡΟΥΣΗΣ,"735"
602: ΚΑΛΟΓΡΕΖΑ,"602","11774",ΚΑΛΟΓΡΕΖΑ,KALOGREZA,,"602"
608: ΑΚΑΔΗΜΙΑ,"608","11516",ΑΚΑΔΗΜΙΑ,AKADHMIA,ΑΚΑΔΗΜΙΑΣ,"204, 204Β, 608"
609: ΧΑΤΖΗΔΑΚΗ,"609","11773",ΧΑΤΖΗΔΑΚΗ,XATZHDAKH,Λ.ΓΑΛΑΤΣΙΟΥ,"608"
610002: 9η ΚΡΥΟΝΕΡΙΟΥ,"610002","610002",9η ΚΡΥΟΝΕΡΙΟΥ,9th KRYONERIOY,ΛΕΩΦ.ΚΡΥΟΝΕΡΙΟΥ,"509"
610003: 10η ΚΡΥΟΝΕΡΙΟΥ,"610003","610003",10η ΚΡΥΟΝΕΡΙΟΥ,10th KRYONERIOY,ΛΕΩΦ.ΚΡΥΟΝΕΡΙΟΥ,"509"
610004: 12η ΚΡΥΟΝΕΡΙΟΥ ΚΟΙΝΟΤΗΤΑ,"610004","610004",12η ΚΡΥΟΝΕΡΙΟΥ ΚΟΙΝΟΤΗΤΑ,12th KRYONERIOY KOINOTHTA,ΠΛ.ΚΡΥΟΝΕΡΙΟΥ,"509"
610005: 11η ΚΡΥΟΝΕΡΙΟΥ,"610005","610005",11η ΚΡΥΟΝΕΡΙΟΥ,11th KRYONERIOY,ΛΕΩΦ.ΚΡΥΟΝΕΡΙΟΥ,"509"
610006: 10η ΚΡΥΟΝΕΡΙΟΥ,"610006","610006",10η ΚΡΥΟΝΕΡΙΟΥ,10th KRYONERIOY,ΛΕΩΦ.ΚΡΥΟΝΕΡΙΟΥ,"509"
610007: 9η ΚΡΥΟΝΕΡΙΟΥ,"610007","610007",9η ΚΡΥΟΝΕΡΙΟΥ,9th KRYONERIOY,ΛΕΩΦ.ΚΡΥΟΝΕΡΙΟΥ,"509"
610008: 11η ΚΡΥΟΝΕΡΙΟΥ,"610008","610008",11η ΚΡΥΟΝΕΡΙΟΥ,11th KRYONERIOY,ΛΕΩΦ.ΚΡΥΟΝΕΡΙΟΥ,"509"
610009: 12η ΚΟΙΝΟΤΗΤΑ,"610009","610009",12η ΚΟΙΝΟΤΗΤΑ,12th KOINOTHTA,ΛΕΩΦ.ΚΡΥΟΝΕΡΙΟΥ,"509"
610010: ΝΕΑ ΠΛΑΤΕΙΑ,"610010","610010",ΝΕΑ ΠΛΑΤΕΙΑ,NEA PLATEIA,ΛΕΩΦ.ΚΡΥΟΝΕΡΙΟΥ,"509"
610011: 13η ΚΡΥΟΝΕΡΙΟΥ,"610011","610011",13η ΚΡΥΟΝΕΡΙΟΥ,13th KRYONERIOY,ΛΕΩΦ.ΚΡΥΟΝΕΡΙΟΥ,"509"
610012: 13η ΚΡΥΟΝΕΡΙΟΥ,"610012","610012",13η ΚΡΥΟΝΕΡΙΟΥ,13th KRYONERIOY,ΠΛ.ΚΡΥΟΝΕΡΙΟΥ,"509"
610013: 8η ΚΡΥΟΝΕΡΙΟΥ,"610013","610013",8η ΚΡΥΟΝΕΡΙΟΥ,8th KRYONERIOY,ΛΕΩΦ.ΚΡΥΟΝΕΡΙΟΥ,"509"
610014: 8η ΚΡΥΟΝΕΡΙΟΥ,"610014","610014",8η ΚΡΥΟΝΕΡΙΟΥ,8th KRYONERIOY,ΛΕΩΦ.ΚΡΥΟΝΕΡΙΟΥ,"509"
610016: ΔΗΜΟΚΡΑΤΙΑΣ,"610016","11028",ΔΗΜΟΚΡΑΤΙΑΣ,DHMOKRATIAS,ΔΗΜΟΚΡΑΤΙΑΣ,"509"
610030: ΚΑΛΛΙΓΕΡΗ,"610030","11082",ΚΑΛΛΙΓΕΡΗ,KALLIGERH,ΗΡΩΩΝ ΠΟΛΥΤΕΧΝΕΙΟΥ,"509"
610031: ΒΑΖΑΙΟΥ,"610031","11083",ΒΑΖΑΙΟΥ,BAZAIOY,ΗΡΩΩΝ ΠΟΛΥΤΕΧΝΕΙΟΥ,"509"
610032: ΠΑΤΕΛΕΙΚΑ,"610032","11085",ΠΑΤΕΛΕΙΚΑ,PATELEIKA,ΗΡΩΩΝ ΠΟΛΥΤΕΧΝΕΙΟΥ,"509"
610033: ΑΥΓΗΣ,"610033","11086",ΑΥΓΗΣ,AYGHS,ΑΝΟΙΞΕΩΣ,"509"
610034: ΟΥΛΩΦ ΠΑΛΜΕ,"610034","11088",ΟΥΛΩΦ ΠΑΛΜΕ,OYLOF PALME,ΑΝΟΙΞΕΩΣ,"509"
610035: ΕΙΡΗΝΗΣ,"610035","11089",ΕΙΡΗΝΗΣ,EIRHNHS,ΑΝΟΙΞΕΩΣ,"509"
610036: ΥΑΚΙΝΘΟΥ,"610036","11090",ΥΑΚΙΝΘΟΥ,YAKINTHOY,ΑΝΟΙΞΕΩΣ,"509"
610: ΥΓΕΙΟΝΟΜΙΚΟ,"610","11876",ΥΓΕΙΟΝΟΜΙΚΟ,YGEIONOMIKO,Λ. ΑΛΕΞΑΝΔΡΑΣ,"610"
61: ΝΕΑΠΟΛΗ,"61","10227",ΝΕΑΠΟΛΗ,NEAPOLH,,"800, 824, 825, 846, 848, 852"
620001: ΥΠΟΥΡΓΕΙΟ,"620001","620001",ΥΠΟΥΡΓΕΙΟ,YPOYRGEIO,ΣΟΦ.ΒΕΝΙΖΕΛΟΥ,"541, Β9"
620002: ΑΓ. ΒΑΡΒΑΡΑ,"620002","620002",ΑΓ. ΒΑΡΒΑΡΑ,AG. BARBARA,ΣΟΦ.ΒΕΝΙΖΕΛΟΥ,"541, Β9"
620003: 1η ΚΗΦΙΣΙΑΣ,"620003","620003",1η ΚΗΦΙΣΙΑΣ,1st KHFISIAS,ΣΟΦ.ΒΕΝΙΖΕΛΟΥ,Β9
620004: 2η ΚΗΦΙΣΙΑΣ,"620004","620004",2η ΚΗΦΙΣΙΑΣ,2nd KHFISIAS,ΣΟΦ.ΒΕΝΙΖΕΛΟΥ,Β9
620005: 3η ΚΗΦΙΣΙΑΣ,"620005","620005",3η ΚΗΦΙΣΙΑΣ,3rd KHFISIAS,ΣΟΦ.ΒΕΝΙΖΕΛΟΥ,Β9
620007: 4η ΚΗΦΙΣΙΑΣ,"620007","620007",4η ΚΗΦΙΣΙΑΣ,4th KHFISIAS,ΣΟΦ.ΒΕΝΙΖΕΛΟΥ,Β9
620008: 3η ΚΗΦΙΣΙΑΣ,"620008","620008",3η ΚΗΦΙΣΙΑΣ,3rd KHFISIAS,ΣΟΦ.ΒΕΝΙΖΕΛΟΥ,Β9
620009: 2η ΚΗΦΙΣΙΑΣ,"620009","620009",2η ΚΗΦΙΣΙΑΣ,2nd KHFISIAS,ΣΟΦ.ΒΕΝΙΖΕΛΟΥ,Β9
620010: 1η ΚΗΦΙΣΙΑΣ,"620010","620010",1η ΚΗΦΙΣΙΑΣ,1st KHFISIAS,ΣΟΦ.ΒΕΝΙΖΕΛΟΥ,Β9
620011: ΔΗΜΑΡΧΕΙΟ,"620011","620011",ΔΗΜΑΡΧΕΙΟ,DHMARXEIO,ΑΓ.ΒΑΡΒΑΡΑΣ,"541"
620014: ΑΓ. ΒΑΡΒΑΡΑ,"620014","620014",ΑΓ. ΒΑΡΒΑΡΑ,AG. BARBARA,ΣΟΦ.ΒΕΝΙΖΕΛΟΥ,"541, Β9"
620015: ΥΠΟΥΡΓΕΙΟ,"620015","620015",ΥΠΟΥΡΓΕΙΟ,YPOYRGEIO,ΣΟΦ.ΒΕΝΙΖΕΛΟΥ,"541, Β9"
620016: 25ης ΜΑΡΤΙΟΥ,"620016","620016",25ης ΜΑΡΤΙΟΥ,25th MARTIOY,ΛΕΩΦ. ΑΜΑΡΟΥΣΙΟΥ,"541, Α8"
620017: 9η ΑΜΑΡΟΥΣΙΟΥ,"620017","620017",9η ΑΜΑΡΟΥΣΙΟΥ,9th AMAROYSIOY,ΛΕΩΦ.ΑΜΑΡΟΥΣΙΟΥ,"541, Α8"
620018: 8η ΑΜΑΡΟΥΣΙΟΥ,"620018","620018",8η ΑΜΑΡΟΥΣΙΟΥ,8th AMAROYSIOY,ΛΕΩΦ.ΑΜΑΡΟΥΣΙΟΥ,Α8
620019: ΣΜΥΡΝΗΣ,"620019","620019",ΣΜΥΡΝΗΣ,SMYRNHS,ΠΟΛΕΜΙΣΤΩΝ,"541"
620021: ΠΑΙΔΙΚΗ ΧΑΡΑ,"620021","620021",ΠΑΙΔΙΚΗ ΧΑΡΑ,PAIDIKH XARA,Ν.ΠΛΑΣΤΗΡΑ,"541"
620022: ΔΑΒΑΚΗ,"620022","620022",ΔΑΒΑΚΗ,DABAKH,Ν.ΠΛΑΣΤΗΡΑ,"541"
620029: ΖΩΟΔ. ΠΗΓΗ,"620029","620029",ΖΩΟΔ. ΠΗΓΗ,ZOOD. PHGH,ΒΕΡΓΙΝΑΣ,"541"
620030: ΠΕΥΚΩΝ,"620030","620030",ΠΕΥΚΩΝ,PEYKON,ΔΑΣΟΥΣ,"501, 527"
620032: ΑΘ. ΔΙΑΚΟΥ,"620032","620032",ΑΘ. ΔΙΑΚΟΥ,ATH. DIAKOY,ΠΟΛΕΜΙΣΤΩΝ,"541"
620033: ΛΥΚΟΒΡΥΣΕΩΣ,"620033","620033",ΛΥΚΟΒΡΥΣΕΩΣ,LYKOBRYSEOS,ΓΡ.ΛΑΜΠΡΑΚΗ,"541"
630003: 1η ΕΜΑΚ,"630003","630003",1η ΕΜΑΚ,1st EMAK,ΛΕΩΦ.ΚΑΜΑΡΙΟΥ,"864"
630004: SATO,"630004","630004",SATO,SATO,ΛΕΩΦ.ΚΑΜΑΡΙΟΥ,"864"
630005: ΣΧΟΛΕΙΟ,"630005","630005",ΣΧΟΛΕΙΟ,SXOLEIO,ΗΡΩΩΝ ΠΟΛΥΤΕΧΝΕΙΟΥ,"861, 861Β, 863, 865"
630006: ΠΛ. ΜΑΓΟΥΛΑΣ,"630006","630006",ΠΛ. ΜΑΓΟΥΛΑΣ,PL. MAGOYLAS,ΗΡΩΩΝ ΠΟΛΥΤΕΧΝΕΙΟΥ,"861, 861Β, 863, 865"
630007: ΦΟΥΡΝΟΣ,"630007","630007",ΦΟΥΡΝΟΣ,FOYRNOS,ΣΤΑΜΟΥ,"861, 861Β, 863, 865"
630008: ΦΟΥΡΝΟΣ,"630008","630008",ΦΟΥΡΝΟΣ,FOYRNOS,ΣΤΑΜΟΥ,"861, 861Β, 863, 876"
630009: ΠΛ. ΜΑΓΟΥΛΑΣ,"630009","630009",ΠΛ. ΜΑΓΟΥΛΑΣ,PL. MAGOYLAS,ΗΡΩΩΝ ΠΟΛΥΤΕΧΝΕΙΟΥ,"861, 861Β, 863, 876"
630010: ΣΧΟΛΕΙΟ,"630010","630010",ΣΧΟΛΕΙΟ,SXOLEIO,ΗΡΩΩΝ ΠΟΛΥΤΕΧΝΕΙΟΥ,"861, 861Β, 863, 876"
630011: CONVEX,"630011","630011",CONVEX,CONVEX,ΛΕΩΦ.ΚΑΜΑΡΙΟΥ,"864"
630012: ΣΥΝΕΡΓΕΙΟ,"630012","630012",ΣΥΝΕΡΓΕΙΟ,SYNERGEIO,ΛΕΩΦ.ΚΑΜΑΡΙΟΥ,"864"
630013: ΕΒΡΟΥ,"630013","630013",ΕΒΡΟΥ,EBROY,ΛΕΩΦ.ΚΑΜΑΡΙΟΥ,"864"
630014: ΒΑΣΙΛΕΙΟΥ,"630014","630014",ΒΑΣΙΛΕΙΟΥ,BASILEIOY,ΛΕΩΦ.ΚΑΜΑΡΙΟΥ,"864"
630015: ΕΛΠΑΚ,"630015","630015",ΕΛΠΑΚ,ELPAK,ΣΤΑΜΟΥ,"861, 861Β, 863, 865"
630016: ΘΡΙΑΣΙΟΥ,"630016","630016",ΘΡΙΑΣΙΟΥ,THRIASIOY,ΗΡΩΩΝ ΠΟΛΥΤΕΧΝΕΙΟΥ,"863"
630017: ΘΡΙΑΣΙΟΥ,"630017","630017",ΘΡΙΑΣΙΟΥ,THRIASIOY,ΗΡΩΩΝ ΠΟΛΥΤΕΧΝΕΙΟΥ,"863"
630018: ΘΡΙΑΣΙΟ ΝΟΣΟΚΟΜΕΙΟ,"630018","630018",ΘΡΙΑΣΙΟ ΝΟΣΟΚΟΜΕΙΟ,THRIASIO NOSOKOMEIO,ΛΕΩΦ.ΓΕΩΡ.ΓΕΝΝΗΜΑΤΑ,"861, 861Β, 863, 864, 865, 868, 879"
630019: ΓΕΩΡ. ΓΕΝΝΗΜΑΤΑ,"630019","630019",ΓΕΩΡ. ΓΕΝΝΗΜΑΤΑ,GEOR. GENNHMATA,ΛΕΩΦ.ΓΕΩΡ.ΓΕΝΝΗΜΑΤΑ,"861, 861Β, 863, 864, 865, 868, 879"
630020: ΓΕΩΡΓΙΟΥ ΓΕΝΝΗΜΑΤΑ,"630020","630020",ΓΕΩΡΓΙΟΥ ΓΕΝΝΗΜΑΤΑ,GEORGIOY GENNHMATA,ΛΕΩΦ.ΓΕΩΡ.ΓΕΝΝΗΜΑΤΑ,"861, 861Β, 863, 864, 868, 876, 879"
630021: ΝΟΣΟΚΟΜΕΙΟ,"630021","630021",ΝΟΣΟΚΟΜΕΙΟ,NOSOKOMEIO,ΛΕΩΦ.ΓΕΩΡ.ΓΕΝΝΗΜΑΤΑ,"861, 861Β, 863, 864, 868, 876, 879"
630022: ΠΡΟΑΣΤΙΑΚΟΣ,"630022","630022",ΠΡΟΑΣΤΙΑΚΟΣ,PROASTIAKOS,ΘΡΙΑΣΙΟΥ(ΕΙΣΟΔΟΣ ΣΤΑΘΜΟΥ),"861, 861Β, 863"
630024: ΝΙΚΗΤΑΡΑ,"630024","630024",ΝΙΚΗΤΑΡΑ,NIKHTARA,ΗΡΩΩΝ ΠΟΛΥΤΕΧΝΕΙΟΥ,"863"
630025: ΑΝΑΣΤΑΣΕΩΣ,"630025","630025",ΑΝΑΣΤΑΣΕΩΣ,ANASTASEOS,ΑΝΑΣΤΑΣΕΩΣ,"863"
630026: INTERMETAL,"630026","630026",INTERMETAL,INTERMETAL,ΛΕΩΦ.ΚΑΜΑΡΙΟΥ,"864"
630027: ΔΗΜΗΤΡΑΣ,"630027","630027",ΔΗΜΗΤΡΑΣ,DHMHTRAS,ΚΩΝ.ΚΑΜΠΟΛΗ,"863"
630028: ΜΕΛΕΤΙΟΥ ΜΗΛΙΟΥ,"630028","630028",ΜΕΛΕΤΙΟΥ ΜΗΛΙΟΥ,MELETIOY MHLIOY,ΚΩΝ.ΚΑΜΠΟΛΗ,"863"
630029: ΛΑΦΑΖΑΝΗ,"630029","630029",ΛΑΦΑΖΑΝΗ,LAFAZANH,ΘΡΙΑΣΙΟΥ ΠΕΔΙΟΥ,"861, 861Β, 863, 865"
630030: ΜΠΟΥΜΠΟΥΛΙΝΑΣ,"630030","630030",ΜΠΟΥΜΠΟΥΛΙΝΑΣ,MPOYMPOYLINAS,ΠΑΡΑΠΛ.ΟΔΟΥ ΑΤΤΙΚΗΣ ΟΔΟΥ,"863"
630031: ΠΑΠΑΦΛΕΣΣΑ,"630031","630031",ΠΑΠΑΦΛΕΣΣΑ,PAPAFLESSA,ΑΝΩΝΥΜΟΥ,"863"
630032: LSH,"630032","630032",LSH,LSH,ΛΕΩΦ.ΚΑΜΑΡΙΟΥ,"864"
630033: CONVEX,"630033","630033",CONVEX,CONVEX,ΛΕΩΦ.ΚΑΜΑΡΙΟΥ,"864"
630034: ΚΑΝΑΚΗ,"630034","630034",ΚΑΝΑΚΗ,KANAKH,ΛΕΩΦ.ΚΑΜΑΡΙΟΥ,"864"
630035: ΝΕΖΗ,"630035","630035",ΝΕΖΗ,NEZH,ΛΕΩΦ.ΚΑΜΑΡΙΟΥ,"864"
630036: ΝΟΒΑΣΩΛ,"630036","630036",ΝΟΒΑΣΩΛ,NOBASOL,ΛΕΩΦ.ΚΑΜΑΡΙΟΥ,"864"
630037: ΑΠΟΘΗΚΕΣ ΜΑΓΟΥΛΑΣ,"630037","630037",ΑΠΟΘΗΚΕΣ ΜΑΓΟΥΛΑΣ,APOTHIKES MAGOYLAS,ΛΕΩΦ.ΚΑΜΑΡΙΟΥ,"864"
630038: ΠΡΟΑΣΤΙΑΚΟΣ,"630038","630038",ΠΡΟΑΣΤΙΑΚΟΣ,PROASTIAKOS,ΘΡΙΑΣΙΟΥ(ΕΙΣΟΔΟΣ ΣΤΑΥΜΟΥ),"861, 861Β, 863, 876"
630039: ΝΙΚΗΤΑΡΑ,"630039","630039",ΝΙΚΗΤΑΡΑ,NIKHTARA,ΗΡΩΩΝ ΠΟΛΥΤΕΧΝΕΙΟΥ,"863"
630040: ΜΠΟΥΜΠΟΥΛΙΝΑΣ,"630040","630040",ΜΠΟΥΜΠΟΥΛΙΝΑΣ,MPOYMPOYLINAS,ΠΑΡΑΠΛ.ΟΔΟΥ ΑΤΤΙΚΗΣ ΟΔΟΥ,"863"
630041: ΠΑΠΑΦΛΕΣΣΑ,"630041","630041",ΠΑΠΑΦΛΕΣΣΑ,PAPAFLESSA,ΑΝΩΝΥΜΟΥ,"863"
630042: ΑΝΑΣΤΑΣΕΩΣ,"630042","630042",ΑΝΑΣΤΑΣΕΩΣ,ANASTASEOS,ΑΝΩΝΥΜΟΥ,"863"
630043: ΔΗΜΗΤΡΑΣ,"630043","630043",ΔΗΜΗΤΡΑΣ,DHMHTRAS,ΚΩΝ.ΚΑΜΠΟΛΗ,"863"
630044: ΜΕΛΕΤΙΟΥ ΜΗΛΙΟΥ,"630044","630044",ΜΕΛΕΤΙΟΥ ΜΗΛΙΟΥ,MELETIOY MHLIOY,ΚΩΝ.ΚΑΜΠΟΛΗ,"863"
640003: ΚΑΛΑΜΠΟΚΗ,"640003","640003",ΚΑΛΑΜΠΟΚΗ,KALAMPOKH,ΔΗΜΟΚΡΑΤΙΑΣ,"410, 446"
640004: ΚΑΛΕΡΓΗ,"640004","640004",ΚΑΛΕΡΓΗ,KALERGH,25ης ΜΑΡΤΙΟΥ,"446, 530"
640005: ΤΕΡΜΑ ΤΣΑΓΚΑΡΗ,"640005","640005",ΤΕΡΜΑ ΤΣΑΓΚΑΡΗ,TERMA TSAGKARH,25ης ΜΑΡΤΙΟΥ,"446"
640006: 1η ΤΣΑΓΚΑΡΗ,"640006","640006",1η ΤΣΑΓΚΑΡΗ,1st TSAGKARH,25ης ΜΑΡΤΙΟΥ,"446"
640007: ΠΑΠΑΝΙΚΟΛΑΟΥ,"640007","640007",ΠΑΠΑΝΙΚΟΛΑΟΥ,PAPANIKOLAOY,ΔΗΜΟΚΡΑΤΙΑΣ,"410"
640008: ΠΛ. ΜΕΛΙΣΣΙΩΝ,"640008","640008",ΠΛ. ΜΕΛΙΣΣΙΩΝ,PL. MELISSION,ΔΗΜΟΚΡΑΤΙΑΣ,"410"
640009: ΔΙΑΣΤΑΥΡΩΣΗ,"640009","640009",ΔΙΑΣΤΑΥΡΩΣΗ,DIASTAYROSH,Π.ΤΣΑΛΔΑΡΗ,"405, 410, 450"
640010: ΓΟΥΝΑΡΗ,"640010","640010",ΓΟΥΝΑΡΗ,GOYNARH,Π.ΤΣΑΛΔΑΡΗ,"405, 410, 446, 450, 530"
640011: ΠΑΠΑΔΗΜΗΤΡΙΟΥ,"640011","640011",ΠΑΠΑΔΗΜΗΤΡΙΟΥ,PAPADHMHTRIOY,Π.ΤΣΑΛΔΑΡΗ,"446, 450, 530"
640012: ΝΙΕΝ,"640012","640012",ΝΙΕΝ,NIEN,ΚΟΥΝΤΟΥΡΙΩΤΟΥ,"446, 450, 530"
640013: ΕΡΜΟΥ,"640013","640013",ΕΡΜΟΥ,ERMOY,ΑΓ.ΣΙΛΑ,"446, 451, 530"
640014: ΓΕΦΥΡΑ,"640014","640014",ΓΕΦΥΡΑ,GEFYRA,Ν.ΠΕΝΤΕΛΗΣ,"446, 451, 530"
640015: 25ης ΜΑΡΤΙΟΥ,"640015","640015",25ης ΜΑΡΤΙΟΥ,25th MARTIOY,Ν.ΠΕΝΤΕΛΗΣ,"446, 451, 530"
640016: ΝΙΕΝ,"640016","640016",ΝΙΕΝ,NIEN,ΚΟΥΝΤΟΥΡΙΩΤΟΥ,"446, 451, 530"
640018: ΜΠΟΜΠΟΛΑ,"640018","640018",ΜΠΟΜΠΟΛΑ,MPOMPOLA,ΠΗΓΗΣ,"405, 410, 446, 451, 530"
640019: ΤΡΟΙΑΣ,"640019","640019",ΤΡΟΙΑΣ,TROIAS,ΠΗΓΗΣ,"405, 410, 446, 451, 530"
640020: ΦΟΥΡΝΟΣ,"640020","640020",ΦΟΥΡΝΟΣ,FOYRNOS,ΠΗΓΗΣ,"405, 410, 446"
640021: ΘΕΑΤΡΟΥ,"640021","640052",ΘΕΑΤΡΟΥ,THEATROY,ΛΕΩΦ.ΠΕΝΤΕΛΗΣ,"450, 460, 461"
640023: ΛΥΡΑΚΟΥ,"640023","640023",ΛΥΡΑΚΟΥ,LYRAKOY,ΑΓ.ΣΙΛΛΑ,"446, 451, 530"
640024: ΒΙΓΛΑΣ,"640024","640024",ΒΙΓΛΑΣ,BIGLAS,ΣΜΥΡΝΗΣ,"405, 410, 530"
640026: ΚΑΛΛΙΠΟΛΕΩΣ,"640026","640026",ΚΑΛΛΙΠΟΛΕΩΣ,KALLIPOLEOS,ΑΓ.ΙΩΑΝΝΟΥ,"405, 410"
640027: ΜΟΥΣΣΩΝ,"640027","640027",ΜΟΥΣΣΩΝ,MOYSSON,ΤΕΡΨΙΘΕΑΣ,"405, 410"
640028: ΚΛΕΙΟΥΣ,"640028","640028",ΚΛΕΙΟΥΣ,KLEIOYS,ΤΕΡΨΙΘΕΑΣ,"405, 410"
640029: ΜΟΥΣΣΩΝ,"640029","640029",ΜΟΥΣΣΩΝ,MOYSSON,ΤΕΡΨΙΘΕΑΣ,"405, 410"
640030: ΚΑΛΛΙΠΟΛΕΩΣ,"640030","640030",ΚΑΛΛΙΠΟΛΕΩΣ,KALLIPOLEOS,ΑΓ.ΙΩΑΝΝΟΥ,"405, 410"
640033: ΦΟΥΡΝΟΣ,"640033","640033",ΦΟΥΡΝΟΣ,FOYRNOS,ΠΗΓΗΣ,"405, 410, 446, 530"
640038: ΠΛ. ΜΕΛΙΣΣΙΩΝ,"640038","640038",ΠΛ. ΜΕΛΙΣΣΙΩΝ,PL. MELISSION,ΔΗΜΟΚΡΑΤΙΑΣ,"410, 530"
640039: ΠΑΠΑΝΙΚΟΛΑΟΥ,"640039","640039",ΠΑΠΑΝΙΚΟΛΑΟΥ,PAPANIKOLAOY,ΔΗΜΟΚΡΑΤΙΑΣ,"410, 530"
640040: ΚΑΛΑΜΠΟΚΗ,"640040","640040",ΚΑΛΑΜΠΟΚΗ,KALAMPOKH,ΔΗΜΟΚΡΑΤΙΑΣ,"410, 446"
640041: ΠΑΛΛΑΔΙΟ,"640041","640041",ΠΑΛΛΑΔΙΟ,PALLADIO,ΔΗΜΟΚΡΑΤΙΑΣ,"410, 446"
640043: ΜΑΓΕΙΡΙΝΑ,"640043","640043",ΜΑΓΕΙΡΙΝΑ,MAGEIRINA,ΛΕΩΦ.ΠΕΝΤΕΛΗΣ,"450, 460, 461"
640044: ΠΑΤΗΜΑ,"640044","640044",ΠΑΤΗΜΑ,PATHMA,ΛΕΩΦ.ΠΕΝΤΕΛΗΣ,"450, 460, 461"
640045: ΠΑΛ. ΛΑΤΟΜΕΙΟ,"640045","640045",ΠΑΛ. ΛΑΤΟΜΕΙΟ,PAL. LATOMEIO,ΑΝΔ.ΠΑΠΑΝΔΡΕΟΥ,"405, 450"
640046: ΜΠΟΥΜΠΟΥΛΙΝΑΣ,"640046","640046",ΜΠΟΥΜΠΟΥΛΙΝΑΣ,MPOYMPOYLINAS,ΛΕΩΦ.ΕΛ.ΒΕΝΙΖΕΛΟΥ,"405, 410, 446, 451, 530"
640048: ΠΑΛ. ΛΑΤΟΜΕΙΟ,"640048","640048",ΠΑΛ. ΛΑΤΟΜΕΙΟ,PAL. LATOMEIO,ΑΝΔΡ.ΠΑΠΑΝΔΡΕΟΥ,"405, 451"
640049: ΔΙΑΣΤ. ΜΕΛΙΣΣΙΩΝ,"640049","640049",ΔΙΑΣΤ. ΜΕΛΙΣΣΙΩΝ,DIAST. MELISSION,ΛΕΩΦ.ΠΕΝΤΕΛΗΣ,"451, 460, 461"
640050: ΑΘΗΝΑΣ,"640050","640050",ΑΘΗΝΑΣ,ATHINAS,ΛΕΩΦ.ΠΕΝΤΕΛΗΣ,"451, 460, 461"
640051: ΔΑΒΑΚΗ,"640051","640051",ΔΑΒΑΚΗ,DABAKH,ΚΩΝΣΤΑΝΤΙΝΟΥ ΚΑΡΑΜΑΝΛΗ,"530"
640052: ΜΗΤΣΟΣ - ΑΝΝΑ,"640052","640021",ΜΗΤΣΟΣ - ΑΝΝΑ,MHTSOS - ANNA,ΛΕΩΦ.ΠΕΝΤΕΛΗΣ,"450, 460, 461"
640053: ΔΑΒΑΚΗ,"640053","640053",ΔΑΒΑΚΗ,DABAKH,ΚΩΝΣΤΑΝΤΙΝΟΥ ΚΑΡΑΜΑΝΛΗ,"530"
640054: ΥΠΟΛ. ΑΛΕΞ. ΔΙΑΚΟΥ,"640054","640054",ΥΠΟΛ. ΑΛΕΞ. ΔΙΑΚΟΥ,YPOL. ALEX. DIAKOY,ΚΩΝΣΤΑΝΤΙΝΟΥ ΚΑΡΑΜΑΝΛΗ,"530"
640055: ΥΠΟΛ. ΑΛΕΞ. ΔΙΑΚΟΥ,"640055","640055",ΥΠΟΛ. ΑΛΕΞ. ΔΙΑΚΟΥ,YPOL. ALEX. DIAKOY,ΚΩΝΣΤΑΝΤΙΝΟΥ ΚΑΡΑΜΑΝΛΗ,"530"
640056: ΒΑΛΤΕΤΣΙΟΥ,"640056","640056",ΒΑΛΤΕΤΣΙΟΥ,BALTETSIOY,25ης ΜΑΡΤΙΟΥ,"446, 530"
640057: ΒΑΛΤΕΤΣΙΟΥ,"640057","640057",ΒΑΛΤΕΤΣΙΟΥ,BALTETSIOY,25ης ΜΑΡΤΙΟΥ,"446"
640058: ΝΟΣ. ΤΣΑΓΚΑΡΗ,"640058","640058",ΝΟΣ. ΤΣΑΓΚΑΡΗ,NOS. TSAGKARH,25ης ΜΑΡΤΙΟΥ,"446, 530"
640064: ΣΤΡΟΦΗ,"640064","640064",ΣΤΡΟΦΗ,STROFH,ΛΕΩΦ.ΕΛ.ΒΕΝΙΖΕΛΟΥ,"405, 410, 446, 451, 530"
640065: ΣΜΥΡΝΗΣ,"640065","640065",ΣΜΥΡΝΗΣ,SMYRNHS,ΑΓ.ΙΩΑΝΝΟΥ,"405, 410"
640066: ΣΜΥΡΝΗΣ,"640066","640066",ΣΜΥΡΝΗΣ,SMYRNHS,ΑΓ.ΙΩΑΝΝΟΥ,"405, 410"
640067: ΣΧΟΛΕΙΟ,"640067","640067",ΣΧΟΛΕΙΟ,SXOLEIO,25ης ΜΑΡΤΙΟΥ,"446"
640068: ΠΟΛΙΤΙΣΤΙΚΟ ΚΕΝΤΡΟ,"640068","640068",ΠΟΛΙΤΙΣΤΙΚΟ ΚΕΝΤΡΟ,POLITISTIKO KENTRO,17ης ΝΟΕΜΒΡΙΟΥ 1973,"405, 410, 530"
640083: ΜΑΥΡΟΜΙΧΑΛΗ,"640083","640083",ΜΑΥΡΟΜΙΧΑΛΗ,MAYROMIXALH,25ης ΜΑΡΤΙΟΥ,"446, 530"
640084: ΔΙΑΣΤΑΥΡΩΣΗ,"640084","640084",ΔΙΑΣΤΑΥΡΩΣΗ,DIASTAYROSH,ΔΗΜΟΚΡΑΤΙΑΣ,"410, 530"
640085: ΚΟΙΜΗΤΗΡΙΟ,"640085","11499",ΚΟΙΜΗΤΗΡΙΟ,KOIMHTHRIO,,"410"
640: ΗΡΑΚΛΕΙΟ 640,"640","10653",ΗΡΑΚΛΕΙΟ 640,HRAKLEIO 640,,"640"
641: ΒΥΖΑΝΤΙΟΥ - ΧΑΪΔΑΡΙ,"641","11572",ΒΥΖΑΝΤΙΟΥ - ΧΑΪΔΑΡΙ,BYZANTIOY - XAIDARI,ΒΥΖΑΝΤΙΟΥ,"811"
642: ΑΦΕΤΗΡΙΑ 8η ΠΕΥΚΗΣ,"642","11801",ΑΦΕΤΗΡΙΑ 8η ΠΕΥΚΗΣ,AFETHRIA 8th PEYKHS,ΔΩΔΕΚΑΝΗΣΟΥ,"642"
64: ΧΑΙΔΑΡΙ,"64","10230",ΧΑΙΔΑΡΙ,XAIDARI,,"811"
650001: 1η ΜΠΑΛΑΣ,"650001","650001",1η ΜΠΑΛΑΣ,1st MPALAS,25ης ΜΑΡΤΙΟΥ,"507"
650002: ΤΡΑΥΛΟΥ,"650002","650002",ΤΡΑΥΛΟΥ,TRAYLOY,25 ΜΑΡΤΙΟΥ,"507"
650003: ΠΛ. 25ης ΜΑΡΤΙΟΥ,"650003","650003",ΠΛ. 25ης ΜΑΡΤΙΟΥ,PL. 25th MARTIOY,25ηs ΜΑΡΤΙΟΥ,"507"
650004: ΣΧΟΛΕΙΑ,"650004","650004",ΣΧΟΛΕΙΑ,SXOLEIA,ΚΟΛΟΚΟΤΡΩΝΗ,"507"
650005: ΠΕΡΙΣΤΕΡΙ,"650005","650005",ΠΕΡΙΣΤΕΡΙ,PERISTERI,ΡΟΔΟΠΟΛΕΩΣ,"507"
650006: ΠΡΟΦ. ΗΛΙΑΣ,"650006","650006",ΠΡΟΦ. ΗΛΙΑΣ,PROF. HLIAS,ΡΟΔΟΠΟΛΕΩΣ,"507"
650007: ΣΤΡΟΦΗ ΣΤΑΜΑΤΑΣ,"650007","650007",ΣΤΡΟΦΗ ΣΤΑΜΑΤΑΣ,STROFH STAMATAS,ΛΕΩΦ.ΣΤΑΜΑΤΑΣ,"507"
650008: 1η ΣΤΑΜΑΤΑΣ,"650008","650008",1η ΣΤΑΜΑΤΑΣ,1st STAMATAS,ΛΕΩΦ.ΣΤΑΜΑΤΑΣ,"507"
650009: ΠΡΟΦ. ΗΛΙΑΣ,"650009","650009",ΠΡΟΦ. ΗΛΙΑΣ,PROF. HLIAS,ΡΟΔΟΠΟΛΕΩΣ,"507"
650010: ΠΕΡΙΣΤΕΡΙ,"650010","650010",ΠΕΡΙΣΤΕΡΙ,PERISTERI,28ης ΟΚΤΩΒΡΙΟΥ,"507"
650011: ΚΟΙΝΟΤΗΤΑ,"650011","650011",ΚΟΙΝΟΤΗΤΑ,KOINOTHTA,25ης ΜΑΡΤΙΟΥ,"507"
650012: ΤΡΑΥΛΟΥ,"650012","650012",ΤΡΑΥΛΟΥ,TRAYLOY,25ης ΜΑΡΤΙΟΥ,"507"
650014: ΣΧΟΛΕΙΑ,"650014","650014",ΣΧΟΛΕΙΑ,SXOLEIA,ΚΟΛΟΚΟΤΡΩΝΗ,"507"
650015: ΑΓ. ΙΩΑΝΝΟΥ,"650015","10614",ΑΓ. ΙΩΑΝΝΟΥ,AG. IOANNOY,ΑΓΙΟΥ ΙΩΑΝΝΟΥ,"507"
650016: ΑΓ. ΙΩΑΝΝΟΥ,"650016","10615",ΑΓ. ΙΩΑΝΝΟΥ,AG. IOANNOY,ΑΓΙΟΥ ΙΩΑΝΝΟΥ,"507"
651: ΣΤ. ΠΑΝΟΡΜΟΥ,"651","11879",ΣΤ. ΠΑΝΟΡΜΟΥ,ST. PANORMOY,ΠΑΝΟΡΜΟΥ,"651"
653: ΣΧΟΛΕΙΟ - 653,"653","11846",ΣΧΟΛΕΙΟ - 653,SXOLEIO - 653,ΛΥΤΡΑ,"653"
65: ΣΧΙΣΤΟ,"65","999",ΣΧΙΣΤΟ,SXISTO,,"806, 807, 809, 810, 814"
660001: ΦΑΡΟΣ,"660001","660001",ΦΑΡΟΣ,FAROS,ΛΕΩΦ.ΚΗΦΙΣΙΑΣ,"503, 507, 509, 509Β, 535, 535Α, 536, 560, Α7"
660002: ΕΡΥΘΡΑΙΑ,"660002","660002",ΕΡΥΘΡΑΙΑ,ERYTHRAIA,ΕΛ.ΒΕΝΙΖΕΛΟΥ,"507, 509, 509Β, 535, 535Α, 536, Α7"
660003: ΔΙΑΣΤΑΥΡΩΣΗ,"660003","660003",ΔΙΑΣΤΑΥΡΩΣΗ,DIASTAYROSH,ΕΛ.ΒΕΝΙΖΕΛΟΥ,"507, 509, 509Β, 535, 535Α, 536, Α7"
660004: ΣΧΟΛΕΙΟ,"660004","660004",ΣΧΟΛΕΙΟ,SXOLEIO,ΕΛ.ΒΕΝΙΖΕΛΟΥ,"507, 509, 509Β, 535, 535Α, 536, Α7"
660005: ΚΑΣΤΡΙ,"660005","660005",ΚΑΣΤΡΙ,KASTRI,ΕΛ.ΒΕΝΙΖΕΛΟΥ,"507, 509, 509Β, 535, 535Α, 536, Α7"
660006: ΔΙΑΝΙΤΑ,"660006","660006",ΔΙΑΝΙΤΑ,DIANITA,ΛΕΩΦ.ΘΗΣΕΩΣ,"507, 509, 509Β, 535, 535Α, 536, Α7"
660007: 6η ΕΚΑΛΗΣ,"660007","660007",6η ΕΚΑΛΗΣ,6th EKALHS,ΛΕΩΦ.ΘΗΣΕΩΣ,"507, 509, 509Β, 535, 535Α, 536, Α7"
660008: 5η ΕΚΑΛΗΣ,"660008","660008",5η ΕΚΑΛΗΣ,5th EKALHS,ΛΕΩΦ.ΘΗΣΕΩΣ,"507, 509, 509Β, 535, 535Α, 536, Α7"
660009: 4η ΕΚΑΛΗΣ,"660009","660009",4η ΕΚΑΛΗΣ,4th EKALHS,ΛΕΩΦ.ΘΗΣΕΩΣ,"507, 509, 509Β, 535, 535Α, 536, Α7"
660010: ΦΟΡΟΣ,"660010","660010",ΦΟΡΟΣ,FOROS,ΕΛ.ΒΕΝΙΖΕΛΟΥ,"507, 509, 509Β, 535, 535Α, 536, Α7"
660011: ΚΑΣΤΡΙ,"660011","660011",ΚΑΣΤΡΙ,KASTRI,ΕΛ.ΒΕΝΙΖΕΛΟΥ,"507, 509, 509Β, 535, 535Α, 536, Α7"
660012: ΣΧΟΛΕΙΟ,"660012","660012",ΣΧΟΛΕΙΟ,SXOLEIO,ΕΛ.ΒΕΝΙΖΕΛΟΥ,"507, 509, 509Β, 535, 535Α, 536, Α7"
660013: ΠΛ. ΝΕΑΣ ΕΡΥΘΡΑΙΑΣ,"660013","660013",ΠΛ. ΝΕΑΣ ΕΡΥΘΡΑΙΑΣ,PL. NEAS ERYTHRAIAS,ΕΛ.ΒΕΝΙΖΕΛΟΥ,"507, 509, 509Β, 535, 535Α, 536, 560, Α7"
660014: ΕΡΥΘΡΑΙΑ,"660014","660014",ΕΡΥΘΡΑΙΑ,ERYTHRAIA,ΕΛ.ΒΕΝΙΖΕΛΟΥ,"507, 509, 509Β, 535, 535Α, 536, 560, Α7"
660015: ΝΕΑ ΕΡΥΘΡΑΙΑ,"660015","660015",ΝΕΑ ΕΡΥΘΡΑΙΑ,NEA ERYTHRAIA,ΚΩΝ.ΒΑΡΝΑΛΗ,"503, 560"
660016: 1η Ν. ΕΡΥΘΡΑΙΑΣ,"660016","660016",1η Ν. ΕΡΥΘΡΑΙΑΣ,1st N. ERYTHRAIAS,Κ.ΒΑΡΝΑΛΗ,"503, 560"
660017: 28ης ΟΚΤΩΒΡΙΟΥ,"660017","660017",28ης ΟΚΤΩΒΡΙΟΥ,28th OKTOBRIOY,ΚΟΛΟΚΟΤΡΩΝΗ,"503"
660018: 1η ΒΑΡΥΜΠΟΜΠΗΣ,"660018","660018",1η ΒΑΡΥΜΠΟΜΠΗΣ,1st BARYMPOMPHS,ΚΟΛΟΚΟΤΡΩΝΗ,"503"
660019: 2η ΒΑΡΥΜΠΟΜΠΗΣ,"660019","660019",2η ΒΑΡΥΜΠΟΜΠΗΣ,2nd BARYMPOMPHS,ΤΑΤΟΙΟΥ,"503"
660020: ΓΑΛΗΝΗΣ,"660020","660020",ΓΑΛΗΝΗΣ,GALHNHS,ΤΑΤΟΙΟΥ,"503, 522"
660021: 4η ΒΑΡΥΜΠΟΜΠΗΣ,"660021","660021",4η ΒΑΡΥΜΠΟΜΠΗΣ,4th BARYMPOMPHS,ΤΑΤΟΙΟΥ,"503"
660024: 3η Ν. ΕΡΥΘΡΑΙΑΣ,"660024","660024",3η Ν. ΕΡΥΘΡΑΙΑΣ,3rd N. ERYTHRAIAS,25ης ΜΑΡΤΙΟΥ,"560"
660025: 4η Ν.ΕΡΥΘΡΑΙΑΣ,"660025","660025",4η Ν.ΕΡΥΘΡΑΙΑΣ,4th N.ERYTHRAIAS,ΣΜΥΡΝΗΣ,"560"
660026: 5η Ν. ΕΡΥΘΡΑΙΑΣ,"660026","660026",5η Ν. ΕΡΥΘΡΑΙΑΣ,5th N. ERYTHRAIAS,ΟΜΗΡΟΥ,"560"
660027: ΠΛ. ΠΛΑΣΤΗΡΑ,"660027","660027",ΠΛ. ΠΛΑΣΤΗΡΑ,PL. PLASTHRA,ΠΑΠΑΓΟΥ,"560"
660028: ΑΝΤΙΓΟΝΗΣ,"660028","660028",ΑΝΤΙΓΟΝΗΣ,ANTIGONHS,ΕΛ.ΒΕΝΙΖΕΛΟΥ,"507, 509, 509Β, 535, 535Α, 536, Α7"
660029: ΑΝΤΙΓΟΝΗΣ,"660029","660029",ΑΝΤΙΓΟΝΗΣ,ANTIGONHS,ΕΛ.ΒΕΝΙΖΕΛΟΥ,"507, 509, 509Β, 535, 535Α, 536, Α7"
660030: 2η Ν. ΕΡΥΘΡΑΙΑΣ,"660030","660030",2η Ν. ΕΡΥΘΡΑΙΑΣ,2nd N. ERYTHRAIAS,Κ.ΒΑΡΝΑΛΗ,"503, 560"
660032: ΦΟΡΟΣ,"660032","660032",ΦΟΡΟΣ,FOROS,ΕΛ.ΒΕΝΙΖΕΛΟΥ,"507, 509, 509Β, 535, 535Α, 536, Α7"
660035: ΠΑΡΟΥ,"660035","660035",ΠΑΡΟΥ,PAROY,ΠΑΠΑΝΑΣΤΑΣΙΟΥ,"560"
660037: ΣΕΥΔΙΚΙΟΥ,"660037","660037",ΣΕΥΔΙΚΙΟΥ,SEYDIKIOY,ΣΕΥΔΙΚΙΟΥ,"560"
660038: ΛΟΥΝΤΕΜΗ,"660038","660038",ΛΟΥΝΤΕΜΗ,LOYNTEMH,ΠΑΠΑΝΑΣΤΑΣΙΟΥ,"560"
660039: ΜΥΡΙΒΗΛΗ,"660039","660039",ΜΥΡΙΒΗΛΗ,MYRIBHLH,ΠΑΠΑΝΑΣΤΑΣΙΟΥ,"560"
660040: ΓΕΦΥΡΑ,"660040","660040",ΓΕΦΥΡΑ,GEFYRA,ΠΑΡ.ΕΘΝ.ΟΔ.ΑΘ.ΘΕΣ/ΝΙΚΗΣ,"560"
660042: ΓΕΦΥΡΑ,"660042","660042",ΓΕΦΥΡΑ,GEFYRA,ΠΑΡ.ΕΘΝ.ΟΔ.ΑΘ.ΘΕΣ/ΝΙΚΗΣ,"560"
660044: ΑΓ. ΣΑΡΑΝΤΑ,"660044","660044",ΑΓ. ΣΑΡΑΝΤΑ,AG. SARANTA,ΑΓ.ΣΑΡΑΝΤΑ,"560"
660047: ΓΡ. ΛΑΜΠΡΑΚΗ,"660047","660047",ΓΡ. ΛΑΜΠΡΑΚΗ,GR. LAMPRAKH,ΕΘΝ.ΑΝΤΙΣΤΑΣΗΣ,"560"
660053: ΜΑΝΔΗΛΑΡΑ,"660053","660053",ΜΑΝΔΗΛΑΡΑ,MANDHLARA,ΕΘΝ.ΑΝΤΙΣΤΑΣΗΣ,"560"
66: ΑΓ. ΒΑΡΒΑΡΑ - ΑΦΕΤΗΡΙΑ 830,"66","10232",ΑΓ. ΒΑΡΒΑΡΑ - ΑΦΕΤΗΡΙΑ 830,AG. BARBARA - AFETHRIA 830,ΝΕΣΤΟΥ,"830"
670001: ΔΙΑΣΤ. Ν. ΠΕΝΤΕΛΗΣ,"670001","670001",ΔΙΑΣΤ. Ν. ΠΕΝΤΕΛΗΣ,DIAST. N. PENTELHS,ΛΕΩΦ.ΕΛ.ΒΕΝΙΖΕΛΟΥ,"446, 460, 461"
670002: ΔΙΑΣΤ. Ν. ΠΕΝΤΕΛΗΣ,"670002","670002",ΔΙΑΣΤ. Ν. ΠΕΝΤΕΛΗΣ,DIAST. N. PENTELHS,ΛΕΩΦ.ΠΕΝΤΕΛΗΣ,"450, 460, 461"
670003: ΣΤΡΟΦΗ Ν.ΠΕΝΤΕΛΗΣ,"670003","670003",ΣΤΡΟΦΗ Ν.ΠΕΝΤΕΛΗΣ,STROFH N.PENTELHS,Α.ΠΑΝΑΓΟΥΛΗ,"446, 451"
670004: ΣΧΟΛΕΙΟ,"670004","670004",ΣΧΟΛΕΙΟ,SXOLEIO,ΗΡΩΩΝ ΠΟΛΥΤΕΧΝΕΙΟΥ,"446, 450, 451, 530"
670005: ΠΑΝΑΓΟΥΛΗ,"670005","670005",ΠΑΝΑΓΟΥΛΗ,PANAGOYLH,Α.ΠΑΝΑΓΟΥΛΗ,"446, 450"
670006: ΠΛ. Ν. ΠΕΝΤΕΛΗΣ,"670006","670006",ΠΛ. Ν. ΠΕΝΤΕΛΗΣ,PL. N. PENTELHS,28ης ΟΚΤΩΒΡΙΟΥ,"446, 450, 451, 530"
670007: 1η ΑΓ. ΣΙΛΑ,"670007","670007",1η ΑΓ. ΣΙΛΑ,1st AG. SILA,28ης ΟΚΤΩΒΡΙΟΥ,"446, 451, 530"
670008: 2η ΑΓ. ΣΙΛΑ,"670008","670008",2η ΑΓ. ΣΙΛΑ,2nd AG. SILA,28ης ΟΚΤΩΒΡΙΟΥ,"446, 451, 530"
670009: ΠΛ. ΑΓ. ΣΙΛΑ - ΤΕΡΜΑ,"670009","670009",ΠΛ. ΑΓ. ΣΙΛΑ - ΤΕΡΜΑ,PL.  AG. SILA - TERMA,28ης ΟΚΤΩΒΡΙΟΥ,"446, 451"
670010: 2η ΑΓ. ΣΙΛΑ,"670010","670010",2η ΑΓ. ΣΙΛΑ,2nd AG. SILA,28ης ΟΚΤΩΒΡΙΟΥ,"450, 451, 530"
670011: 1η ΑΓ. ΣΙΛΑ,"670011","670011",1η ΑΓ. ΣΙΛΑ,1st AG. SILA,28ης ΟΚΤΩΒΡΙΟΥ,"446, 450, 451, 530"
670012: ΠΛ. Ν. ΠΕΝΤΕΛΗΣ,"670012","670012",ΠΛ. Ν. ΠΕΝΤΕΛΗΣ,PL. N. PENTELHS,ΠΛ.ΗΡΩΩΝ ΠΟΛΥΤΕΧΝΕΙΟΥ,"446, 450, 451, 530"
670013: ΣΧΟΛΕΙΟ,"670013","670013",ΣΧΟΛΕΙΟ,SXOLEIO,ΠΛ.ΗΡΩΩΝ ΠΟΛΥΤΕΧΝΕΙΟΥ,"446, 450, 451, 530"
670014: ΠΛΑΤΕΙΑ  ΑΓ. ΣΙΛΑ,"670014","670014",ΠΛΑΤΕΙΑ  ΑΓ. ΣΙΛΑ,PLATEIA  AG. SILA,28ης ΟΚΤΩΒΡΙΟΥ,"446"
670015: 1η 25ης ΜΑΡΤΙΟΥ,"670015","670015",1η 25ης ΜΑΡΤΙΟΥ,1st 25ης MARTIOY,25ης ΜΑΡΤΙΟΥ,"450, 530"
670016: 2η 25ης ΜΑΡΤΙΟΥ,"670016","670016",2η 25ης ΜΑΡΤΙΟΥ,2nd 25th MARTIOY,25ης ΜΑΡΤΙΟΥ,"450, 530"
670017: 3η 25ης ΜΑΡΤΙΟΥ,"670017","670017",3η 25ης ΜΑΡΤΙΟΥ,3rd 25th MARTIOY,25ης ΜΑΡΤΙΟΥ,"450, 530"
670018: 3η 25ης ΜΑΡΤΙΟΥ,"670018","670018",3η 25ης ΜΑΡΤΙΟΥ,3rd 25th MARTIOY,25ης ΜΑΡΤΙΟΥ,"451, 530"
670019: 2η 25ης ΜΑΡΤΙΟΥ,"670019","670019",2η 25ης ΜΑΡΤΙΟΥ,2nd 25th MARTIOY,25ης ΜΑΡΤΙΟΥ,"451, 530"
670021: 25ης ΜΑΡΤΙΟΥ,"670021","670021",25ης ΜΑΡΤΙΟΥ,25th MARTIOY,Ν.ΠΕΝΤΕΛΗΣ,"446, 450"
670022: ΓΕΦΥΡΑ,"670022","670022",ΓΕΦΥΡΑ,GEFYRA,ΛΕΩΦ.Ν.ΠΕΝΤΕΛΗΣ,"446, 450"
670023: ΛΥΡΑΚΟΥ,"670023","670023",ΛΥΡΑΚΟΥ,LYRAKOY,ΑΓ.ΣΙΛΑ,"446, 450"
670024: ΑΧΕΛΩΟΥ,"670024","670024",ΑΧΕΛΩΟΥ,AXELOOY,ΑΓ.ΣΙΛΑ,"446, 450"
670025: ΣΠΕΡΧΕΙΟΥ,"670025","670025",ΣΠΕΡΧΕΙΟΥ,SPERXEIOY,ΑΓ.ΣΙΛΑ,"446, 450"
670026: ΠΕΛΟΠΟΝΝΗΣΟΥ,"670026","670026",ΠΕΛΟΠΟΝΝΗΣΟΥ,PELOPONNHSOY,ΑΓ.ΣΙΛΑ,"446, 450"
670027: ΠΕΛΟΠΟΝΝΗΣΟΥ,"670027","670027",ΠΕΛΟΠΟΝΝΗΣΟΥ,PELOPONNHSOY,ΑΓ.ΣΙΛΑ,"446, 451, 530"
670028: ΑΧΕΛΩΟΥ,"670028","670028",ΑΧΕΛΩΟΥ,AXELOOY,ΑΓ.ΣΙΛΑ,"446, 451, 530"
670031: ΤΕΡΜΑ - Ν.ΠΕΝΤΕΛΗ,"670031","670031",ΤΕΡΜΑ - Ν.ΠΕΝΤΕΛΗ,TERMA - N.PENTELH,28ης ΟΚΤΩΒΡΙΟΥ,"446"
670032: ΙΟΥΣΤΙΝΙΑΝΟΥ,"670032","10620",ΙΟΥΣΤΙΝΙΑΝΟΥ,IOYSTINIANOY,ΚΩΝΣΤΑΝΤΙΝΟΥΠΟΛΕΩΣ,"450, 451, 530"
670033: ΚΑΠΗ,"670033","10526",ΚΑΠΗ,KAPH,,"450, 530"
670034: ΣΑΛΑΜΙΝΟΣ 1,"670034","11613",ΣΑΛΑΜΙΝΟΣ 1,SALAMINOS 1,,"530"
670035: ΣΑΛΑΜΙΝΟΣ 2,"670035","11614",ΣΑΛΑΜΙΝΟΣ 2,SALAMINOS 2,,"530"
67: ΦΥΛΗΣ,"67","10233",ΦΥΛΗΣ,FYLHS,,"723"
680001: ΧΑΛΚΗΔΟΝΟΣ,"680001","680001",ΧΑΛΚΗΔΟΝΟΣ,XALKHDONOS,ΑΓ.ΑΝΑΡΓΥΡΩΝ,"421, 703"
680002: ΣΥΝΤΡΙΒΑΝΙ,"680002","680002",ΣΥΝΤΡΙΒΑΝΙ,SYNTRIBANI,ΑΓ.ΑΝΑΡΓΥΡΩΝ,"421, 6, 755, 755Β, Β9"
680003: ΣΥΝΤΡΙΒΑΝΙ,"680003","680003",ΣΥΝΤΡΙΒΑΝΙ,SYNTRIBANI,ΧΑΛΚΙΔΟΣ,"3, 3*, 619"
680004: ΗΡΩΔΕΙΟ,"680004","680004",ΗΡΩΔΕΙΟ,HRODEIO,ΛΕΩΦ.ΔΕΚΕΛΕΙΑΣ,"3, 3*, 421, 6, 619, 755, 755Β, Β9"
680005: ΚΑΝΑΚΗ,"680005","680005",ΚΑΝΑΚΗ,KANAKH,ΛΕΩΦ.ΔΕΚΕΛΕΙΑΣ,"3, 3*, 421, 6, 619, 755, 755Β, Β9"
680006: ΗΡΩΔΕΙΟ,"680006","680006",ΗΡΩΔΕΙΟ,HRODEIO,ΛΕΩΦ.ΔΕΚΕΛΕΙΑΣ,"3, 3*, 421, 6, 619, 755, 755Β, Β9"
680007: ΣΥΝΤΡΙΒΑΝΙ,"680007","680007",ΣΥΝΤΡΙΒΑΝΙ,SYNTRIBANI,ΛΕΩΦ.ΔΕΚΕΛΕΙΑΣ,"3, 3*, 421, 6, 619, 755, 755Β, Β9"
680008: ΧΑΛΚΗΔΟΝΟΣ,"680008","680008",ΧΑΛΚΗΔΟΝΟΣ,XALKHDONOS,ΑΓ.ΑΝΑΡΓΥΡΩΝ,"421"
680012: ΗΡΩΔΕΙΟ,"680012","680012",ΗΡΩΔΕΙΟ,HRODEIO,ΜΑΚΡΥΓΙΑΝΝΗ,"755, 755Β"
680013: ΒΑΡΝΑΛΗ,"680013","680013",ΒΑΡΝΑΛΗ,BARNALH,ΜΑΚΡΥΓΙΑΝΝΗ,"755, 755Β"
680017: ΣΧΟΛΕΙΑ,"680017","680017",ΣΧΟΛΕΙΑ,SXOLEIA,ΑΧΑΡΝΩΝ,"755, 755Β"
680022: ΠΑΠΑΔΙΑΜΑΝΤΗ,"680022","680022",ΠΑΠΑΔΙΑΜΑΝΤΗ,PAPADIAMANTH,ΠΕΤΑΛΑ,"703"
680023: ΓΕΦΥΡΑ,"680023","680023",ΓΕΦΥΡΑ,GEFYRA,Κ.ΠΑΛΑΜΑ,"024"
680025: ΠΡΑΚΤ. ΤΥΠΟΥ,"680025","680025",ΠΡΑΚΤ. ΤΥΠΟΥ,PRAKT. TYPOY,Λ.ΚΑΤΣΩΝΗ,"024"
680026: ΓΕΦΥΡΑ,"680026","680026",ΓΕΦΥΡΑ,GEFYRA,Κ.ΠΑΛΑΜΑ,"024"
68: ΜΕΤΑΜΟΡΦΩΣΗ,"68","10234",ΜΕΤΑΜΟΡΦΩΣΗ,METAMORFOSH,,"209, 211"
690003: ΕΛΛΗΝΙΣΜΟΣ,"690003","690003",ΕΛΛΗΝΙΣΜΟΣ,ELLHNISMOS,Α.ΣΙΚΕΛΙΑΝΟΥ,"402"
690004: ΑΣΤΕΡΙΑ,"690004","690004",ΑΣΤΕΡΙΑ,ASTERIA,25ης ΜΑΡΤΙΟΥ,"402"
690005: ΠΑΛΑΜΑ,"690005","690005",ΠΑΛΑΜΑ,PALAMA,25ης ΜΑΡΤΙΟΥ,"402"
690007: 1η ΑΓ. ΒΑΡΒΑΡΑΣ,"690007","690007",1η ΑΓ. ΒΑΡΒΑΡΑΣ,1st AG. BARBARAS,ΕΘΝΙΚΗΣ ΑΝΤΙΣΤΑΣΕΩΣ,"10, 10*, 18"
690008: ΦΑΡΟΣ,"690008","690008",ΦΑΡΟΣ,FAROS,ΛΕΩΦ.ΚΗΦΙΣΙΑΣ,"10, 10*, 18, 19, 19Β, 550, 602, 610, Α7, Ε14, Χ14"
690009: ΠΑΛΑΜΑ,"690009","690009",ΠΑΛΑΜΑ,PALAMA,25ης ΜΑΡΤΙΟΥ,"402"
690010: ΑΣΤΕΡΙΑ,"690010","690010",ΑΣΤΕΡΙΑ,ASTERIA,25ης ΜΑΡΤΙΟΥ,"402"
690011: ΕΛΛΗΝΙΣΜΟΣ,"690011","690011",ΕΛΛΗΝΙΣΜΟΣ,ELLHNISMOS,ΑΓ.ΣΙΚΕΛΙΑΝΟΥ,"402"
690012: ΠΕΝΤΑΓΩΝΟ,"690012","690012",ΠΕΝΤΑΓΩΝΟ,PENTAGONO,ΑΓ.ΣΙΚΕΛΙΑΝΟΥ,"036, 140, 402"
690014: ΠΛ. ΑΓ. ΣΟΦΙΑΣ,"690014","690014",ΠΛ. ΑΓ. ΣΟΦΙΑΣ,PL. AG. SOFIAS,ΠΛ.ΑΓ.ΣΟΦΙΑΣ,"036, 140"
690015: ΣΚΑΛΑΚΙΑ,"690015","690015",ΣΚΑΛΑΚΙΑ,SKALAKIA,ΛΕΩΦ.ΚΗΦΙΣΙΑΣ,"10, 10*, 18, 19, 19Β, 550, 602, 610, Α7, Χ14"
690017: ΠΑΡΙΤΣΗ,"690017","690017",ΠΑΡΙΤΣΗ,PARITSH,ΛΕΩΦ.ΚΗΦΙΣΙΑΣ,"10, 10*, 18, 19, 19Β, 550, 602, 610, Α7, Χ14"
690018: 3η ΧΟΛΑΡΓΟΥ,"690018","690018",3η ΧΟΛΑΡΓΟΥ,3rd XOLARGOY,ΜΕΣΟΓΕΙΩΝ,"400, 416, 418, Α5, Β5"
690019: ΟΙΚΟΛ. ΠΑΡΚΟ,"690019","690019",ΟΙΚΟΛ. ΠΑΡΚΟ,OIKOL. PARKO,ΜΑΚΡΥΓΙΑΝΝΗ,"036, 140, 402"
690020: 2η ΧΟΛΑΡΓΟΥ,"690020","690020",2η ΧΟΛΑΡΓΟΥ,2nd XOLARGOY,ΜΕΣΟΓΕΙΩΝ,"400, 416, 418, Α5, Β5"
690021: ΣΤ. ΕΘΝ. ΑΜΥΝΑ,"690021","690021",ΣΤ. ΕΘΝ. ΑΜΥΝΑ,ST. ETHN. AMYNA,ΜΕΣΟΓΕΙΩΝ,"400, 409, 416, Α5, Β5, Χ95"
690022: ΓΕΝΙΚΟ ΚΡΑΤΙΚΟ,"690022","690022",ΓΕΝΙΚΟ ΚΡΑΤΙΚΟ,GENIKO KRATIKO,ΜΕΣΟΓΕΙΩΝ,"400, 409, 416, Α5, Β5"
690031: ΣΚΑΛΑΚΙΑ,"690031","690031",ΣΚΑΛΑΚΙΑ,SKALAKIA,ΑΔΡΙΑΝΟΥ,"036, 140, 3, 3*"
690034: ΠΛ. ΑΓ. ΣΟΦΙΑΣ,"690034","690034",ΠΛ. ΑΓ. ΣΟΦΙΑΣ,PL. AG. SOFIAS,ΠΛ.ΑΓ.ΣΟΦΙΑΣ,"036, 140, 402"
69: ΑΝΩ ΓΛΥΦΑΔΑ,"69","10261",ΑΝΩ ΓΛΥΦΑΔΑ,ANO GLYFADA,,"164, Β1"
700001: ΓΕΦΥΡΑ,"700001","700001",ΓΕΦΥΡΑ,GEFYRA,ΛΕΩΦ.ΜΑΡΑΘΩΝΟΣ,"305, 314, 316, 319"
700002: ΑΣΥΡΜΑΤΟΣ,"700002","700002",ΑΣΥΡΜΑΤΟΣ,ASYRMATOS,ΛΕΩΦ.ΜΑΡΑΘΩΝΟΣ,"305, 314, 316, 319, 324"
700003: ΣΙΝΕ ΠΑΛΛΗΝΗ,"700003","700003",ΣΙΝΕ ΠΑΛΛΗΝΗ,CINE PALLHNH,ΛΕΩΦ.ΜΑΡΑΘΩΝΟΣ,"305, 314, 316, 319, 324"
700004: ΣΤΡΟΦΗ ΠΑΛΛΗΝΗΣ,"700004","700004",ΣΤΡΟΦΗ ΠΑΛΛΗΝΗΣ,STROFH PALLHNHS,ΕΘΝΙΚΗΣ ΑΝΤΙΣΤΑΣΕΩΣ,"305, 316, 324"
700005: 2η ΚΑΝΤΖΑΣ,"700005","700005",2η ΚΑΝΤΖΑΣ,2nd KANTZAS,ΙΠΠΑΡΧΟΥ,"324"
700006: ΣΧΟΛΕΙΟ,"700006","700006",ΣΧΟΛΕΙΟ,SXOLEIO,ΕΘΝΙΚΗΣ ΑΝΤΙΣΤΑΣΕΩΣ,"305, 316"
700007: ΟΡΦΑΝΟΤΡΟΦΕΙΟ,"700007","700007",ΟΡΦΑΝΟΤΡΟΦΕΙΟ,ORFANOTROFEIO,ΕΘΝΙΚΗΣ ΑΝΤΙΣΤΑΣΕΩΣ,"305, 316"
700008: ΕΦΟΡΙΑ,"700008","700008",ΕΦΟΡΙΑ,EFORIA,ΕΘΝΙΚΗΣ ΑΝΤΙΣΤΑΣΕΩΣ,"305, 316"
700009: ΤΑΒΕΡΝΑ,"700009","700009",ΤΑΒΕΡΝΑ,TABERNA,ΕΘΝΙΚΗΣ ΑΝΤΙΣΤΑΣΕΩΣ,"305, 316"
700010: ΓΡΗΓΟΡΗΣ ΛΑΜΠΡΑΚΗΣ,"700010","700010",ΓΡΗΓΟΡΗΣ ΛΑΜΠΡΑΚΗΣ,GRHGORHS LAMPRAKHS,ΝΕΑ ΛΕΩΦ.ΣΠΑΤΩΝ,"304, 305, 316, 326"
700011: ΓΑΒΑΛΑ,"700011","700011",ΓΑΒΑΛΑ,GABALA,ΝΕΑ ΛΕΩΦ.ΣΠΑΤΩΝ,"304, 305, 316, 326"
700012: ΓΑΒΑΛΑ,"700012","700012",ΓΑΒΑΛΑ,GABALA,ΝΕΑ ΛΕΩΦ.ΣΠΑΤΩΝ,"304, 305, 316, 326"
700013: ΓΡΗΓΟΡΗΣ ΛΑΜΠΡΑΚΗΣ,"700013","700013",ΓΡΗΓΟΡΗΣ ΛΑΜΠΡΑΚΗΣ,GRHGORHS LAMPRAKHS,ΝΕΑ ΛΕΩΦ.ΣΠΑΤΩΝ,"304, 305, 316, 326"
700014: ΤΑΒΕΡΝΑ,"700014","700014",ΤΑΒΕΡΝΑ,TABERNA,ΕΘΝΙΚΗΣ ΑΝΤΙΣΤΑΣΕΩΣ,"305, 316"
700015: ΕΦΟΡΙΑ,"700015","700015",ΕΦΟΡΙΑ,EFORIA,ΕΘΝΙΚΗΣ ΑΝΤΙΣΤΑΣΕΩΣ,"305, 316"
700016: ΟΡΦΑΝΟΤΡΟΦΕΙΟ,"700016","700016",ΟΡΦΑΝΟΤΡΟΦΕΙΟ,ORFANOTROFEIO,ΕΘΝΙΚΗΣ ΑΝΤΙΣΤΑΣΕΩΣ,"305, 316"
700017: ΣΧΟΛΕΙΟ,"700017","700017",ΣΧΟΛΕΙΟ,SXOLEIO,ΕΘΝΙΚΗΣ ΑΝΤΙΣΤΑΣΕΩΣ,"305, 316"
700018: ΣΤΡΟΦΗ ΠΑΛΛΗΝΗΣ,"700018","700018",ΣΤΡΟΦΗ ΠΑΛΛΗΝΗΣ,STROFH PALLHNHS,ΛΕΩΦ.ΜΑΡΑΘΩΝΟΣ,"305, 314, 316, 319, 324"
700019: ΣΙΝΕ ΠΑΛΛΗΝΗ,"700019","700019",ΣΙΝΕ ΠΑΛΛΗΝΗ,CINE PALLHNH,ΛΕΩΦ.ΜΑΡΑΘΩΝΟΣ,"305, 314, 316, 319, 324"
700020: ΑΣΥΡΜΑΤΟΣ,"700020","700020",ΑΣΥΡΜΑΤΟΣ,ASYRMATOS,ΛΕΩΦ.ΜΑΡΑΘΩΝΟΣ,"305, 314, 316, 319, 324"
700021: ΓΕΦΥΡΑ,"700021","700021",ΓΕΦΥΡΑ,GEFYRA,ΛΕΩΦ.ΜΑΡΑΘΩΝΟΣ,"301, 301Β, 305, 314, 316, 319, Α5, Χ95"
700022: ΠΑΛΑΙΟΠΑΝΑΓΙΑΣ,"700022","700022",ΠΑΛΑΙΟΠΑΝΑΓΙΑΣ,PALAIOPANAGIAS,ΝΕΑ ΛΕΩΦ.ΣΠΑΤΩΝ,"304, 326"
700023: ΡΕΚΟΡ,"700023","700023",ΡΕΚΟΡ,REKOR,ΝΕΑ ΛΕΩΦ.ΣΠΑΤΩΝ,"304"
700024: ΣΟΛΩΜΟΥ,"700024","700024",ΣΟΛΩΜΟΥ,SOLOMOY,ΝΕΑ ΛΕΩΦ.ΣΠΑΤΩΝ,"304"
700025: ΚΑΖΑΝΤΖΑΚΗ,"700025","700025",ΚΑΖΑΝΤΖΑΚΗ,KAZANTZAKH,ΝΕΑ ΛΕΩΦ.ΣΠΑΤΩΝ,"304"
700026: ΠΑΛΛΗΝΗ,"700026","700026",ΠΑΛΛΗΝΗ,PALLHNH,ΛΕΟΝΤΑΡΙΟΥ,"324"
700027: 4η ΠΑΛΛΗΝΗ,"700027","700027",4η ΠΑΛΛΗΝΗ,4th PALLHNH,ΛΕΟΝΤΑΡΙΟΥ,"324"
700028: 2η ΠΑΛΛΗΝΗ,"700028","700028",2η ΠΑΛΛΗΝΗ,2nd PALLHNH,ΛΕΟΝΤΑΡΙΟΥ,"304, 324"
700029: 3η ΠΑΛΛΗΝΗ,"700029","700029",3η ΠΑΛΛΗΝΗ,3rd PALLHNH,ΛΕΟΝΤΑΡΙΟΥ,"324"
700030: 4η ΠΑΛΛΗΝΗ,"700030","700030",4η ΠΑΛΛΗΝΗ,4th PALLHNH,ΛΕΟΝΤΑΡΙΟΥ,"324"
700031: 3η ΚΑΝΤΖΑΣ,"700031","700031",3η ΚΑΝΤΖΑΣ,3rd KANTZAS,ΙΠΠΑΡΧΟΥ,"324"
700032: 9η ΚΑΝΤΖΑΣ,"700032","700032",9η ΚΑΝΤΖΑΣ,9th KANTZAS,ΠΛΑΤΩΝΟΣ,"307"
700033: ΠΛΑΤ. ΑΡΓΥΡΑΣ ΣΕΛΗΝΗΣ,"700033","700033",ΠΛΑΤ. ΑΡΓΥΡΑΣ ΣΕΛΗΝΗΣ,PL. ARGYRAS SELHNHS,ΑΓΑΡΙΣΤΗΣ,"324"
700034: ΦΛΕΜΙΝΓΚ,"700034","700034",ΦΛΕΜΙΝΓΚ,FLEMING,ΛΕΟΝΤΑΡΙΟΥ,"324"
700035: 2η ΠΑΛΑΙΟΠΑΝΑΓΙΑΣ,"700035","700035",2η ΠΑΛΑΙΟΠΑΝΑΓΙΑΣ,2nd PALAIOPANAGIAS,ΛΕΩΦ.ΠΑΛΑΙΟΠΑΝΑΓΙΑΣ,"304, 326"
700036: ΚΑΜΠΑ,"700036","700036",ΚΑΜΠΑ,KAMPA,ΛΕΟΝΤΑΡΙΟΥ,"324, 326"
700037: ΛΕΟΝΤΑΡΙΟΥ,"700037","700037",ΛΕΟΝΤΑΡΙΟΥ,LEONTARIOY,ΛΕΟΝΤΑΡΙΟΥ,"324, 326"
700038: 2η ΠΑΛΑΙΟΠΑΝΑΓΙΑΣ,"700038","700038",2η ΠΑΛΑΙΟΠΑΝΑΓΙΑΣ,2nd PALAIOPANAGIAS,ΛΕΩΦ.ΠΑΛΑΙΟΠΑΝΑΓΙΑΣ,"304, 326"
700039: ΜΟΝΑΞΙΑ,"700039","700039",ΜΟΝΑΞΙΑ,MONAXIA,ΛΕΩΦ.ΜΑΡΑΘΩΝΟΣ,"314"
700040: ΓΕΦΥΡΑΚΙ,"700040","700040",ΓΕΦΥΡΑΚΙ,GEFYRAKI,ΛΕΩΦ.ΜΑΡΑΘΩΝΟΣ,"314, 319"
700041: ΓΥΜΝΑΣΙΟ,"700041","700041",ΓΥΜΝΑΣΙΟ,GYMNASIO,ΛΕΩΦ.ΜΑΡΑΘΩΝΟΣ,"314, 319"
700042: ΤΣΙΡΙΚΟΥ,"700042","700042",ΤΣΙΡΙΚΟΥ,TSIRIKOY,ΛΕΩΦ.ΜΑΡΑΘΩΝΟΣ,"314, 319"
700043: ΝΟΜΑΡΧΙΑ,"700043","700043",ΝΟΜΑΡΧΙΑ,NOMARXIA,ΛΕΩΦ.ΜΑΡΑΘΩΝΟΣ,"314, 319"
700044: ΜΙΛΗΣΗ,"700044","700044",ΜΙΛΗΣΗ,MILHSH,ΝΕΑ ΛΕΩΦ.ΣΠΑΤΩΝ,"304"
700045: ΜΠΑΡΜΠΑΓΙΑΝΝΗ,"700045","700045",ΜΠΑΡΜΠΑΓΙΑΝΝΗ,MPARMPAGIANNH,ΛΕΩΦ.ΜΑΡΑΘΩΝΟΣ,"314, 319"
700046: ΦΑΡΜΑΚΕΥΤΙΚΗ,"700046","700046",ΦΑΡΜΑΚΕΥΤΙΚΗ,FARMAKEYTIKH,ΛΕΩΦ.ΜΑΡΑΘΩΝΟΣ,"314, 319"
700047: ΓΙΑΝΝΑ,"700047","700047",ΓΙΑΝΝΑ,GIANNA,ΛΕΩΦ.ΜΑΡΑΘΩΝΟΣ,"314, 319"
700048: ΜΟΝΑΞΙΑ,"700048","700048",ΜΟΝΑΞΙΑ,MONAXIA,ΛΕΩΦ.ΜΑΡΑΘΩΝΟΣ,"314, 319"
700050: ΦΑΡΜΑΚΕΥΤΙΚΗ,"700050","700050",ΦΑΡΜΑΚΕΥΤΙΚΗ,FARMAKEYTIKH,ΛΕΩΦ.ΜΑΡΑΘΩΝΟΣ,"314, 319"
700051: ΜΠΑΡΜΠΑΓΙΑΝΝΗ,"700051","700051",ΜΠΑΡΜΠΑΓΙΑΝΝΗ,MPARMPAGIANNH,ΛΕΩΦ.ΜΑΡΑΘΩΝΟΣ,"314, 319"
700052: ΜΠΟΥΤΑΡΗ,"700052","700052",ΜΠΟΥΤΑΡΗ,MPOYTARH,ΛΕΩΦ.ΜΑΡΑΘΩΝΟΣ,"314"
700053: 1η ΝΟΜΑΡΧΙΑ,"700053","700053",1η ΝΟΜΑΡΧΙΑ,1st NOMARXIA,ΛΕΩΦ.ΜΑΡΑΘΩΝΟΣ,"314, 319"
700054: ΤΣΙΡΙΚΟΥ,"700054","700054",ΤΣΙΡΙΚΟΥ,TSIRIKOY,ΛΕΩΦ.ΜΑΡΑΘΩΝΟΣ,"314, 319"
700055: ΓΥΜΝΑΣΙΟ,"700055","700055",ΓΥΜΝΑΣΙΟ,GYMNASIO,ΛΕΩΦ.ΜΑΡΑΘΩΝΟΣ,"314, 319"
700056: ΤΗΝΟΥ,"700056","700056",ΤΗΝΟΥ,THNOY,ΛΕΩΦ.ΜΑΡΑΘΩΝΟΣ,"314, 319"
700058: 4η ΚΑΝΤΖΑΣ,"700058","700058",4η ΚΑΝΤΖΑΣ,4th KANTZAS,ΙΠΠΙΟΥ,"324"
700059: 1η ΠΑΛΛΗΝΗ,"700059","700059",1η ΠΑΛΛΗΝΗ,1st PALLHNH,ΛΕΟΝΤΑΡΙΟΥ,"304, 324"
700060: ΚΑΜΠΑ,"700060","700060",ΚΑΜΠΑ,KAMPA,ΛΕΟΝΤΑΡΙΟΥ,"324, 326"
700061: ΜΙΑΟΥΛΗ,"700061","700061",ΜΙΑΟΥΛΗ,MIAOYLH,ΝΕΑ ΛΕΩΦ.ΣΠΑΤΩΝ,"304"
700062: ΒΙΚΕΛΑ,"700062","700062",ΒΙΚΕΛΑ,BIKELA,ΝΕΑ ΛΕΩΦ.ΣΠΑΤΩΝ,"304"
700063: ΒΙΚΕΛΑ,"700063","700063",ΒΙΚΕΛΑ,BIKELA,ΝΕΑ ΛΕΩΦ.ΣΠΑΤΩΝ,"304"
700064: ΜΙΑΟΥΛΗ,"700064","700064",ΜΙΑΟΥΛΗ,MIAOYLH,ΝΕΑ ΛΕΩΦ.ΣΠΑΤΩΝ,"304, 306, 307"
700065: ALMA,"700065","700065",ALMA,ALMA,ΛΕΩΦ.ΜΑΡΑΘΩΝΟΣ,"314"
700067: ΚΥΠΡΟΥ,"700067","700067",ΚΥΠΡΟΥ,KYPROY,ΛΕΩΦ.ΚΥΠΡΟΥ,"314"
700068: 1η ΘΕΣΣΑΛΟΝΙΚΗΣ,"700068","700068",1η ΘΕΣΣΑΛΟΝΙΚΗΣ,1st THESSALONIKHS,ΘΕΣΣΑΛΟΝΙΚΗΣ,"314"
700069: ΣΟΛΩΜΟΥ,"700069","700069",ΣΟΛΩΜΟΥ,SOLOMOY,ΝΕΑ ΛΕΩΦ.ΣΠΑΤΩΝ,"304"
700070: ΡΕΚΟΡ,"700070","700070",ΡΕΚΟΡ,REKOR,ΝΕΑ ΛΕΩΦ.ΣΠΑΤΩΝ,"304"
700071: ΒΑΣΙΛΟΠΟΥΛΟΣ,"700071","700071",ΒΑΣΙΛΟΠΟΥΛΟΣ,BASILOPOYLOS,ΝΕΑ ΛΕΩΦ.ΣΠΑΤΩΝ,"304"
700072: ΦΥΤΩΡΙΟ,"700072","700072",ΦΥΤΩΡΙΟ,FYTORIO,ΝΕΑ ΛΕΩΦ.ΣΠΑΤΩΝ,"304, 326"
700073: ΚΡΗΤΙΚΟΣ,"700073","700073",ΚΡΗΤΙΚΟΣ,KRHTIKOS,ΝΕΑ ΛΕΩΦ.ΣΠΑΤΩΝ,"304, 326"
700074: ΠΡΕΜΙΞ,"700074","700074",ΠΡΕΜΙΞ,PREMIX,ΝΕΑ ΛΕΩΦ.ΣΠΑΤΩΝ,"304, 326"
700075: ΦΥΤΩΡΙΟ,"700075","700075",ΦΥΤΩΡΙΟ,FYTORIO,ΝΕΑ ΛΕΩΦ.ΣΠΑΤΩΝ,"304, 326"
700076: 2η ΠΑΛΛΗΝΗ,"700076","700076",2η ΠΑΛΛΗΝΗ,2nd PALLHNH,ΛΕΟΝΤΑΡΙΟΥ,"304, 324"
700077: ΠΑΛΑΙΟΠΑΝΑΓΙΑΣ,"700077","700077",ΠΑΛΑΙΟΠΑΝΑΓΙΑΣ,PALAIOPANAGIAS,ΝΕΑ ΛΕΩΦ.ΣΠΑΤΩΝ,"304, 326"
700078: ΓΑΖΗ,"700078","700078",ΓΑΖΗ,GAZH,ΝΕΑ ΛΕΩΦ.ΣΠΑΤΩΝ,"304, 306, 307"
700079: ΓΑΖΗ,"700079","700079",ΓΑΖΗ,GAZH,ΝΕΑ ΛΕΩΦ.ΣΠΑΤΩΝ,"304"
700080: ΚΑΖΑΝΤΖΑΚΗ,"700080","700080",ΚΑΖΑΝΤΖΑΚΗ,KAZANTZAKH,ΝΕΑ ΛΕΩΦ.ΣΠΑΤΩΝ,"304"
700081: ΒΑΣΙΛΟΠΟΥΛΟΣ,"700081","700081",ΒΑΣΙΛΟΠΟΥΛΟΣ,BASILOPOYLOS,ΝΕΑ ΛΕΩΦ.ΣΠΑΤΩΝ,"304"
700082: 1η ΠΑΛΛΗΝΗ,"700082","700082",1η ΠΑΛΛΗΝΗ,1st PALLHNH,ΛΕΟΝΤΑΡΙΟΥ,"304, 324"
700083: ΟΑΕΔ,"700083","700083",ΟΑΕΔ,OAED,ΛΕΩ.ΜΑΡΑΘΩΝΟΣ,"314, 319"
700084: ΠΛΟΥΤΑΡΧΟΥ,"700084","700084",ΠΛΟΥΤΑΡΧΟΥ,PLOYTARXOY,ΛΕΩΦ.ΜΑΡΑΘΩΝΟΣ,"314, 319"
700085: ALMA,"700085","700085",ALMA,ALMA,ΛΕΩΦ.ΜΑΡΑΘΩΝΟΣ,"314"
700086: ΓΙΑΝΝΑ,"700086","700086",ΓΙΑΝΝΑ,GIANNA,ΛΕΩΦ.ΜΑΡΑΘΩΝΟΣ,"314, 319"
700087: ΠΛΟΥΤΑΡΧΟΥ,"700087","700087",ΠΛΟΥΤΑΡΧΟΥ,PLOYTARXOY,ΛΕΩΦ.ΜΑΡΑΘΩΝΟΣ,"314, 319"
700088: 3η ΠΑΛΛΗΝΗ,"700088","700088",3η ΠΑΛΛΗΝΗ,3rd PALLHNH,ΛΕΟΝΤΑΡΙΟΥ,"324"
700089: ΛΕΟΝΤΑΡΙΟΥ,"700089","700089",ΛΕΟΝΤΑΡΙΟΥ,LEONTARIOY,ΛΕΟΝΤΑΡΙΟΥ,"324, 326"
700090: 1η ΠΙΚΕΡΜΙΟΥ,"700090","700090",1η ΠΙΚΕΡΜΙΟΥ,1st PIKERMIOY,ΛΕΩΦ.ΜΑΡΑΘΩΝΟΣ,"314"
700091: 2η ΠΙΚΕΡΜΙΟΥ,"700091","700091",2η ΠΙΚΕΡΜΙΟΥ,2nd PIKERMIOY,ΛΕΩΦ.ΜΑΡΑΘΩΝΟΣ,"314"
700092: 3η ΠΙΚΕΡΜΙΟΥ,"700092","700092",3η ΠΙΚΕΡΜΙΟΥ,3rd PIKERMIOY,ΛΕΩΦ.ΜΑΡΑΘΩΝΟΣ,"314"
700093: 3η ΠΙΚΕΡΜΙΟΥ,"700093","700093",3η ΠΙΚΕΡΜΙΟΥ,3rd PIKERMIOY,ΛΕΩΦ.ΜΑΡΑΘΩΝΟΣ,"314"
700094: 2η ΠΙΚΕΡΜΙΟΥ,"700094","700094",2η ΠΙΚΕΡΜΙΟΥ,2nd PIKERMIOY,ΛΕΩΦ.ΜΑΡΑΘΩΝΟΣ,"314"
700095: 5η ΚΑΝΤΖΑΣ,"700095","700095",5η ΚΑΝΤΖΑΣ,5th KANTZAS,ΙΠΠΙΟΥ,"324"
700096: 1η ΠΙΚΕΡΜΙΟΥ,"700096","700096",1η ΠΙΚΕΡΜΙΟΥ,1st PIKERMIOY,ΛΕΩΦ.ΜΑΡΑΘΩΝΟΣ,"314"
700099: 10η ΚΑΝΤΖΑΣ,"700099","700099",10η ΚΑΝΤΖΑΣ,10th KANTZAS,ΑΡΙΣΤΕΙΔΟΥ,"307"
700101: ΜΠΟΔΟΣΑΚΕΙΟ ΚΟΛΛΕΓΙΟ,"700101","700101",ΜΠΟΔΟΣΑΚΕΙΟ ΚΟΛΛΕΓΙΟ,MPODOSAKEIO KOLLEGIO,ΤΡΥΓΟΝΙΩΝ,"307"
700102: ΓΕΦΥΡΑ,"700102","700102",ΓΕΦΥΡΑ,GEFYRA,ΛΕΟΝΤΑΡΙΟΥ,"324"
700103: ΓΕΦΥΡΑ,"700103","700103",ΓΕΦΥΡΑ,GEFYRA,ΛΕΟΝΤΑΡΙΟΥ,"324"
700106: ΣΧΟΛΕΙΑ,"700106","700106",ΣΧΟΛΕΙΑ,SXOLEIA,ΛΕΟΝΤΑΡΙΟΥ,"324, 326"
700109: ΜΟΥΣΙΚΟ ΓΥΜΝΑΣΙΟ ΠΑΛΛΗΝΗΣ,"700109","700109",ΜΟΥΣΙΚΟ ΓΥΜΝΑΣΙΟ ΠΑΛΛΗΝΗΣ,MOYSIKO GYMNASIO PALLHNHS,ΛΕΩΦ.ΜΑΡΑΘΩΝΟΣ,"314, 319"
700110: ΜΙΛΗΣΗ,"700110","700110",ΜΙΛΗΣΗ,MILHSH,ΝΕΑ ΛΕΩΦ.ΣΠΑΤΩΝ,"304"
700111: ΠΕΥΚΟ,"700111","700111",ΠΕΥΚΟ,PEYKO,ΛΕΩΦ.ΜΑΡΑΘΩΝΟΣ,"314, 319"
700112: 8η ΚΑΝΤΖΑΣ,"700112","700112",8η ΚΑΝΤΖΑΣ,8th KANTZAS,ΑΙΟΛΟΥ,"307"
700115: ΤΗΝΟΥ,"700115","700115",ΤΗΝΟΥ,THNOY,ΛΕΩΦ.ΜΑΡΑΘΩΝΟΣ,"314, 319"
700116: ΜΠΟΥΤΑΡΗ,"700116","700116",ΜΠΟΥΤΑΡΗ,MPOYTARH,ΛΕΩΦ.ΜΑΡΑΘΩΝΟΣ,"314"
700118: ΓΕΦΥΡΑΚΙ,"700118","700118",ΓΕΦΥΡΑΚΙ,GEFYRAKI,ΛΕΩΦ.ΜΑΡΑΘΩΝΟΣ,"314, 319"
700119: ΜΟΥΣΙΚΟ ΓΥΜΝΑΣΙΟ ΠΑΛΛΗΝΗΣ,"700119","700119",ΜΟΥΣΙΚΟ ΓΥΜΝΑΣΙΟ ΠΑΛΛΗΝΗΣ,MOYSIKO GYMNASIO PALLHNHS,ΛΕΩΦ.ΜΑΡΑΘΩΝΟΣ,"314, 319"
700125: 1η ΠΛΑΤΕΙΑ,"700125","700125",1η ΠΛΑΤΕΙΑ,1st PLATEIA,ΛΕΩΦ.ΜΑΚΕΔΟΝΙΑΣ,"314"
700127: ΚΥΠΡΟΥ,"700127","700127",ΚΥΠΡΟΥ,KYPROY,ΛΕΩΦ.ΚΥΠΡΟΥ,"314"
700130: 1η ΔΩΡΙΕΩΝ,"700130","700130",1η ΔΩΡΙΕΩΝ,1stT DORIEON,ΔΩΡΙΕΩΝ,301Β
700131: 2η ΔΩΡΙΕΩΝ,"700131","700131",2η ΔΩΡΙΕΩΝ,2nd DORIEON,ΔΩΡΙΕΩΝ,301Β
700132: 3η ΔΩΡΙΕΩΝ,"700132","700132",3η ΔΩΡΙΕΩΝ,3rd DORIEON,ΔΩΡΙΕΩΝ,301Β
700133: 4η ΔΩΡΙΕΩΝ,"700133","700133",4η ΔΩΡΙΕΩΝ,4th DORIEON,ΔΩΡΙΕΩΝ,301Β
700134: 5η ΔΩΡΙΕΩΝ,"700134","700134",5η ΔΩΡΙΕΩΝ,5th DORIEON,ΔΩΡΙΕΩΝ,301Β
700135: 6η ΔΩΡΙΕΩΝ,"700135","700135",6η ΔΩΡΙΕΩΝ,6th DORIEON,ΔΩΡΙΕΩΝ,301Β
700136: 7η ΔΩΡΙΕΩΝ,"700136","700136",7η ΔΩΡΙΕΩΝ,7th DORIEON,ΔΩΡΙΕΩΝ,301Β
700137: 2η ΑΧΑΙΩΝ,"700137","700137",2η ΑΧΑΙΩΝ,2nd AXAION,ΑΧΑΙΩΝ,301Β
700138: 3η ΑΧΑΙΩΝ,"700138","700138",3η ΑΧΑΙΩΝ,3rd AXAION,ΑΧΑΙΩΝ,301Β
700139: 4η ΑΧΑΙΩΝ,"700139","700139",4η ΑΧΑΙΩΝ,4th AXAION,ΑΧΑΙΩΝ,301Β
700140: 5η ΑΧΑΙΩΝ,"700140","700140",5η ΑΧΑΙΩΝ,5th AXAION,ΑΧΑΙΩΝ,301Β
700141: ΚΑΛΛΙΣΙΩΝ - ΘΥΡΙΔΕΣ,"700141","700141",ΚΑΛΛΙΣΙΩΝ - ΘΥΡΙΔΕΣ,KALLISION - THYRIDES,ΑΧΑΙΩΝ,301Β
700143: ΠΟΥΛΑΚΗ,"700143","700143",ΠΟΥΛΑΚΗ,POYLAKH,ΠΟΥΛΑΚΗ,"319"
700150: 8η ΚΑΝΤΖΑΣ,"700150","700150",8η ΚΑΝΤΖΑΣ,8th KANTZAS,ΑΙΟΛΟΥ,"324"
700151: ΑΣΚΛΗΠΙΟΥ,"700151","700151",ΑΣΚΛΗΠΙΟΥ,ASKLHPIOY,ΓΑΛΗΝΗΣ,"324"
700158: ΣΧΟΛΕΙΑ ΠΑΛΛΗΝΗΣ,"700158","700158",ΣΧΟΛΕΙΑ ΠΑΛΛΗΝΗΣ,SXOLEIA PALLHNHS,ΛΕΟΝΤΑΡΙΟΥ,"324, 326"
700159: ΣΧΟΛΕΙΑ ΠΑΛΛΗΝΗΣ,"700159","11014",ΣΧΟΛΕΙΑ ΠΑΛΛΗΝΗΣ,SXOLEIA PALLHNHS,ΛΕΟΝΤΑΡΙΟΥ,"324"
700160: ΣΤΡΟΦΗ ΑΝΘΟΥΣΑΣ,"700160","10853",ΣΤΡΟΦΗ ΑΝΘΟΥΣΑΣ,STROFH ANTHOYSAS,Λ. ΜΑΡΑΘΩΝΟΣ,"324"
700161: 6η ΚΑΝΤΖΑΣ,"700161","10854",6η ΚΑΝΤΖΑΣ,6th KANTZAS,ΕΣΠΕΡΙΔΩΝ,"307, 324"
700162: ΚΑΛΛΙΤΕΧΝΟΥΠΟΛΗ,"700162","10911",ΚΑΛΛΙΤΕΧΝΟΥΠΟΛΗ,KALLITEXNOYPOLH,Λ. ΜΑΡΑΘΩΝΟΣ,"314"
700163: ΑΡΙΩΝΟΣ,"700163","10915",ΑΡΙΩΝΟΣ,ARIONOS,Λ. ΜΑΡΑΘΩΝΟΣ,"314"
700164: ΒΥΖΑΝΤΙΟΥ,"700164","10906",ΒΥΖΑΝΤΙΟΥ,BYZANTIOY,Λ. ΜΑΡΑΘΩΝΟΣ,"314"
700165: ΒΓΕΝΑ,"700165","10917",ΒΓΕΝΑ,BGENA,Λ. ΜΑΡΑΘΩΝΟΣ,"314"
700166: ΔΙΑΣΤΑΥΡΩΣΗ ΡΑΦΗΝΑΣ,"700166","10918",ΔΙΑΣΤΑΥΡΩΣΗ ΡΑΦΗΝΑΣ,DIASTAYROSH RAFHNAS,Λ. ΜΑΡΑΘΩΝΟΣ,"314"
700167: ΔΗΜΟΤΙΚΟ ΑΝΑΨΥΚΤΗΡΙΟ,"700167","10919",ΔΗΜΟΤΙΚΟ ΑΝΑΨΥΚΤΗΡΙΟ,DHMOTIKO ANAPSYKTHRIO,Λ. ΜΑΡΑΘΩΝΟΣ,"314"
700168: ΑΓ. ΒΑΡΒΑΡΑ,"700168","10920",ΑΓ. ΒΑΡΒΑΡΑ,AG. BARBARA,Λ. ΜΑΡΑΘΩΝΟΣ,"314"
700169: ΙΚΑ,"700169","10921",ΙΚΑ,IKA,Λ. ΜΑΡΑΘΩΝΟΣ,"314"
700172: ΑΓ. ΒΑΡΒΑΡΑ,"700172","10923",ΑΓ. ΒΑΡΒΑΡΑ,AG. BARBARA,Λ. ΜΑΡΑΘΩΝΟΣ,"310, 314"
700173: ΔΗΜΟΤΙΚΟ ΑΝΑΨΥΚΤΗΡΙΟ,"700173","10924",ΔΗΜΟΤΙΚΟ ΑΝΑΨΥΚΤΗΡΙΟ,DHMOTIKO ANAPSYKTHRIO,Λ. ΜΑΡΑΘΩΝΟΣ,"310, 314"
700174: ΔΙΑΣΤΑΥΡΩΣΗ ΡΑΦΗΝΑΣ,"700174","10925",ΔΙΑΣΤΑΥΡΩΣΗ ΡΑΦΗΝΑΣ,DIASTAYROSH RAFHNAS,Λ. ΜΑΡΑΘΩΝΟΣ,"314"
700175: ΒΓΕΝΑ,"700175","10926",ΒΓΕΝΑ,BGENA,Λ. ΜΑΡΑΘΩΝΟΣ,"314"
700176: ΝΑΡΚΙΣΣΟΥ,"700176","10927",ΝΑΡΚΙΣΣΟΥ,NARKISSOY,Λ. ΜΑΡΑΘΩΝΟΣ,"314"
700177: ΒΥΖΑΝΤΙΟΥ,"700177","10928",ΒΥΖΑΝΤΙΟΥ,BYZANTIOY,Λ. ΜΑΡΑΘΩΝΟΣ,"314"
700178: ΑΡΙΩΝΟΣ,"700178","10929",ΑΡΙΩΝΟΣ,ARIONOS,Λ. ΜΑΡΑΘΩΝΟΣ,"314"
700179: ΚΑΛΛΙΤΕΧΝΟΥΠΟΛΗ,"700179","10930",ΚΑΛΛΙΤΕΧΝΟΥΠΟΛΗ,KALLITEXNOYPOLH,Λ. ΜΑΡΑΘΩΝΟΣ,"314"
700180: ΝΟΣΟΚΟΜΕΙΟ ΖΩΩΝ,"700180","10931",ΝΟΣΟΚΟΜΕΙΟ ΖΩΩΝ,NOSOKOMEIO ZOON,Λ. ΜΑΡΑΘΩΝΟΣ,"314"
700181: ELBISCO,"700181","10932",ELBISCO,ELBISCO,Λ. ΜΑΡΑΘΩΝΟΣ,"314"
700182: ΕΥΤΥΧΙΑΣ,"700182","10905",ΕΥΤΥΧΙΑΣ,EYTYXIAS,Λ. ΜΑΡΑΘΩΝΟΣ,"314"
700183: ΝΟΣΟΚΟΜΕΙΟ ΖΩΩΝ,"700183","10907",ΝΟΣΟΚΟΜΕΙΟ ΖΩΩΝ,NOSOKOMEIO ZOON,Λ. ΜΑΡΑΘΩΝΟΣ,"314"
700184: ΔΩΔΕΚΑΝΗΣΟΥ,"700184","10916",ΔΩΔΕΚΑΝΗΣΟΥ,DODEKANHSOY,Λ. ΜΑΡΑΘΩΝΟΣ,"314"
700185: ΜΠΟΔΟΣΑΚΕΙΟ,"700185","10936",ΜΠΟΔΟΣΑΚΕΙΟ,MPODOSAKEIO,ΤΡΥΓΟΝΙΩΝ,"307"
700186: 10η ΚΑΝΤΖΑΣ,"700186","10937",10η ΚΑΝΤΖΑΣ,10th KANTZAS,ΑΡΙΣΤΕΙΔΟΥ,"307"
700187: 9η ΚΑΝΤΖΑΣ,"700187","10938",9η ΚΑΝΤΖΑΣ,9th KANTZAS,ΠΛΑΤΩΝΟΣ,"307"
700188: 8η ΚΑΝΤΖΑΣ,"700188","10939",8η ΚΑΝΤΖΑΣ,8th KANTZAS,ΕΣΠΕΡΙΔΩΝ,"307"
700189: 6η ΚΑΝΤΖΑΣ,"700189","10940",6η ΚΑΝΤΖΑΣ,6th KANTZAS,ΕΣΠΕΡΙΔΩΝ,"307"
700191: ΤΡΥΓΟΝΙΩΝ,"700191","10963",ΤΡΥΓΟΝΙΩΝ,TRYGONION,ΤΡΥΓΟΝΙΩΝ,"307"
700192: ΑΡΤΕΜΙΔΟΣ,"700192","10964",ΑΡΤΕΜΙΔΟΣ,ARTEMIDOS,ΑΡΙΣΤΕΙΔΟΥ,"307"
700193: ΑΡΙΣΤΕΙΔΟΥ,"700193","10965",ΑΡΙΣΤΕΙΔΟΥ,ARISTEIDOY,ΑΡΙΣΤΕΙΔΟΥ,"307"
700194: ΜΟΥΣΩΝ,"700194","10966",ΜΟΥΣΩΝ,MOYSON,ΕΣΠΕΡΙΔΩΝ,"307"
700195: ΘΑΛΕΙΑΣ,"700195","10967",ΘΑΛΕΙΑΣ,THALEIAS,ΕΣΠΕΡΙΔΩΝ,"307"
700196: ΛΕΑΙΝΗΣ,"700196","11010",ΛΕΑΙΝΗΣ,LEAINHS,ΛΕΟΝΤΑΡΙΟΙΥ,"324"
700197: ΠΥΘΑΓΟΡΑ,"700197","11011",ΠΥΘΑΓΟΡΑ,PYTHAGORA,ΛΕΟΝΤΑΡΙΟΥ,"324"
700198: ΚΡΥΣΤΑΛΛΗ,"700198","11012",ΚΡΥΣΤΑΛΛΗ,KRYSTALLH,ΛΕΟΝΤΑΡΙΟΥ,"324"
700199: 1η ΜΑΚΕΔΟΝΙΑΣ,"700199","11394",1η ΜΑΚΕΔΟΝΙΑΣ,1st MAKEDONIAS,ΜΑΚΕΔΟΝΙΑΣ,"314"
700200: 1η ΘΡΑΚΗΣ,"700200","11396",1η ΘΡΑΚΗΣ,1st THRAKHS,Λ. ΚΥΠΡΟΥ,"314"
700201: 1η ΑΡΧΙΜΗΔΟΥΣ,"700201","11397",1η ΑΡΧΙΜΗΔΟΥΣ,1st ARXIMHDOYS,Λ. ΚΥΠΡΟΥ,"314"
700202: 1η ΦΙΛ. ΕΤΑΙΡΕΙΑΣ,"700202","11398",1η ΦΙΛ. ΕΤΑΙΡΕΙΑΣ,1st FIL. ETAIREIAS,Λ. ΑΧΑΙΩΝ,"314"
700203: 1η ΦΑΡΜΑΚΗ,"700203","11400",1η ΦΑΡΜΑΚΗ,1st FARMAKH,Λ. ΑΧΑΙΩΝ,"314"
700204: 7η ΔΩΡΙΕΩΝ,"700204","11401",7η ΔΩΡΙΕΩΝ,7th DORIEON,Λ. ΔΩΡΙΕΩΝ,"314"
700205: 3η ΦΙΛΙΚΗΣ ΕΤΑΙΡΕΙΑΣ,"700205","11402",3η ΦΙΛΙΚΗΣ ΕΤΑΙΡΕΙΑΣ,3rd FILIKHS ETAIREIAS,Λ. ΑΧΑΙΩΝ,"314"
700206: 5η ΦΙΛΙΚΗΣ ΕΤΑΙΡΕΙΑΣ,"700206","11403",5η ΦΙΛΙΚΗΣ ΕΤΑΙΡΕΙΑΣ,5th FILIKHS ETAIREIAS,Λ. ΑΧΑΙΩΝ,"314"
700207: 1η ΙΩΝΙΑΣ,"700207","11404",1η ΙΩΝΙΑΣ,1st IONIAS,Λ. ΚΥΠΡΟΥ,"314"
700208: 1η ΚΥΠΡΟΥ,"700208","11405",1η ΚΥΠΡΟΥ,1st KYPROY,Λ. ΚΥΠΡΟΥ,"314"
700209: ΚΩΝΣΤΑΝΤΙΝΟΥΠΟΛΕΩΣ,"700209","11406",ΚΩΝΣΤΑΝΤΙΝΟΥΠΟΛΕΩΣ,KONSTANTINOYPOLEOS,Λ. ΚΥΠΡΟΥ,"314"
700210: ΛΟΓΟΘΕΤΙΔΗ,"700210","11407",ΛΟΓΟΘΕΤΙΔΗ,LOGOTHETIDH,ΧΡ. ΣΜΥΡΝΗΣ,"314"
700211: ΙΚΑ ΡΑΦΗΝΑΣ,"700211","11410",ΙΚΑ ΡΑΦΗΝΑΣ,IKA RAFHNAS,ΝΑΡΚΙΣΣΟΥ,"310, 314"
700212: 2η ΜΑΚΕΔΟΝΙΑΣ,"700212","11412",2η ΜΑΚΕΔΟΝΙΑΣ,2nd MAKEDONIAS,ΜΑΚΕΔΟΝΙΑΣ,"314"
700213: 2η ΘΡΑΚΗΣ,"700213","11413",2η ΘΡΑΚΗΣ,2nd THRAKHS,Λ. ΚΥΠΡΟΥ,"314"
700214: 2η ΑΡΧΙΜΗΔΟΥΣ,"700214","11414",2η ΑΡΧΙΜΗΔΟΥΣ,2nd ARXIMHDOYS,Λ. ΚΥΠΡΟΥ,"314"
700215: 2η ΦΙΛΙΚΗΣ ΕΤΑΙΡΕΙΑΣ,"700215","11415",2η ΦΙΛΙΚΗΣ ΕΤΑΙΡΕΙΑΣ,2nd FILIKHS ETAIREIAS,Λ. ΑΧΑΙΩΝ,"314"
700216: 2η ΦΑΡΜΑΚΗ,"700216","11416",2η ΦΑΡΜΑΚΗ,2nd FARMAKH,Λ. ΑΧΑΙΩΝ,"314"
700217: ΠΗΛΕΩΣ,"700217","11417",ΠΗΛΕΩΣ,PHLEOS,Λ. ΑΧΑΙΩΝ,"314"
700218: 4η ΦΙΛΙΚΗΣ ΕΤΑΙΡΕΙΑΣ,"700218","11418",4η ΦΙΛΙΚΗΣ ΕΤΑΙΡΕΙΑΣ,4th FILIKHS ETAIREIAS,Λ. ΑΧΑΙΩΝ,"314"
700219: 6η ΦΙΛΙΚΗΣ ΕΤΑΙΡΕΙΑΣ,"700219","11419",6η ΦΙΛΙΚΗΣ ΕΤΑΙΡΕΙΑΣ,6th FILIKHS ETAIREIAS,Λ. ΑΧΑΙΩΝ,"314"
700220: 2η ΙΩΝΙΑΣ,"700220","11420",2η ΙΩΝΙΑΣ,2nd IONIAS,Λ. ΚΥΠΡΟΥ,"314"
700221: 2η ΚΥΠΡΟΥ,"700221","11421",2η ΚΥΠΡΟΥ,2nd KYPROY,Λ. ΚΥΠΡΟΥ,"314"
700222: ΝΑΡΚΙΣΣΟΥ - ΤΕΡΜΑ 314,"700222","11408",ΝΑΡΚΙΣΣΟΥ - ΤΕΡΜΑ 314,NARKISSOY - TERMA 314,ΝΑΡΚΙΣΣΟΥ,"310, 314"
700223: 2η ΘΕΣΣΑΛΟΝΙΚΗΣ,"700223","11424",2η ΘΕΣΣΑΛΟΝΙΚΗΣ,2nd THESSALONIKHS,,"314"
700225: ΥΑΚΙΝΘΩΝ,"700225","11903",ΥΑΚΙΝΘΩΝ,YAKINTHON,ΧΡΥΣΟΣΤΟΜΟΥ ΣΜΥΡΝΗΣ,"314"
700226: ΗΣΙΟΔΟΥ,"700226","11967",ΗΣΙΟΔΟΥ,HSIODOY,ΑΧΑΙΩΝ,301Β
700227: ΜΟΥΣΕΙΟ ΟΙΝΟΥ,"700227","12206",ΜΟΥΣΕΙΟ ΟΙΝΟΥ,MOYSEIO OINOY,ΑΓ.ΔΗΜΗΤΡΙΟΥ,"319"
700228: ΕΡΑΤΟΥΣ,"700228","12271",ΕΡΑΤΟΥΣ,ERATOYS,ΜΑΚΕΔΟΝΙΑΣ,"314"
700229: ΜΑΒΙΛΗ,"700229","12272",ΜΑΒΙΛΗ,MABILH,ΜΑΚΕΔΟΝΙΑΣ,"314"
700230: ΘΡΑΚΗΣ,"700230","12273",ΘΡΑΚΗΣ,THRAKIS,ΘΡΑΚΗΣ,"314"
700231: ΠΑΛΑΜΑ,"700231","12274",ΠΑΛΑΜΑ,PALAMA,ΠΑΛΑΜΑ,"314"
700232: ΠΛΟΥΤΑΡΧΟΥ,"700232","12278",ΠΛΟΥΤΑΡΧΟΥ,,ΠΛΟΥΤΑΡΧΟΥ,"314, 319"
702217: ΠΗΛΕΩΣ (ΠΡΟΣ ΣΤ.ΔΟΥΚ.ΠΛΑΚΕΝΤΙΑΣ),"702217","12136",ΠΗΛΕΩΣ (ΠΡΟΣ ΣΤ.ΔΟΥΚ.ΠΛΑΚΕΝΤΙΑΣ),PHLEOS (TO ST. DOYK. PLAKENTIAS),Λ. ΑΧΑΙΩΝ,"314"
703: ΑΚΤΗ ΒΑΣΙΛΕΙΑΔΗ,"703","11557",ΑΚΤΗ ΒΑΣΙΛΕΙΑΔΗ,AKTH BASILEIADH,ΑΚΤΗ ΒΑΣΙΛΕΙΑΔΗ,"703"
70: ΠΑΝΕΠΙΣΤΗΜΙΟ ΔΥΤΙΚΗΣ ΑΤΤΙΚΗΣ,"70","10262",ΠΑΝΕΠΙΣΤΗΜΙΟ ΔΥΤΙΚΗΣ ΑΤΤΙΚΗΣ,PANEPISTHMIO DYTIKHS ATTIKHS,,"831"
710001: ΓΕΝΙΚΟ ΚΡΑΤΙΚΟ,"710001","710001",ΓΕΝΙΚΟ ΚΡΑΤΙΚΟ,GENIKO KRATIKO,ΜΕΣΟΓΕΙΩΝ,"400, Α5, Β5"
710002: ΣΤ. ΕΘΝ. ΑΜΥΝΑ,"710002","710002",ΣΤ. ΕΘΝ. ΑΜΥΝΑ,ST. ETHN. AMYNA,ΜΕΣΟΓΕΙΩΝ,"400, Α5, Β5, Χ95"
710004: ΣΤΡΑΤΟΠΕΔΟ,"710004","710004",ΣΤΡΑΤΟΠΕΔΟ,STRATOPEDO,ΚΥΠΡΟΥ,"409"
710005: 3η ΠΑΠΑΓΟΥ,"710005","710005",3η ΠΑΠΑΓΟΥ,3rd PAPAGOY,ΑΡΤΕΜΙΔΟΣ,"409"
710006: 4η ΠΑΠΑΓΟΥ,"710006","710006",4η ΠΑΠΑΓΟΥ,4th PAPAGOY,ΚΟΡΙΤΣΑΣ,"409"
710007: 5η ΠΑΠΑΓΟΥ,"710007","710007",5η ΠΑΠΑΓΟΥ,5th PAPAGOY,ΚΟΡΙΤΣΑΣ,"409"
710008: 6η ΠΑΠΑΓΟΥ,"710008","710008",6η ΠΑΠΑΓΟΥ,6th PAPAGOY,ΚΟΡΥΤΣΑΣ,"409"
710009: 7η ΠΑΠΑΓΟΥ,"710009","710009",7η ΠΑΠΑΓΟΥ,7th PAPAGOY,ΑΝΑΣΤΑΣΕΩΣ,"409"
710010: 8η ΠΑΠΑΓΟΥ,"710010","710010",8η ΠΑΠΑΓΟΥ,8th PAPAGOY,ΕΘΝ.ΑΜΥΝΗΣ,"409"
710011: 9η ΠΑΠΑΓΟΥ,"710011","710011",9η ΠΑΠΑΓΟΥ,9th PAPAGOY,ΕΘΝ.ΑΜΥΝΗΣ,"409"
710012: 10η ΠΑΠΑΓΟΥ,"710012","710012",10η ΠΑΠΑΓΟΥ,10th PAPAGOY,ΕΘΝ.ΑΜΥΝΗΣ,"409"
710013: 11η ΠΑΠΑΓΟΥ,"710013","710013",11η ΠΑΠΑΓΟΥ,11th PAPAGOY,ΕΘΝ.ΑΜΥΝΗΣ,"409"
710014: 12η ΠΑΠΑΓΟΥ,"710014","710014",12η ΠΑΠΑΓΟΥ,12th PAPAGOY,ΕΛΛΗΣΠΟΝΤΟΥ,"409"
710015: 13η ΠΑΠΑΓΟΥ,"710015","710015",13η ΠΑΠΑΓΟΥ,13th PAPAGOY,ΕΛΛΗΣΠΟΝΤΟΥ,"409"
710016: 14η ΠΑΠΑΓΟΥ,"710016","710016",14η ΠΑΠΑΓΟΥ,14th PAPAGOY,ΑΡΓΥΡΟΚΑΣΤΡΟΥ,"409"
710017: 15η ΠΑΠΑΓΟΥ,"710017","710017",15η ΠΑΠΑΓΟΥ,15th PAPAGOY,Γ.ΜΠΛΕΣΑ,"409"
710018: 16η ΠΑΠΑΓΟΥ,"710018","710018",16η ΠΑΠΑΓΟΥ,16th PAPAGOY,Γ.ΜΠΛΕΣΑ,"409"
710019: 17η ΠΑΠΑΓΟΥ,"710019","710019",17η ΠΑΠΑΓΟΥ,17th PAPAGOY,ΣΤΑΥΡΑΕΤΟΥ,"409"
710020: 18η ΠΑΠΑΓΟΥ,"710020","710020",18η ΠΑΠΑΓΟΥ,18th PAPAGOY,Β.ΛΑΣΚΟΥ,"409"
710021: 19η ΠΑΠΑΓΟΥ,"710021","710021",19η ΠΑΠΑΓΟΥ,19th PAPAGOY,ΚΑΡΝΑΒΙΑ,"409"
710022: 20η ΠΑΠΑΓΟΥ,"710022","710022",20η ΠΑΠΑΓΟΥ,20th PAPAGOY,ΚΑΡΑΛΗ,"409"
710023: 21η ΠΑΠΑΓΟΥ,"710023","710023",21η ΠΑΠΑΓΟΥ,21st PAPAGOY,ΚΑΡΑΛΗ,"409"
710024: 22η ΠΑΠΑΓΟΥ,"710024","710024",22η ΠΑΠΑΓΟΥ,22nd PAPAGOY,ΔΑΒΑΚΗ,"409"
710026: 22η ΠΑΠΑΓΟΥ,"710026","710026",22η ΠΑΠΑΓΟΥ,22nd PAPAGOY,ΦΡΑΓΚΟΓΙΑΝΝΗ,"409"
710027: 21η ΠΑΠΑΓΟΥ,"710027","710027",21η ΠΑΠΑΓΟΥ,21st PAPAGOY,ΑΛΕΥΡΑ,"409"
710028: 20η ΠΑΠΑΓΟΥ,"710028","710028",20η ΠΑΠΑΓΟΥ,20th PAPAGOY,ΑΛΕΥΡΑ,"409"
710029: 19η ΠΑΠΑΓΟΥ,"710029","710029",19η ΠΑΠΑΓΟΥ,19th PAPAGOY,ΚΑΡΝΑΒΙΑ,"409"
710030: 18η ΠΑΠΑΓΟΥ,"710030","710030",18η ΠΑΠΑΓΟΥ,18th PAPAGOY,ΚΑΡΝΑΒΙΑ,"409"
710031: 17η ΠΑΠΑΓΟΥ,"710031","710031",17η ΠΑΠΑΓΟΥ,17th PAPAGOY,ΛΑΣΚΟΥ,"409"
710032: 16η ΠΑΠΑΓΟΥ,"710032","710032",16η ΠΑΠΑΓΟΥ,16th PAPAGOY,Γ.ΜΠΛΕΣΑ,"409"
710033: 15η ΠΑΠΑΓΟΥ,"710033","710033",15η ΠΑΠΑΓΟΥ,15th PAPAGOY,Γ.ΜΠΛΕΣΑ,"409"
710034: 14η ΠΑΠΑΓΟΥ,"710034","710034",14η ΠΑΠΑΓΟΥ,14th PAPAGOY,ΑΡΓΥΡΟΚΑΣΤΡΟΥ,"409"
710035: ΠΙΝΔΟΥ,"710035","710035",ΠΙΝΔΟΥ,PINDOY,ΑΡΓΥΡΟΚΑΣΤΡΟΥ,"409"
710036: 11η ΠΑΠΑΓΟΥ,"710036","710036",11η ΠΑΠΑΓΟΥ,11th PAPAGOY,ΑΡΓΥΡΟΚΑΣΤΡΟΥ,"409"
710037: 10η ΠΑΠΑΓΟΥ,"710037","710037",10η ΠΑΠΑΓΟΥ,10th PAPAGOY,ΕΘΝ.ΑΜΥΝΗΣ,"409"
710038: 9η ΠΑΠΑΓΟΥ,"710038","710038",9η ΠΑΠΑΓΟΥ,9th PAPAGOY,ΕΘΝ.ΑΜΥΝΗΣ,"409"
710039: 8η ΠΑΠΑΓΟΥ,"710039","710039",8η ΠΑΠΑΓΟΥ,8th PAPAGOY,ΕΘΝ.ΑΜΥΝΗΣ,"409"
710049: ΕΘΝ. ΑΜΥΝΑ,"710049","710049",ΕΘΝ. ΑΜΥΝΑ,ETHN. AMYNA,ΛΕΩΦ.ΚΥΠΡΟΥ,"409"
710052: ΕΘΝΙΚΗΣ ΑΜΥΝΗΣ,"710052","710052",ΕΘΝΙΚΗΣ ΑΜΥΝΗΣ,ETHNIKHS AMYNHS,ΕΘΝΙΚΗΣ ΑΜΥΝΗΣ,"418"
710053: ΑΝΑΣΤΑΣΕΩΣ,"710053","710053",ΑΝΑΣΤΑΣΕΩΣ,ANASTASEOS,ΑΝΑΣΤΑΣΕΩΣ,"418"
710054: ΜΑΚΕΔΟΝΙΑΣ,"710054","710054",ΜΑΚΕΔΟΝΙΑΣ,MAKEDONIA,ΜΑΚΕΔΟΝΙΑΣ,"418"
711: ΑΦΕΤΗΡΙΑ 711-Β12,"711","11517",ΑΦΕΤΗΡΙΑ 711-Β12,AFETHRIA 711-B12,ΑΓΟΡΑΚΡΙΤΟΥ,"711, Β12"
71: ΠΛ. ΠΛΑΤΑΝΟΥ,"71","10272",ΠΛ. ΠΛΑΤΑΝΟΥ,PL. PLATANOY,,"500, 550, Α7, Χ14"
720001: ΠΛΕΖΑΝΣ,"720001","720001",ΠΛΕΖΑΝΣ,PLEZANS,ΛΕΩΦ.ΕΛ.ΒΕΝΙΖΕΛΟΥ,"446, 460, 461"
720002: ΜΟΝΑΣΤΗΡΙ,"720002","720002",ΜΟΝΑΣΤΗΡΙ,MONASTHRI,ΛΕΩΦ.ΕΛ.ΒΕΝΙΖΕΛΟΥ,"446, 460, 461"
720003: ΧΑΡΑΥΓΗ,"720003","720003",ΧΑΡΑΥΓΗ,XARAYGH,ΛΕΩΦ.ΕΛ.ΒΕΝΙΖΕΛΟΥ,"446, 460, 461"
720004: 1η ΝΟΣΟΚΟΜΕΙΟ ΠΑΙΔΩΝ,"720004","720004",1η ΝΟΣΟΚΟΜΕΙΟ ΠΑΙΔΩΝ,1st NOSOKOMEIO PAIDON,ΙΠΠΟΚΡΑΤΟΥΣ,"446, 460, 461"
720005: 2η ΝΟΣΟΚΟΜΕΙΟ ΠΑΙΔΩΝ,"720005","720005",2η ΝΟΣΟΚΟΜΕΙΟ ΠΑΙΔΩΝ,2nd NOSOKOMEIO PAIDON,ΙΠΠΟΚΡΑΤΟΥΣ,"446, 460, 461"
720006: ΝΟΣΟΚΟΜΕΙΟ ΠΑΙΔΩΝ,"720006","720006",ΝΟΣΟΚΟΜΕΙΟ ΠΑΙΔΩΝ,NOSOKOMEIO PAIDON,ΒΑΣ.ΓΕΩΡΓΙΟΥ Β',"446, 460, 461"
720007: ΠΛΑΤΕΙΑ  ΑΓ. ΤΡΙΑΔΑΣ,"720007","720007",ΠΛΑΤΕΙΑ  ΑΓ. ΤΡΙΑΔΑΣ,PLATEIA  AG. TRIADAS,ΣΚΟΥΦΟΥ,"446, 460, 461"
720008: ΞΗΡΟΜΕΡΟΥ,"720008","720008",ΞΗΡΟΜΕΡΟΥ,XHROMEROY,ΣΚΟΥΦΟΥ,"446, 460, 461"
720009: ΗΠΕΙΡΟΥ,"720009","720009",ΗΠΕΙΡΟΥ,HPEIROY,ΣΠΗΛΙΑΣ,"446, 460, 461"
720010: ΣΤΡΑΤΙΩΤΙΚΟ ΝΟΣΟΚΟΜΕΙΟ,"720010","720010",ΣΤΡΑΤΙΩΤΙΚΟ ΝΟΣΟΚΟΜΕΙΟ,STRATIOTIKO NOSOKOMEIO,ΒΕΛΙΟΥ,"461"
720011: ΗΠΕΙΡΟΥ,"720011","720011",ΗΠΕΙΡΟΥ,HPEIROY,ΣΠΗΛΙΑΣ,"446, 460, 461"
720012: ΑΓ. ΤΡΥΦΩΝΑΣ,"720012","720012",ΑΓ. ΤΡΥΦΩΝΑΣ,AG. TRYFONAS,ΑΓ.ΤΡΥΦΩΝΟΣ,"446, 460, 461"
720013: ΤΕΡΜΑ ΠΑΛΑΙΑΣ ΠΕΝΤΕΛΗΣ,"720013","720013",ΤΕΡΜΑ ΠΑΛΑΙΑΣ ΠΕΝΤΕΛΗΣ,TERMA PALAIAS PENTELHS,ΠΛΑΤΕΙΑ ΑΓ.ΤΡΙΑΔΑΣ,"446, 460, 461"
720014: ΟΜΗΡΟΥ,"720014","720014",ΟΜΗΡΟΥ,OMHROY,ΚΑΛΣΣΙΩΝ,"301, 301Β"
720015: ΝΟΣΟΚΟΜΕΙΟ ΠΑΙΔΩΝ,"720015","720015",ΝΟΣΟΚΟΜΕΙΟ ΠΑΙΔΩΝ,NOSOKOMEIO PAIDON,ΒΑΣ.ΓΕΩΡΓΙΟΥ Β',"446, 460, 461"
720016: ΠΛ. ΧΑΡΑΥΓΗΣ,"720016","720016",ΠΛ. ΧΑΡΑΥΓΗΣ,PL. XARAYGHS,ΛΕΩΦ.ΕΛ.ΒΕΝΙΖΕΛΟΥ,"446, 460, 461"
720017: ΜΟΝΑΣΤΗΡΙ,"720017","720017",ΜΟΝΑΣΤΗΡΙ,MONASTHRI,ΛΕΩΦ.ΕΛ.ΒΕΝΙΖΕΛΟΥ,"446, 460, 461"
720018: ΠΛΕΖΑΝΣ,"720018","720018",ΠΛΕΖΑΝΣ,PLEZANS,ΛΕΩΦ.ΕΛ.ΒΕΝΙΖΕΛΟΥ,"446, 460, 461"
720019: 1η ΚΑΛΛΙΣΙΩΝ,"720019","720019",1η ΚΑΛΛΙΣΙΩΝ,1st KALLISION,ΚΑΛΛΙΣΙΩΝ,"301, 301Β"
720020: 2η ΝΕΚΡΟΤΑΦΕΙΟ,"720020","720020",2η ΝΕΚΡΟΤΑΦΕΙΟ,2nd NEKROTAFEIO,ΚΑΛΛΙΣΙΩΝ,"301, 301Β"
720021: 3η ΚΑΛΛΙΣΙΩΝ,"720021","720021",3η ΚΑΛΛΙΣΙΩΝ,3rd KALLISION,ΚΑΛΛΙΣΙΩΝ,"301, 301Β"
720022: 2η ΚΑΛΛΙΣΙΩΝ,"720022","720022",2η ΚΑΛΛΙΣΙΩΝ,2nd KALLISION,ΚΑΛΛΙΣΙΩΝ,"301, 301Β"
720023: 1η ΚΑΛΛΙΣΙΩΝ,"720023","720023",1η ΚΑΛΛΙΣΙΩΝ,1st KALLISION,ΦΙΛΩΝΟΣ,"301, 301Β"
720024: ΜΑΘΗΤΙΚΕΣ ΚΑΤΑΣΚΗΝΩΣΕΙΣ,"720024","720024",ΜΑΘΗΤΙΚΕΣ ΚΑΤΑΣΚΗΝΩΣΕΙΣ,MATHITIKES KATASKHNOSEIS,ΣΚΟΥΦΟΥ,"446, 460, 461"
720025: ΜΑΘΗΤΙΚΕΣ ΚΑΤΑΣΚΗΝΩΣΕΙΣ,"720025","720025",ΜΑΘΗΤΙΚΕΣ ΚΑΤΑΣΚΗΝΩΣΕΙΣ,MATHITIKES KATASKHNOSEIS,ΣΚΟΥΦΟΥ,"446, 460, 461"
720026: ΔΙΑΣΤΑΥΡΩΣΗ,"720026","720026",ΔΙΑΣΤΑΥΡΩΣΗ,DIASTAYROSH,ΙΑΣΟΝΟΣ,"301, 301Β, 324"
720027: ΤΕΡΜΑ ΚΑΛΛΙΣΙΩΝ,"720027","720027",ΤΕΡΜΑ ΚΑΛΛΙΣΙΩΝ,TERMA KALLISION,ΔΙΑΜΟΡΦΩΜΕΝΟ ΧΩΡΟ,"301, 301Β"
720028: 4η ΚΑΛΛΙΣΙΩΝ,"720028","720028",4η ΚΑΛΛΙΣΙΩΝ,4th KALLISION,ΚΑΛΛΙΣΙΩΝ,"301, 301Β"
720029: 4η ΚΑΛΛΙΣΙΩΝ,"720029","720029",4η ΚΑΛΛΙΣΙΩΝ,4th KALLISION,ΚΑΛΛΙΣΙΩΝ,"301, 301Β"
720030: 3η ΚΑΛΛΙΣΙΩΝ,"720030","720030",3η ΚΑΛΛΙΣΙΩΝ,3rd KALLISION,ΚΑΛΛΙΣΙΩΝ,"301, 301Β"
720031: ΦΙΛΩΝΟΣ,"720031","720031",ΦΙΛΩΝΟΣ,FILONOS,ΦΙΛΩΝΟΣ,"301, 301Β"
720032: ΦΙΛΩΝΟΣ,"720032","720032",ΦΙΛΩΝΟΣ,FILONOS,ΦΙΛΩΝΟΣ,"301, 301Β"
720033: ΙΠΠΟΚΡΑΤΟΥΣ,"720033","720033",ΙΠΠΟΚΡΑΤΟΥΣ,IPPOKRATOYS,ΙΠΠΟΚΡΑΤΟΥΣ,"446, 460, 461"
720034: ΙΠΠΟΚΡΑΤΟΥΣ,"720034","10826",ΙΠΠΟΚΡΑΤΟΥΣ,IPPOKRATOYS,ΙΠΠΟΚΡΑΤΟΥΣ,"446, 460, 461"
720035: 1η ΝΟΣΟΚΟΜΕΙΟ ΠΑΙΔΩΝ,"720035","10830",1η ΝΟΣΟΚΟΜΕΙΟ ΠΑΙΔΩΝ,1st NOSOKOMEIO PAIDON,,"446"
720036: ΠΛ. ΧΑΡΑΥΓΗΣ,"720036","720036",ΠΛ. ΧΑΡΑΥΓΗΣ,PL. XARAYGHS,ΒΑΣ.ΓΕΩΡΓΙΟΥ,"301, 301Β"
720037: ΑΜΑΖΟΝΩΝ,"720037","720037",ΑΜΑΖΟΝΩΝ,AMAZONON,ΙΑΣΩΝΟΣ,"301, 301Β, 324"
720038: ΤΑΞΙΑΡΧΗΣ ΒΕΛΙΟΣ,"720038","10531",ΤΑΞΙΑΡΧΗΣ ΒΕΛΙΟΣ,TAXIARXHS BELIOS,,"446, 460, 461"
728: 728  ΣΤΡΟΦΗ,"728","11640",728  ΣΤΡΟΦΗ,728 STROFH,ΑΓ.ΔΙΟΝΥΣΙΟΥ & ΕΛ.ΒΕΝΙΖΕΛΟΥ,"728"
72: ΑΙΓΑΛΕΩ,"72","10273",ΑΙΓΑΛΕΩ,AIGALEO,,"856"
730002: ΓΗΠΕΔΟ,"730002","730002",ΓΗΠΕΔΟ,GHPEDO,Ν.ΠΛΑΣΤΗΡΑ,"501, 527"
730003: ΠΛ. ΔΗΜΟΚΡΑΤΙΑΣ,"730003","730003",ΠΛ. ΔΗΜΟΚΡΑΤΙΑΣ,PL. DHMOKRATIAS,ΔΗΜΟΚΡΑΤΙΑΣ,"501, 527"
730004: ΓΗΠΕΔΟ,"730004","730004",ΓΗΠΕΔΟ,GHPEDO,ΔΗΜΟΚΡΑΤΙΑΣ,"501, 527"
730005: 14η ΑΜΑΡΟΥΣΙΟΥ,"730005","730005",14η ΑΜΑΡΟΥΣΙΟΥ,14th AMAROYSIOY,ΛΕΩΦ.ΕΙΡΗΝΗΣ,"541, Α8"
730006: 10η ΑΜΑΡΟΥΣΙΟΥ,"730006","730006",10η ΑΜΑΡΟΥΣΙΟΥ,10th AMAROYSIOY,ΛΕΩΦ.ΕΙΡΗΝΗΣ,"541, Α8"
730007: ΚΩΝΣΤΑΝΤΙΝΟΥΠΟΛΕΩΣ,"730007","730007",ΚΩΝΣΤΑΝΤΙΝΟΥΠΟΛΕΩΣ,KONSTANTINOYPOLEOS,ΚΩΝΣΤΑΝΤΙΝΟΥΠΟΛΕΩΣ,"501"
730008: 14η ΑΜΑΡΟΥΣΙΟΥ,"730008","730008",14η ΑΜΑΡΟΥΣΙΟΥ,14th AMAROYSIOY,ΛΕΩΦ.ΕΙΡΗΝΗΣ,"501, 541, Α8"
730009: 10η ΠΕΥΚΗΣ,"730009","730009",10η ΠΕΥΚΗΣ,10th PEYKHS,ΧΡ.ΣΜΥΡΝΗΣ,"527"
730010: 11η ΠΕΥΚΗΣ,"730010","730010",11η ΠΕΥΚΗΣ,11th PEYKHS,ΧΡ.ΣΜΥΡΝΗΣ,"527"
730011: 12η ΠΕΥΚΗΣ,"730011","730011",12η ΠΕΥΚΗΣ,12th PEYKHS,ΧΡ.ΣΜΥΡΝΗΣ,"527"
730013: 12η ΠΕΥΚΗΣ,"730013","730013",12η ΠΕΥΚΗΣ,12th PEYKHS,ΕΛ.ΒΕΝΙΖΕΛΟΥ,"527"
730014: 11η ΠΕΥΚΗΣ,"730014","730014",11η ΠΕΥΚΗΣ,11th PEYKHS,ΕΛ.ΒΕΝΙΖΕΛΟΥ,"527"
730015: 10η ΠΕΥΚΗΣ,"730015","730015",10η ΠΕΥΚΗΣ,10th PEYKHS,ΕΛ.ΒΕΝΙΖΕΛΟΥ,"527"
730018: 11η ΑΜΑΡΟΥΣΙΟΥ,"730018","730018",11η ΑΜΑΡΟΥΣΙΟΥ,11th AMAROYSIOY,ΛΕΩΦ.ΕΙΡΗΝΗΣ,"541, Α8"
730019: 12η ΑΜΑΡΟΥΣΙΟΥ,"730019","730019",12η ΑΜΑΡΟΥΣΙΟΥ,12th AMAROYSIOY,ΛΕΩΦ.ΕΙΡΗΝΗΣ,"541, Α8"
730020: 13η ΑΜΑΡΟΥΣΙΟΥ,"730020","730020",13η ΑΜΑΡΟΥΣΙΟΥ,13th AMAROYSIOY,ΛΕΩΦ.ΕΙΡΗΝΗΣ,"541, Α8"
730021: ΑΓΩΝΙΣΤΩΝ,"730021","730021",ΑΓΩΝΙΣΤΩΝ,AGONISTON,ΒΥΡΩΝΟΣ,"642"
730022: ΚΑΛΥΜΝΟΥ,"730022","730022",ΚΑΛΥΜΝΟΥ,KALYMNOY,ΒΥΡΩΝΟΣ,"642"
730023: 13η ΑΜΑΡΟΥΣΙΟΥ,"730023","730023",13η ΑΜΑΡΟΥΣΙΟΥ,13th AMAROYSIOY,ΛΕΩΦ.ΕΙΡΗΝΗΣ,"541, Α8"
730024: 12η ΑΜΑΡΟΥΣΙΟΥ,"730024","730024",12η ΑΜΑΡΟΥΣΙΟΥ,12th AMAROYSIOY,ΛΕΩΦ.ΕΙΡΗΝΗΣ,"541, Α8"
730025: 11η ΑΜΑΡΟΥΣΙΟΥ,"730025","730025",11η ΑΜΑΡΟΥΣΙΟΥ,11th AMAROYSIOY,ΛΕΩΦ.ΕΙΡΗΝΗΣ,"541, Α8"
730027: 8η ΠΕΥΚΗΣ,"730027","730027",8η ΠΕΥΚΗΣ,8th PEYKHS,ΔΩΔΕΚΑΝΗΣΟΥ,"642"
730028: ΒΑΡΝΑΛΗ,"730028","730028",ΒΑΡΝΑΛΗ,BARNALH,ΔΗΜΟΚΡΑΤΙΑΣ,"527"
730030: ΒΑΡΝΑΛΗ,"730030","730030",ΒΑΡΝΑΛΗ,BARNALH,Ν.ΠΛΑΣΤΗΡΑ,"501, 527"
730031: ΕΛ. ΒΕΝΙΖΕΛΟΥ,"730031","730031",ΕΛ. ΒΕΝΙΖΕΛΟΥ,EL. BENIZELOY,ΚΟΡΙΝΘΟΥ,"642"
730032: ΚΟΡΙΝΘΟΥ,"730032","730032",ΚΟΡΙΝΘΟΥ,KORINTHOY,ΑΓΩΝΙΣΤΩΝ,"642"
730033: ΛΕΡΟΥ,"730033","730033",ΛΕΡΟΥ,LEROY,ΚΟΡΙΝΘΟΥ,"642"
730034: ΣΧΟΛΕΙΟ,"730034","730034",ΣΧΟΛΕΙΟ,SXOLEIO,ΜΠΟΤΣΑΡΗ,"501, 527"
730036: 13η ΠΑΛ. ΤΕΡΜΑ,"730036","730036",13η ΠΑΛ. ΤΕΡΜΑ,13th PAL. TERMA,Ν.ΠΛΑΣΤΗΡΑ,"501, 527"
730037: ΠΑΠΑΦΛΕΣΣΑ,"730037","730037",ΠΑΠΑΦΛΕΣΣΑ,PAPAFLESSA,ΑΡΓΥΡΟΚΑΣΤΡΟΥ,"501"
730039: ΔΑΓΚΛΗ,"730039","730039",ΔΑΓΚΛΗ,DAGKLH,ΧΡΥΣ.ΣΜΥΡΝΗΣ,"527"
730044: ΑΙΟΛΟΥ,"730044","10597",ΑΙΟΛΟΥ,AIOLOY,ΑΙΟΛΟΥ,"501"
730045: ΚΑΡΑΓΙΩΡΓΑ,"730045","10598",ΚΑΡΑΓΙΩΡΓΑ,KARAGIORGA,ΚΑΡΑΓΙΩΡΓΑ ΣΑΚΗ,"501"
732: ΝΕΑ  ΛΕΩΦ.ΘΗΒΩΝ 732,"732","11730",ΝΕΑ  ΛΕΩΦ.ΘΗΒΩΝ 732,NEA LEOF. THIBON,ΠΑΡΑΔΡΟΜΟΣ Λ.ΘΗΒΩΝ (ΠΡΙΑΜΟΥ&ΚΑΜΑΤΕΡΟΥ),"732"
73: ΔΑΦΝΗ,"73","10274",ΔΑΦΝΗ,DAFNH,,"856"
740001: 2η ΣΤΑΜΑΤΑΣ,"740001","740001",2η ΣΤΑΜΑΤΑΣ,2nd STAMATAS,ΛΕΩΦ.ΣΤΑΜΑΤΑΣ,"507"
740002: 3η ΣΤΑΜΑΤΑΣ,"740002","740002",3η ΣΤΑΜΑΤΑΣ,3rd STAMATAS,ΛΕΩΦ.ΣΤΑΜΑΤΑΣ,"507"
740003: ΠΛ. ΣΤΑΜΑΤΑΣ,"740003","740003",ΠΛ. ΣΤΑΜΑΤΑΣ,PL. STAMATAS,ΠΛ.ΣΤΑΜΑΤΑΣ,"507"
740004: 3η ΣΤΑΜΑΤΑΣ,"740004","740004",3η ΣΤΑΜΑΤΑΣ,3rd STAMATAS,ΛΕΩΦ.ΣΤΑΜΑΤΑΣ,"507"
740005: 2η ΣΤΑΜΑΤΑΣ,"740005","740005",2η ΣΤΑΜΑΤΑΣ,2nd STAMATAS,ΛΕΩΦ.ΣΤΑΜΑΤΑΣ,"507"
740006: 1η ΠΙΠΕΡΟΠΟΥΛΟΥ,"740006","740006",1η ΠΙΠΕΡΟΠΟΥΛΟΥ,1st PIPEROPOYLOY,ΛΕΩΦ.ΠΙΠΕΡΟΠΟΥΛΟΥ,"535, 535Α"
740008: ΠΑΛ. ΤΕΡΜΑ,"740008","740008",ΠΑΛ. ΤΕΡΜΑ,PAL. TERMA,ΛΕΩΦ.ΠΙΠΕΡΟΠΟΥΛΟΥ,"535, 535Α"
740010: 1η ΜΑΡΑΘΩΝΟΣ,"740010","740010",1η ΜΑΡΑΘΩΝΟΣ,1st MARATHONOS,ΛΕΩΦ.ΜΑΡΑΘΩΝΟΣ,"507"
740011: 2η ΜΑΡΑΘΩΝΟΣ,"740011","740011",2η ΜΑΡΑΘΩΝΟΣ,2nd MARATHONOS,ΛΕΩΦ.ΜΑΡΑΘΩΝΟΣ,"507"
740012: ΠΙΠΕΡΟΠΟΥΛΟΥ,"740012","740012",ΠΙΠΕΡΟΠΟΥΛΟΥ,PIPEROPOYLOY,ΛΕΩΦ.ΠΙΠΕΡΟΠΟΥΛΟΥ,"535, 535Α"
740014: ΑΓ. ΣΟΦΙΑ,"740014","740014",ΑΓ. ΣΟΦΙΑ,AG. SOFIA,ΚΩΝΣΤΑΝΤΙΝΟΥΠΟΛΕΩΣ,"535, 535Α"
740015: 2η ΜΑΡΑΘΩΝΟΣ,"740015","740015",2η ΜΑΡΑΘΩΝΟΣ,2nd MARATHONOS,ΛΕΩΦ.ΜΑΡΑΘΩΝΟΣ,"507"
740016: 1η ΜΑΡΑΘΩΝΟΣ,"740016","740016",1η ΜΑΡΑΘΩΝΟΣ,1st MARATHONOS,ΛΕΩΦ.ΜΑΡΑΘΩΝΟΣ,"507"
740017: ΕΥΞ. ΠΟΝΤΟΥ,"740017","740017",ΕΥΞ. ΠΟΝΤΟΥ,EYX. PONTOY,ΕΥΞ.ΠΟΝΤΟΥ,"535, 535Α"
740018: ΚΩΝ/ΛΕΩΣ,"740018","740018",ΚΩΝ/ΛΕΩΣ,KON/LEOS,ΚΩΝΣΤΑΝΤΙΝΟΥΠΟΛΕΩΣ,"535, 535Α"
740019: ΤΕΡΜΑ,"740019","740019",ΤΕΡΜΑ,TERMA,ΠΡΑΣΤΕΙΟΥ,"535, 535Α"
740020: ΤΕΡΜΑ 535,"740020","11302",ΤΕΡΜΑ 535,TERMA 535,ΠΡΑΣΤΕΙΟΥ,535Α
740023: 3η ΜΑΡΑΘΩΝΟΣ,"740023","740023",3η ΜΑΡΑΘΩΝΟΣ,3rd MARATHONOS,ΛΕΩΦ.ΜΑΡΑΘΩΝΟΣ,"507"
740024: 4η ΜΑΡΑΘΩΝΟΣ,"740024","740024",4η ΜΑΡΑΘΩΝΟΣ,4th MARATHONOS,ΛΕΩΦ.ΜΑΡΑΘΩΝΟΣ,"507"
740025: 5η ΜΑΡΑΘΩΝΟΣ,"740025","740025",5η ΜΑΡΑΘΩΝΟΣ,5th MARATHONOS,ΛΕΩΦ.ΜΑΡΑΘΩΝΟΣ,"507"
740026: 5η ΜΑΡΑΘΩΝΟΣ,"740026","740026",5η ΜΑΡΑΘΩΝΟΣ,5th MARATHONOS,ΛΕΩΦ.ΜΑΡΑΘΩΝΟΣ,"507"
740027: 4η ΜΑΡΑΘΩΝΟΣ,"740027","740027",4η ΜΑΡΑΘΩΝΟΣ,4th MARATHONOS,ΛΕΩΦ.ΜΑΡΑΘΩΝΟΣ,"507"
740028: 3η ΜΑΡΑΘΩΝΟΣ,"740028","740028",3η ΜΑΡΑΘΩΝΟΣ,3rd MARATHONOS,ΛΕΩΦ.ΜΑΡΑΘΩΝΟΣ,"507"
740029: ΠΛ. ΣΤΑΜΑΤΑΣ,"740029","740029",ΠΛ. ΣΤΑΜΑΤΑΣ,PL. STAMATAS,ΠΛ.ΣΤΑΜΑΤΑΣ,"507"
740030: ΔΙΑΣΤΑΥΡΩΣΗ ΑΜΥΓΔΑΛΕΖΑΣ,"740030","11230",ΔΙΑΣΤΑΥΡΩΣΗ ΑΜΥΓΔΑΛΕΖΑΣ,DIASTAYROSH AMYGDALEZAS,,535Α
740031: ΕΥΔΑΠ,"740031","11231",ΕΥΔΑΠ,EYDAP,,535Α
740032: ΠΑΡΑΔΕΙΣΟΣ,"740032","11232",ΠΑΡΑΔΕΙΣΟΣ,PARADEISOS,,535Α
740033: ΤΑΒΕΡΝΑ,"740033","11233",ΤΑΒΕΡΝΑ,TABERNA,,535Α
740034: ΦΟΥΡΝΟΣ,"740034","11234",ΦΟΥΡΝΟΣ,FOYRNOS,,535Α
740035: ΓΗΠΕΔΟ ΜΠΑΣΚΕΤ,"740035","11235",ΓΗΠΕΔΟ ΜΠΑΣΚΕΤ,GHPEDO BASKET,,535Α
740036: ΤΑΒΕΡΝΑ,"740036","11236",ΤΑΒΕΡΝΑ,TABERNA,,535Α
740037: ΦΡΑΓΜΑ,"740037","11237",ΦΡΑΓΜΑ,FRAGMA,,535Α
740038: ΕΥΔΑΠ,"740038","11238",ΕΥΔΑΠ,EYDAP,,535Α
740039: ΑΝΘΕΩΝ,"740039","11270",ΑΝΘΕΩΝ,ANTHEON,,535Α
740040: ΑΝΘΕΩΝ,"740040","11271",ΑΝΘΕΩΝ,ANTHEON,,535Α
740042: ΑΝΤΙΓΟΝΗΣ,"740042","11899",ΑΝΤΙΓΟΝΗΣ,ANTIGONHS,ΑΓΙΟΥ ΙΩΑΝΝΟΥ,"314"
740043: ΑΡΙΣΤΕΙΔΟΥ,"740043","11900",ΑΡΙΣΤΕΙΔΟΥ,ARISTEIDOY,ΑΓΙΟΥ ΙΩΑΝΝΟΥ,"314"
740044: ΡΟΔΟΔΑΦΝΗΣ,"740044","11901",ΡΟΔΟΔΑΦΝΗΣ,RODODAFNHS,ΑΓΙΟΥ ΙΩΑΝΝΟΥ,"314"
740045: ΑΓΙΟΥ ΙΩΑΝΝΟΥ,"740045","11902",ΑΓΙΟΥ ΙΩΑΝΝΟΥ,AGIOY IOANNOY,ΑΓΙΟΥ ΙΩΑΝΝΟΥ,"314"
742: ΦΛΟΥΤΖΗ,"742","12002",ΦΛΟΥΤΖΗ,FLOYTZH,ΦΛΟΥΤΖΗ,"031"
747: ΣΤ. ΑΝΘΟΥΠΟΛΗ,"747","11853",ΣΤ. ΑΝΘΟΥΠΟΛΗ,ST. ANTHOYPOLH,ΑΝΑΠΑΥΣΕΩΣ,"747"
748: ΛΕΩΦ. ΠΑΝΑΓΗ ΤΣΑΛΔΑΡΗ,"748","12244",ΛΕΩΦ. ΠΑΝΑΓΗ ΤΣΑΛΔΑΡΗ,,ΛΕΩΦ. ΠΑΝΑΓΗ ΤΣΑΛΔΑΡΗ,"790"
749: ΟΙΚΙΣΜΟΣ ΓΕΝΝΗΜΑΤΑ,"749","11279",ΟΙΚΙΣΜΟΣ ΓΕΝΝΗΜΑΤΑ,OIKISMOS GENNHMATA,ΣΠΥΡΟΥ ΛΟΥΗ,"749"
74: ΑΤΤΙΚΟ ΝΟΣΟΚΟΜΕΙΟ,"74","10275",ΑΤΤΙΚΟ ΝΟΣΟΚΟΜΕΙΟ,ATTIKO NOSOKOMEIO,,"750"
750001: ΠΟΛΙΤΗ,"750001","750001",ΠΟΛΙΤΗ,POLITH,ΑΓ.ΦΙΛΟΘΕΗΣ,"610"
750002: ΒΕΡΓΙΝΑ,"750002","750002",ΒΕΡΓΙΝΑ,BERGINA,ΒΕΡΓΙΝΑΣ,"610"
750003: ΠΕΤΡΙΝΟ ΠΕΡΙΠΤΕΡΟ,"750003","750003",ΠΕΤΡΙΝΟ ΠΕΡΙΠΤΕΡΟ,PETRINO PERIPTERO,ΑΓ.ΦΙΛΟΘΕΗΣ,"610"
750004: ΔΡΟΣΟΠΟΥΛΟΥ,"750004","750004",ΔΡΟΣΟΠΟΥΛΟΥ,DROSOPOYLOY,ΠΛ.ΔΡΟΣΟΠΟΥΛΟΥ,"610"
750005: ΠΛ. ΚΟΡΥΖΗ,"750005","750005",ΠΛ. ΚΟΡΥΖΗ,PL. KORYZH,ΕΥΝΑΡΔΟΥ,"610"
750006: ΑΚΡΙΤΑ,"750006","750006",ΑΚΡΙΤΑ,AKRITA,ΚΑΠΟΔΙΣΤΡΙΟΥ,"421"
750007: ΔΑΒΑΚΗ,"750007","750007",ΔΑΒΑΚΗ,DABAKH,ΛΕΩΦ.ΕΛ.ΒΕΝΙΖΕΛΟΥ,"610"
750008: ΑΓ. ΦΙΛΟΘΕΗ,"750008","750008",ΑΓ. ΦΙΛΟΘΕΗ,AG. FILOTHEH,ΑΓ.ΦΙΛΟΘΕΗΣ,"610"
750009: ΑΓ. ΦΙΛΟΘΕΗ,"750009","750009",ΑΓ. ΦΙΛΟΘΕΗ,AG. FILOTHEH,ΑΓ.ΦΙΛΟΘΕΗΣ,"610"
750010: ΠΛ. ΠΙΚΙΩΝΗ,"750010","750010",ΠΛ. ΠΙΚΙΩΝΗ,PL. PIKIONH,25ης ΜΑΡΤΙΟΥ,"610"
750013: ΑΝΩ ΑΓΟΡΑ,"750013","750013",ΑΝΩ ΑΓΟΡΑ,ANO AGORA,ΒΑΣ.ΓΕΩΡΓΙΟΥ,"610"
750014: ΠΛ. ΠΙΚΙΩΝΗ,"750014","750014",ΠΛ. ΠΙΚΙΩΝΗ,PL. PIKIONH,25ης ΜΑΡΤΙΟΥ,"610"
750015: ΠΙΝΔΟΥ,"750015","750015",ΠΙΝΔΟΥ,PINDOY,ΚΥΠΡΟΥ,"610"
750016: ΑΣΤΥΝΟΜΙΑ,"750016","750016",ΑΣΤΥΝΟΜΙΑ,ASTYNOMIA,ΚΥΠΡΟΥ,"610"
750018: ΚΙΛΚΙΣ,"750018","750018",ΚΙΛΚΙΣ,KILKIS,ΚΑΠΟΔΙΣΤΡΙΟΥ,"421, 602"
750019: ΒΕΡΓΙΝΑ,"750019","750019",ΒΕΡΓΙΝΑ,BERGINA,ΒΕΡΓΙΝΑΣ,"610"
750020: ΑΡΝΕΛΟΥ,"750020","750020",ΑΡΝΕΛΟΥ,ARNELOY,ΑΓ.ΦΙΛΟΘΕΗΣ,"610"
750021: ΠΕΤΡΙΝΟ ΠΕΡΙΠΤΕΡΟ,"750021","750021",ΠΕΤΡΙΝΟ ΠΕΡΙΠΤΕΡΟ,PETRINO PERIPTERO,ΑΓ.ΦΙΛΟΘΕΗΣ,"610"
750022: 28ης ΟΚΤΩΒΡΙΟΥ,"750022","750022",28ης ΟΚΤΩΒΡΙΟΥ,28th OKTOBRIOY,ΑΓ.ΦΙΛΟΘΕΗΣ,"610"
750024: ΙΔΡΥΜΑ ΚΩΝ. ΚΑΡΑΜΑΝΛΗ,"750024","750024",ΙΔΡΥΜΑ ΚΩΝ. ΚΑΡΑΜΑΝΛΗ,IDRYMA KON. KARAMANLH,ΛΕΩΦ.ΕΛ.ΒΕΝΙΖΕΛΟΥ,"610"
750025: ΠΕΡΙΠΤΕΡΟ,"750025","750025",ΠΕΡΙΠΤΕΡΟ,PERIPTERO,ΛΕΩΦ.ΚΗΦΙΣΙΑΣ,"19, 19Β, 550, 602, Α7, Χ14"
750026: ΣΕΡΡΩΝ,"750026","750026",ΣΕΡΡΩΝ,SERRON,ΛΕΩΦ.ΚΗΦΙΣΙΑΣ,"19, 19Β, 550, 602, Α7, Ε14, Χ14"
750027: ΑΓΟΡΑ,"750027","750027",ΑΓΟΡΑ,AGORA,ΚΑΠΟΔΙΣΤΡΙΟΥ,"421, 602"
750028: ΠΛ. ΚΟΡΥΖΗ,"750028","750028",ΠΛ. ΚΟΡΥΖΗ,PL. KORYZH,ΚΑΠΟΔΙΣΤΡΙΟΥ,"421, 602"
750029: ΣΙΔΕΡΑ,"750029","750029",ΣΙΔΕΡΑ,SIDERA,ΚΑΠΟΔΙΣΤΡΙΟΥ,"421"
750030: ΛΥΚΕΙΟ,"750030","750030",ΛΥΚΕΙΟ,LYKEIO,Λ.ΑΚΡΙΤΑ,"610"
750031: ΠΑΙΔ. ΧΑΡΑ,"750031","750031",ΠΑΙΔ. ΧΑΡΑ,PAID. XARA,Λ.ΑΚΡΙΤΑ,"610"
750032: ΒΟΡ. ΗΠΕΙΡΟΥ,"750032","750032",ΒΟΡ. ΗΠΕΙΡΟΥ,BOR. HPEIROY,Λ.ΑΚΡΙΤΑ,"610"
750033: ΙΟΝ. ΣΧΟΛΗ,"750033","750033",ΙΟΝ. ΣΧΟΛΗ,ION. SXOLH,Λ.ΑΚΡΙΤΑ,"610"
750034: 25ης ΜΑΡΤΙΟΥ,"750034","750034",25ης ΜΑΡΤΙΟΥ,25th MARTIOY,25ης ΜΑΡΤΙΟΥ,"610"
750044: ΡΕΝΙΕΡΗ,"750044","750044",ΡΕΝΙΕΡΗ,RENIERH,ΚΑΠΟΔΙΣΤΡΙΟΥ,"602"
750051: ΔΗΜΟΤΙΚΟ ΣΧΟΛΕΙΟ,"750051","750051",ΔΗΜΟΤΙΚΟ ΣΧΟΛΕΙΟ,DIMOTIKO SCHOLEIO,ΕΛ.ΒΕΝΙΖΕΛΟΥ,"610"
750052: ΠΑΠΑΦΛΕΣΣΑ,"750052","750052",ΠΑΠΑΦΛΕΣΣΑ,PAPAFLESSA,ΠΑΠΑΦΛΕΣΣΑ,"610"
750: ΝΙΚΑΙΑ,"750","11506",ΝΙΚΑΙΑ,NIKAIA,28ης ΟΚΤΩΒΡΙΟΥ,"750"
752: ΣΤΡΟΦΗ 752,"752","11638",ΣΤΡΟΦΗ 752,STROFH 752,ΑΓ.ΔΙΟΝΥΣΙΟΥ,"752"
75: ΝΙΚΑΙΑ,"75","10276",ΝΙΚΑΙΑ,NIKAIA,,"750"
760001: 31η ΦΥΛΗΣ,"760001","760001",31η ΦΥΛΗΣ,31st FYLHS,ΦΥΛΗΣ,"723"
760002: 32η ΦΥΛΗΣ,"760002","760002",32η ΦΥΛΗΣ,32nd FYLHS,ΦΥΛΗΣ,"723"
760003: 33η ΦΥΛΗΣ,"760003","760003",33η ΦΥΛΗΣ,33rd FYLHS,ΦΥΛΗΣ,"723"
760004: ΔΗΜΑΡΧΕΙΟ,"760004","760004",ΔΗΜΑΡΧΕΙΟ,DHMARXEIO,ΦΥΛΗΣ,"723"
760005: ΠΑΛ.ΤΕΡΜΑ,"760005","760005",ΠΑΛ.ΤΕΡΜΑ,PAL.TERMA,ΦΥΛΗΣ,"723"
760006: ΔΗΜΑΡΧΕΙΟ,"760006","760006",ΔΗΜΑΡΧΕΙΟ,DHMARXEIO,ΦΥΛΗΣ,"723"
760007: 33η ΦΥΛΗΣ,"760007","760007",33η ΦΥΛΗΣ,33rd FYLHS,ΦΥΛΗΣ,"723"
760008: 32η ΦΥΛΗΣ,"760008","760008",32η ΦΥΛΗΣ,32nd FYLHS,ΦΥΛΗΣ,"723"
760009: 31η ΦΥΛΗΣ,"760009","760009",31η ΦΥΛΗΣ,31st FYLHS,ΦΥΛΗΣ,"723"
760010: ΑΓ. ΚΥΠΡΙΑΝΟΣ,"760010","760010",ΑΓ. ΚΥΠΡΙΑΝΟΣ,AG. KYPRIANOS,ΑΝΩΝΥΜΟΥ ΠΑΡΑΠΛ.ΓΗΠΕΔΟΥ,"723"
760011: ΓΗΠΕΔΟ,"760011","760011",ΓΗΠΕΔΟ,GHPEDO,ΦΥΛΗΣ,"723"
760014: ΑΓ. ΚΥΠΡΙΑΝΟΣ,"760014","760014",ΑΓ. ΚΥΠΡΙΑΝΟΣ,AG. KYPRIANOS,ΓΗΡΟΚΟΜΕΙΟΥ,"723"
760015: ΠΑΙΔΙΚΗ ΧΑΡΑ,"760015","760015",ΠΑΙΔΙΚΗ ΧΑΡΑ,PAIDIKH XARA,ΦΥΛΗΣ,"723"
760016: ΠΑΛ.ΤΕΡΜΑ,"760016","760016",ΠΑΛ.ΤΕΡΜΑ,PAL.TERMA,ΦΥΛΗΣ,"723"
760018: ΑΡΙΖΟΝΑ,"760018","760018",ΑΡΙΖΟΝΑ,ARIZONA,ΦΥΛΗΣ,"723"
760019: 31Α ΦΥΛΗΣ,"760019","760019",31Α ΦΥΛΗΣ,31A FYLHS,ΦΥΛΗΣ,"723"
760020: 31Α ΦΥΛΗΣ,"760020","760020",31Α ΦΥΛΗΣ,31A FYLHS,ΦΥΛΗ,"723"
760021: ΑΓ. ΙΩΑΝΝΗΣ ΘΕΟΛΟΓΟΣ,"760021","10754",ΑΓ. ΙΩΑΝΝΗΣ ΘΕΟΛΟΓΟΣ,AG. IOANNHS THEOLOGOS,ΦΥΛΗΣ,"723"
760022: ΑΓ. ΙΩΑΝΝΗΣ ΘΕΟΛΟΓΟΣ,"760022","10755",ΑΓ. ΙΩΑΝΝΗΣ ΘΕΟΛΟΓΟΣ,AG. IOANNHS THEOLOGOS,ΦΥΛΗΣ,"723"
76: ΠΕΙΡΑΙΑΣ ΔΡΑΠΕΤΣΩΝΑ Χ96,"76","10277",ΠΕΙΡΑΙΑΣ ΔΡΑΠΕΤΣΩΝΑ Χ96,PEIRAIAS (GATE E 1),,"420, Χ96"
770003: 2η ΠΛ. ΕΥΚΑΛΥΠΤΩΝ,"770003","770003",2η ΠΛ. ΕΥΚΑΛΥΠΤΩΝ,2nd PL. EYKALYPTON,ΠΛ.ΕΥΚΑΛΥΠΤΩΝ,"653"
770004: ΒΑΣ. ΠΑΥΛΟΥ,"770004","770004",ΒΑΣ. ΠΑΥΛΟΥ,BAS. PAYLOY,ΒΑΣ.ΠΑΥΛΟΥ,"653"
770005: ΦΑΡΟΣ,"770005","770005",ΦΑΡΟΣ,FAROS,ΜΑΖΑΡΑΚΗ,"653"
770006: Α' ΠΛΑΤΕΙΑ,"770006","770006",Α' ΠΛΑΤΕΙΑ,A' PLATEIA,ΠΛ.ΒΑΣ.ΓΕΩΡΓΙΟΥ,"653"
770007: ΒΕΝΖΙΝΗ,"770007","770007",ΒΕΝΖΙΝΗ,BENZINH,ΠΑΠΑΝΑΣΤΑΣΙΟΥ,"653"
770008: ΝΤΑΜΑΡΙΑ,"770008","770008",ΝΤΑΜΑΡΙΑ,NTAMARIA,ΕΛ.ΑΘΑΝΑΣΙΑΔΟΥ,"653"
770009: ΜΩΡΑΙΤΗ,"770009","770009",ΜΩΡΑΙΤΗ,MORAITH,ΠΑΠΑΝΑΣΤΑΣΙΟΥ,"653"
770010: 2η ΠΛ. ΕΛ. ΒΕΝΙΖΕΛΟΥ,"770010","770010",2η ΠΛ. ΕΛ. ΒΕΝΙΖΕΛΟΥ,2nd PL. EL. BENIZELOY,ΠΛ.ΕΛ.ΒΕΝΙΖΕΛΟΥ,"653"
770011: ΚΑΛΒΟΥ,"770011","770011",ΚΑΛΒΟΥ,KALBOY,ΔΙΑΜΑΝΤΙΔΟΥ,"653"
770012: ΠΛ. ΕΛΕΥΘΕΡΙΑΣ,"770012","770012",ΠΛ. ΕΛΕΥΘΕΡΙΑΣ,PL. ELEYTHERIAS,ΛΥΤΡΑ,"653"
770013: ΣΧΟΛΕΙΟ,"770013","770013",ΣΧΟΛΕΙΟ,SXOLEIO,ΛΥΤΡΑ,"653"
770014: ΠΛ. ΣΟΛΩΜΟΥ,"770014","770014",ΠΛ. ΣΟΛΩΜΟΥ,PL. SOLOMOY,ΠΛ.ΣΟΛΩΜΟΥ,"653"
770015: ΒΑΛΑΩΡΙΤΟΥ,"770015","770015",ΒΑΛΑΩΡΙΤΟΥ,BALAORITOY,ΒΑΛΑΩΡΙΤΟΥ,"653"
770016: ΑΓ. ΔΗΜΗΤΡΙΟΣ,"770016","770016",ΑΓ. ΔΗΜΗΤΡΙΟΣ,AG. DHMHTRIOS,ΛΕΩΦ.ΔΗΜΟΚΡΑΤΙΑΣ,"653"
770017: ΠΑΛ.ΑΓΟΡΑ,"770017","770017",ΠΑΛ.ΑΓΟΡΑ,PAL.AGORA,ΚΟΝΤΟΛΕΟΝΤΟΣ,"653"
770019: ΣΚΑΛΑΚΙΑ,"770019","770019",ΣΚΑΛΑΚΙΑ,SKALAKIA,ΛΕΩΦ.ΚΗΦΙΣΙΑΣ,"10, 10*, 18, 19, 19Β, 550, 602, 610, 653, Α7, Χ14"
770020: ΝΤΑΛΙΑ,"770020","770020",ΝΤΑΛΙΑ,NTALIA,ΛΕΩΦ.ΚΗΦΙΣΙΑΣ,"036, 10, 10*, 140, 18, 19, 19Β, 3, 3*, 550, 602, 610, 653, Α7, Χ14"
770021: ΚΑΤΕΧΑΚΗ,"770021","770021",ΚΑΤΕΧΑΚΗ,KATEXAKH,ΛΕΩΦ.ΚΗΦΙΣΙΑΣ,"036, 10, 10*, 140, 18, 19, 19Β, 3, 3*, 550, 602, 610, 653, Α7, Χ14"
770022: 8η ΨΥΧΙΚΟΥ,"770022","770022",8η ΨΥΧΙΚΟΥ,8th PSYXIKOY,ΔΑΦΝΗΣ,"036, 651"
770023: 9η ΨΥΧΙΚΟΥ,"770023","770023",9η ΨΥΧΙΚΟΥ,9th PSYXIKOY,ΔΑΦΝΗΣ,"036, 651"
770024: ΑΦΕΤΗΡΙΑ 651,"770024","770024",ΑΦΕΤΗΡΙΑ 651,AFETHRIA 651,ΠΛ.ΠΙΝΔΟΥ,"036"
770025: ΝΕΑ ΑΓΟΡΑ,"770025","770025",ΝΕΑ ΑΓΟΡΑ,NEA AGORA,ΓΡΑΜΜΟΥ,"036, 651"
770026: 8η ΨΥΧΙΚΟΥ,"770026","770026",8η ΨΥΧΙΚΟΥ,8th PSYXIKOY,ΔΑΦΝΗΣ,"036, 651"
770027: ΚΟΛΛΕΓΙΟ,"770027","770027",ΚΟΛΛΕΓΙΟ,KOLLEGIO,ΛΕΩΦ.ΚΗΦΙΣΙΑΣ,"19, 19Β, 550, 602, 610, Α7, Χ14"
770028: ΑΡΣΑΚΕΙΟ,"770028","770028",ΑΡΣΑΚΕΙΟ,ARSAKEIO,ΛΕΩΦ.ΚΗΦΙΣΙΑΣ,"19, 19Β, 550, 602, 610, Α7, Χ14"
770029: 1η ΑΓ. ΒΑΡΒΑΡΑΣ,"770029","770029",1η ΑΓ. ΒΑΡΒΑΡΑΣ,1st AG. BARBARAS,ΛΕΩΦ.ΚΗΦΙΣΙΑΣ,"10, 10*, 18, 19, 19Β, 550, 602, 610, Α7, Ε14, Χ14"
770030: ΦΑΡΟΣ,"770030","770030",ΦΑΡΟΣ,FAROS,ΛΕΩΦ.ΚΗΦΙΣΙΑΣ,"10, 10*, 18, 19, 19Β, 550, 602, 610, Α7, Ε14, Χ14"
770039: ΠΛ. ΠΙΝΔΟΥ,"770039","770039",ΠΛ. ΠΙΝΔΟΥ,PL. PINDOY,ΠΛΑΤ.ΠΙΝΔΟΥ,"036"
770040: ΜΑΖΑΡΑΚΗ,"770040","770040",ΜΑΖΑΡΑΚΗ,MAZARAKH,25ης ΜΑΡΤΙΟΥ,"653"
770041: ΛΗΤΩ,"770041","770041",ΛΗΤΩ,LHTO,ΒΑΣ.ΠΑΥΛΟΥ,"653"
770042: ΑΜΑΡΥΛΛΙΔΟΣ,"770042","770042",ΑΜΑΡΥΛΛΙΔΟΣ,AMARYLLIDOS,ΒΑΣ.ΠΑΥΛΟΥ,"653"
770043: ΚΑΛΛΑΡΗ,"770043","770043",ΚΑΛΛΑΡΗ,KALLARH,ΠΑΠΑΝΑΣΤΑΣΙΟΥ,"653"
770045: ΑΡΣΑΚΕΙΟ,"770045","770045",ΑΡΣΑΚΕΙΟ,ARSAKEIO,ΕΘΝΑΡΧΟΥ ΜΑΚΑΡΙΟΥ,"653"
770046    : ΣΙΚΕΛΙΑΝΟΥ,"770046","10580",ΣΙΚΕΛΙΑΝΟΥ,SIKELIANOY,ΣΤΡ. ΚΑΛΛΑΡΗ,"653"
770047: ΜΟΥΣΩΝ,"770047","12148",ΜΟΥΣΩΝ,MOYSON,ΔΑΦΝΗΣ,"036, 651"
778: ΒΑΡΝΑΒΑΣ,"778","12119",ΒΑΡΝΑΒΑΣ,BARNABAS,28ης ΟΚΤΩΒΡΙΟΥ,509Β
77: ΠΕΡΑΜΑ,"77","10278",ΠΕΡΑΜΑ,PERAMA,,"818, 819, 841, 842, 843"
780001: ΣΤΡΟΦΗ ΑΝΘΟΥΣΑΣ,"780001","780001",ΣΤΡΟΦΗ ΑΝΘΟΥΣΑΣ,STROFH ANTHOYSAS,ΛΕΩΦ. ΑΝΘΟΥΣΑΣ,"301, 301Β, 324, Α5"
780002: ΑΛ. ΣΤΕΦΑΝΟΠΟΥΛΟΣ,"780002","780002",ΑΛ. ΣΤΕΦΑΝΟΠΟΥΛΟΣ,AL. STEFANOPOYLOS,ΛΕΩΦ.ΑΝΘΟΥΣΑΣ,"301, 301Β, 324, Α5"
780004: 4η ΑΝΘΟΥΣΑΣ,"780004","780004",4η ΑΝΘΟΥΣΑΣ,4th ANTHOYSAS,ΛΕΩΦ.ΑΝΘΟΥΣΑΣ,"301, 301Β"
780005: 5η ΜΟΝΑΣΤΗΡΙ,"780005","780005",5η ΜΟΝΑΣΤΗΡΙ,5th MONASTHRI,ΛΕΩΦ.ΑΝΘΟΥΣΑΣ,"301, 301Β, 324"
780006: 6η ΑΝΘΟΥΣΑΣ,"780006","780006",6η ΑΝΘΟΥΣΑΣ,6th ANTHOYSAS,ΛΕΩΦ.ΑΝΘΟΥΣΑΣ,"301, 301Β, 324"
780007: 7η ΑΝΘΟΥΣΑΣ,"780007","780007",7η ΑΝΘΟΥΣΑΣ,7th ANTHOYSAS,ΛΕΩΦ.ΑΝΘΟΥΣΑΣ,"301, 301Β, 324"
780008: ΦΑΜΑΡ,"780008","780008",ΦΑΜΑΡ,FAMAR,ΛΕΩΦ.ΑΝΘΟΥΣΑΣ,"301, 301Β, 324, Α5"
780009: 9η ΑΝΘΟΥΣΑΣ,"780009","780009",9η ΑΝΘΟΥΣΑΣ,9th ANTHOYSAS,ΛΕΩΦ.ΑΝΘΟΥΣΑΣ,"301, 301Β, 324"
780010: 10η ΑΝΘΟΥΣΑΣ,"780010","780010",10η ΑΝΘΟΥΣΑΣ,10th ANTHOYSAS,ΛΕΩΦ.ΑΝΘΟΥΣΑΣ,"301, 301Β, 324"
780011: 11η ΑΝΘΟΥΣΑΣ,"780011","780011",11η ΑΝΘΟΥΣΑΣ,11th ANTHOYSAS,ΛΕΩΦ.ΑΝΘΟΥΣΑΣ,"301, 301Β, 324"
780013: 1η ΑΝΘΟΥΣΑΣ,"780013","780013",1η ΑΝΘΟΥΣΑΣ,1st ANTHOYSAS,ΛΕΩΦ.ΑΝΘΟΥΣΑΣ,"301, 301Β, 324"
780014: 9η ΑΝΘΟΥΣΑΣ,"780014","780014",9η ΑΝΘΟΥΣΑΣ,9th ANTHOYSAS,ΛΕΩΦ.ΑΝΘΟΥΣΑΣ,"301, 301Β, 324"
780015: 3η ΑΝΘΟΥΣΑΣ,"780015","780015",3η ΑΝΘΟΥΣΑΣ,3rd ANTHOYSAS,ΛΕΩΦ.ΑΝΘΟΥΣΑΣ,"301, 301Β, 324"
780016: 8η ΑΝΘΟΥΣΑΣ,"780016","780016",8η ΑΝΘΟΥΣΑΣ,8th ANTHOYSAS,ΛΕΩΦ.ΑΝΘΟΥΣΑΣ,"301, 301Β, 324"
780017: 7η ΑΝΘΟΥΣΑΣ,"780017","780017",7η ΑΝΘΟΥΣΑΣ,7th ANTHOYSAS,ΛΕΩΦ.ΑΝΘΟΥΣΑΣ,"301, 301Β, 324"
780018: 2η ΑΝΘΟΥΣΑΣ,"780018","780018",2η ΑΝΘΟΥΣΑΣ,2nd ANTHOYSAS,ΛΕΩΦ.ΑΝΘΟΥΣΑΣ,"301, 301Β, 324"
780020: 4η ΑΝΘΟΥΣΑΣ,"780020","780020",4η ΑΝΘΟΥΣΑΣ,4th ANTHOYSAS,ΛΕΩΦ.ΑΝΘΟΥΣΑΣ,"301, 301Β, 324"
780021: 3η ΑΝΘΟΥΣΑΣ,"780021","780021",3η ΑΝΘΟΥΣΑΣ,3rd ANTHOYSAS,ΛΕΩΦ.ΑΝΘΟΥΣΑΣ,"301, 301Β, 324"
780022: 2η ΑΝΘΟΥΣΑΣ,"780022","780022",2η ΑΝΘΟΥΣΑΣ,2nd ANTHOYSAS,ΛΕΩΦ.ΑΝΘΟΥΣΑΣ,"301, 301Β, 324"
780023: ΑΛ. ΣΤΕΦΑΝΟΠΟΥΛΟΣ,"780023","780023",ΑΛ. ΣΤΕΦΑΝΟΠΟΥΛΟΣ,AL. STEFANOPOYLOS,ΛΕΩΦ.ΑΝΘΟΥΣΑΣ,"301, 301Β, 324, Α5"
780024: ΦΑΜΑΡ,"780024","780024",ΦΑΜΑΡ,FAMAR,ΛΕΩΦ.ΑΝΘΟΥΣΑΣ,"301, 301Β, 324, Α5"
780025: 1η ΑΝΘΟΥΣΑΣ,"780025","780025",1η ΑΝΘΟΥΣΑΣ,1st ANTHOYSAS,ΛΕΩΦ.ΑΝΘΟΥΣΑΣ,"301, 301Β, 324"
780032: ΣΤΡΟΦΗ ΑΝΘΟΥΣΑΣ,"780032","780032",ΣΤΡΟΦΗ ΑΝΘΟΥΣΑΣ,STROFH ANTHOYSAS,ΛΕΩΦ.ΑΝΘΟΥΣΑΣ,"301, 301Β, Α5"
780033: 12η ΑΝΘΟΥΣΑΣ,"780033","780033",12η ΑΝΘΟΥΣΑΣ,12th ANTHOYSAS,ΛΕΩΦ.ΑΝΘΟΥΣΑΣ,"301, 301Β, 324"
780034: ΑΝΘΕΩΝ,"780034","780034",ΑΝΘΕΩΝ,ANTHEON,ΛΕΩΦ. ΑΝΘΟΥΣΑΣ,"301, 301Β"
780035: 1η ΙΑΣΩΝΟΣ,"780035","780035",1η ΙΑΣΩΝΟΣ,1st IASONOS,ΙΑΣΩΝΟΣ,"324"
780036: ΓΗΠΕΔΟ,"780036","780036",ΓΗΠΕΔΟ,GHPEDO,ΛΕΩΦ.ΑΝΘΟΥΣΑΣ,"301, 301Β"
780037: 2η ΙΑΣΩΝΟΣ,"780037","780037",2η ΙΑΣΩΝΟΣ,2nd IASONOS,ΙΑΣΩΝΟΣ,"324"
780038: ΤΥΡΝΑΒΟΥ,"780038","780038",ΤΥΡΝΑΒΟΥ,TYRNABOY,ΤΥΡΝΑΒΟΥ,"324"
780040: ΑΙΓΙΟΥ,"780040","780040",ΑΙΓΙΟΥ,AIGIOY,ΑΙΓΙΟΥ,"301, 301Β, 324"
780041: ΑΙΔΗΨΟΥ,"780041","780041",ΑΙΔΗΨΟΥ,AIDHPSOY,ΑΙΔΗΨΟΥ,"301, 301Β"
780042: ΚΑΛΑΒΡΥΤΩΝ,"780042","780042",ΚΑΛΑΒΡΥΤΩΝ,KALABRYTON,ΚΑΛΑΒΡΥΤΩΝ,"301, 301Β"
780043: ΓΡΑΒΙΑΣ,"780043","780043",ΓΡΑΒΙΑΣ,GRABIAS,ΑΝΩΝΥΜΟΣ,"301, 301Β"
780044: ΑΙΣΩΠΟΥ,"780044","780044",ΑΙΣΩΠΟΥ,AISOPOY,ΕΥΡΙΠΙΔΟΥ,"301, 301Β"
780046: ΓΑΛΗΝΗΣ,"780046","780046",ΓΑΛΗΝΗΣ,GALHNHS,ΓΑΛΗΝΗΣ,"301, 301Β"
780051: 12η ΑΝΘΟΥΣΑΣ,"780051","10774",12η ΑΝΘΟΥΣΑΣ,12th ANTHOYSAS,ΛΕΩΦ.ΑΝΘΟΥΣΑΣ,"301, 301Β, 324"
780052: 11η ΑΝΘΟΥΣΑΣ,"780052","10775",11η ΑΝΘΟΥΣΑΣ,11th ANTHOYSAS,ΛΕΩΦ.ΑΝΘΟΥΣΑΣ,"301, 301Β, 324"
780053: 6η ΑΝΘΟΥΣΑΣ,"780053","10776",6η ΑΝΘΟΥΣΑΣ,6th ANTHOYSAS,ΛΕΩΦ.ΑΝΘΟΥΣΑΣ,"301, 301Β, 324"
780054: 5η ΑΝΘΟΥΣΑΣ,"780054","10777",5η ΑΝΘΟΥΣΑΣ,5th ANTHOYSAS,ΛΕΩΦ.ΑΝΘΟΥΣΑΣ,"324"
780055: ΝΕΜΕΑΣ,"780055","11004",ΝΕΜΕΑΣ,NEMEAS,ΜΕΣΣΗΝΗΣ,"324"
780056: 4η ΑΝΘΟΥΣΑΣ,"780056","11006",4η ΑΝΘΟΥΣΑΣ,4th ANTHOYSAS,ΛΕΩΦ. ΑΝΘΟΥΣΑΣ,"324"
780057: ΚΟΥΡΟΥΝΙΟΥ,"780057","11005",ΚΟΥΡΟΥΝΙΟΥ,KOYROYNIOY,ΑΝΘΕΩΝ,"324"
780058: ΑΚΡΑΤΑΣ,"780058","11009",ΑΚΡΑΤΑΣ,AKRATAS,ΙΑΣΟΝΟΣ,"324"
780059: ΑΝΤΙΣΤΑΣΕΩΣ,"780059","11007",ΑΝΤΙΣΤΑΣΕΩΣ,ANTISTASEOS,ΤΥΡΝΑΒΟΥ,"324"
780060: ΜΕΣΣΗΝΗΣ,"780060","11008",ΜΕΣΣΗΝΗΣ,MESSHNHS,ΜΕΣΣΗΝΗΣ,"324"
780061: ΑΚΡΑΤΑΣ (ΠΡΟΣ ΚΑΝΤΖΑ),"780061","11955",ΑΚΡΑΤΑΣ (ΠΡΟΣ ΚΑΝΤΖΑ),AKRATAS (TO KANTZA),ΙΑΣΟΝΟΣ,"324"
780062: 2Η ΙΑΣΟΝΟΣ (ΠΡΟΣ ΚΑΝΤΖΑ),"780062","11956",2Η ΙΑΣΟΝΟΣ (ΠΡΟΣ ΚΑΝΤΖΑ),2nd IASONOS (TO KANTZA),ΙΑΣΟΝΟΣ,"324"
780063: ΕΙΡΗΝΗΣ,"780063","11957",ΕΙΡΗΝΗΣ,EIRHNHS,ΙΑΣΟΝΟΣ,"324"
780064: ΗΛΕΚΤΡΑΣ,"780064","11958",ΗΛΕΚΤΡΑΣ,HLEKTRAS,ΙΑΣΟΝΟΣ,"324"
780065: 8Η ΑΝΘΟΥΣΑΣ,"780065","12209",8Η ΑΝΘΟΥΣΑΣ,8th ANTHOYSAS,ΛΕΩΦ. ΑΝΘΟΥΣΑΣ,"301, 301Β, 324"
78: ΝΕΚΡ. ΣΧΙΣΤΟΥ,"78","10279",ΝΕΚΡ. ΣΧΙΣΤΟΥ,NEKR. SXISTOY,,"819, 860"
790001: ΑΠΟΣΠΟΡΗ,"790001","790001",ΑΠΟΣΠΟΡΗ,APOSPORH,ΛΕΩΦ.ΚΑΡΑΜΑΝΛΗ,"304, 305, 316, 326"
790002: ΑΓ. ΙΩΑΝΝΗΣ,"790002","790002",ΑΓ. ΙΩΑΝΝΗΣ,AG. IOANNHS,ΛΕΩΦ.ΚΑΡΑΜΑΝΛΗ,"304, 305, 316, 326"
790003: ΑΓ. ΚΥΡΙΑΚΗ,"790003","790003",ΑΓ. ΚΥΡΙΑΚΗ,AG. KYRIAKH,ΛΕΩΦ.ΚΑΡΑΜΑΝΛΗ,"304, 305, 316, 323, 326"
790004: ΓΙΟΥΡΓΑ,"790004","790004",ΓΙΟΥΡΓΑ,GIOYRGA,ΛΕΩΦ.ΚΑΡΑΜΑΝΛΗ,"304, 305, 316, 323, 326"
790005: ΑΓ. ΝΕΚΤΑΡΙΟΣ,"790005","790005",ΑΓ. ΝΕΚΤΑΡΙΟΣ,AG. NEKTARIOS,ΛΕΩΦ.ΚΑΡΑΜΑΝΛΗ,"304, 305, 316, 323, 326"
790006: ΟΤΕ,"790006","790006",ΟΤΕ,OTE,ΛΕΩΦ.ΚΑΡΑΜΑΝΛΗ,"304, 305, 316, 323, 326"
790007: ΞΕΝΟΦΩΝΤΟΣ,"790007","790007",ΞΕΝΟΦΩΝΤΟΣ,XENOFONTOS,ΛΕΩΦ.ΚΑΡΑΜΑΝΛΗ,"304, 305, 316, 323, 326"
790008: ΧΑΡΟΥΛΑ,"790008","790008",ΧΑΡΟΥΛΑ,XAROYLA,ΛΕΩΦ.ΚΑΡΑΜΑΝΛΗ,"304, 305, 316, 323, 326"
790009: ΜΑΚΡΗ,"790009","790009",ΜΑΚΡΗ,MAKRH,ΛΕΩΦ.ΚΑΡΑΜΑΝΛΗ,"304, 305, 316, 323, 326"
790010: ΣΤΡΟΦΗ,"790010","790010",ΣΤΡΟΦΗ,STROFH,ΛΕΩΦ.ΑΡΤΕΜΙΔΟΣ,"305, 316, 323"
790012: ΑΓ. ΜΑΡΙΝΑ,"790012","790012",ΑΓ. ΜΑΡΙΝΑ,AG. MARINA,ΛΕΩΦ.ΑΡΤΕΜΙΔΟΣ,"305, 316, 323"
790013: ΠΛ. ΕΘΝ. ΑΝΤΙΣΤΑΣΗΣ,"790013","790013",ΠΛ. ΕΘΝ. ΑΝΤΙΣΤΑΣΗΣ,PL. ETHN. ANTISTASHS,ΛΕΩΦ.ΑΡΤΕΜΙΔΟΣ,"305, 316, 323"
790014: ΤΟΥΝΤΑ,"790014","790014",ΤΟΥΝΤΑ,TOYNTA,ΛΕΩΦ.ΑΡΤΕΜΙΔΟΣ,"305, 316, 323"
790015: ΔΗΜΟΤΙΚΑ ΙΑΤΡΕΙΑ,"790015","790015",ΔΗΜΟΤΙΚΑ ΙΑΤΡΕΙΑ,DHMOTIKA IATREIA,ΛΕΩΦ.ΑΡΤΕΜΙΔΟΣ,"305, 316, 323"
790022: ΣΤΡΟΦΗ,"790022","790022",ΣΤΡΟΦΗ,STROFH,ΒΡΑΥΒΡΩΝΟΣ,"304, 316, 323"
790023: 1η ΒΡΑΥΡΩΝΟΣ,"790023","790023",1η ΒΡΑΥΡΩΝΟΣ,1st BRAYRONOS,ΒΡΑΥΡΩΝΟΣ,"304, 316, 323"
790024: 2η ΒΡΑΥΡΩΝΟΣ,"790024","790024",2η ΒΡΑΥΡΩΝΟΣ,2nd BRAYRONOS,ΒΡΑΥΡΩΝΟΣ,"304, 316, 323"
790025: 3η ΒΡΑΥΡΩΝΟΣ,"790025","790025",3η ΒΡΑΥΡΩΝΟΣ,3rd BRAYRONOS,ΒΡΑΥΡΩΝΟΣ,"304, 316, 323"
790026: 4η ΒΡΑΥΡΩΝΟΣ,"790026","790026",4η ΒΡΑΥΡΩΝΟΣ,4th BRAYRONOS,ΒΡΑΥΡΩΝΟΣ,"304, 316, 323"
790027: 5η ΒΡΑΥΡΩΝΟΣ,"790027","790027",5η ΒΡΑΥΡΩΝΟΣ,5th BRAYRONOS,ΒΡΑΥΡΩΝΟΣ,"304, 316, 323"
790028: 6η ΒΡΑΥΡΩΝΟΣ,"790028","790028",6η ΒΡΑΥΡΩΝΟΣ,6th BRAYRONOS,ΒΡΑΥΡΩΝΟΣ,"304, 316, 323"
790029: 7η ΒΡΑΥΡΩΝΟΣ,"790029","790029",7η ΒΡΑΥΡΩΝΟΣ,7th BRAYRONOS,ΒΡΑΥΡΩΝΟΣ,"304, 316, 323"
790030: 8η ΒΡΑΥΡΩΝΟΣ,"790030","790030",8η ΒΡΑΥΡΩΝΟΣ,8th BRAYRONOS,ΒΡΑΥΡΩΝΟΣ,"304, 316, 323"
790031: 9η ΒΡΑΥΡΩΝΟΣ,"790031","790031",9η ΒΡΑΥΡΩΝΟΣ,9th BRAYRONOS,ΒΡΑΥΡΩΝΟΣ,"304, 316, 323"
790032: 10η ΒΡΑΥΡΩΝΟΣ,"790032","790032",10η ΒΡΑΥΡΩΝΟΣ,10th BRAYRONOS,ΒΡΑΥΡΩΝΟΣ,"304, 316, 323"
790033: 9η ΒΡΑΥΡΩΝΟΣ,"790033","790033",9η ΒΡΑΥΡΩΝΟΣ,9th BRAYRONOS,ΒΡΑΥΡΩΝΟΣ,"304, 316, 323"
790034: 8η ΒΡΑΥΡΩΝΟΣ,"790034","790034",8η ΒΡΑΥΡΩΝΟΣ,8th BRAYRONOS,ΒΡΑΥΡΩΝΟΣ,"304, 316"
790035: 7η ΒΡΑΥΡΩΝΟΣ,"790035","790035",7η ΒΡΑΥΡΩΝΟΣ,7th BRAYRONOS,ΒΡΑΥΡΩΝΟΣ,"304, 316"
790036: 6η ΒΡΑΥΡΩΝΟΣ,"790036","790036",6η ΒΡΑΥΡΩΝΟΣ,6th BRAYRONOS,ΒΡΑΥΡΩΝΟΣ,"304, 316"
790037: 5η ΒΡΑΥΡΩΝΟΣ,"790037","790037",5η ΒΡΑΥΡΩΝΟΣ,5th BRAYRONOS,ΒΡΑΥΡΩΝΟΣ,"304, 316"
790038: 4η ΒΡΑΥΡΩΝΟΣ,"790038","790038",4η ΒΡΑΥΡΩΝΟΣ,4th BRAYRONOS,ΒΡΑΥΡΩΝΟΣ,"304, 316"
790039: 3η ΒΡΑΥΡΩΝΟΣ,"790039","790039",3η ΒΡΑΥΡΩΝΟΣ,3rd BRAYRONOS,ΒΡΑΥΡΩΝΟΣ,"304, 316"
790040: 2η ΒΡΑΥΡΩΝΟΣ,"790040","790040",2η ΒΡΑΥΡΩΝΟΣ,2nd BRAYRONOS,ΒΡΑΥΡΩΝΟΣ,"304, 316"
790041: 1η ΒΡΑΥΡΩΝΟΣ,"790041","790041",1η ΒΡΑΥΡΩΝΟΣ,1st BRAYRONOS,ΒΡΑΥΡΩΝΟΣ,"304, 316"
790042: ΣΤΡΟΦΗ,"790042","790042",ΣΤΡΟΦΗ,STROFH,ΛΕΩΦ.ΚΑΡΑΜΑΝΛΗ,"304, 326"
790043: ΜΑΚΡΗ,"790043","790043",ΜΑΚΡΗ,MAKRH,ΛΕΩΦ.ΚΑΡΑΜΑΝΛΗ,"304, 305, 316, 326"
790044: ΧΑΡΟΥΛΑ,"790044","790044",ΧΑΡΟΥΛΑ,XAROYLA,ΛΕΩΦ.ΚΑΡΑΜΑΝΛΗ,"304, 305, 316, 326"
790045: ΞΕΝΟΦΩΝΤΟΣ,"790045","790045",ΞΕΝΟΦΩΝΤΟΣ,XENOFONTOS,ΛΕΩΦ.ΚΑΡΑΜΑΝΛΗ,"304, 305, 316, 326"
790046: ΟΤΕ,"790046","790046",ΟΤΕ,OTE,ΛΕΩΦ.ΚΑΡΑΜΑΝΛΗ,"304, 305, 316, 326"
790047: ΑΓ.  ΝΕΚΤΑΡΙΟΣ,"790047","790047",ΑΓ.  ΝΕΚΤΑΡΙΟΣ,AG. NEKTARIOS,ΛΕΩΦ.ΚΑΡΑΜΑΝΛΗ,"304, 305, 316, 326"
790048: ΓΙΟΥΡΓΑ,"790048","790048",ΓΙΟΥΡΓΑ,GIOYRGA,ΛΕΩΦ.ΚΑΡΑΜΑΝΛΗ,"304, 305, 316, 326"
790049: ΑΓ. ΚΥΡΙΑΚΗ,"790049","790049",ΑΓ. ΚΥΡΙΑΚΗ,AG. KYRIAKH,ΛΕΩΦ.ΚΑΡΑΜΑΝΛΗ,"304, 305, 316, 326"
790050: ΑΓ. ΙΩΑΝΝΗΣ,"790050","790050",ΑΓ. ΙΩΑΝΝΗΣ,AG. IOANNHS,ΛΕΩΦ.ΚΑΡΑΜΑΝΛΗ,"304, 305, 316, 326"
790051: ΑΠΟΣΠΟΡΗ,"790051","790051",ΑΠΟΣΠΟΡΗ,APOSPORH,ΛΕΩΦ.ΚΑΡΑΜΑΝΛΗ,"304, 305, 316, 326"
790052: ΠΑΛ.ΤΕΡΜΑ,"790052","790052",ΠΑΛ.ΤΕΡΜΑ,PAL.TERMA,ΛΕΩΦ.ΑΡΤΕΜΙΔΟΣ,"305, 316, 323"
790053: ΔΑΙΔΑΛΟΥ,"790053","790053",ΔΑΙΔΑΛΟΥ,DAIDALOY,ΛΕΩΦ.ΑΡΤΕΜΙΔΟΣ,"305, 316, 323"
790054: ΔΗΜΟΚΡΙΤΟΥ,"790054","790054",ΔΗΜΟΚΡΙΤΟΥ,DHMOKRITOY,ΛΕΩΦ.ΑΡΤΕΜΙΔΟΣ,"305, 316, 323"
790058: 10η ΒΡΑΥΡΩΝΑΣ,"790058","790058",10η ΒΡΑΥΡΩΝΑΣ,10th BRAYRONAS,ΒΡΑΥΡΩΝΟΣ,"304, 316, 323"
790059: 11η ΒΡΑΥΡΩΝΑ,"790059","790059",11η ΒΡΑΥΡΩΝΑ,11th BRAYRONA,ΒΡΑΥΡΩΝΟΣ,"304, 316, 323"
790060: 12η ΒΡΑΥΡΩΝΑ,"790060","790060",12η ΒΡΑΥΡΩΝΑ,12th BRAYRONA,ΒΡΑΥΡΩΝΟΣ,"304, 316, 323"
790061: ΤΕΡΜΑ 304 ΣΤ. 316,"790061","790061",ΤΕΡΜΑ 304 ΣΤ. 316,TERMA 304 ST.316 AFET.323,ΒΡΑΥΡΩΝΟΣ,"316, 323"
790062: 12η ΒΡΑΥΡΩΝΟΣ,"790062","790062",12η ΒΡΑΥΡΩΝΟΣ,12th BRAYRONOS,ΒΡΑΥΡΩΝΟΣ,"304, 316, 323"
790063: 11η ΒΡΑΥΡΩΝΟΣ,"790063","790063",11η ΒΡΑΥΡΩΝΟΣ,11th BRAYRONOS,ΒΡΑΥΡΩΝΟΣ,"304, 316, 323"
790064: ΓΗΠΕΔΟ,"790064","790064",ΓΗΠΕΔΟ,GHPEDO,ΛΕΩΦ.ΑΡΤΕΜΙΔΟΣ,"305, 316, 323"
790065: ΕΚΚΛΗΣΙΑ,"790065","790065",ΕΚΚΛΗΣΙΑ,EKKLHSIA,ΚΟΣΜΑ ΑΙΤΟΛΟΥ,"323"
790066: ΙΚΤΙΝΟΥ,"790066","790066",ΙΚΤΙΝΟΥ,IKTINOY,ΑΡΙΣΤΟΦΑΝΟΥΣ,"305, 316, 323"
790067: ΤΑΒΕΡΝΑ,"790067","790067",ΤΑΒΕΡΝΑ,TABERNA,ΑΡΙΣΤΟΦΑΝΟΥΣ,"305, 316, 323"
790068: 1η ΥΠΑΠΑΝΤΗΣ,"790068","790068",1η ΥΠΑΠΑΝΤΗΣ,1st YPAPANTHS,ΥΠΑΠΑΝΤΗΣ,"305, 316, 323"
790069: 2η ΥΠΑΠΑΝΤΗΣ,"790069","790069",2η ΥΠΑΠΑΝΤΗΣ,2nd YPAPANTHS,ΥΠΑΠΑΝΤΗΣ,"305, 316, 323"
790070: 3η ΥΠΑΠΑΝΤΗΣ,"790070","790070",3η ΥΠΑΠΑΝΤΗΣ,3rd YPAPANTHS,ΥΠΑΠΑΝΤΗΣ,"305, 316"
790071: 4η ΥΠΑΠΑΝΤΗΣ,"790071","790071",4η ΥΠΑΠΑΝΤΗΣ,4th YPAPANTHS,ΥΠΑΠΑΝΤΗΣ,"305, 316"
790072: 5η ΥΠΑΠΑΝΤΗΣ,"790072","790072",5η ΥΠΑΠΑΝΤΗΣ,5th YPAPANTHS,ΥΠΑΠΑΝΤΗΣ,"305, 316"
790073: 6η ΥΠΑΠΑΝΤΗΣ,"790073","790073",6η ΥΠΑΠΑΝΤΗΣ,6th YPAPANTHS,ΥΠΑΠΑΝΤΗΣ,"305, 316"
790074: 7η ΥΠΑΠΑΝΤΗΣ,"790074","790074",7η ΥΠΑΠΑΝΤΗΣ,7th YPAPANTHS,ΥΠΑΠΑΝΤΗΣ,"305, 316"
790075: 8η ΥΠΑΠΑΝΤΗΣ,"790075","790075",8η ΥΠΑΠΑΝΤΗΣ,8th YPAPANTHS,ΥΠΑΠΑΝΤΗΣ,"305, 316"
790076: ΗΡΟΔΟΤΟΥ,"790076","790076",ΗΡΟΔΟΤΟΥ,HRODOTOY,ΑΡΙΣΤΟΦΑΝΟΥΣ,"305, 316, 323"
790078: 1η ΔΗΜΟΚΡΑΤΙΑΣ,"790078","790078",1η ΔΗΜΟΚΡΑΤΙΑΣ,1st DHMOKRATIAS,ΔΗΜΟΚΡΑΤΙΑΣ,"323"
790079: 2η ΔΗΜΟΚΡΑΤΙΑΣ,"790079","790079",2η ΔΗΜΟΚΡΑΤΙΑΣ,2nd DHMOKRATIAS,ΔΗΜΟΚΡΑΤΙΑΣ,"323"
790080: 9η ΥΠΑΠΑΝΤΗΣ,"790080","790080",9η ΥΠΑΠΑΝΤΗΣ,9th YPAPANTHS,ΥΠΑΠΑΝΤΗΣ,"305, 316"
790081: 3η ΔΗΜΟΚΡΑΤΙΑΣ,"790081","790081",3η ΔΗΜΟΚΡΑΤΙΑΣ,3rd DHMOKRATIAS,ΔΗΜΟΚΡΑΤΙΑΣ,"323"
790082: ΣΕΡΕΤΗ,"790082","790082",ΣΕΡΕΤΗ,SERETH,28ης ΟΚΤΩΒΡΙΟΥ,"323"
790083: 1η ΣΤΑΣΗ,"790083","790083",1η ΣΤΑΣΗ,1st STASH,ΕΙΚΟΣΤΗΣ ΟΔΟΥ,"323"
790084: 2η ΣΤΑΣΗ,"790084","790084",2η ΣΤΑΣΗ,2nd STASH,ΕΙΚΟΣΤΗΣ ΟΔΟΥ,"323"
790085: 4η ΣΤΑΣΗ,"790085","790085",4η ΣΤΑΣΗ,4th STASH,ΕΙΚΟΣΤΗΣ ΟΔΟΥ,"323"
790086: ΑΓ. ΣΕΡΑΦΕΙΜ,"790086","790086",ΑΓ. ΣΕΡΑΦΕΙΜ,AG. SERAFEIM,ΕΙΚΟΣΤΗΣ ΟΔΟΥ,"323"
790087: ΠΗΓΑΔΙ,"790087","790087",ΠΗΓΑΔΙ,PHGADI,ΕΙΚΟΣΤΗΣ ΟΔΟΥ,"323"
790089: ΜΠΕΚΑ,"790089","790089",ΜΠΕΚΑ,MPEKA,ΚΙΑΦΑΣ,"323"
790090: ΝΕΚΡΟΤΑΦΕΙΟ,"790090","790090",ΝΕΚΡΟΤΑΦΕΙΟ,NEKROTAFEIO,ΚΙΑΦΑΣ,"323"
790091: ΠΗΓΑΔΙ,"790091","790091",ΠΗΓΑΔΙ,PHGADI,ΑΓ.ΚΥΡΙΑΚΗΣ,"323"
790092: ΚΑΡΑΙΣΚΑΚΗ,"790092","790092",ΚΑΡΑΙΣΚΑΚΗ,KARAISKAKH,ΑΓ.ΚΥΡΙΑΚΗΣ,"323"
790093: ΑΝΕΜΩΝΗ,"790093","790093",ΑΝΕΜΩΝΗ,ANEMONH,ΑΓ.ΚΥΡΙΑΚΗΣ,"323"
790094: ΓΕΦΥΡΑΚΙ,"790094","790094",ΓΕΦΥΡΑΚΙ,GEFYRAKI,ΑΓ.ΚΥΡΙΑΚΗΣ,"323"
790095: 3η ΣΤΑΣΗ,"790095","790095",3η ΣΤΑΣΗ,3rd STASH,ΕΙΚΟΣΤΗΣ ΟΔΟΥ,"323"
790096: 2o ΔΗΜΟΤΙΚΟ,"790096","790096",2o ΔΗΜΟΤΙΚΟ,2ο DHMOTIKO,ΑΓ.ΙΩΑΝΝΟΥ,"323"
790097: ΠΑΝΤΕΛΙΑ,"790097","790097",ΠΑΝΤΕΛΙΑ,PANTELIA,ΑΓ.ΙΩΑΝΝΟΥ,"323"
790098: ΤΑΒΕΡΝΑ ΜΙΤΕΡΑΝ,"790098","790098",ΤΑΒΕΡΝΑ ΜΙΤΕΡΑΝ,TABERNA MITERAN,ΑΓ.ΙΩΑΝΝΟΥ,"323"
790099: ΦΟΥΡΝΟΣ,"790099","790099",ΦΟΥΡΝΟΣ,FOYRNOS,ΑΓ.ΙΩΑΝΝΟΥ,"323"
790100: ΔΕΞΑΜΕΝΗ,"790100","790100",ΔΕΞΑΜΕΝΗ,DEXAMENH,ΑΓ.ΙΩΑΝΝΟΥ,"323"
790101: ΠΡΑΣΙΝΟΣ ΛΟΦΟΣ,"790101","790101",ΠΡΑΣΙΝΟΣ ΛΟΦΟΣ,PRASINOS LOFOS,ΑΓ.ΙΩΑΝΝΟΥ,"323"
790102: ΒΑΘΗΣ,"790102","790102",ΒΑΘΗΣ,BATHIS,ΑΓ.ΙΩΑΝΝΟΥ,"323"
790103: ΟΛΥΜΠΙΑΣ,"790103","790103",ΟΛΥΜΠΙΑΣ,OLYMPIAS,ΑΓ.ΙΩΑΝΝΟΥ,"323"
790104: ΚΟΣΜΑ ΑΙΤΩΛΟΥ,"790104","790104",ΚΟΣΜΑ ΑΙΤΩΛΟΥ,KOSMA AITOLOY,ΚΟΣΜΑ ΑΙΤΩΛΟΥ,"323"
790105: ΑΠΟΛΛΩΝΟΣ,"790105","790105",ΑΠΟΛΛΩΝΟΣ,APOLLONOS,ΑΓ.ΙΩΑΝΝΟΥ,"323"
790106: ΟΔΟΣ ΠΕΝΗΝΤΑ ΟΚΤΩ,"790106","790106",ΟΔΟΣ ΠΕΝΗΝΤΑ ΟΚΤΩ,ODOS PENHNTA OKTO,ΟΔΟΥ ΠΕΝΗΝΤΑ ΟΚΤΩ,"323"
790107: ΠΕΝΗΝΤΑ ΟΚΤΩ Α,"790107","790107",ΠΕΝΗΝΤΑ ΟΚΤΩ Α,PENHNTA OKTO A,ΠΕΝΗΝΤΑ ΟΚΤΩ,"323"
790108: ΘΡΑΚΗΣ,"790108","790108",ΘΡΑΚΗΣ,THRAKHS,ΑΓ.ΚΥΡΙΑΚΗΣ,"323"
790109: ΕΛΕΥΘΕΡΙΑΣ,"790109","790109",ΕΛΕΥΘΕΡΙΑΣ,ELEYTHERIAS,ΠΕΝΤΗΚΟΣΤΗΣ,"323"
790110: ΡΟΥΜΕΛΗΣ,"790110","790110",ΡΟΥΜΕΛΗΣ,ROYMELHS,ΠΕΝΤΗΚΟΣΤΗΣ,"323"
790111: ΤΡΙΚΑΛΩΝ,"790111","790111",ΤΡΙΚΑΛΩΝ,TRIKALON,ΤΡΙΚΑΛΩΝ,"323"
790112: ΑΡΙΩΝΟΣ,"790112","790112",ΑΡΙΩΝΟΣ,ARIONOS,ΑΡΙΩΝΟΣ,"323"
790113: ΠΡΟΟΔΟΣ,"790113","790113",ΠΡΟΟΔΟΣ,PROODOS,ΒΕΝΙΑΣ,"323"
790114: 2η ΒΕΝΙΑ,"790114","790114",2η ΒΕΝΙΑ,2nd BENIA,ΒΕΝΙΑΣ,"323"
790115: ΚΕΑΣ,"790115","790115",ΚΕΑΣ,KEAS,ΠΕΝΤΗΚΟΣΤΗΣ,"323"
790116: ΕΘΝ. ΑΝΤΙΣΤΑΣΗΣ,"790116","790116",ΕΘΝ. ΑΝΤΙΣΤΑΣΗΣ,ETHN. ANTISTASHS,ΠΕΝΤΗΚΟΣΤΗΣ,"323"
790117: ΡΕΘΥΜΝΟΥ,"790117","790117",ΡΕΘΥΜΝΟΥ,RETHYMNOY,ΠΕΝΤΗΚΟΣΤΗΣ,"323"
790118: ΑΓ. ΑΝΑΣΤΑΣΙΑ,"790118","790118",ΑΓ. ΑΝΑΣΤΑΣΙΑ,AG. ANASTASIA,ΠΕΝΤΗΚΟΣΤΗΣ,"323"
790119: ΑΝΕΜΩΝΗΣ,"790119","790119",ΑΝΕΜΩΝΗΣ,ANEMONHS,ΠΕΝΤΗΚΟΣΤΗΣ,"323"
790120: ΔΑΣΟΥΣ,"790120","790120",ΔΑΣΟΥΣ,DASOYS,ΠΕΝΤΗΚΟΣΤΗΣ,"323"
790121: ΙΩΑΝΝΙΝΩΝ,"790121","790121",ΙΩΑΝΝΙΝΩΝ,IOANNINON,ΠΕΝΤΗΚΟΣΤΗΣ,"323"
790122: ΚΕΑΣ,"790122","790122",ΚΕΑΣ,KEAS,ΠΕΝΤΗΚΟΣΤΗΣ,"323"
790123: ΒΟΛΟΥ,"790123","790123",ΒΟΛΟΥ,BOLOY,ΒΕΝΙΑΣ,"323"
790124: ΑΓ. ΑΝΑΣΤΑΣΙΑ,"790124","790124",ΑΓ. ΑΝΑΣΤΑΣΙΑ,AG. ANASTASIA,ΠΕΝΤΗΚΟΣΤΗΣ,"323"
790125: ΟΔΟΥ ΣΑΡΑΝΤΑ ΕΝΑ,"790125","790125",ΟΔΟΥ ΣΑΡΑΝΤΑ ΕΝΑ,ODOY SARANTA ENA,ΕΙΚΟΣΤΗΣ ΟΔΟΥ,"323"
790130: ΜΠΕΚΑ,"790130","790130",ΜΠΕΚΑ,MPEKA,ΚΙΑΦΑΣ,"323"
790131: 2η ΤΡΙΚΑΛΩΝ,"790131","790131",2η ΤΡΙΚΑΛΩΝ,2nd TRIKALON,ΤΡΙΚΑΛΩΝ,"323"
790132: ΠΡΟΦ. ΗΛΙΑ,"790132","790132",ΠΡΟΦ. ΗΛΙΑ,PROF. HLIA,ΚΕΑΣ,"323"
790133: ΟΝΕΙΡΩΝ,"790133","790133",ΟΝΕΙΡΩΝ,ONEIRON,ΟΝΕΙΡΩΝ,"323"
790135: 2ο ΛΥΚΕΙΟ,"790135","10710",2ο ΛΥΚΕΙΟ,2o LYKEIO,ΒΡΑΥΡΩΝΟΣ,"304, 316, 323"
790136: 2ο ΛΥΚΕΙΟ,"790136","10711",2ο ΛΥΚΕΙΟ,2o LYKEIO,ΒΡΑΥΡΩΝΟΣ,"304, 316, 323"
790137: ΟΡΦΕΩΣ,"790137","10968",ΟΡΦΕΩΣ,ORFEOS,ΟΡΦΕΩΣ,"323"
790: ΠΛ. ΓΛΥΦΑΔΑΣ,"790","11315",ΠΛ. ΓΛΥΦΑΔΑΣ,PL. GLYFADAS,Λ.ΠΟΣΕΙΔΩΝΟΣ,"790"
792003: ΑΓ. ΚΥΡΙΑΚΗ (ΠΡΟΣ ΑΓ. ΝΙΚΟΛΑΟ),"792003","11464",ΑΓ. ΚΥΡΙΑΚΗ (ΠΡΟΣ ΑΓ. ΝΙΚΟΛΑΟ),AG. KYRIAKH (TO AG. NIKOLAO),ΛΕΩΦ.ΚΑΡΑΜΑΝΛΗ,"323"
792004: ΓΙΟΥΡΓΑ  (ΠΡΟΣ ΑΓ. ΝΙΚΟΛΑΟ),"792004","11465",ΓΙΟΥΡΓΑ  (ΠΡΟΣ ΑΓ. ΝΙΚΟΛΑΟ),GIOYRGA (TO AG. NIKOLAO),ΛΕΩΦ.ΚΑΡΑΜΑΝΛΗ,"323"
792005: ΑΓ. ΝΕΚΤΑΡΙΟΣ (ΠΡΟΣ ΑΓ. ΝΙΚΟΛΑΟ),"792005","11466",ΑΓ. ΝΕΚΤΑΡΙΟΣ (ΠΡΟΣ ΑΓ. ΝΙΚΟΛΑΟ),AG. NEKTARIOS (TO AG. NIKOLAO),ΛΕΩΦ.ΚΑΡΑΜΑΝΛΗ,"323"
792006: ΟΤΕ (ΠΡΟΣ ΑΓ.ΝΙΚΟΛΑΟ),"792006","11467",ΟΤΕ (ΠΡΟΣ ΑΓ.ΝΙΚΟΛΑΟ),OTE (TO AG. NIKOLAO),ΛΕΩΦ.ΚΑΡΑΜΑΝΛΗ,"323"
792007: ΞΕΝΟΦΩΝΤΟΣ (ΠΡΟΣ ΑΓ.ΝΙΚΟΛΑΟ),"792007","11470",ΞΕΝΟΦΩΝΤΟΣ (ΠΡΟΣ ΑΓ.ΝΙΚΟΛΑΟ),XENOFONTOS (TO AG. NIKOLAO),ΛΕΩΦ.ΚΑΡΑΜΑΝΛΗ,"323"
792008: ΧΑΡΟΥΛΑ (ΠΡΟΣ ΑΓ.ΝΙΚΟΛΑΟ),"792008","11471",ΧΑΡΟΥΛΑ (ΠΡΟΣ ΑΓ.ΝΙΚΟΛΑΟ),XAROYLA (TO AG. NIKOLAO),ΛΕΩΦ.ΚΑΡΑΜΑΝΛΗ,"323"
792009: ΜΑΚΡΗ (ΠΡΟΣ ΑΓ.ΝΙΚΟΛΑΟ),"792009","11472",ΜΑΚΡΗ (ΠΡΟΣ ΑΓ.ΝΙΚΟΛΑΟ),MAKRH (TO AG. NIKOLAO),ΛΕΩΦ.ΚΑΡΑΜΑΝΛΗ,"323"
792010: ΔΗΜΑΡΧΕΙΟ,"792010","11612",ΔΗΜΑΡΧΕΙΟ,DHMARXEIO,,"305, 316, 323"
800001: ΥΠΟΥΡΓΕΙΟ,"800001","800001",ΥΠΟΥΡΓΕΙΟ,YPOYRGEIO,ΚΛΕΙΣΘΕΝΟΥΣ,"307, 319"
800002: 1η ΓΑΡΓΗΤΤΟΥ,"800002","800002",1η ΓΑΡΓΗΤΤΟΥ,1st GARGHTTOY,ΚΛΕΙΣΘΕΝΟΥΣ,"301, 301Β, 302, 314"
800003: 2η ΓΑΡΓΗΤΤΟΥ,"800003","800003",2η ΓΑΡΓΗΤΤΟΥ,2nd GARGHTTOY,ΚΛΕΙΣΘΕΝΟΥΣ,"302, 314"
800004: 3η ΓΑΡΓΗΤΤΟΥ,"800004","800004",3η ΓΑΡΓΗΤΤΟΥ,3rd GARGHTTOY,ΚΛΕΙΣΘΕΝΟΥΣ,"302"
800005: 4η ΓΑΡΓΗΤΤΟΥ,"800005","800005",4η ΓΑΡΓΗΤΤΟΥ,4th GARGHTTOY,ΚΛΕΙΣΘΕΝΟΥΣ,"302"
800006: 5η ΓΑΡΓΗΤΤΟΥ,"800006","800006",5η ΓΑΡΓΗΤΤΟΥ,5th GARGHTTOY,ΚΛΕΙΣΘΕΝΟΥΣ,"302"
800007: ΗΡΑΣ,"800007","800007",ΗΡΑΣ,HRAS,ΝΙΟΒΗΣ,"306"
800008: 5η ΓΑΡΓΗΤΤΟΥ,"800008","800008",5η ΓΑΡΓΗΤΤΟΥ,5th GARGHTTOY,ΚΛΕΙΣΘΕΝΟΥΣ,"302"
800009: 4η ΓΑΡΓΗΤΤΟΥ,"800009","800009",4η ΓΑΡΓΗΤΤΟΥ,4th GARGHTTOY,ΚΛΕΙΣΘΕΝΟΥΣ,"302"
800010: 2η ΓΕΡΑΚΑ,"800010","800010",2η ΓΕΡΑΚΑ,2nd GERAKA,ΛΕΩΦ.ΜΑΡΑΘΩΝΟΣ,"305, 306, 316, 319, Α5"
800011: ΠΥΡΓΟΣ,"800011","800011",ΠΥΡΓΟΣ,PYRGOS,ΛΕΩΦ.ΜΑΡΑΘΩΝΟΣ,"301, 301Β, 305, 314, 316, 319, Α5, Χ95"
800012: ΠΥΡΓΟΣ,"800012","800012",ΠΥΡΓΟΣ,PYRGOS,ΛΕΩΦ.ΜΑΡΑΘΩΝΟΣ,"301, 301Β, 305, 314, 316, 319, Α5, Χ95"
800013: 1η ΓΕΡΑΚΑ,"800013","800013",1η ΓΕΡΑΚΑ,1st GERAKA,ΛΕΩΦ.ΜΑΡΑΘΩΝΟΣ,"305, 314, 316, 319, Α5"
800014: ΠΑΝΑΓΙΤΣΑ,"800014","800014",ΠΑΝΑΓΙΤΣΑ,PANAGITSA,ΛΕΩΦ.ΜΑΡΑΘΩΝΟΣ,"304, 305, 307, 316, 319, Α5, Χ95"
800018: ΠΕΤΡΟΓΙΑΝΝΗ,"800018","800018",ΠΕΤΡΟΓΙΑΝΝΗ,PETROGIANNH,ΛΕΩΦ.ΜΑΡΑΘΩΝΟΣ,"304, 305, 307, 316, 319, Α5"
800019: 2η ΓΕΡΑΚΑ,"800019","800019",2η ΓΕΡΑΚΑ,2nd GERAKA,ΛΕΩΦ.ΜΑΡΑΘΩΝΟΣ,"305, 314, 316, 319, Α5"
800020: ΛΟΥΚΙΑΝΟΥ,"800020","800020",ΛΟΥΚΙΑΝΟΥ,LOYKIANOY,ΚΛΕΙΣΘΕΝΟΥΣ,"302"
800021: ΠΙΝΔΟΥ,"800021","800021",ΠΙΝΔΟΥ,PINDOY,ΠΙΝΔΟΥ,"302"
800022: ΖΗΝΩΝΑ,"800022","800022",ΖΗΝΩΝΑ,ZHNONA,ΚΛΕΙΣΘΕΝΟΥΣ,"302"
800023: ΠΙΝΔΟΥ,"800023","800023",ΠΙΝΔΟΥ,PINDOY,ΠΙΝΔΟΥ,"302"
800024: ΧΑΝΙΩΝ,"800024","800024",ΧΑΝΙΩΝ,XANION,ΕΥΡΥΤΑΝΙΑΣ,"302"
800025: ΒΟΙΟΥ,"800025","800025",ΒΟΙΟΥ,BOIOY,ΒΟΙΟΥ,"302"
800026: NIVEA,"800026","800026",NIVEA,NIVEA,ΛΕΩΦ.ΓΕΡΑΚΑ,"302"
800027: ΝΙΚΙΟΥ,"800027","800027",ΝΙΚΙΟΥ,NIKIOY,ΛΕΩΦ.ΓΕΡΑΚΑ,"302"
800028: ΑΘΛ. ΚΕΝΤΡΟ,"800028","800028",ΑΘΛ. ΚΕΝΤΡΟ,ATHL. KENTRO,ΛΕΩΦ.ΓΕΡΑΚΑ,"302"
800029: ΚΕΦΑΛΛΗΝΙΑΣ,"800029","800029",ΚΕΦΑΛΛΗΝΙΑΣ,KEFALLHNIAS,ΛΕΩΦ.ΓΕΡΑΚΑ,"302"
800030: ΜΥΚΟΝΟΥ,"800030","800030",ΜΥΚΟΝΟΥ,MYKONOY,ΛΕΩΦ.ΓΕΡΑΚΑ,"302"
800031: 1η ΜΕΛΙΤΩΝΑ,"800031","800031",1η ΜΕΛΙΤΩΝΑ,1st MELITONA,ΜΕΛΙΤΩΝΑ,"302"
800032: ΠΑΡΝΗΘΟΣ,"800032","800032",ΠΑΡΝΗΘΟΣ,PARNHTHOS,ΜΕΛΙΤΩΝΑ,"302"
800038: ΑΡΕΩΣ,"800038","800038",ΑΡΕΩΣ,AREOS,ΝΙΟΒΗΣ,"306"
800040: ΦΙΛΙΠΠΟΥ,"800040","800040",ΦΙΛΙΠΠΟΥ,FILIPPOY,ΞΕΝΟΦΩΝΤΟΣ,"306"
800041: ΗΡΑΣ,"800041","800041",ΗΡΑΣ,HRAS,ΠΑΡΑΔΡΟΜΟ ΑΤΤΙΚΗΣ ΟΔΟΥ,"314"
800042: ΚΛΕΙΣΘΕΝΟΥΣ,"800042","800042",ΚΛΕΙΣΘΕΝΟΥΣ,KLEISTHENOYS,ΠΑΡΑΔΡΟΜΟ ΑΤΤΙΚΗΣ ΟΔΟΥ,"314"
800043: ΔΑΜΩΝΟΣ,"800043","10606",ΔΑΜΩΝΟΣ,DAMONOS,ΔΑΜΩΝΟΣ,"314"
800044: ΔΑΜΩΝΟΣ,"800044","800044",ΔΑΜΩΝΟΣ,DAMONOS,ΔΑΜΩΝΟΣ,"314"
800045: ΚΥΚΛΑΔΩΝ,"800045","10507",ΚΥΚΛΑΔΩΝ,KYKLADON,,"306, 314"
800046: ΚΥΚΛΑΔΩΝ,"800046","800046",ΚΥΚΛΑΔΩΝ,KYKLADON,ΛΕΩΦ.ΕΘΝ.ΑΝΤΙΣΤΑΣΕΩΣ,"314"
800047: ΚΕΦΑΛΛΗΝΙΑΣ,"800047","800047",ΚΕΦΑΛΛΗΝΙΑΣ,KEFALLHNIAS,ΛΕΩΦ.ΕΘΝ.ΑΝΤΙΣΤΑΣΕΩΣ,"306, 314"
800048: ΚΕΦΑΛΛΗΝΙΑΣ,"800048","800048",ΚΕΦΑΛΛΗΝΙΑΣ,KEFALLHNIAS,ΛΕΩΦ.ΕΘΝ.ΑΝΤΙΣΤΑΣΕΩΣ,"314"
800049: ΑΝΑΠΑΥΣΕΩΣ,"800049","800049",ΑΝΑΠΑΥΣΕΩΣ,ANAPAYSEOS,ΛΕΩΦ.ΓΕΡΑΚΑ,"302"
800050: ΑΓΡΙΝΙΟΥ,"800050","800050",ΑΓΡΙΝΙΟΥ,AGRINIOY,ΛΕΩΦ.ΓΕΡΑΚΑ,"302"
800052: NIVEA,"800052","800052",NIVEA,NIVEA,ΛΕΩΦ.ΓΕΡΑΚΑ,"302"
800053: ΚΟΛΥΜΒΗΤΗΡΙΟ,"800053","800053",ΚΟΛΥΜΒΗΤΗΡΙΟ,KOLYMBHTHRIO,ΓΑΡΓΗΤΤΟΥ,"306"
800054: ΑΜΦΙΛΟΧΙΑΣ,"800054","800054",ΑΜΦΙΛΟΧΙΑΣ,AMFILOXIAS,ΛΕΩΦ.ΓΕΡΑΚΑ,"302"
800064: ΚΑΛΥΜΝΟΥ,"800064","800064",ΚΑΛΥΜΝΟΥ,KALYMNOY,ΓΑΡΓΗΤΤΟΥ,"306"
800065: ΣΠΟΡΑΔΩΝ,"800065","800065",ΣΠΟΡΑΔΩΝ,SPORADON,ΓΑΡΓΗΤΤΟΥ,"306"
800066: ΕΘΝ. ΤΡΑΠΕΖΑ,"800066","800066",ΕΘΝ. ΤΡΑΠΕΖΑ,ETHN. TRAPEZA,ΓΑΡΓΗΤΤΟΥ,"306"
800067: ΚΟΛΥΜΒΗΤΗΡΙΟ,"800067","800067",ΚΟΛΥΜΒΗΤΗΡΙΟ,KOLYMBHTHRIO,ΓΑΡΓΗΤΤΟΥ,"306"
800068: ΑΡΙΣΤΟΓΕΙΤΟΝΟΣ,"800068","800068",ΑΡΙΣΤΟΓΕΙΤΟΝΟΣ,ARISTOGEITONOS,ΞΕΝΟΦΩΝΤΟΣ,"306"
800071: ΕΣΤΙΑΣ,"800071","800071",ΕΣΤΙΑΣ,ESTIAS,ΑΘΗΝΑΣ,"306"
800072: ΦΙΛΙΠΠΟΥ,"800072","800072",ΦΙΛΙΠΠΟΥ,FILIPPOY,ΞΕΝΟΦΩΝΤΟΣ,"306"
800075: ΤΑΥΓΕΤΟΥ,"800075","800075",ΤΑΥΓΕΤΟΥ,TAYGETOY,ΤΑΥΓΕΤΟΥ,"302"
800077: ΠΑΝΑΧΑΙΚΟΥ,"800077","800077",ΠΑΝΑΧΑΙΚΟΥ,PANAXAIKOY,ΠΑΝΑΧΑΙΚΟΥ,"302"
800078: 1η ΓΕΡΑΚΑ,"800078","800078",1η ΓΕΡΑΚΑ,1st GERAKA,ΛΕΩΦ.ΜΑΡΑΘΩΝΟΣ,"301, 301Β, 305, 314, 316, 319, Α5"
800079: ΚΑΛΑΒΡΥΤΩΝ,"800079","800079",ΚΑΛΑΒΡΥΤΩΝ,KALABRYTON,ΔΕΡΒΕΝΑΚΙΩΝ,"301, 301Β, 306"
800080: ΝΗΠΙΑΓΩΓΕΙΟ,"800080","800080",ΝΗΠΙΑΓΩΓΕΙΟ,NHPIAGOGEIO,ΙΩΑΝ.ΘΕΟΛΟΓΟΥ,"301Β, 306"
800081: ΘΕΟΛΟΓΟΥ,"800081","800081",ΘΕΟΛΟΓΟΥ,THEOLOGOY,ΙΩΑΝ.ΘΕΟΛΟΓΟΥ,"301Β, 306"
800082: ΜΙΑΟΥΛΗ,"800082","800082",ΜΙΑΟΥΛΗ,MIAOYLH,ΜΙΑΟΥΛΗ,"301Β, 306"
800083: ΧΙΟΥ,"800083","800083",ΧΙΟΥ,XIOY,ΛΕΩΦ.ΕΘΝ.ΑΝΤΙΣΤΑΣΕΩΣ,"301Β, 314"
800084: ΧΙΟΥ,"800084","800084",ΧΙΟΥ,XIOY,ΛΕΩΦ.ΕΘΝ.ΑΝΤΙΣΤΑΣΕΩΣ,"301, 301Β, 306, 314"
800085: ΘΑΣΟΥ,"800085","800085",ΘΑΣΟΥ,THASOY,ΛΕΩΦ.ΕΘΝ.ΑΝΤΙΣΤΑΣΕΩΣ,"301Β, 314"
800086: ΘΑΣΟΥ,"800086","800086",ΘΑΣΟΥ,THASOY,ΛΕΩΦ.ΕΘΝ.ΑΝΤΙΣΤΑΣΕΩΣ,"301, 301Β, 314"
800087: ΕΥΡΥΤΑΝΙΑΣ,"800087","800087",ΕΥΡΥΤΑΝΙΑΣ,EYRYTANIAS,ΛΕΩΦ.ΕΘΝ.ΑΝΤΙΣΤΑΣΕΩΣ,"301, 301Β, 314"
800088: ΑΡΙΣΤΟΓΕΙΤΟΝΟΣ,"800088","800088",ΑΡΙΣΤΟΓΕΙΤΟΝΟΣ,ARISTOGEITONOS,ΞΕΝΟΦΩΝΤΟΣ,"306"
800095: ΕΒΡΟΥ,"800095","800095",ΕΒΡΟΥ,EBROY,ΑΙΤΩΛΙΑΣ,"306"
800100: 1η ΚΑΖΑΝΤΖΑΚΗ,"800100","800100",1η ΚΑΖΑΝΤΖΑΚΗ,1st KAZANTZAKH,ΚΑΖΑΝΤΖΑΚΗ,"306"
800101: 3η ΚΑΖΑΝΤΖΑΚΗ,"800101","800101",3η ΚΑΖΑΝΤΖΑΚΗ,3rd KAZANTZAKH,ΚΑΖΑΝΤΖΑΚΗ,"306"
800103: 3η ΚΑΖΑΝΤΖΑΚΗ,"800103","800103",3η ΚΑΖΑΝΤΖΑΚΗ,3rd KAZANTZAKH,ΚΑΖΑΝΤΖΑΚΗ,"306"
800105: ΜΑΡΑΘΩΝΟΣ,"800105","800105",ΜΑΡΑΘΩΝΟΣ,MARATHONOS,ΕΒΡΟΥ,"301, 301Β, 302, 306"
800106: ΕΒΡΟΥ,"800106","800106",ΕΒΡΟΥ,EBROY,ΕΒΡΟΥ,"301, 301Β, 302, 306"
800107: 2η ΚΑΖΑΝΤΖΑΚΗ,"800107","800107",2η ΚΑΖΑΝΤΖΑΚΗ,2nd KAZANTZAKH,ΚΑΖΑΝΤΖΑΚΗ,"306"
800159: ΓΚΙΩΝΑΣ,"800159","800159",ΓΚΙΩΝΑΣ,GKIONAS,ΓΚΙΩΝΑΣ,"302"
800201: ΜΑΡΑΘΩΝΟΣ,"800201","800201",ΜΑΡΑΘΩΝΟΣ,MARATHONOS,ΕΒΡΟΥ,"306"
800204: ΠΑΙΔ. ΧΑΡΑ,"800204","800204",ΠΑΙΔ. ΧΑΡΑ,PAID. XARA,ΛΑΣΗΘΙΟΥ,"314"
800205: ΚΕΡΚΙΝΗ,"800205","800205",ΚΕΡΚΙΝΗ,KERKINH,ΠΙΝΔΟΥ,"302"
800206: ΨΥΧΑΡΗ,"800206","800206",ΨΥΧΑΡΗ,PSYXARH,Ν.ΚΑΖΑΝΤΖΑΚΗ,"306"
800210: ΚΛΕΙΣΘΕΝΟΥΣ,"800210","800210",ΚΛΕΙΣΘΕΝΟΥΣ,KLEISTHENOYS,ΚΛΕΙΣΘΕΝΟΥΣ,"301, 301Β, 302, 314"
800211: ΚΟΙΜ. ΘΕΟΤΟΚΟΥ,"800211","800211",ΚΟΙΜ. ΘΕΟΤΟΚΟΥ,KOIM. THEOTOKOY,ΜΙΑΟΥΛΗ,"301Β, 306"
800212: ΑΙΤΩΛΙΑΣ,"800212","800212",ΑΙΤΩΛΙΑΣ,AITOLIAS,ΑΙΤΩΛΙΑΣ,"301, 301Β, 302, 306"
800213: ΣΥΡΟΥ,"800213","800213",ΣΥΡΟΥ,SYROY,ΑΙΤΩΛΙΑΣ,"301, 301Β, 306"
800214: ΝΙΚΗΤΑΡΑ,"800214","800214",ΝΙΚΗΤΑΡΑ,NIKHTARA,ΜΙΑΟΥΛΗ,"301, 301Β, 306"
800215: ΜΑΡΚΟΥ ΜΠΟΤΣΑΡΗ,"800215","800215",ΜΑΡΚΟΥ ΜΠΟΤΣΑΡΗ,MARKOY MPOTSARH,ΜΙΑΟΥΛΗ,"301, 301Β"
800216: ΔΕΛΗΓΙΩΡΓΗ,"800216","800216",ΔΕΛΗΓΙΩΡΓΗ,DELHGIORGH,ΜΙΑΟΥΛΗ,"301, 301Β"
800217: ΑΓ. ΝΕΚΤΑΡΙΟΣ,"800217","800217",ΑΓ. ΝΕΚΤΑΡΙΟΣ,AG. NEKTARIOS,ΑΓ.ΝΕΚΤΑΡΙΟΥ,"302"
800221: ΗΡΑΚΛΕΙΟΥ,"800221","800221",ΗΡΑΚΛΕΙΟΥ,HRAKLEIOY,ΕΥΡΥΤΑΝΙΑΣ,"301, 301Β, 302, 314"
800222: Β. ΡΩΤΑ,"800222","800222",Β. ΡΩΤΑ,B. ROTA,ΛΕΩΦ. ΜΑΡΑΘΩΝΟΣ,"301, 301Β, 302, 305, 314, 316, 319, Α5"
800223: ΔΗΜΟΤΙΚΑ ΣΧΟΛΕΙΑ,"800223","800223",ΔΗΜΟΤΙΚΑ ΣΧΟΛΕΙΑ,DHMOTIKA SXOLEIA,ΚΟΡΟΜΗΛΑ,"306"
800231: ΤΕΡΜΑ 306,"800231","10793",ΤΕΡΜΑ 306,TERMA 306,,"306"
800232: ΠΕΡΙΚΛΕΟΥΣ,"800232","10768",ΠΕΡΙΚΛΕΟΥΣ,PERIKLEOYS,,"306"
800233: ΝΗΠΙΑΓΩΓΕΙΟ,"800233","10771",ΝΗΠΙΑΓΩΓΕΙΟ,NHPIAGOGEIO,,"306"
800234: ΑΙΣΧΥΛΟΥ,"800234","10773",ΑΙΣΧΥΛΟΥ,AISXYLOY,,"306"
800235: ΚΑΤΣΑΝΤΩΝΗ,"800235","10770",ΚΑΤΣΑΝΤΩΝΗ,KATSANTONH,,"306"
800237: ΑΙΤΩΛΙΑΣ,"800237","10822",ΑΙΤΩΛΙΑΣ,AITOLIAS,ΑΙΤΩΛΙΑΣ,"306"
800238: ΑΓΙΟΥ ΕΥΣΤΡΑΤΙΟΥ,"800238","12155",ΑΓΙΟΥ ΕΥΣΤΡΑΤΙΟΥ,AGIOY EYSTRATIOY,ΟΛΥΜΠΙΟΝΙΚΩΝ,"306, 307"
805: ΑΓ.ΣΩΤΗΡΑΣ 805,"805","11632",ΑΓ.ΣΩΤΗΡΑΣ 805,AG. SOTHRAS 805,,"805"
806: ΠΛ.ΕΛΕΥΘΕΡΙΑΣ,"806","11850",ΠΛ.ΕΛΕΥΘΕΡΙΑΣ,PL. ELEYTHERIAS,ΠΛ.ΕΛΕΥΘΕΡΙΑΣ,"806"
809: ΗΠΕΙΡΟΥ,"809","11851",ΗΠΕΙΡΟΥ,HPEIROY,ΗΠΕΙΡΟΥ,"809"
810001: ΜΕΛΑ,"810001","810001",ΜΕΛΑ,MELA,ΑΡΧΕΛΑΟΥ,"725, 726"
810002: ΦΙΛΙΠΠΟΥ,"810002","810002",ΦΙΛΙΠΠΟΥ,FILIPPOY,ΑΡΧΕΛΑΟΥ,"725, 726"
810003: ΑΡΧΕΛΑΟΥ,"810003","810003",ΑΡΧΕΛΑΟΥ,ARXELAOY,ΑΡΧΕΛΑΟΥ,"725, 726"
810004: ΣΧΟΛΕΙΟ,"810004","810004",ΣΧΟΛΕΙΟ,SXOLEIO,ΜΕΓ.ΑΛΕΞΑΝΔΡΟΥ,"725, 726"
810006: ΗΦΑΙΣΤΙΩΝΟΣ,"810006","810006",ΗΦΑΙΣΤΙΩΝΟΣ,HFAISTIONOS,ΟΡΦΕΩΣ,"725, 726"
810007: ΠΑΡΜΕΝΙΩΝΟΣ,"810007","810007",ΠΑΡΜΕΝΙΩΝΟΣ,PARMENIONOS,ΔΗΜΟΚΡΙΤΟΥ,"726"
810008: ΔΗΜΟΚΡΙΤΟΥ,"810008","810008",ΔΗΜΟΚΡΙΤΟΥ,DHMOKRITOY,ΜΕΓ.ΑΛΕΞΑΝΔΡΟΥ,"504, 537, 725, 726"
810009: ΟΛΥΜΠΙΩΝ,"810009","810009",ΟΛΥΜΠΙΩΝ,OLYMPION,ΟΛΥΜΠΙΩΝ,"504, 537, 725, 726"
810010: ΟΡΦΕΩΣ,"810010","810010",ΟΡΦΕΩΣ,ORFEOS,ΜΕΓ.ΑΛΕΞΑΝΔΡΟΥ,"504, 725, 726"
810011: ΣΑΜΟΘΡΑΚΗΣ,"810011","810011",ΣΑΜΟΘΡΑΚΗΣ,SAMOTHRAKHS,ΜΕΓ.ΑΛΕΞΑΝΔΡΟΥ,"504, 725, 726"
810012: ΑΓ. ΤΡΙΑΔΑ,"810012","810012",ΑΓ. ΤΡΙΑΔΑ,AG. TRIADA,ΜΕΓ.ΑΛΕΞΑΝΔΡΟΥ,"504, 725, 726"
810013: ΜΑΚΕΔΟΝΟΜΑΧΩΝ,"810013","810013",ΜΑΚΕΔΟΝΟΜΑΧΩΝ,MAKEDONOMAXON,ΜΕΓ.ΑΛΕΞΑΝΔΡΟΥ,"726"
810014: ΚΑΒΑΛΑΣ,"810014","810014",ΚΑΒΑΛΑΣ,KABALAS,ΜΕΓ.ΑΛΕΞΑΝΔΡΟΥ,"726"
810015: ΣΕΡΡΩΝ,"810015","810015",ΣΕΡΡΩΝ,SERRON,ΘΕΣΣΑΛΟΝΙΚΗΣ,"726"
810016: ΚΙΛΚΙΣ,"810016","810016",ΚΙΛΚΙΣ,KILKIS,ΘΕΣΣΑΛΟΝΙΚΗΣ,"726"
810017: ΑΛΙΑΚΜΟΝΟΣ,"810017","810017",ΑΛΙΑΚΜΟΝΟΣ,ALIAKMONOS,ΘΕΣΣΑΛΟΝΙΚΗΣ,"726"
810018: ΜΟΝΑΣΤΗΡΙΟΥ,"810018","810018",ΜΟΝΑΣΤΗΡΙΟΥ,MONASTHRIOY,ΘΕΣΣΑΛΟΝΙΚΗΣ,"726"
810019: ΓΡΕΒΕΝΩΝ,"810019","810019",ΓΡΕΒΕΝΩΝ,GREVENON,ΒΕΡΟΙΑΣ,"726"
810020: ΣΧΟΛΕΙΟ,"810020","810020",ΣΧΟΛΕΙΟ,SXOLEIO,ΜΕΓ.ΑΛΕΞΑΝΔΡΟΥ,"504, 537, 725, 726"
810021: ΗΦΑΙΣΤΙΩΝΟΣ,"810021","810021",ΗΦΑΙΣΤΙΩΝΟΣ,HFAISTIONOS,ΟΡΦΕΩΣ,"537, 726"
810022: ΕΔΕΣΣΗΣ,"810022","810022",ΕΔΕΣΣΗΣ,EDESSHS,ΒΕΡΟΙΑΣ,"726"
810023: ΓΡΕΒΕΝΩΝ,"810023","810023",ΓΡΕΒΕΝΩΝ,GREVENON,ΒΕΡΟΙΑΣ,"726"
810024: ΜΟΝΑΣΤΗΡΙΟΥ,"810024","810024",ΜΟΝΑΣΤΗΡΙΟΥ,MONASTHRIOY,ΘΕΣΣΑΛΟΝΙΚΗΣ,"726"
810025: ΑΛΙΑΚΜΟΝΟΣ,"810025","810025",ΑΛΙΑΚΜΟΝΟΣ,ALIAKMONOS,ΘΕΣΣΑΛΟΝΙΚΗΣ,"726"
810026: ΚΙΛΚΙΣ,"810026","810026",ΚΙΛΚΙΣ,KILKIS,ΘΕΣΣΑΛΟΝΙΚΗΣ,"726"
810027: ΣΕΡΡΩΝ,"810027","810027",ΣΕΡΡΩΝ,SERRON,ΘΕΣΣΑΛΟΝΙΚΗΣ,"726"
810028: ΚΑΒΑΛΑΣ,"810028","810028",ΚΑΒΑΛΑΣ,KABALAS,ΜΕΓ.ΑΛΕΞΑΝΔΡΟΥ,"726"
810029: ΜΑΚΕΔΟΝΟΜΑΧΩΝ,"810029","810029",ΜΑΚΕΔΟΝΟΜΑΧΩΝ,MAKEDONOMAXON,ΜΕΓ.ΑΛΕΞΑΝΔΡΟΥ,"726"
810030: ΑΓ. ΤΡΙΑΔΑ,"810030","810030",ΑΓ. ΤΡΙΑΔΑ,AG. TRIADA,ΜΕΓ.ΑΛΕΞΑΝΔΡΟΥ,"726"
810031: ΠΡΩΤΑΓΟΡΑ,"810031","810031",ΠΡΩΤΑΓΟΡΑ,PROTAGORA,ΜΕΓ.ΑΛΕΞΑΝΔΡΟΥ,"726"
810032: ΟΡΦΕΩΣ,"810032","810032",ΟΡΦΕΩΣ,ORFEOS,ΜΕΓ.ΑΛΕΞΑΝΔΡΟΥ,"726"
810033: ΔΗΜΟΚΡΙΤΟΥ,"810033","810033",ΔΗΜΟΚΡΙΤΟΥ,DHMOKRITOY,ΜΕΓ.ΑΛΕΞΑΝΔΡΟΥ,"725, 726"
810034: ΠΑΡΜΕΝΙΩΝΟΣ,"810034","810034",ΠΑΡΜΕΝΙΩΝΟΣ,PARMENIONOS,ΔΗΜΟΚΡΙΤΟΥ,"726"
810035: ΚΕΝΤΡΟ ΑΙΜΟΔΟΣΙΑΣ,"810035","810035",ΚΕΝΤΡΟ ΑΙΜΟΔΟΣΙΑΣ,KENTRO AIMODOSIAS,ΝΕΑ ΠΕΡΙΦ.ΘΡΑΚΟΜΑΚΕΔΟΝΩΝ,"504, 537"
810036: ΑΦΕΤΗΡΙΑ,"810036","810036",ΑΦΕΤΗΡΙΑ,AFETHRIA,ΠΛ.ΑΡΙΣΤΟΤΕΛΟΥΣ,"726"
810037: ΠΛ. ΑΡΙΣΤΟΤΕΛΟΥΣ,"810037","810037",ΠΛ. ΑΡΙΣΤΟΤΕΛΟΥΣ,PL. ARISTOTELOYS,ΠΛ.ΑΡΙΣΤΟΤΕΛΟΥΣ,"504, 725, 726"
810038: ΟΛΥΜΠΙΩΝ,"810038","810038",ΟΛΥΜΠΙΩΝ,OLYMPION,ΟΛΥΜΠΙΩΝ,"725, 726"
810039: 2η ΜΑΚΕΔΟΝΟΜΑΧΩΝ,"810039","810039",2η ΜΑΚΕΔΟΝΟΜΑΧΩΝ,2nd MAKEDONOMAXON,ΑΡΧΕΛΑΟΥ,"725, 726"
810040: ΦΙΛΙΠΠΟΥ,"810040","810040",ΦΙΛΙΠΠΟΥ,FILIPPOY,ΑΡΧΕΛΑΟΥ,"725, 726"
810041: ΜΕΛΑ,"810041","810041",ΜΕΛΑ,MELA,ΑΡΧΕΛΑΟΥ,"725, 726"
810042: ΑΡΙΣΤΟΤΕΛΟΥΣ,"810042","810042",ΑΡΙΣΤΟΤΕΛΟΥΣ,ARISTOTELOYS,ΜΕΓ.ΑΛΕΞΑΝΔΡΟΥ,"726"
810043: ΕΔΕΣΣΗΣ,"810043","810043",ΕΔΕΣΣΗΣ,EDESSHS,ΒΕΡΟΙΑΣ,"726"
810044: 1η ΕΔΕΣΣΗΣ,"810044","810044",1η ΕΔΕΣΣΗΣ,1st EDESSHS,ΕΔΕΣΣΗΣ,"726"
810045: 2η ΕΔΕΣΣΗΣ,"810045","810045",2η ΕΔΕΣΣΗΣ,2nd EDESSHS,ΕΔΕΣΣΗΣ ΕΝ.ΑΡ.ΠΕΝΗΝΤΑ ΕΝΑ,"726"
810046: ΚΟΖΑΝΗΣ,"810046","810046",ΚΟΖΑΝΗΣ,KOZANHS,ΚΟΖΑΝΗΣ,"726"
810047: ΚΑΣΤΟΡΙΑΣ,"810047","810047",ΚΑΣΤΟΡΙΑΣ,KASTORIA,ΦΛΩΡΙΝΗΣ,"726"
810048: ΦΛΩΡΙΝΗΣ,"810048","810048",ΦΛΩΡΙΝΗΣ,FLORINHS,ΦΛΩΡΙΝΗΣ,"726"
810049: ΗΜΑΘΕΙΑΣ,"810049","810049",ΗΜΑΘΕΙΑΣ,HMATHEIAS,ΗΜΑΘΕΙΑΣ ΕΝ.ΑΡ.ΕΞΙ,"726"
810050: ΒΕΡΟΙΑΣ,"810050","810050",ΒΕΡΟΙΑΣ,BEROIAS,ΒΕΡΟΙΑΣ,"726"
810051: Μ. ΑΛΕΞΑΝΔΡΟΥ,"810051","810051",Μ. ΑΛΕΞΑΝΔΡΟΥ,M. ALEXANDROY,ΜΕΓ.ΑΛΕΞΑΝΔΡΟΥ,"726"
810052: ΠΑΙΔ. ΧΑΡΑ,"810052","810052",ΠΑΙΔ. ΧΑΡΑ,PAID. XARA,ΟΡΦΕΩΣ,"537, 726"
810053: ΠΡΩΤΑΓΟΡΑ,"810053","810053",ΠΡΩΤΑΓΟΡΑ,PROTAGORA,ΜΕΓ.ΑΛΕΞΑΝΔΡΟΥ,"504, 725, 726"
810054: ΠΤΟΛΕΜΑΙΩΝ,"810054","810054",ΠΤΟΛΕΜΑΙΩΝ,PTOLEMAION,ΟΡΦΕΩΣ,"504, 537"
810055: ΠΤΟΛΕΜΑΙΩΝ,"810055","810055",ΠΤΟΛΕΜΑΙΩΝ,PTOLEMAION,ΟΡΦΕΩΣ,"504, 537"
810056: ΙΟΛΗΣ,"810056","810056",ΙΟΛΗΣ,IOLHS,ΠΕΡΙΦ.ΟΔΟΥ ΘΡΑΚΟΜΑΚΕΔΟΝΩΝ,"504, 537"
810057: 2η ΗΜΑΘΙΑΣ,"810057","810057",2η ΗΜΑΘΙΑΣ,2nd HMATHEIAS,ΒΕΡΟΙΑΣ,"726"
811: ΓΟΥΝΑΡΗ,"811","11852",ΓΟΥΝΑΡΗ,GOYNARH,ΓΟΥΝΑΡΗ,"809, 810, 830, 846"
812: ΠΛ. ΚΟΥΜΟΥΝΔΟΥΡΟΥ,"812","11862",ΠΛ. ΚΟΥΜΟΥΝΔΟΥΡΟΥ,PL. KOYMOYNDOYROY,,"811"
818: ΣΧΟΛΕΙΟ,"818","11863",ΣΧΟΛΕΙΟ,SXOLEIO,Λ.ΕΙΡΗΝΗΣ,"818"
81: ΑΓ. ΑΝΑΣΤΑΣΙΑ,"81","10282",ΑΓ. ΑΝΑΣΤΑΣΙΑ,AG. ANASTASIA,,"730, 821"
820001: 5η ΒΑΡΥΜΠΟMΠΗΣ,"820001","820001",5η ΒΑΡΥΜΠΟMΠΗΣ,5th BARYMPOMPHS,ΒΑΡΥΜΠΟΠΗΣ,"503"
820002: 6η ΒΑΡΥΜΠΟMΠΗΣ,"820002","820002",6η ΒΑΡΥΜΠΟMΠΗΣ,6th BARYMPOMPHS,ΒΑΡΥΜΠΟΠΗΣ,"503"
820003: 7η  ΒΑΡΥΜΠΟMΠΗΣ,"820003","820003",7η  ΒΑΡΥΜΠΟMΠΗΣ,7th BARYMPOMPHS,ΒΑΡΥΜΠΟΠΗΣ,"503"
820004: 8η ΒΑΡΥΜΠΟMΠΗΣ,"820004","820004",8η ΒΑΡΥΜΠΟMΠΗΣ,8th BARYMPOMPHS,ΒΑΡΥΜΠΟΠΗΣ,"503"
820005: 9η ΒΑΡΥΜΠΟMΠΗΣ,"820005","820005",9η ΒΑΡΥΜΠΟMΠΗΣ,9th BARYMPOMPHS,ΒΑΡΥΜΠΟΠΗΣ,"503"
820006: 10η ΒΑΡΥΜΠΟMΠΗΣ,"820006","820006",10η ΒΑΡΥΜΠΟMΠΗΣ,10th BARYMPOMPHS,ΒΑΡΥΜΠΟΠΗΣ,"503"
820007: 11η ΒΑΡΥΜΠΟMΠΗΣ,"820007","820007",11η ΒΑΡΥΜΠΟMΠΗΣ,11th BARYMPOMPHS,ΒΑΡΥΜΠΟΠΗΣ,"503"
820008: 12η ΒΑΡΥΜΠΟMΠΗΣ,"820008","820008",12η ΒΑΡΥΜΠΟMΠΗΣ,12th BARYMPOMPHS,ΒΑΡΥΜΠΟΠΗΣ,"503, 537"
820009: 13η ΒΑΡΥΜΠΟMΠΗΣ,"820009","820009",13η ΒΑΡΥΜΠΟMΠΗΣ,13th BARYMPOMPHS,ΧΛΟΗΣ,"503, 537"
820010: 14η ΒΑΡΥΜΠΟMΠΗΣ,"820010","820010",14η ΒΑΡΥΜΠΟMΠΗΣ,14th BARYMPOMPHS,ΧΛΟΗΣ,"503, 537"
820011: ΠΛ. ΒΑΡΥΜΠΟMΠΗΣ,"820011","820011",ΠΛ. ΒΑΡΥΜΠΟMΠΗΣ,PL. BARYMPOMPHS,ΧΛΟΗΣ,"503, 537"
820012: ΠΕΥΚΩΝ,"820012","820012",ΠΕΥΚΩΝ,PEYKON,ΠΕΥΚΩΝ,"503, 537"
820013: ΠΛ. ΒΑΡΥΜΠΟMΠΗΣ,"820013","820013",ΠΛ. ΒΑΡΥΜΠΟMΠΗΣ,PL. BARYMPOMPHS,ΠΕΥΚΩΝ,"503, 537"
820014: 14η ΒΑΡΥΜΠΟMΠΗΣ,"820014","820014",14η ΒΑΡΥΜΠΟMΠΗΣ,14th BARYMPOMPHS,ΧΛΟΗΣ,"503, 537"
820015: 13η ΒΑΡΥΜΠΟMΠΗΣ,"820015","820015",13η ΒΑΡΥΜΠΟMΠΗΣ,13th BARYMPOMPHS,ΧΛΟΗΣ,"503, 537"
820016: 2η ΤΑΤΟΙΟΥ,"820016","820016",2η ΤΑΤΟΙΟΥ,2nd TATOIOY,ΤΑΤΟΙΟΥ,"537"
820017: ΠΛΑΤΑNΩΝ,"820017","820017",ΠΛΑΤΑNΩΝ,PLATANON,ΠΛΑΤΑΝΩΝ,"503, 537"
820026: 2η ΤΑΤΟΙΟΥ,"820026","820026",2η ΤΑΤΟΙΟΥ,2nd TATOIOY,ΤΑΤΟΙΟΥ,"537"
820027: 12η ΒΑΡΥΜΠΟMΠΗΣ,"820027","820027",12η ΒΑΡΥΜΠΟMΠΗΣ,12th BARYMPOMPHS,ΒΑΡΥΜΠΟΠΗΣ,"503, 537"
820028: 11η ΒΑΡΥΜΠΟMΠΗΣ,"820028","820028",11η ΒΑΡΥΜΠΟMΠΗΣ,11th BARYMPOMPHS,ΒΑΡΥΜΠΟΠΗΣ,"503"
820029: 10η ΒΑΡΥΜΠΟMΠΗΣ,"820029","820029",10η ΒΑΡΥΜΠΟMΠΗΣ,10th BARYMPOMPHS,ΒΑΡΥΜΠΟΠΗΣ,"503"
820030: 9η  ΒΑΡΥΜΠΟMΠΗΣ,"820030","820030",9η  ΒΑΡΥΜΠΟMΠΗΣ,9th BARYMPOMPHS,ΒΑΡΥΜΠΟΠΗΣ,"503"
820031: 8η  ΒΑΡΥΜΠΟMΠΗΣ,"820031","820031",8η  ΒΑΡΥΜΠΟMΠΗΣ,8th BARYMPOMPHS,ΒΑΡΥΜΠΟΠΗΣ,"503"
820032: 7η  ΒΑΡΥΜΠΟMΠΗΣ,"820032","820032",7η  ΒΑΡΥΜΠΟMΠΗΣ,7th BARYMPOMPHS,ΒΑΡΥΜΠΟΠΗΣ,"503"
820033: 6η ΒΑΡΥΜΠΟMΠΗΣ,"820033","820033",6η ΒΑΡΥΜΠΟMΠΗΣ,6th BARYMPOMPHS,ΒΑΡΥΜΠΟΠΗΣ,"503"
820034: 5η ΒΑΡΥΜΠΟMΠΗΣ,"820034","820034",5η ΒΑΡΥΜΠΟMΠΗΣ,5th BARYMPOMPHS,ΒΑΡΥΜΠΟΠΗΣ,"503"
820049: ΠΛΑΤΑΝΩΝ,"820049","820049",ΠΛΑΤΑΝΩΝ,PLATANON,ΠΛΑΤΑΝΩΝ,"503, 537"
820051: ΑΕΡ. ΒΑΣΗ ΔΕΚΕΛΕΙΑΣ,"820051","820051",ΑΕΡ. ΒΑΣΗ ΔΕΚΕΛΕΙΑΣ,AER. BASH DEKELEIAS,ΤΑΤΟΙΟΥ,"537"
820052: 3η ΤΑΤΟΙΟΥ,"820052","820052",3η ΤΑΤΟΙΟΥ,3rd TATOIOY,ΤΑΤΟΙΟΥ,"537"
820053: 4η ΤΑΤΟΙΟΥ,"820053","820053",4η ΤΑΤΟΙΟΥ,4th TATOIOY,ΤΑΤΟΙΟΥ,"537"
820054: 5η ΤΑΤΟΙΟΥ,"820054","820054",5η ΤΑΤΟΙΟΥ,5th TATOIOY,ΤΑΤΟΙΟΥ,"537"
820055: 6η ΤΑΤΟΙΟΥ,"820055","820055",6η ΤΑΤΟΙΟΥ,6th TATOIOY,ΤΑΤΟΙΟΥ,"537"
820056: 7η ΤΑΤΟΙΟΥ,"820056","820056",7η ΤΑΤΟΙΟΥ,7th TATOIOY,ΤΑΤΟΙΟΥ,"537"
820057: ΔΙΑΣΤΑΥΡΩΣΗ ΒΑΡΥΜΠΟMΠΗΣ,"820057","820057",ΔΙΑΣΤΑΥΡΩΣΗ ΒΑΡΥΜΠΟMΠΗΣ,DIASTAYROSH BARYMPOMPHS,ΤΑΤΟΙΟΥ,"537"
820058: ΑΓΡΑΜΠΕΛΗΣ,"820058","820058",ΑΓΡΑΜΠΕΛΗΣ,AGRAMPELHS,ΑΓ.ΤΡΙΑΔΟΣ,"503, 537"
820059: 7η ΤΑΤΟΙΟΥ,"820059","820059",7η ΤΑΤΟΙΟΥ,7th TATOIOY,ΤΑΤΟΙΟΥ,"537"
820060: 6η ΤΑΤΟΙΟΥ,"820060","820060",6η ΤΑΤΟΙΟΥ,6th TATOIOY,ΤΑΤΟΙΟΥ,"537"
820061: 5η ΤΑΤΟΙΟΥ,"820061","820061",5η ΤΑΤΟΙΟΥ,5th TATOIOY,ΤΑΤΟΙΟΥ,"537"
820062: 4η ΤΑΤΟΙΟΥ,"820062","820062",4η ΤΑΤΟΙΟΥ,4th TATOIOY,ΤΑΤΟΙΟΥ,"537"
820063: 3η ΤΑΤΟΙΟΥ,"820063","820063",3η ΤΑΤΟΙΟΥ,3rd TATOIOY,ΤΑΤΟΙΟΥ,"537"
820064: ΑΕΡ. ΒΑΣΗ ΔΕΚΕΛΕΙΑΣ,"820064","820064",ΑΕΡ. ΒΑΣΗ ΔΕΚΕΛΕΙΑΣ,AER. BASH DEKELEIAS,ΤΑΤΟΙΟΥ,"537"
820066: ΓΑΖΙΑΣ,"820066","820066",ΓΑΖΙΑΣ,GAZIAS,ΑΓ.ΤΡΙΑΔΟΣ,"503, 537"
820: ΑΦΕΤΗΡΙΑ - ΕΥΓΕΝΕΙΑ,"820","11531",ΑΦΕΤΗΡΙΑ - ΕΥΓΕΝΕΙΑ,AFETHRIA - EYGENEIA,25ης ΜΑΡΤΙΟΥ,"820"
821: ΣΤ. ΕΛΛΗΝΙΚΟ,"821","11737",ΣΤ. ΕΛΛΗΝΙΚΟ,ST. ELLHNIKO,Λ. ΒΟΥΛΙΑΓΜΕΝΗΣ,Χ97
822 : ΤΕΡΜΑ  ΟΜΟΝΟΙΑ,"822","11087",ΤΕΡΜΑ  ΟΜΟΝΟΙΑ,TERMA OMONOIA,,"822"
823: ΑΓ. ΒΑΣΙΛΕΙΟΣ,"823","11864",ΑΓ. ΒΑΣΙΛΕΙΟΣ,AG. BASILEIOS,ΑΓΙΟΥ ΒΑΣΙΛΕΙΟΥ,"823"
826: 1η ΑΓ. ΜΗΝΑ,"826","11865",1η ΑΓ. ΜΗΝΑ,1st AG. MHNA,ΡΗΓΑ ΦΕΡΑΙΟΥ,"826"
827: 3η ΑΓ. ΜΗΝΑ,"827","11866",3η ΑΓ. ΜΗΝΑ,3rd AG. MHNA,ΡΗΓΑ ΦΕΡΑΙΟΥ,"826"
829: ΠΑΝ/ΠΟΛΗ ΑΡΧΑΙΟΥ ΕΛΑΙΩΝΑ,"829","10676",ΠΑΝ/ΠΟΛΗ ΑΡΧΑΙΟΥ ΕΛΑΙΩΝΑ,PAN/POLH ARXAIOY ELAIONA,,"829"
830001: 8η ΑΓ. ΓΕΩΡΓΙΟΥ,"830001","830001",8η ΑΓ. ΓΕΩΡΓΙΟΥ,8th AG. GEORGIOY,ΛΕΩΦ.ΔΙΟΝΥΣΟΥ,"536"
830002: 9η ΣΧΟΛΕΙΟ,"830002","830002",9η ΣΧΟΛΕΙΟ,9th SXOLEIO,Λ.ΔΙΟΝΥΣΟΥ,"536"
830004: 11η ΛΑΤΟΜΕΙΑ,"830004","830004",11η ΛΑΤΟΜΕΙΑ,11th LATOMEIA,ΛΕΩΦ.ΔΙΟΝΥΣΟΥ,"536"
830005: 1η ΑΙΟΛΙΔΟΣ,"830005","830005",1η ΑΙΟΛΙΔΟΣ,1st AIOLIDOS,ΛΕΩΦ.ΑΙΟΛΙΔΟΣ,"536"
830006: 1η ΡΑΠΕΝΤΩΣΑΣ,"830006","830006",1η ΡΑΠΕΝΤΩΣΑΣ,1st RAPENTOSAS,ΒΩΜΟΥ ΔΙΟΝΥΣΟΥ,"536"
830007: 2η ΡΑΠΕΝΤΩΣΑΣ,"830007","830007",2η ΡΑΠΕΝΤΩΣΑΣ,2nd RAPENTOSAS,ΒΩΜΟΥ ΔΙΟΝΥΣΟΥ,"536"
830008: 2η ΡΑΠΕΝΤΩΣΑΣ,"830008","830008",2η ΡΑΠΕΝΤΩΣΑΣ,2nd RAPENTOSAS,ΒΩΜΟΥ ΔΙΟΝΥΣΟΥ,"536"
830009: Α' ΣΤΡΟΦΗ,"830009","830009",Α' ΣΤΡΟΦΗ,A' STROFH,ΒΩΜΟΥ ΔΙΟΝΥΣΟΥ,"536"
830010: ΑΙΟΛΙΔΟΣ,"830010","830010",ΑΙΟΛΙΔΟΣ,AIOLIDOS,ΛΕΩΦ.ΑΙΟΛΙΔΟΣ,"536"
830011: 14η ΦΟΥΡΝΟΣ,"830011","830011",14η ΦΟΥΡΝΟΣ,14th FOYRNOS,ΛΕΩΦ.ΔΙΟΝΥΣΟΥ,"536"
830012: 12η ΛΑΤΟΜΕΙΑ,"830012","830012",12η ΛΑΤΟΜΕΙΑ,12th LATOMEIA,ΛΕΩΦ.ΔΙΟΝΥΣΟΥ,"536"
830013: ΚΙΟΥ,"830013","830013",ΚΙΟΥ,KIOY,ΚΙΟΥ,"536"
830014: 10η ΣΧΟΛΕΙΟ,"830014","830014",10η ΣΧΟΛΕΙΟ,10th SXOLEIO,ΛΕΩΦ.ΔΙΟΝΥΣΟΥ,"536"
830015: 9η ΑΓ. ΓΕΩΡΓΙΟΥ,"830015","830015",9η ΑΓ. ΓΕΩΡΓΙΟΥ,9th AG. GEORGIOY,ΛΕΩΦ.ΔΙΟΝΥΣΟΥ,"536"
830017: 13η ΠΕΤΡΕΣ ΜΑΡΜΑΡΟΥ,"830017","830017",13η ΠΕΤΡΕΣ ΜΑΡΜΑΡΟΥ,13th PETRES MARMAROY,ΛΕΩΦ.ΔΙΟΝΥΣΟΥ,"536"
830018: ΣΤΡΑΤΩΝΕΣ,"830018","830018",ΣΤΡΑΤΩΝΕΣ,STRATONES,ΑΡΜΟΝΙΑΣ,"536"
830019: 8η ΤΥΠΕΤ,"830019","830019",8η ΤΥΠΕΤ,8th TYPET,ΛΕΩΦ.ΔΙΟΝΥΣΟΥ,"536"
830020: 7η ΤΥΠΕΤ,"830020","830020",7η ΤΥΠΕΤ,7th TYPET,ΛΕΩΦ.ΔΙΟΝΥΣΟΥ,"536"
830021: ΓΕΦΥΡΑΚΙ,"830021","830021",ΓΕΦΥΡΑΚΙ,GEFYRAKI,ΒΩΜΟΥ ΔΙΟΝΥΣΟΥ,"536"
830022: ΔΙΟΝΥΣΟΥ,"830022","830022",ΔΙΟΝΥΣΟΥ,DIONYSOY,ΒΩΜΟΥ ΔΙΟΝΥΣΟΥ,"536"
830023: ΓΕΦΥΡΑΚΙ,"830023","830023",ΓΕΦΥΡΑΚΙ,GEFYRAKI,ΒΩΜΟΥ ΔΙΟΝΥΣΟΥ,"536"
830025: ΣΤΡΟΦΗ,"830025","830025",ΣΤΡΟΦΗ,STROFH,ΒΩΜΟΥ ΔΙΟΝΥΣΟΥ,"536"
830026: 1η ΡΑΠΕΝΤΩΣΑΣ,"830026","830026",1η ΡΑΠΕΝΤΩΣΑΣ,1st RAPENTOSAS,ΒΩΜΟΥ ΔΙΟΝΥΣΟΥ,"536"
830027: ΚΟΙΝΟΤΗΤΑ,"830027","830027",ΚΟΙΝΟΤΗΤΑ,KOINOTHTA,ΛΕΩΦ.ΔΙΟΝΥΣΟΥ,"536"
830028: 2η ΚΥΔΩΝΙΩΝ,"830028","830028",2η ΚΥΔΩΝΙΩΝ,2nd KYDONION,ΜΗΤΡΟΠΟΛΙΤΟΥ ΚΥΔΩΝΙΩΝ,"536"
830029: 1η ΚΥΔΩΝΙΩΝ,"830029","830029",1η ΚΥΔΩΝΙΩΝ,1st KYDONION,ΜΗΤΡΟΠΟΛΙΤΟΥ ΚΥΔΩΝΙΩΝ,"536"
830030: ΔΙΟΝΥΣΟΥ,"830030","830030",ΔΙΟΝΥΣΟΥ,DIONYSOY,ΒΩΜΟΥ ΔΙΟΝΥΣΟΥ,"536"
830089: 1η ΚΥΔΩΝΙΩΝ,"830089","830089",1η ΚΥΔΩΝΙΩΝ,1st KYDONION,ΜΗΤΡΟΠΟΛΙΤΟΥ ΚΥΔΩΝΙΩΝ,"536"
830090: 2η ΚΥΔΩΝΙΩΝ,"830090","830090",2η ΚΥΔΩΝΙΩΝ,2nd KYDONION,ΜΗΤΡΟΠΟΛΙΤΟΥ ΚΥΔΩΝΙΩΝ,"536"
830091: 3η ΚΥΔΩΝΙΩΝ,"830091","830091",3η ΚΥΔΩΝΙΩΝ,3rd KYDONION,ΠΛ.ΜΗΤΡΟΠΟΛΙΤΟΥ ΚΥΔΩΝΙΩΝ,"536"
830093: ΑΓ. ΔΙΟΝΥΣΙΟΣ,"830093","830093",ΑΓ. ΔΙΟΝΥΣΙΟΣ,AG. DIONYSIOS,ΚΙΟΥ,"536"
830: ΠΑΝ/ΜΙΟ ΔΥΤΙΚΗΣ ΑΤΤΙΚΗΣ-ΠΑΝ/ΠΟΛΗ ΑΛΣΟΥΣ ΑΙΓΑΛΕΩ,"830","11874",ΠΑΝ/ΜΙΟ ΔΥΤΙΚΗΣ ΑΤΤΙΚΗΣ-ΠΑΝ/ΠΟΛΗ ΑΛΣΟΥΣ ΑΙΓΑΛΕΩ,PAN/MIO DYTIKHS ATTIKHS - PAN/POLH ALSOYS AIGALEO,ΕΔΕΣΣΗΣ,"829"
832Α: ΕΥΓΕΝΕΙΑ,832Α,"10817",ΕΥΓΕΝΕΙΑ,EYGENEIA,25ΗΣ ΜΑΡΤΙΟΥ,"832, 833"
834: ΑΓ. ΚΟΣΜΑΣ,"834","11772",ΑΓ. ΚΟΣΜΑΣ,AG. KOSMAS,Λ.ΠΟΣΕΙΔΩΝΟΣ,Β2
83: ΓΛΥΦΑΔΑ,"83","10284",ΓΛΥΦΑΔΑ,GLYFADA,,"115, 116, 117, 120, 124, 128, 205, Α3"
840001: ΓΑΛΑΖΙΑ ΑΚΤΗ,"840001","840001",ΓΑΛΑΖΙΑ ΑΚΤΗ,GALAZIA AKTH,ΛΕΩΦ.ΑΘΗΝΩΝ-ΣΟΥΝΙΟΥ,"122"
840002: ΑΓ. ΝΙΚΟΛΑΟΣ,"840002","840002",ΑΓ. ΝΙΚΟΛΑΟΣ,AG. NIKOLAOS,ΛΕΩΦ.ΑΘΗΝΩΝ-ΣΟΥΝΙΟΥ,"122"
840003: ΟΤΕ,"840003","840003",ΟΤΕ,OTE,ΛΕΩΦ.ΑΘΗΝΩΝ-ΣΟΥΝΙΟΥ,"122"
840004: ΔΙΑΣΤΑΥΡΩΣΗ ΚΑΛΥΒΙΩΝ,"840004","840004",ΔΙΑΣΤΑΥΡΩΣΗ ΚΑΛΥΒΙΩΝ,DIASTAYROSH KALYBION,ΛΕΩΦ.ΑΘΗΝΩΝ-ΣΟΥΝΙΟΥ,"122"
840005: ΛΑΓΟΝΗΣΙ,"840005","840005",ΛΑΓΟΝΗΣΙ,LAGONHSI,ΛΕΩΦ.ΑΘΗΝΩΝ-ΣΟΥΝΙΟΥ,"122"
840006: ΠΕΥΚΟ,"840006","840006",ΠΕΥΚΟ,PEYKO,ΛΕΩΦ.ΑΘΗΝΩΝ-ΣΟΥΝΙΟΥ,"122"
840007: ΣΟΦΟΥΛΗ,"840007","840007",ΣΟΦΟΥΛΗ,SOFOYLH,ΛΕΩΦ.ΑΘΗΝΩΝ-ΣΟΥΝΙΟΥ,"122"
840008: ΑΤΤΑΛΕΙΑ,"840008","840008",ΑΤΤΑΛΕΙΑ,ATTALEIA,ΛΕΩΦ.ΑΘΗΝΩΝ-ΣΟΥΝΙΟΥ,"122"
840009: ΛΕΥΚΑΔΟΣ,"840009","840009",ΛΕΥΚΑΔΟΣ,LEYKADOS,ΛΕΩΦ.ΣΑΡΩΝΙΔΟΣ,"122, 123"
840010: ΚΕΦΑΛΛΗΝΙΑΣ,"840010","840010",ΚΕΦΑΛΛΗΝΙΑΣ,KEFALLHNIAS,ΚΕΦΑΛΛΗΝΙΑΣ,"122, 123"
840011: ΚΕΑΣ,"840011","840011",ΚΕΑΣ,KEAS,ΠΟΣΕΙΔΩΝΟΣ,"122, 123"
840013: ΑΤΤΑΛΕΙΑ,"840013","840013",ΑΤΤΑΛΕΙΑ,ATTALEIA,ΛΕΩΦ.ΑΘΗΝΩΝ-ΣΟΥΝΙΟΥ,"122"
840014: ΙΡΙΣ,"840014","840014",ΙΡΙΣ,IRIS,ΛΕΩΦ.ΑΘΗΝΩΝ-ΣΟΥΝΙΟΥ,"122"
840015: ΙΠΠΟΚΡΑΤΟΥΣ,"840015","840015",ΙΠΠΟΚΡΑΤΟΥΣ,IPPOKRATOYS,ΛΕΩΦ.ΑΘΗΝΩΝ-ΣΟΥΝΙΟΥ,"122"
840016: ΠΕΥΚΟ,"840016","840016",ΠΕΥΚΟ,PEYKO,ΛΕΩΦ.ΑΘΗΝΩΝ-ΣΟΥΝΙΟΥ,"122"
840017: ΛΑΓΟΝΗΣΙ,"840017","840017",ΛΑΓΟΝΗΣΙ,LAGONHSI,ΛΕΩΦ.ΑΘΗΝΩΝ-ΣΟΥΝΙΟΥ,"122"
840018: ΔΙΑΣΤΑΥΡΩΣΗ ΚΑΛΥΒΙΩΝ,"840018","840018",ΔΙΑΣΤΑΥΡΩΣΗ ΚΑΛΥΒΙΩΝ,DIASTAYROSH KALYBION,ΛΕΩΦ.ΑΘΗΝΩΝ-ΣΟΥΝΙΟΥ,"122"
840019: ΟΤΕ,"840019","840019",ΟΤΕ,OTE,ΛΕΩΦ.ΑΘΗΝΩΝ-ΣΟΥΝΙΟΥ,"122"
840020: ΑΓ. ΝΙΚΟΛΑΟΣ,"840020","840020",ΑΓ. ΝΙΚΟΛΑΟΣ,AG. NIKOLAOS,ΛΕΩΦ.ΑΘΗΝΩΝ-ΣΟΥΝΙΟΥ,"122"
840021: ΓΑΛΑΖΙΑ ΑΚΤΗ,"840021","840021",ΓΑΛΑΖΙΑ ΑΚΤΗ,GALAZIA AKTH,ΛΕΩΦ.ΑΘΗΝΩΝ-ΣΟΥΝΙΟΥ,"122"
840022: ΚΥΚΛΑΔΩΝ,"840022","840022",ΚΥΚΛΑΔΩΝ,KYKLADON,ΛΕΩΦ.ΑΘΗΝΩΝ-ΣΟΥΝΙΟΥ,"122"
840023: ΚΕΡΚΥΡΑΣ,"840023","840023",ΚΕΡΚΥΡΑΣ,KERKYRAS,ΛΕΩΦ.ΣΑΡΩΝΙΔΟΣ,"122, 123"
840024: ΚΥΚΛΑΔΩΝ,"840024","840024",ΚΥΚΛΑΔΩΝ,KYKLADON,ΛΕΩΦ.ΑΘΗΝΩΝ-ΣΟΥΝΙΟΥ,"122"
840025: ΙΡΙΣ,"840025","840025",ΙΡΙΣ,IRIS,ΛΕΩΦ.ΑΘΗΝΩΝ-ΣΟΥΝΙΟΥ,"122"
840027: ΣΠΑΡΤΗ,"840027","10718",ΣΠΑΡΤΗ,SPARTH,ΛΕΩΦ.ΑΘΗΝΩΝ-ΣΟΥΝΙΟΥ,"123"
840028: ΝΑΥΣΙΚΑ,"840028","10719",ΝΑΥΣΙΚΑ,NAYSIKA,ΛΕΩΦ. ΑΘΗΝΩΝ-ΣΟΥΝΙΟΥ,"123"
840029: ΚΩΣΤΗΣ ΠΑΛΑΜΑΣ,"840029","10720",ΚΩΣΤΗΣ ΠΑΛΑΜΑΣ,KOSTHS PALAMAS,ΛΕΩΦ. ΑΘΗΝΩΝ-ΣΟΥΝΙΟΥ,"123"
840030: ΑΜΦΙΤΡΙΤΗΣ,"840030","10721",ΑΜΦΙΤΡΙΤΗΣ,AMFITRITHS,Λ. ΑΘΗΝΩΝ-ΣΟΥΝΙΟΥ,"123"
840031: ΜΑΒΙΛΗ,"840031","10722",ΜΑΒΙΛΗ,MABILH,Λ. ΑΘΗΝΩΝ-ΣΟΥΝΙΟΥ,"123"
840032: ΣΧΟΛΗ ΤΟΥΡΙΣΤΙΚΩΝ ΕΠΑΓΓΕΛΜΑΤΩΝ,"840032","10723",ΣΧΟΛΗ ΤΟΥΡΙΣΤΙΚΩΝ ΕΠΑΓΓΕΛΜΑΤΩΝ,SXOLH TOYRISTIKON EPAGGELMATON,Λ. ΑΘΗΝΩΝ-ΣΟΥΝΙΟΥ,"122, 123"
840033: ΑΓ. ΝΙΚΟΛΑΟΣ,"840033","10725",ΑΓ. ΝΙΚΟΛΑΟΣ,AG. NIKOLAOS,ΛΕΩΦ. ΑΘΗΝΩΝ-ΣΟΥΝΙΟΥ,"123"
840034: 1η ΛΑΚΑΣ,"840034","10726",1η ΛΑΚΑΣ,1st LAKAS,ΠΕΡΙΦ. ΟΔΟΣ ΛΑΚΑΣ,"123"
840035: 2η ΛΑΚΑΣ,"840035","10727",2η ΛΑΚΑΣ,2nd LAKAS,ΠΕΡΙΦ. ΟΔΟΣ ΛΑΚΑΣ,"123"
840036: 3η ΛΑΚΑΣ,"840036","10728",3η ΛΑΚΑΣ,3rd LAKAS,ΠΕΡΙΦ. ΟΔΟΣ ΛΑΚΑΣ,"123"
840043: ΑΓ. ΤΡΙΑΔΑ - ΒΟΥΡΛΑ,"840043","10729",ΑΓ. ΤΡΙΑΔΑ - ΒΟΥΡΛΑ,AG. TRIADA - BOYRLA,ΛΕΩΦ. ΚΑΡΑΜΑΝΛΗ,"123"
840044: ΣΟΥΝΙΟΥ,"840044","10730",ΣΟΥΝΙΟΥ,SOYNIOY,ΛΕΩΦ. ΚΑΡΑΜΑΝΛΗ,"123"
840046: ΑΓ. ΝΙΚΟΛΑΟΣ,"840046","10732",ΑΓ. ΝΙΚΟΛΑΟΣ,AG. NIKOLAOS,ΛΕΩΦ. ΑΘΗΝΩΝ-ΣΟΥΝΙΟΥ,"123"
840047: ΣΧΟΛΗ ΤΟΥΡΙΣΤΙΚΩΝ ΕΠΑΓΓΕΛΜΑΤΩΝ,"840047","10733",ΣΧΟΛΗ ΤΟΥΡΙΣΤΙΚΩΝ ΕΠΑΓΓΕΛΜΑΤΩΝ,SXOLH TOYRISTIKON EPAGGELMATON,ΛΕΩΦ. ΑΘΗΝΩΝ-ΣΟΥΝΙΟΥ,"122, 123"
840048: ΜΑΒΙΛΗ,"840048","10734",ΜΑΒΙΛΗ,MABILH,ΛΕΩΦ. ΑΘΗΝΩΝ-ΣΟΥΝΙΟΥ,"123"
840049: ΜΑΚΕΔΟΝΙΑ,"840049","10735",ΜΑΚΕΔΟΝΙΑ,MAKEDONIA,ΛΕΩΦ. ΑΘΗΝΩΝ-ΣΟΥΝΙΟΥ,"123"
840050: ΚΩΣΤΗΣ ΠΑΛΑΜΑΣ,"840050","10736",ΚΩΣΤΗΣ ΠΑΛΑΜΑΣ,KOSTHS PALAMAS,ΛΕΩΦ. ΑΘΗΝΩΝ-ΣΟΥΝΙΟΥ,"123"
840051: ΝΑΥΣΙΚΑ,"840051","10737",ΝΑΥΣΙΚΑ,NAYSIKA,ΛΕΩΦ. ΑΘΗΝΩΝ-ΣΟΥΝΙΟΥ,"123"
840052: ΣΠΑΡΤΗ,"840052","10738",ΣΠΑΡΤΗ,SPARTH,ΛΕΩΦ. ΑΘΗΝΩΝ-ΣΟΥΝΙΟΥ,"123"
840053: 4η ΛΑΚΑΣ,"840053","10846",4η ΛΑΚΑΣ,4th LAKAS,ΠΕΡΙΦ. ΟΔΟΣ ΛΑΚΑΣ,"123"
840054: ΑΓ. ΔΗΜΗΤΡΙΟΣ,"840054","10835",ΑΓ. ΔΗΜΗΤΡΙΟΣ,AG. DHMHTRIOS,ΛΕΩΦ. ΑΝΑΒΥΣΣΟΥ-ΣΑΡΩΝΙΔΑΣ,"123"
840055: ΞΕΝΟΦΩΝΤΟΣ,"840055","10836",ΞΕΝΟΦΩΝΤΟΣ,XENOFONTOS,ΔΗΜΟΣΘΕΝΟΥΣ,"123"
840056: ΑΓ. ΘΕΟΔΩΡΟΙ,"840056","10837",ΑΓ. ΘΕΟΔΩΡΟΙ,AG. THEODOROI,ΔΗΜΟΣΘΕΝΟΥΣ,"123"
840057: ΑΓ. ΣΚΕΠΗ,"840057","10838",ΑΓ. ΣΚΕΠΗ,AG. SKEPH,ΛΕΩΦ. ΚΑΡΑΜΑΝΛΗ,"123"
840058: ΑΓ. Ι. ΘΕΟΛΟΓΟΣ,"840058","10839",ΑΓ. Ι. ΘΕΟΛΟΓΟΣ,AG. I. THEOLOGOS,ΛΕΩΦ. ΚΑΡΑΜΑΝΛΗ,"123"
840059: ΜΙΚΡΑΣ ΑΣΙΑΣ,"840059","10840",ΜΙΚΡΑΣ ΑΣΙΑΣ,MIKRAS ASIAS,ΛΕΩΦ. ΑΘΗΝΩΝ-ΣΟΥΝΙΟΥ,"123"
840060: ΚΟΙΝΟΤΗΤΑ Π. ΦΩΚΑΙΑΣ,"840060","10841",ΚΟΙΝΟΤΗΤΑ Π. ΦΩΚΑΙΑΣ,KOINOTHTA P. FOKAIAS,ΑΓ. ΓΕΩΡΓΙΟΥ,"123"
840061: ΣΧΟΛΕΙΟ,"840061","10842",ΣΧΟΛΕΙΟ,SXOLEIO,ΑΧΛΑΔΕΑΣ,"123"
840062: ΠΛ. Π. ΦΩΚΑΙΑΣ,"840062","10843",ΠΛ. Π. ΦΩΚΑΙΑΣ,PL. P. FOKAIAS,ΛΕΩΦ. ΑΘΗΝΩΝ-ΣΟΥΝΙΟΥ,"123"
840063: ΚΩΝΣΤΑΝΤΙΝΟΥΠΟΛΕΩΣ,"840063","10844",ΚΩΝΣΤΑΝΤΙΝΟΥΠΟΛΕΩΣ,KONSTANTINOYPOLEOS,ΛΕΩΦ. ΑΘΗΝΩΝ-ΣΟΥΝΙΟΥ,"123"
840064: ΔΙΑΣΤΑΥΡΩΣΗ ΑΝΑΒΥΣΣΟΥ,"840064","10845",ΔΙΑΣΤΑΥΡΩΣΗ ΑΝΑΒΥΣΣΟΥ,DIASTAYROSH ANABYSSOY,ΛΕΩΦ. ΑΘΗΝΩΝ-ΣΟΥΝΙΟΥ,"123"
840065: ΔΗΜΑΡΧΕΙΟ,"840065","10875",ΔΗΜΑΡΧΕΙΟ,DHMARXEIO,ΠΕΡΙΚΛΕΟΥΣ,"123"
840066: ΔΕΔΕ,"840066","10874",ΔΕΔΕ,DEDE,ΝΙΚ.ΔΕΔΕ,"123"
840067: ΑΓ. ΤΡΙΑΔΑ - ΒΟΥΡΛΑ,"840067","10876",ΑΓ. ΤΡΙΑΔΑ - ΒΟΥΡΛΑ,AG. TRIADA - BOYRLA,Λ.ΚΑΡΑΜΑΝΛΗ,"123"
840068: ΑΓ. Ι. ΘΕΟΛΟΓΟΣ,"840068","10877",ΑΓ. Ι. ΘΕΟΛΟΓΟΣ,AG. I. THEOLOGOS,Λ.ΚΑΡΑΜΑΝΛΗ,"123"
840069: ΑΓ. ΣΚΕΠΗ,"840069","10878",ΑΓ. ΣΚΕΠΗ,AG. SKEPH,Λ.ΚΑΡΑΜΑΝΛΗ,"123"
840070: ΑΓ. ΘΕΟΔΩΡΟΙ,"840070","10879",ΑΓ. ΘΕΟΔΩΡΟΙ,AG. THEODOROI,ΔΗΜΟΣΘΕΝΟΥΣ,"123"
840071: ΔΕΞΑΜΕΝΗ,"840071","10880",ΔΕΞΑΜΕΝΗ,DEXAMENH,ΔΗΜΟΣΘΕΝΟΥΣ,"123"
840072: ΔΗΜΑΡΧΕΙΟ,"840072","10881",ΔΗΜΑΡΧΕΙΟ,DHMARXEIO,ΠΕΡΙΚΛΕΟΥΣ,"123"
840073: ΑΓ. ΔΗΜΗΤΡΙΟΣ,"840073","10882",ΑΓ. ΔΗΜΗΤΡΙΟΣ,AG. DHMHTRIOS,Λ.ΑΝΑΒΥΣΣΟΥ-ΣΑΡΩΝΙΔΑΣ,"123"
840074: 4η ΛΑΚΑΣ,"840074","10883",4η ΛΑΚΑΣ,4th LAKAS,ΠΕΡΙΦ.ΟΔΟΣ ΛΑΚΑΣ,"123"
840075: 3η ΛΑΚΑΣ,"840075","10884",3η ΛΑΚΑΣ,3rd LAKAS,ΠΕΡΙΦ.ΟΔΟΣ ΛΑΚΑΣ,"123"
840076: 2η ΛΑΚΑΣ,"840076","10885",2η ΛΑΚΑΣ,2nd LAKAS,ΠΕΡΙΦ.ΟΔΟΣ ΛΑΚΑΣ,"123"
840077: 1η ΛΑΚΑΣ,"840077","10886",1η ΛΑΚΑΣ,1st LAKAS,ΠΕΡΙΦ.ΟΔΟΣ ΛΑΚΑΣ,"123"
840078: ΓΑΛΑΝΑΙΩΝ,"840078","11498",ΓΑΛΑΝΑΙΩΝ,GALANAION,,"122"
841: ΝΕΡΟ,"841","11562",ΝΕΡΟ,NERO,Λ. ΣΑΛΑΜΙΝΟΣ,"841"
84: ΣΤ. ΔΑΦΝΗ,"84","10285",ΣΤ. ΔΑΦΝΗ,ST. DAFNH,,"131, 141, 212, 218, 219, 816, Χ97"
850001: ΚΕΠ ΡΑΦΗΝΑΣ,"850001","11174",ΚΕΠ ΡΑΦΗΝΑΣ,KEP RAFHNAS,,"310"
850003: ΔΗΜΟΚΡΑΤΙΑΣ,"850003","11176",ΔΗΜΟΚΡΑΤΙΑΣ,DHMOKRATIAS,,"310"
850004: ΥΨΗΛΑΝΤΟΥ,"850004","11177",ΥΨΗΛΑΝΤΟΥ,YPSHLANTOY,,"310"
850005: ΕΥΒΟΙΚΟΥ,"850005","11178",ΕΥΒΟΙΚΟΥ,EYBOIKOY,,"310"
850008: ΠΕΛΟΠΟΣ,"850008","11180",ΠΕΛΟΠΟΣ,PELOPOS,,"310"
850009: CAMPING,"850009","11181",CAMPING,CAMPING,,"310"
850010: ΚΑΛΑΒΡΥΤΩΝ,"850010","11182",ΚΑΛΑΒΡΥΤΩΝ,KALABRYTON,,"310"
850011: ΑΡΓΥΡΑ ΑΚΤΗ,"850011","11183",ΑΡΓΥΡΑ ΑΚΤΗ,ARGYRA AKTH,,"310"
850012: ΤΡΙΤΩΝΟΣ,"850012","11184",ΤΡΙΤΩΝΟΣ,TRITONOS,,"310"
850013: ΜΙΝΙ ΜΑΡΚΕΤ,"850013","11185",ΜΙΝΙ ΜΑΡΚΕΤ,MINI MARKET,,"310"
850014: ΙΡΙΔΟΣ,"850014","11186",ΙΡΙΔΟΣ,IRIDOS,,"310"
850015: ΚΑΑΥ ΑΕΡΟΠΟΡΙΑΣ,"850015","11190",ΚΑΑΥ ΑΕΡΟΠΟΡΙΑΣ,KAAY AEROPORIAS,,"310"
850016: ΣΤΡΑΤΟΠΕΔΟ,"850016","11191",ΣΤΡΑΤΟΠΕΔΟ,STRATOPEDO,,"310"
850017: ΠΑΙΔΙΚΗ ΕΞΟΧΗ ΝΕΑΣ ΜΑΚΡΗΣ,"850017","11192",ΠΑΙΔΙΚΗ ΕΞΟΧΗ ΝΕΑΣ ΜΑΚΡΗΣ,PAIDIKH EKSOXH NEAS MAKRHS,,"310"
850018: ΚΑΤΑΣΚΗΝΩΣΗ ΥΠΟΥΡΓΕΙΟΥ ΥΓΕΙΑΣ,"850018","11193",ΚΑΤΑΣΚΗΝΩΣΗ ΥΠΟΥΡΓΕΙΟΥ ΥΓΕΙΑΣ,KATASKHNOSH YPOYRGEIOY YGEIAS,,"310"
850019: ΚΕΝΤΡΟ ΕΤΟΙΜΟΤΗΤΑΣ ΑΕΡΟΠΟΡΙΑΣ,"850019","11194",ΚΕΝΤΡΟ ΕΤΟΙΜΟΤΗΤΑΣ ΑΕΡΟΠΟΡΙΑΣ,KENTRO ETOIMOTHTAS AEROPORIAS,,"310"
850020: ΚΑΤΑΣΚΗΝΩΣΗ ΔΗΜΟΥ ΑΘΗΝΑΙΩΝ,"850020","11195",ΚΑΤΑΣΚΗΝΩΣΗ ΔΗΜΟΥ ΑΘΗΝΑΙΩΝ,KATASKHNOSH DHMOY ATHINAION,,"310"
850021: ΕΛΑΙΩΝ,"850021","11196",ΕΛΑΙΩΝ,ELAION,,"310"
850022: ΔΗΜΑΡΧΕΙΟ,"850022","11197",ΔΗΜΑΡΧΕΙΟ,DHMARXEIO,,"310, 314"
850023: ΒΕΡΓΙΝΑ,"850023","11198",ΒΕΡΓΙΝΑ,BERGINA,,"310"
850024: ΠΑΛΑΙΟΛΟΓΟΥ,"850024","11199",ΠΑΛΑΙΟΛΟΓΟΥ,PALAIOLOGOY,,"310"
850026: ΠΥΡΟΣΒΕΣΤΙΚΗ,"850026","11201",ΠΥΡΟΣΒΕΣΤΙΚΗ,PYROSBESTIKH,,"310"
850027: 1η ΜΑΡΑΘΩΝΟΣ,"850027","11202",1η ΜΑΡΑΘΩΝΟΣ,1st MARATHONOS,,"310"
850028: 2η ΜΑΡΑΘΩΝΟΣ,"850028","11203",2η ΜΑΡΑΘΩΝΟΣ,2nd MARATHONOS,,"310"
850029: 3η ΜΑΡΑΘΩΝΟΣ,"850029","11204",3η ΜΑΡΑΘΩΝΟΣ,3rd MARATHONOS,,"310"
850030: 4η ΜΑΡΑΘΩΝΟΣ,"850030","11205",4η ΜΑΡΑΘΩΝΟΣ,4th MARATHONOS,,"310"
850031: 5η ΜΑΡΑΘΩΝΟΣ,"850031","11206",5η ΜΑΡΑΘΩΝΟΣ,5th MARATHONOS,,"310"
850032: ΛΕΩΦ. ΠΛΑΤΑΙΩΝ,"850032","11207",ΛΕΩΦ. ΠΛΑΤΑΙΩΝ,LEOF. PLATAION,,"310"
850033: 7η ΜΑΡΑΘΩΝΟΣ,"850033","11208",7η ΜΑΡΑΘΩΝΟΣ,7th MARATHONOS,,"310"
850034: 8η ΜΑΡΑΘΩΝΟΣ,"850034","11210",8η ΜΑΡΑΘΩΝΟΣ,8th MARATHONOS,,"310"
850035: 9η ΜΑΡΑΘΩΝΟΣ,"850035","11211",9η ΜΑΡΑΘΩΝΟΣ,9th MARATHONOS,,"310"
850036: 10η ΜΑΡΑΘΩΝΟΣ,"850036","11213",10η ΜΑΡΑΘΩΝΟΣ,10th MARATHONOS,,"310"
850037: 11η ΜΑΡΑΘΩΝΟΣ,"850037","11212",11η ΜΑΡΑΘΩΝΟΣ,11th MARATHONOS,,"310"
850039: 13η ΜΑΡΑΘΩΝΟΣ,"850039","11214",13η ΜΑΡΑΘΩΝΟΣ,13th MARATHONOS,,"310"
850040: ΠΥΡΟΣΒΕΣΤΙΚΗ ΥΠΗΡΕΣΙΑ,"850040","11215",ΠΥΡΟΣΒΕΣΤΙΚΗ ΥΠΗΡΕΣΙΑ,PYROSBESTIKH YPHRESIA,,"310"
850041: 14η ΜΑΡΑΘΩΝΟΣ,"850041","11216",14η ΜΑΡΑΘΩΝΟΣ,14th MARATHONOS,,"310"
850042: 15η ΜΑΡΑΘΩΝΟΣ,"850042","11217",15η ΜΑΡΑΘΩΝΟΣ,15th MARATHONOS,,"310"
850043: ΕΘΝΙΚΗ ΤΡΑΠΕΖΑ,"850043","11218",ΕΘΝΙΚΗ ΤΡΑΠΕΖΑ,ETHN. TRAPEZA,,"310, 314"
850044: ΔΗΜΑΡΧΕΙΟ,"850044","11219",ΔΗΜΑΡΧΕΙΟ,DHMARXEIO,,"310, 314"
850046: 18η ΜΑΡΑΘΩΝΟΣ,"850046","11229",18η ΜΑΡΑΘΩΝΟΣ,18th MARATHONOS,,"310, 314"
850047: 19η ΜΑΡΑΘΩΝΟΣ,"850047","11221",19η ΜΑΡΑΘΩΝΟΣ,19th MARATHONOS,,"310, 314"
850048: 20η ΜΑΡΑΘΩΝΟΣ,"850048","11222",20η ΜΑΡΑΘΩΝΟΣ,20th MARATHONOS,,"310, 314"
850049: 21η ΜΑΡΑΘΩΝΟΣ,"850049","11223",21η ΜΑΡΑΘΩΝΟΣ,21st MARATHONOS,,"310, 314"
850050: ΑΕΡΟΠΟΡΙΑ,"850050","11224",ΑΕΡΟΠΟΡΙΑ,AEROPORIA,,"310, 314"
850051: ΑΓ. ΜΑΡΙΝΑ,"850051","11225",ΑΓ. ΜΑΡΙΝΑ,AG. MARINA,,"310, 314"
850052: ΜΙΛΤΙΑΔΟΥ,"850052","11226",ΜΙΛΤΙΑΔΟΥ,MILTIADOY,,"310, 314"
850053: ΜΙΚΡΑΣ ΑΣΙΑΣ,"850053","11227",ΜΙΚΡΑΣ ΑΣΙΑΣ,MIKRAS ASIAS,,"310, 314"
850054: ΝΕΟΣ ΒΟΥΤΖΑΣ ΕΙΣΟΔΟΣ Γ,"850054","11228",ΝΕΟΣ ΒΟΥΤΖΑΣ ΕΙΣΟΔΟΣ Γ,NEOS BOYTZAS EISODOS C,,"310, 314"
850055: ΑΚΡΟΠΟΛΕΩΣ,"850055","11239",ΑΚΡΟΠΟΛΕΩΣ,AKROPOLEOS,,"310, 314"
850056: ΤΑΒΕΡΝΑ Ο ΒΑΣΙΛΗΣ,"850056","11240",ΤΑΒΕΡΝΑ Ο ΒΑΣΙΛΗΣ,TABERNA O BASILHS,,"310, 314"
850057: ΝΕΟΣ ΒΟΥΤΖΑΣ ΕΙΣΟΔΟΣ Β,"850057","11241",ΝΕΟΣ ΒΟΥΤΖΑΣ ΕΙΣΟΔΟΣ Β,NEOS BOYTZAS EISODOS B,,"310, 314"
850059: 21η ΜΑΡΑΘΩΝΟΣ,"850059","11244",21η ΜΑΡΑΘΩΝΟΣ,21st MARATHONOS,,"310, 314"
850060: 20η ΜΑΡΑΘΩΝΟΣ,"850060","11245",20η ΜΑΡΑΘΩΝΟΣ,20th MARATHONOS,,"310, 314"
850061: 19η ΜΑΡΑΘΩΝΟΣ,"850061","11246",19η ΜΑΡΑΘΩΝΟΣ,19th MARATHONOS,,"310, 314"
850063: ΠΛΑΤΕΙΑ,"850063","11250",ΠΛΑΤΕΙΑ,PLATEIA,,"310, 314"
850064: ΑΓ. ΚΩΝΣΤΑΝΤΙΝΟΣ,"850064","11251",ΑΓ. ΚΩΝΣΤΑΝΤΙΝΟΣ,AG. KONSTANTINOS,,"310, 314"
850065: ΚΑΜΠΙΝΓΚ ΝΕΑ ΜΑΚΡΗ,"850065","11252",ΚΑΜΠΙΝΓΚ ΝΕΑ ΜΑΚΡΗ,CAMPING NEA MAKRH,,"310"
850066: ΣΤΑΔΙΟ ΝΕΑΣ ΜΑΚΡΗΣ,"850066","11253",ΣΤΑΔΙΟ ΝΕΑΣ ΜΑΚΡΗΣ,STADIO NEAS MAKRHS,,"310"
850067: ΚΕΝΤΡΟ ΚΑΤΑΔΥΣΕΩΝ,"850067","11255",ΚΕΝΤΡΟ ΚΑΤΑΔΥΣΕΩΝ,KENTRO KATADYSEON,,"310"
850068: 11η ΜΑΡΑΘΩΝΟΣ,"850068","11256",11η ΜΑΡΑΘΩΝΟΣ,11th MARATHONOS,,"310"
850069: ΑΓ. ΠΑΡΑΣΚΕΥΗ,"850069","11257",ΑΓ. ΠΑΡΑΣΚΕΥΗ,AG. PARASKEYH,,"310"
850070: 10η ΜΑΡΑΘΩΝΟΣ,"850070","11258",10η ΜΑΡΑΘΩΝΟΣ,10th MARATHONOS,,"310"
850071: 8η ΜΑΡΑΘΩΝΟΣ,"850071","11260",8η ΜΑΡΑΘΩΝΟΣ,8th MARATHONOS,,"310"
850072: 7η ΜΑΡΑΘΩΝΟΣ,"850072","11261",7η ΜΑΡΑΘΩΝΟΣ,7th MARATHONOS,,"310"
850074: 5η ΜΑΡΑΘΩΝΟΣ,"850074","11263",5η ΜΑΡΑΘΩΝΟΣ,5th MARATHONOS,,"310"
850075: ΚΡΗΤΗΣ,"850075","11264",ΚΡΗΤΗΣ,KRHTHS,,"310"
850076: ΡΑΦΗΝΑ ΚΕΝΤΡΟ,"850076","11266",ΡΑΦΗΝΑ ΚΕΝΤΡΟ,RAFHNA KENTRO,,"310"
850077: ΓΕΡΜΑΝΟΣ,"850077","11267",ΓΕΡΜΑΝΟΣ,GERMANOS,,"310"
850079: ΑΕΡΟΠΟΡΙΑ,"850079","11243",ΑΕΡΟΠΟΡΙΑ,AEROPORIA,,"310, 314"
850081: 1η ΓΡΑΜΜΑΤΙΚΟΥ,"850081","12031",1η ΓΡΑΜΜΑΤΙΚΟΥ,1st GRAMMATIKOY,ΕΠΑΡΧΙΑΚΗ ΟΔΟΣ ΚΑΠΑΝΔΡΙΤΙΟΥ,"310"
850082: 2η ΓΡΑΜΜΑΤΙΚΟΥ,"850082","12032",2η ΓΡΑΜΜΑΤΙΚΟΥ,2nd GRAMMATIKOY,ΕΠΑΡΧΙΑΚΗ ΟΔΟΣ ΚΑΠΑΝΔΡΙΤΙΟΥ,"310"
850083: 3η ΓΡΑΜΜΑΤΙΚΟΥ,"850083","12034",3η ΓΡΑΜΜΑΤΙΚΟΥ,3rd GRAMMATIKOY,ΕΠΑΡΧΙΑΚΗ ΟΔΟΣ ΚΑΠΑΝΔΡΙΤΙΟΥ,"310"
850084: ΚΟΙΜΗΤΗΡΙΟ,"850084","12035",ΚΟΙΜΗΤΗΡΙΟ,KOIMHTHRIO,ΑΝΑΠΑΥΣΕΩΣ,"310"
850085: ΕΛΤΑ,"850085","12036",ΕΛΤΑ,ELTA,ΜΑΡΑΘΩΝΟΣ,"310"
850086: ΜΑΝΤΑ,"850086","12037",ΜΑΝΤΑ,MANTA,ΜΑΡΑΘΩΝΟΣ,"310"
850087: ΜΙΛΤΙΑΔΟΥ,"850087","12038",ΜΙΛΤΙΑΔΟΥ,MILTIADOY,ΜΑΡΑΘΩΝΟΣ,"310"
850088: ΜΑΙΑΝΔΡΟΥ,"850088","12065",ΜΑΙΑΝΔΡΟΥ,MAIANDROY,ΔΗΜΟΚΡΑΤΙΑΣ,"310"
850089: ΑΠΟΛΛΩΝΟΣ ΠΥΘΙΟΥ,"850089","12066",ΑΠΟΛΛΩΝΟΣ ΠΥΘΙΟΥ,APOLLONOS PYTHIOY,ΧΡΥΣΙΝΑ,"310"
850090: 2Η ΜΑΝΤΑ,"850090","12067",2Η ΜΑΝΤΑ,2nd MANTA,ΧΡΥΣΙΝΑ,"310"
850091: ΔΕΛΦΙΝΙ,"850091","12068",ΔΕΛΦΙΝΙ,DELFINI,ΧΡΥΣΙΝΑ,"310"
850092: 5Η ΓΡΑΜΜΑΤΙΚΟΥ,"850092","12069",5Η ΓΡΑΜΜΑΤΙΚΟΥ,5th GRAMMATIKOY,ΔΗΜΟΚΡΑΤΙΑΣ,"310"
850093: 6Η ΓΡΑΜΜΑΤΙΚΟΥ,"850093","12070",6Η ΓΡΑΜΜΑΤΙΚΟΥ,6th GRAMMATIKOY,ΕΠΑΡΧ ΟΔΟΣ ΚΑΠΑΝΔΡΙΤΙΟΥ,"310"
850094: 7Η ΓΡΑΜΜΑΤΙΚΟΥ,"850094","12071",7Η ΓΡΑΜΜΑΤΙΚΟΥ,7th GRAMMATIKOY,ΕΠΑΡΧ ΟΔΟΣ ΚΑΠΑΝΔΡΙΤΙΟΥ,"310"
850095: 8Η ΓΡΑΜΜΑΤΙΚΟΥ,"850095","12072",8Η ΓΡΑΜΜΑΤΙΚΟΥ,8th GRAMMATIKOY,ΕΠΑΡΧ ΟΔΟΣ ΚΑΠΑΝΔΡΙΤΙΟΥ,"310"
850096: ΠΗΓΗ,"850096","12073",ΠΗΓΗ,ΠΗΓΗ,ΕΠΑΡΧ ΟΔΟΣ ΚΑΠΑΝΔΡΙΤΙΟΥ,"310"
850097: ΑΓΙΟΥ ΙΩΑΝΝΟΥ,"850097","12075",ΑΓΙΟΥ ΙΩΑΝΝΟΥ,AGIOY IOANNOY,Λ. ΜΑΡΑΘΩΝΟΣ,"314"
850098: ΤΑΒΕΡΝΑ ΒΑΣΙΛΗΣ,"850098","12076",ΤΑΒΕΡΝΑ ΒΑΣΙΛΗΣ,TABERNA BASILHS,Λ. ΜΑΡΑΘΩΝΟΣ,"314"
850099: ΝΙΚΗΤΑΡΑ,"850099","12077",ΝΙΚΗΤΑΡΑ,NIKHTARA,Λ. ΜΑΡΑΘΩΝΟΣ,"314"
850100: ΑΓΙΟΣ ΚΩΝΣΤΑΝΤΙΝΟΣ,"850100","12078",ΑΓΙΟΣ ΚΩΝΣΤΑΝΤΙΝΟΣ,AGIOS KONSTANTINOS,Λ. ΜΑΡΑΘΩΝΟΣ,"314"
850101: ΝΕΟΣ ΒΟΥΤΖΑΣ ΕΙΣΟΔΟΣ Γ,"850101","12079",ΝΕΟΣ ΒΟΥΤΖΑΣ ΕΙΣΟΔΟΣ Γ,NEOS BOYTZAS EISODOS C,Λ. ΜΑΡΑΘΩΝΟΣ,"314"
850102: ΜΙΚΡΑΣ ΑΣΙΑΣ,"850102","12080",ΜΙΚΡΑΣ ΑΣΙΑΣ,MIKRAS ASIAS,Λ. ΜΑΡΑΘΩΝΟΣ,"314"
850103: ΚΕΡΚΥΡΑΣ,"850103","12081",ΚΕΡΚΥΡΑΣ,KERKYRAS,Λ. ΜΑΡΑΘΩΝΟΣ,"314"
850104: ΑΓΙΑΣ ΜΑΡΙΝΑΣ,"850104","12082",ΑΓΙΑΣ ΜΑΡΙΝΑΣ,AGIAS MARINAS,Λ. ΜΑΡΑΘΩΝΟΣ,"314"
850105: 7η ΠΑΡΑΛΙΑΣ,"850105","12245",7η ΠΑΡΑΛΙΑΣ,,ΦΕΙΔΙΠΙΔΟΥ,"310"
850106: 7Η ΠΑΡΑΛΙΑΣ,"850106","12246",7Η ΠΑΡΑΛΙΑΣ,,ΦΕΙΔΙΠΙΔΟΥ,"310"
850107: 6Η ΠΑΡΑΛΙΑΣ,"850107","12247",6Η ΠΑΡΑΛΙΑΣ,,ΦΕΙΔΙΠΙΔΟΥ,"310"
850108: 6Η ΠΑΡΑΛΙΑΣ,"850108","12248",6Η ΠΑΡΑΛΙΑΣ,,ΦΕΙΔΙΠΙΔΟΥ,"310"
850109: 5Η ΠΑΡΑΛΙΑΣ,"850109","12249",5Η ΠΑΡΑΛΙΑΣ,,ΦΕΙΔΙΠΙΔΟΥ,"310"
850110: 5Η ΠΑΡΑΛΙΑΣ,"850110","12250",5Η ΠΑΡΑΛΙΑΣ,,ΦΕΙΔΙΠΙΔΟΥ,"310"
850111: 4Η ΠΑΡΑΛΙΑΣ,"850111","12251",4Η ΠΑΡΑΛΙΑΣ,,ΦΕΙΔΙΠΙΔΟΥ,"310"
850112: 4Η ΠΑΡΑΛΙΑΣ,"850112","12252",4Η ΠΑΡΑΛΙΑΣ,,ΦΕΙΔΙΠΙΔΟΥ,"310"
850113: 3Η ΠΑΡΑΛΙΑΣ,"850113","12253",3Η ΠΑΡΑΛΙΑΣ,,ΑΓ. ΠΑΝΤΕΛΕΗΜΟΝΟΣ,"310"
850114: 3Η ΠΑΡΑΛΙΑΣ,"850114","12254",3Η ΠΑΡΑΛΙΑΣ,,ΑΓ. ΠΑΝΤΕΛΕΗΜΟΝΟΣ,"310"
850115: 2Η ΠΑΡΑΛΙΑΣ,"850115","12255",2Η ΠΑΡΑΛΙΑΣ,,ΑΓ. ΠΑΝΤΕΛΕΗΜΟΝΟΣ,"310"
850116: 2Η ΠΑΡΑΛΙΑΣ,"850116","12256",2Η ΠΑΡΑΛΙΑΣ,,ΑΓ. ΠΑΝΤΕΛΕΗΜΟΝΟΣ,"310"
850117: 1Η ΠΑΡΑΛΙΑΣ,"850117","12257",1Η ΠΑΡΑΛΙΑΣ,,ΜΑΡΑΘΩΝΟΜΑΧΩΝ,"310"
850118: 1Η ΠΑΡΑΛΙΑΣ,"850118","12258",1Η ΠΑΡΑΛΙΑΣ,,ΜΑΡΑΘΩΝΟΜΑΧΩΝ,"310"
850119: ΕΛ. ΒΕΝΙΖΕΛΟΥ,"850119","12259",ΕΛ. ΒΕΝΙΖΕΛΟΥ,,Λ. ΜΑΡΑΘΩΝΟΣ,"310"
850120: ΔΗΜΟΚΡΑΤΙΑΣ,"850120","12260",ΔΗΜΟΚΡΑΤΙΑΣ,,ΦΛΕΜΙΝΓΚ,"310"
850121: 9η ΜΑΡΑΘΩΝΟΣ,"850121","12261",9η ΜΑΡΑΘΩΝΟΣ,,,"310"
850122: 4η ΜΑΡΑΘΩΝΟΣ,"850122","12262",4η ΜΑΡΑΘΩΝΟΣ,,,"310"
855: ΑΣΠΡΟΠΥΡΓΟΣ 855,"855","11629",ΑΣΠΡΟΠΥΡΓΟΣ 855,ASPROPYRGOS 855,,"855"
85: ΑΝΩ ΗΛΙΟΥΠΟΛΗ,"85","10286",ΑΝΩ ΗΛΙΟΥΠΟΛΗ,ANO HLIOYPOLH,,"237"
865: AMAΞΟΣΤΑΣΙΟ ΒΟΤΑΝΙΚΟΥ,"865","11141",AMAΞΟΣΤΑΣΙΟ ΒΟΤΑΝΙΚΟΥ,AMAXOSTASIO BOTANIKOY,,"865"
86: ΑΓ. ΜΑΡΙΝΑ,"86","10287",ΑΓ. ΜΑΡΙΝΑ,AG. MARINA,,"206, 212"
87: ΣΤ. ΑΓ. ΔΗΜΗΤΡΙΟΣ,"87","10288",ΣΤ. ΑΓ. ΔΗΜΗΤΡΙΟΣ,ST. AG. DHMHTRIOS,,"109, 164"
880: ΑΦΕΤΗΡΙΑ Χ80,"880","11113",ΑΦΕΤΗΡΙΑ Χ80,AFETHRIA X80,ΜΙΑΟΥΛΗ ΚΑΙ ΔΙΑΜΟΡΦΩΜΕΝΟΣ ΧΩΡΟΣ ΠΥΛΗΣ Ε12,Χ80
884 : ΑΛΣΟΣ  ΝΕΑ ΖΩΗ,"884","11084",ΑΛΣΟΣ  ΝΕΑ ΖΩΗ,ALSOS NEA ZOH,,"822"
889: 1η ΤΕΡΨΙΘΕΑΣ  205,"889","12205",1η ΤΕΡΨΙΘΕΑΣ  205,1st TERPSITHEAS,ΒΟΡΕΙΟΥ ΗΠΕΙΡΟΥ,"205"
88: ΚΑΡΕΑΣ,"88","10289",ΚΑΡΕΑΣ,KAREAS,,"203"
890: ΣΤ. ΑΓ.ΜΑΡΙΝΑ,"890","11319",ΣΤ. ΑΓ.ΜΑΡΙΝΑ,ST. AG.MARINA,,"866, 868, 876, 890"
891: ΝΑΥΠΗΓΕΙΑ ΣΚΑΡΑΜΑΓΚΑ,"891","11301",ΝΑΥΠΗΓΕΙΑ ΣΚΑΡΑΜΑΓΚΑ,NAYPHGEIA SKARAMAGKA,,"890"
892: ΤΕΡΜΑ 892 ΙΛΙΟΝ,"892","10571",ΤΕΡΜΑ 892 ΙΛΙΟΝ,TERMA 892 ILION,BAMBAKA,"892"
89: ΤΕΡΨΙΘΕΑ,"89","10290",ΤΕΡΨΙΘΕΑ,TERPSITHEA,,"128, 205"
908: ΠΑΛ. ΤΕΡΜΑ,"908","11881",ΠΑΛ. ΤΕΡΜΑ,PAL. TERMA,ΚΑΛΛΕΡΓΗ,"909"
909: ΑΜΑΞΟΣΤΑΣΙΟ ΤΕΡΜΑ 909,"909","11286",ΑΜΑΞΟΣΤΑΣΙΟ ΤΕΡΜΑ 909,AMAXOSTASIO TERMA 909,,"909"
90: ΚΙΤΣΙ,"90","10291",ΚΙΤΣΙ,KITSI,,"115, 116"
910: ΑΚΑΔΗΜΙΑ 106-112,"910","11112",ΑΚΑΔΗΜΙΑ 106-112,AKADHMIA 106-112,ΑΚΑΔΗΜΙΑ,"106, 112, 164, 206, 237, 409, 416"
911: ΑΦΕΤΗΡΙΑ - ΡΗΓΑ ΦΕΡΑΙΟΥ,"911","11550",ΑΦΕΤΗΡΙΑ - ΡΗΓΑ ΦΕΡΑΙΟΥ,AFETHRIA - RHGA FERAIOY,ΡΗΓΑ ΦΕΡΑΙΟΥ,"115, Α2, Α3"
914: ΜΕΤΑΜΟΡΦΩΣΕΩΣ,"914","11868",ΜΕΤΑΜΟΡΦΩΣΕΩΣ,METAMORFOSEOS,ΑΓ. ΑΝΑΡΓΥΡΩΝ,"914"
915: ΙΕΡΟΥ ΛΟΧΟΥ,"915","11869",ΙΕΡΟΥ ΛΟΧΟΥ,IEROY LOXOY,ΙΕΡΟΥ ΛΟΧΟΥ,"915"
916: ΓΟΥΔΗ 031,"916","12001",ΓΟΥΔΗ 031,GOUDH 031,ΘΗΒΩΝ,"031"
91: ΑΦΕΤΗΡΙΑ - ΣΙΝΑ,"91","10292",ΑΦΕΤΗΡΙΑ - ΣΙΝΑ,AFETHRIA - SINA,,"022"
93: ΒΑΡΗ,"93","10294",ΒΑΡΗ,BARH,,"117"
94: ΓΟΥΔΗ,"94","10295",ΓΟΥΔΗ,GOYDH,,"032, 622, 815"
95: ΤΑΥΡΟΣ,"95","10296",ΤΑΥΡΟΣ,TAYROS,,"815"
96: ΑΝΩ ΓΑΛΑΤΣΙ,"96","10297",ΑΝΩ ΓΑΛΑΤΣΙ,ANO GALATSI,,"622"
988: 728 ΑΓ.Ι.ΡΩΣΟΣ,"988","11636",728 ΑΓ.Ι.ΡΩΣΟΣ,728 AG. I. ROSOS,,"728"
990: ΜΠΑΛΑΝΑ 306,"990","11646",ΜΠΑΛΑΝΑ 306,MPALANA 306,,"306"
991: ΒΑΣΙΛΗ ΡΩΤΑ,"991","11538",ΒΑΣΙΛΗ ΡΩΤΑ,BASILH ROTA,,"302"
992: 306 ΜΑΡΑΘΩΝΟΣ,"992","11544",306 ΜΑΡΑΘΩΝΟΣ,306 MARATHONOS,,"306"
993: ΓΗΠΕΔΟ ΣΠΑΤΩΝ,"993","11555",ΓΗΠΕΔΟ ΣΠΑΤΩΝ,GHPEDO SPATON,,"319"
995: ΚΑΡΑΒΟΣ,"995","11569",ΚΑΡΑΒΟΣ,KARABOS,,Α10
996: ΓΗΠΕΔΟ ΣΠΑΤΩΝ-ΤΕΡΜΑ,"996","11571",ΓΗΠΕΔΟ ΣΠΑΤΩΝ-ΤΕΡΜΑ,GHPEDO SPATON-TERMA,,"319"
999: ΕΛΛΗΝΙΚΟ 109 Β2,"999","11620",ΕΛΛΗΝΙΚΟ 109 Β2,ELLHNIKO 109 B2,ΠΑΡ. Λ. ΠΟΣΕΙΔΩΝΟΣ,"109"
